wall_time_s,frame_timestamp_s,raw_x,raw_y,raw_z,filt_x,filt_y,filt_z,raw_qw,raw_qx,raw_qy,raw_qz,filt_qw,filt_qx,filt_qy,filt_qz,raw_gripper_dist_mm,filt_gripper_dist_mm
4.856909,1786095390.198,,,,,,,,,,,,,,,,
5.027456,1786095390.33,,,,,,,,,,,,,,,25.085245074484547,25.085245074484547
5.116867,1786095390.494,,,,,,,,,,,,,,,69.78218986451186,65.82825672813728
5.175188,1786095390.56,,,,,,,,,,,,,,,22.54377727645932,69.01397363651218
5.23704,1786095390.625,,,,,,,,,,,,,,,31.594265595957655,69.6310873783541
5.397561,1786095390.658,0.025141263380646706,0.13926200568675995,0.38100001215934753,0.025141263380646706,0.13926200568675995,0.38100001215934753,-0.1464136933582124,-0.12599510105944825,-0.07371673093174691,0.9783936367776331,-0.14641369335821242,-0.12599510105944828,-0.07371673093174692,0.9783936367776332,44.52067988024994,69.733026073619
5.45534,1786095390.822,0.0244444552809,0.13957883417606354,0.3830000162124634,0.02510834103340776,0.1392698410119279,0.3812343204539673,-0.14033237840839674,-0.01629980443681247,-0.028974502910927222,0.9895461677590536,-0.14384988551746752,-0.07529806063096295,-0.0530780665771193,0.9853020508200835,41.58461370404762,44.07464833454023
5.529541,1786095390.888,0.025620562955737114,0.1404537707567215,0.38200002908706665,0.02512458680379181,0.13931543199435695,0.381236325319952,-0.14649176424566554,-0.027127235367423355,-0.02161061235688376,0.9886036908403049,-0.14474747285296327,-0.05990937340748269,-0.04302685976289778,0.9867156254055913,43.546446653561965,43.649071834360115
5.604589,1786095390.955,0.025687631219625473,0.13999304175376892,0.3830000162124634,0.025139133453890055,0.13932352212025365,0.3813024276327149,-0.14365777213231648,8.21644210131155e-05,-0.01755536756912727,0.989471700870975,-0.14441426757556938,-0.03763156366760649,-0.0335767906049289,0.9882312400795754,43.00365608898104,43.127542722930386
5.678749,1786095391.055,0.026516417041420937,0.13999304175376892,0.3830000162124634,0.025224053835057027,0.13933164940243564,0.3813628461758109,-0.1356770013947527,-0.00846728907266406,-0.018657513383547052,0.9905412427065472,-0.1407439686228426,-0.025317790776233404,-0.027279575087085818,0.9893462334034386,42.799630172357745,42.850091493083
5.848946,1786095391.155,0.026930810883641243,0.1404072344303131,0.3830000162124634,0.025323180566187153,0.13936180264129294,0.3814010240723185,-0.13140596270002278,-0.0034902121801649124,-0.01786222880328899,0.9911615570470823,-0.1372622384636315,-0.0171559417430929,-0.023759461538539042,0.9901011259170749,44.08502277663797,43.66493213880663
5.904159,1786095391.289,0.026930810883641243,0.1408214420080185,0.3830000162124634,0.025395026882084337,0.13942692579099636,0.3814312910832738,-0.132910978761131,-0.0053811663940051225,-0.01785750462586791,0.9909524833722024,-0.13571597138501906,-0.012963803800280631,-0.021658541200661015,0.9904261822544412,42.677649633991415,42.89113789844176
5.97123,1786095391.322,0.026930810883641243,0.13999304175376892,0.3830000162124634,0.025409811476045863,0.139432668277216,0.3814377176688911,-0.13564161348548626,-0.00939256212216457,-0.018784203188899274,0.9905353533208158,-0.13570777865950973,-0.012563516996022693,-0.02133637940802958,0.9904394558809482,42.557610115535695,42.74067776240092
6.039019,1786095391.389,0.0273452028632164,0.13999304175376892,0.3830000162124634,0.025466071456530123,0.1394410940164455,0.38144780865800154,-0.13158004748771296,0.0073281930513146775,-0.016427773157403628,0.9911423293144244,-0.134833385718302,-0.008326266900176824,-0.02029143685247528,0.9906255038942358,42.557610115535695,42.63945832337467
6.121392,1786095391.489,0.027759596705436707,0.1408214420080185,0.3830000162124634,0.02557268136719674,0.13948291935973725,0.3814588606103941,-0.1262953260783829,0.002652169437338526,-0.016844764868168487,0.9918461123100533,-0.13265963958857374,-0.00552797217346202,-0.019413261443838196,0.9909560973262097,42.591438417313384,42.6131298905195
6.296242,1786095391.555,0.027759596705436707,0.14123563468456268,0.3830000162124634,0.025622582320536633,0.1395347007405937,0.3814649294172362,-0.12575938124194183,-0.02561784698342117,-0.020436767533712902,0.9915193606170033,-0.13128379680179192,-0.009547882434089154,-0.019618754191119907,0.9911046902937747,41.81377677162079,42.15491558834891
6.356828,1786095391.722,0.0273452028632164,0.14123563468456268,0.3830000162124634,0.025632240513316557,0.13960055331762952,0.3814764591807058,-0.12716836628606742,0.001572033872027901,-0.017099608070543806,0.9917324935331461,-0.13002703062994359,-0.006146694388732865,-0.01884850974722111,0.9913122228309103,39.51447801115991,39.912992644365914
6.421153,1786095391.789,0.02768711745738983,0.13962753117084503,0.38200002908706665,0.02566205612918619,0.13960188884041982,0.38149595565284944,-0.21219324141329113,-0.0068579000622571995,-0.018805281730967648,0.9770227013147011,-0.1296158874501527,-0.005035050366216425,-0.01859671094346735,0.9913770888669983,39.25594423816043,39.4831908845921
6.479765,1786095391.855,0.028100425377488136,0.13962753117084503,0.38200002908706665,0.025724042842709235,0.13960280074679807,0.38150946567845684,-0.26388963717098224,-0.034744057423195425,-0.05472876836136673,0.9623720028041075,-0.12928621142459085,-0.004144043455070794,-0.018394870158010578,0.991428026228424,40.62519135727349,39.745291218971246
6.552213,1786095391.922,0.030993599444627762,0.13838817179203033,0.38200002908706665,0.026317727371364192,0.13952005316145857,0.38151922511812575,-0.27899733232356927,-0.07488583316189643,-0.051690482216583816,0.9559710741419939,-0.1290149695650923,-0.003411209837680732,-0.01822884816928233,0.9914692180647783,40.128837029587785,39.890280476662156
6.735092,1786095392.022,0.029002772644162178,0.137093648314476,0.3830000162124634,0.02637310240949724,0.13923902258785373,0.3815692373694604,-0.2929705510248105,-0.06280466893239756,-0.05884792265642725,0.9522398604298887,-0.12872638163492287,-0.002631753476012409,-0.018052251632987217,0.9915123341420423,39.83522031616463,39.86228677478485
6.808013,1786095392.189,0.030660344287753105,0.137093648314476,0.3830000162124634,0.02685453684338556,0.13902740232162486,0.3816124883968906,-0.28796912829794485,-0.021668036775377025,-0.045559995237694786,0.9563098682767861,-0.2187680091587121,-0.013351790985370468,-0.03359177246113181,0.97510711240824,39.950050662130764,39.90450044203706
6.877365,1786095392.223,0.02983155846595764,0.137093648314476,0.3830000162124634,0.026863667455960426,0.13899219114014486,0.38161996441493035,-0.28083582093111814,-0.041912571023729514,-0.051608325249314344,0.9574503427526081,-0.22539730730598545,-0.016380357313169707,-0.03550855871732446,0.9734818334264499,41.03170746857952,40.343342893719274
6.954528,1786095392.323,0.02983155846595764,0.13833624124526978,0.3830000162124634,0.026883622412592977,0.13897195979242424,0.3816349758971493,-0.24952867333276904,-0.20130509702238858,-0.09175057033130446,0.9427584695676169,-0.2513191451643782,-0.028272498098121907,-0.043020643829520096,0.9665343125464463,25.3479503678683,27.406857869270763
7.031626,1786095392.39,0.026930810883641243,0.13833624124526978,0.3830000162124634,0.026888236837386847,0.13896217700252014,0.38164285936939657,-0.1914363859847684,-0.049344334581026585,-0.018795505624347637,0.9800836575181587,-0.2618574776256861,-0.033130187856298475,-0.046082514968031035,0.9634362739062406,39.57394523897875,37.23849684662794
7.185832,1786095392.49,0.026930810883641243,0.13957883417606354,0.3830000162124634,0.02689212689229492,0.13900562139713765,0.38165167303111075,-0.14512060834138008,-0.0022890690153702887,-0.009152366195822888,0.9893689925354889,-0.26927476798526834,-0.036557324058811555,-0.04824035574108791,0.9611594714000962,40.99475951545109,40.47901460428951
7.261293,1786095392.624,0.028927046805620193,0.14086687564849854,0.38200002908706665,0.02698533557836801,0.13922127311313315,0.3816711367240481,-0.13726042119440157,-0.005727869583947503,-0.0007937359033442092,0.9905181160720284,-0.2735348494858048,-0.03852873351961775,-0.049480745631125,0.9598155440614308,42.41913512245485,42.172677977762795
7.337393,1786095392.69,0.02858837880194187,0.13916464149951935,0.3830000162124634,0.026993065551813557,0.13922012910847192,0.3816969002863687,-0.21716829045793862,0.022352255576269738,-0.012378546012218685,0.9757997140237605,-0.27498135620049396,-0.039198632693591966,-0.04990209320100531,0.959353168562677,39.92878087478463,41.717152975465424
7.4002,1786095392.757,0.02851373702287674,0.14004065096378326,0.38200002908706665,0.026997467840109493,0.13923737524443458,0.3817047804943434,-0.25838486666229277,-0.010792709411971276,-0.011742478447090038,0.9659103955871774,-0.27049841769531513,-0.031414907086010885,-0.039444975126518754,0.9613988784965253,38.462844512402896,39.71032673079593
7.5746,1786095392.824,0.028927046805620193,0.13838817179203033,0.38200002908706665,0.027029591603543603,0.13919693956767876,0.38171040117050925,-0.2745127416057563,-0.03442764248924281,-0.028550509064552084,0.960542742703769,-0.27148254948491096,-0.032151204032060635,-0.03678446677845147,0.9612025948822063,42.06546023175934,41.40751388604572
7.644732,1786095393.024,0.028173986822366714,0.13833624124526978,0.3830000162124634,0.027072939632156772,0.13913818261506722,0.38177574432400807,-0.24358428984583835,-0.02641756052672928,-0.03431877841818517,0.9689122910170965,-0.25997739766757205,-0.02978415430422647,-0.03576898473378484,0.964492216964706,39.618752088387204,40.26336990601422
7.710494,1786095393.091,0.028927046805620193,0.13880129158496857,0.38200002908706665,0.027113455433479854,0.13913696542670895,0.3817819023841231,-0.24522313475564095,0.02073890015290705,-0.013187787996728907,0.9691550930830514,-0.2559030055081829,-0.01554445873085201,-0.029412085889769825,0.9661298829755017,41.528135762787755,41.062681838219895
7.775688,1786095393.158,0.030166979879140854,0.13880129158496857,0.38200002908706665,0.027293091675488126,0.139135902896084,0.3817862823304586,-0.24716110760749618,-0.04368497119430743,-0.02986807142393224,0.9675282468679678,-0.2534341508161036,-0.02356624514236809,-0.0295446564704261,0.9666141301284886,38.425399714265,39.29353442079128
7.838955,1786095393.191,0.0273452028632164,0.13792204856872559,0.3830000162124634,0.02729496517570476,0.13911259793810857,0.3818043567720826,-0.2268242923231952,-0.02808117186674011,-0.02474559355831907,0.9732162369166057,-0.24852584140466624,-0.02440303449699608,-0.02865847860380555,0.9678936355124752,38.200677462976415,38.75531455030453
8.000936,1786095393.291,0.02644718438386917,0.13838817179203033,0.38200002908706665,0.027208100008517356,0.13910186467301608,0.3818092089215569,-0.21419893781241764,-0.02638283390426451,-0.023913595060435354,0.9761408203156435,-0.23542700054300691,-0.02516433294578021,-0.026847017052436303,0.9711952025407165,40.786852697281724,40.07057767912072
8.084129,1786095393.425,0.031406909227371216,0.14086687564849854,0.38200002908706665,0.02793203538030184,0.1393158069845667,0.3818130280115791,-0.23003503198105582,-0.14037203261199108,-0.05204570151578056,0.9615980560897485,-0.23292628728086037,-0.08742998996800234,-0.04050330388149359,0.9677090595434314,32.59903006812112,33.392232425926174
8.156198,1786095393.525,0.028100425377488136,0.13838817179203033,0.38200002908706665,0.027943039907755582,0.13926161204634274,0.3818149843344184,-0.19908380481437637,0.0161743392673995,-0.014744879873541289,0.9797380353581303,-0.23170456294098113,-0.1114094413277639,-0.045739214982927476,0.9653024687154333,40.53781260266472,39.35803741119343
8.226921,1786095393.592,0.03091246262192726,0.1400860846042633,0.38100001215934753,0.028150996435240987,0.13929144395896415,0.38178150683638107,-0.23876932863735764,0.0073257985413906716,-0.03462631072213089,0.9704311201644199,-0.23116167615221675,-0.12124168555902635,-0.04788230092755997,0.9641431524515364,41.42710870333882,40.943038882197754
8.388367,1786095393.659,0.03008800745010376,0.1404981017112732,0.38100001215934753,0.028194410268064723,0.1393405051573347,0.3817581777933076,-0.23556691678604536,-0.16541131643796023,-0.05020181320286413,0.9563613867473539,-0.23276327149737752,-0.13679042974340574,-0.04870845956022986,0.9616325305124207,31.948094400038247,33.67466119428578
8.454424,1786095393.826,0.02727380581200123,0.13880129158496857,0.38200002908706665,0.02806674970520153,0.13930738829686784,0.3817662942436416,-0.2086112729588718,0.038713427690946024,-0.019144226627146703,0.9770445772316355,-0.2341168889302799,-0.15036948814972653,-0.04942141689737684,0.9592371046321405,43.509393571361954,42.653672843939034
8.521846,1786095393.892,0.029340358451008797,0.1392143964767456,0.38200002908706665,0.028109445958061387,0.13930704818222625,0.38176867914147583,-0.27548118553801254,-0.11763242926223637,-0.05344714579756092,0.952583923130414,-0.24723121148390056,-0.14009342946641185,-0.05070592933368292,0.9574337929167478,41.953455184418964,42.212336707002436
8.603625,1786095393.959,0.0273452028632164,0.13833624124526978,0.3830000162124634,0.028070922544606577,0.13927336895576486,0.3818219472635767,-0.2352639252010175,-0.03503961848244399,-0.03568353267208539,0.9706440110213708,-0.2563952992852265,-0.13285634764975995,-0.051599056907487714,0.9560063696021398,39.26761984106788,40.38284396233704
8.762348,1786095394.126,0.031406909227371216,0.14004065096378326,0.38200002908706665,0.02863750212052096,0.13932607713799303,0.38182495031994157,-0.21177301976687105,0.03174621813579232,-0.011286057191244384,0.9767379334529661,-0.23066850670225397,-0.03489037049272477,-0.027677965904849063,0.9720126708361383,41.13114367626126,40.86226090217383
8.826763,1786095394.193,0.03182022273540497,0.1404537707567215,0.38200002908706665,0.02885617056635824,0.13936613422580277,0.3818259021781298,-0.2122589054709889,0.005791811461226308,-0.026259223278043673,0.9768434189577617,-0.22338802763806448,-0.01868676115833969,-0.027119290069578438,0.9741730535030768,41.3577814733902,41.07888321362319
8.88669,1786095394.259,0.02967577986419201,0.13884995877742767,0.38100001215934753,0.028880939437671692,0.13934773054887903,0.38179318324686073,-0.2308518467608391,0.028930642578195668,-0.04797938352775001,0.971374501170079,-0.2264498626584837,0.0003674645822937927,-0.03547823609646586,0.9733764017250561,42.95780664422662,42.34678972379319
8.944463,1786095394.326,0.03091246262192726,0.13926200568675995,0.38100001215934753,0.02893504923694955,0.13934673944582657,0.3817700113850378,-0.25517098242442354,-0.07133688729916567,-0.09732318321126147,0.9593367585205146,-0.22813836430306073,0.011151792165134363,-0.04020230737000395,0.9727344441042258,42.82392216668437,42.62677583599297
9.012684,1786095394.393,0.030166979879140854,0.1379750519990921,0.38200002908706665,0.028949756150880857,0.1392730560627153,0.3817744413660191,-0.274778976723286,-0.00018100893895329567,-0.059796175965329525,0.9596462361342285,-0.24639589939059123,0.006738199278777399,-0.04785343020225564,0.9679636907714355,44.28247723582663,43.79825687607783
9.190833,1786095394.493,0.03050023689866066,0.1380258947610855,0.38100001215934753,0.028965344022909796,0.139212785670295,0.3817478471722424,-0.245935201505944,-0.015078241666904323,-0.08235955282949041,0.9656632059606453,-0.24624094752159043,-0.0030101640273041265,-0.06328409061949153,0.9671356981058356,43.52229374430775,43.6364567008087
9.271272,1786095394.626,0.030166979879140854,0.13880129158496857,0.38200002908706665,0.02898677764765943,0.13920709599785536,0.3817570551124968,-0.2658167164677866,-0.1275625407639534,-0.10718703935033679,0.9495157766121837,-0.25802771513007894,-0.07452338547897763,-0.08863000415425992,0.9591729174685442,42.60038163960886,43.135245440669905
9.336854,1786095394.693,0.031406909227371216,0.13880129158496857,0.38200002908706665,0.02908723991302366,0.1392048384825915,0.3817604236501255,-0.21610344303672224,-0.038490549317479326,-0.06854633649383277,0.9732004825698491,-0.26138686827145013,-0.09671950912816717,-0.09642106495679492,0.955523531830508,42.93428847097188,43.084572912162244
9.398874,1786095394.76,0.030166979879140854,0.13880129158496857,0.38200002908706665,0.029107652018767242,0.13920300648798856,0.38176291741287915,-0.22758506535769857,-0.06254937604815458,-0.0430247727973599,0.9707942534377992,-0.2631542783407662,-0.10879475243767515,-0.10064439175261142,0.9533017539277491,40.08255224173812,40.87768586889782
9.578582,1786095394.826,0.030993599444627762,0.13962753117084503,0.38200002908706665,0.029145666101771397,0.13921705251626967,0.3817647831846095,-0.20307084598671216,-0.020927057103167307,-0.03225597255580675,0.9784088317394324,-0.26409407706677007,-0.11533694574518805,-0.10292803341971266,0.9520281126840598,42.7170745545119,41.72141818693262
9.655034,1786095395.027,0.030993599444627762,0.13962753117084503,0.38200002908706665,0.02920159269827639,0.13923644114115002,0.3817680764351562,-0.2005851738579047,-0.019695897844511787,-0.022624899928073268,0.9792169185322205,-0.22387504193983793,-0.05410555151612782,-0.05153059951928435,0.9717495316205482,53.60792917643043,52.73579360014522
9.72229,1786095395.093,0.03182022273540497,0.13962753117084503,0.38200002908706665,0.029298189238479617,0.13924112234954508,0.38176897827784556,-0.1872279935336645,-0.003970357390228701,-0.01950676156774142,0.9821147595636119,-0.2102480892914408,-0.03531551932571019,-0.03953840666540699,0.9762096442068244,42.69107053776089,44.642676444117136
9.789238,1786095395.16,0.029340358451008797,0.13962753117084503,0.38200002908706665,0.02930089434653772,0.13924467463655124,0.38176976395939255,-0.20614584630203325,-0.007741784982004392,-0.020002652553492022,0.978286179350672,-0.20870847396056874,-0.02477753848146804,-0.03207433181538693,0.9771376994684252,42.96846631927393,43.31542761070777
9.864563,1786095395.227,0.030993599444627762,0.1404537707567215,0.38200002908706665,0.029329018388002788,0.1392888406313511,0.38177045836385476,-0.19350333248133703,0.004828382196066527,-0.017279650637722688,0.9809355538045422,-0.20313199173404106,-0.013859995614735028,-0.02662168796611155,0.9786912588684727,43.89852126676632,43.69667455477001
10.03384,1786095395.36,0.030580291524529457,0.13962753117084503,0.38200002908706665,0.02934364516695188,0.13929309537961856,0.3817716398495377,-0.19294424591869128,0.005906080845513159,-0.017373283012740822,0.9810381262791334,-0.19859227054571596,-0.005024590722725067,-0.022489123025840583,0.9798112588213584,44.13479363855573,43.983448508849186
10.095955,1786095395.46,0.029340358451008797,0.13962753117084503,0.38200002908706665,0.029343439368111107,0.13929544876352357,0.381772459317547,-0.2093159886546779,-0.013761936085425325,-0.021277445413713004,0.9775196654417556,-0.2020041551381856,-0.0078011200984208625,-0.02210457725526012,0.9791041065670617,43.836050908947875,43.898552014624045
10.159756,1786095395.527,0.0297536700963974,0.1392143964767456,0.38200002908706665,0.02935019046038091,0.13929391052395196,0.38177298638663926,-0.20729312557427212,-0.02175155208505316,-0.023118430797945087,0.9777637589054837,-0.20319067231010676,-0.010920460082444012,-0.022331698009303055,0.9788235742470529,43.60172512301423,43.75624953289922
10.24354,1786095395.594,0.030993599444627762,0.14004065096378326,0.38200002908706665,0.029410311209760443,0.1393090777454251,0.3817734977348233,-0.19763863849191785,-0.02395324767865683,-0.023160295200040124,0.979708533813477,-0.20202039925737267,-0.013675768164127097,-0.02250723929088825,0.9790271476463334,42.100847789449645,42.63358717021432
10.31443,1786095395.694,0.030993599444627762,0.14004065096378326,0.38200002908706665,0.029465355254083166,0.1393235739657947,0.38177423862167903,-0.19540407372713564,0.0016015005456259939,-0.008830753631873656,0.9806817531478476,-0.200226131207138,-0.009511792776480395,-0.0187800488731148,0.9795235229152603,43.2775291593696,42.88159997312791
10.483616,1786095395.861,0.030166979879140854,0.14004065096378326,0.38200002908706665,0.029486875385117666,0.13933705517346665,0.38177544247685824,-0.2013553437034102,-0.007660785115699349,-0.019857810900542165,0.9792869882111837,-0.20053407326217812,-0.00900721165258072,-0.01907385899701843,0.979459618106886,43.57837056777533,43.18115050350728
10.549611,1786095395.927,0.030580291524529457,0.14004065096378326,0.38200002908706665,0.029497620029149126,0.13934122409040578,0.38177591429612884,-0.2027538777506199,-0.00835163906626957,-0.02014250897144767,0.9789869225451016,-0.20078323874926293,-0.00893364871312341,-0.019193785372400875,0.9794069019366287,44.42209143421203,43.816291188278626
10.625724,1786095395.994,0.0297536700963974,0.13962753117084503,0.38200002908706665,0.02950441723304216,0.13934537402307537,0.3817763901075255,-0.20915076797864202,-0.020339061060640845,-0.02268523349672788,0.9774086448514331,-0.201924517170384,-0.010485909311458767,-0.019669175818678622,0.9791474141282471,44.18206023316885,43.95172161318506
10.686321,1786095396.061,0.031406909227371216,0.14004065096378326,0.38200002908706665,0.029587984031256162,0.1393513130328277,0.3817768634113093,-0.19809620583342513,-0.0016929419852931347,-0.018665126830429028,0.9800033878626337,-0.20139939224155323,-0.0092772700460411,-0.019531266665577154,0.9792705176240445,44.20573507589729,44.0361857574044
10.747772,1786095396.127,0.030993599444627762,0.14004065096378326,0.38200002908706665,0.02961198809568165,0.1393558375457516,0.381777327651487,-0.1966581946698394,-0.004853532291441357,-0.019167603397763,0.9802727174993098,-0.20079104258082842,-0.008709222380383701,-0.019484614393784433,0.9794015807965384,44.20246959766575,44.084089059866955
10.812288,1786095396.161,0.030166979879140854,0.13962753117084503,0.38200002908706665,0.029619033700231414,0.1393580692171217,0.3817775663240864,-0.20599952715180914,-0.013046760419237202,-0.021120208336752638,0.9782371459189261,-0.20118583854974093,-0.00903772457584388,-0.01960851396490553,0.979315109697393,44.45605018873462,44.17654734979135
10.983256,1786095396.294,0.03379806503653526,0.14091014862060547,0.38100001215934753,0.030276736296832155,0.13944892832530498,0.3817326027917345,-0.17367451055899719,0.013596997290237644,-0.006822907294951318,0.9846856015921156,-0.19292402954832502,-0.002216305293107319,-0.01575755159807025,0.9810846581112759,44.12768893906995,44.16196303131003
11.063444,1786095396.428,0.031406909227371216,0.14004065096378326,0.38200002908706665,0.030321956908751068,0.13946190822138246,0.38174048381368847,-0.18845510588495148,0.02635081941917141,-0.013388372809971688,0.9816369282251616,-0.1915732590764252,0.006528442806204306,-0.015033709587773423,0.9813414560780531,45.01125443057236,44.696000139591405
11.146951,1786095396.494,0.03182022273540497,0.1404537707567215,0.38200002908706665,0.03032830162798105,0.1394726498865754,0.38174335333170156,-0.18931681435576583,-0.0023234518591223295,-0.01902141426761851,0.9817290518126183,-0.19119464331996638,0.005037966247548344,-0.01570528206169014,0.9814135577712395,45.89421493830953,45.40786219950765
11.215151,1786095396.561,0.029340358451008797,0.13962753117084503,0.38200002908706665,0.030244347770222196,0.13947665188401465,0.3817455445274725,-0.20949050798917568,-0.005391193831249107,-0.01948434890510616,0.9776016684924669,-0.19471948089253505,0.003032891327761743,-0.016432475615688745,0.9807166252676027,45.61141016320483,45.5010744297374
11.387957,1786095396.694,0.030166979879140854,0.13962753117084503,0.38200002908706665,0.030240311391412915,0.13948112964335987,0.3817483664843818,-0.20814722399054594,0.025857876028870585,-0.013003178502579024,0.9776691775550332,-0.19889699338980732,0.010108647486147008,-0.015370696611287978,0.9798477141638795,47.12636091753296,46.74576889129528
11.461246,1786095396.828,0.02983155846595764,0.1375078409910202,0.3830000162124634,0.03022036606184846,0.13923817368457075,0.3818253069189787,-0.2792787162227916,0.04543418516993095,-0.04273547071369918,0.9581820354326064,-0.23554848567070374,0.026130329138043508,-0.02779017536069135,0.9711137023803125,42.79626035811631,43.44598762766572
11.537832,1786095396.895,0.032402291893959045,0.13786686956882477,0.3840000033378601,0.030384308546112494,0.13918967488440998,0.38195014043519354,-0.2756117686234567,-0.069455801334011,-0.06891857353324733,0.9562762544785073,-0.2501248894824696,0.03254170404437546,-0.03275618746698318,0.9671119942084776,65.65145509114761,59.68779995934106
11.744493,1786095396.995,0.028173986822366714,0.13792204856872559,0.3830000162124634,0.030120319436535058,0.13915019850338212,0.38195903401031955,-0.20969158235786609,0.04280230813219673,-0.03697079570456852,0.9761304026469935,-0.23371123337643468,0.03672825542635988,-0.03448014568627895,0.9710001102988892,45.09700151991309,47.10035717109734
11.829681,1786095397.195,0.0331466980278492,0.13916464149951935,0.3830000162124634,0.030699826486786645,0.13915111218471185,0.38197043224571564,-0.21478386970220043,0.0231730619145636,-0.06101914635493911,0.9744780973912993,-0.2246410399008411,0.030211936426620754,-0.04725481895266624,0.9728261017136481,43.58230797425633,43.94342224175687
11.893587,1786095397.262,0.03347346559166908,0.1404537707567215,0.38200002908706665,0.030877941269095707,0.13923008591631,0.38197152136969903,-0.20820218546110575,0.08946552700492405,-0.06581394974017908,0.9717593804366118,-0.21948100673354748,0.04918850214567562,-0.05321554628723084,0.9729217258203484,47.611969801920935,46.40841491572594
11.965214,1786095397.328,0.031406909227371216,0.14086687564849854,0.38200002908706665,0.03089428319206523,0.13932384587640548,0.38197227652366156,-0.293284645493665,-0.09560301930207668,-0.12034602159764395,0.943589431110587,-0.2157641172791826,0.06263848858684867,-0.05743065072323522,0.9727404514050992,53.71284830047297,52.29365782128078
12.205087,1786095397.562,0.03347346559166908,0.1392143964767456,0.38200002908706665,0.031168849129230097,0.13931896160123283,0.3819734316242008,-0.21835091124798073,-0.03941198472990038,-0.0973255603762105,0.9702047775156971,-0.21767435402567223,-0.0005444205384281392,-0.08224727555484937,0.9725497235975076,44.258325991829935,45.10296657245602
12.390786,1786095397.695,0.03182022273540497,0.1392143964767456,0.38200002908706665,0.03120811168732026,0.13931727794184082,0.3819738336978859,-0.2260688897628398,0.082811254261809,-0.059598417752922926,0.9687534164328563,-0.22216082323098868,0.04196365193339,-0.07077478282391361,0.9715320636262966,48.46391978571969,47.794966284627804
12.460312,1786095397.829,0.029340358451008797,0.1404537707567215,0.38200002908706665,0.030923932971844495,0.13939036968029503,0.3819741012719635,-0.30335371648193393,-0.08763926261908743,-0.14611328558470177,0.9375216211479201,-0.22400865914733853,0.06076291860039182,-0.06564965404534291,0.9704731378425169,42.375829124183774,43.03743352069839
12.54709,1786095397.895,0.029340358451008797,0.13880129158496857,0.38200002908706665,0.03082995956816236,0.13936745181503862,0.3819742097333975,-0.26908103125678495,0.031521128805910896,-0.10869115596908188,0.9564455288570757,-0.22460238750292463,0.06699146893643504,-0.06394462886141422,0.9700396873620691,46.36230217343062,45.04368174972055
12.627234,1786095397.995,0.03223353251814842,0.1392143964767456,0.38200002908706665,0.03094189122020142,0.13936462053581547,0.38197434128246116,-0.2896092560509742,-0.19593288179267104,-0.16165767573609466,0.9228236995860174,-0.22507823713812453,0.0720547024219868,-0.0625560388584682,0.9696569749287688,29.983048002803972,32.050913298356946
12.70286,1786095398.062,0.028927046805620193,0.13838817179203033,0.38200002908706665,0.030782639645137087,0.13932682157507906,0.3819744190911315,-0.23246692682364917,0.02135408950122092,-0.09336866336071212,0.9678767604901856,-0.2252949939921257,0.07438287214695319,-0.06191676698926619,0.9694718500187898,46.632851354981476,43.8338771422632
12.880181,1786095398.196,0.030580291524529457,0.13962753117084503,0.38200002908706665,0.030780979602000755,0.1393366981715645,0.38197455216132237,-0.29192572329667305,-0.17651627306916992,-0.14794766970266984,0.9282956772758527,-0.22551343640084487,0.0767433023733441,-0.061268140026394434,0.9692782730264936,28.499339400235947,30.127300851611793
12.939178,1786095398.329,0.029340358451008797,0.13714882731437683,0.38200002908706665,0.030683075810833536,0.13908518216274268,0.38197467200579205,-0.2532946142951796,0.06917897142258013,-0.06311490460334694,0.9628461024997091,-0.2337158539681011,0.07452246845718954,-0.061817600144570065,0.9674719043007783,48.79571908576822,46.80051159546886
13.003347,1786095398.362,0.03297360986471176,0.13926200568675995,0.38100001215934753,0.03082351986839469,0.13908878618259723,0.38195300967612517,-0.2925103874394024,-0.04187845671854696,-0.11612592991159543,0.948260848345586,-0.2360401084476391,0.07389126634853695,-0.06197265922780182,0.96694598477354,41.915286968182556,45.75272166141486
13.073509,1786095398.429,0.03190352022647858,0.1375078409910202,0.3830000162124634,0.030878964249498875,0.13902920425121568,0.3819986383092877,-0.2511243110369687,-0.0057191532077766625,-0.10059784671192987,0.9626961851642069,-0.2397459949361221,0.07288310821319485,-0.06221930767988224,0.9660945441317371,40.935915991721494,43.49804047013659
13.253968,1786095398.529,0.032646842300891876,0.13838817179203033,0.38200002908706665,0.031020248397743286,0.13902169059386937,0.38199865452070275,-0.22180758708991788,0.07843135802702215,-0.07274262736088427,0.9692050487652347,-0.2348190844911111,0.07441391182061405,-0.06511918350992288,0.9669964111749905,45.9809989736098,45.61673392726631
13.313607,1786095398.696,0.03050023689866066,0.13967403769493103,0.38100001215934753,0.03098390400335073,0.1390783348246787,0.3819275653963063,-0.2947319534273907,-0.00046101289972423767,-0.12053973166330469,0.9479467475478353,-0.26643984015742234,0.03547765736884885,-0.09412871316038543,0.9585879890564433,45.18646013374973,45.27741973265714
13.379558,1786095398.763,0.030580291524529457,0.1379750519990921,0.38200002908706665,0.030976433086389,0.13903591097372411,0.38192892885394886,-0.27958036078317167,-0.057758109565931415,-0.14301398115802652,0.9476527970924019,-0.2697035687870428,0.014250455279744645,-0.10537149608832835,0.9570547305770765,43.07550906541873,44.04547948215556
13.441132,1786095398.796,0.03223353251814842,0.1379750519990921,0.38200002908706665,0.031012905913407683,0.139018699093862,0.38192949322144903,-0.2645449316347799,-0.027465105420271457,-0.10059164083913535,0.958719442237349,-0.2707111465724127,0.007477724524833102,-0.10894459344963289,0.9564468800280937,42.36432000192688,43.24008815963272
13.501278,1786095398.863,0.03182022273540497,0.1379750519990921,0.38200002908706665,0.031034841630409583,0.13899405193804454,0.38193033345084626,-0.25550940207579526,-0.06493572161308334,-0.07853760156989079,0.9614208977597204,-0.2741674630388461,-0.01664578772854336,-0.12161642076210988,0.9538157925735727,43.07237672993885,43.170033959049206
13.665239,1786095398.93,0.032646842300891876,0.13838817179203033,0.38200002908706665,0.031113142047225387,0.13899268240794826,0.38193096249003783,-0.22140859034542262,0.025102045025192105,-0.03339781774231851,0.9742857431097188,-0.2764332740374634,-0.03330359866833277,-0.13031640375521486,0.9515740382298034,50.05275779203744,48.731632544694634
13.742056,1786095399.096,0.03231791406869888,0.13916464149951935,0.3830000162124634,0.031163335828003163,0.13900162149314066,0.38200818754293153,-0.22590877751687102,-0.013336175969915067,-0.05088817804389971,0.9727269729922702,-0.24632168330753756,-0.021314913482013233,-0.08262420497030429,0.9654245405772637,47.8362842455885,48.001697167213294
13.820713,1786095399.196,0.03190352022647858,0.13957883417606354,0.3830000162124634,0.031169997219893674,0.1390246653848585,0.3820370923086451,-0.2325080215390355,0.004335979228467253,-0.036618786878404114,0.9718952019902598,-0.24006781888948597,-0.009539052140653929,-0.06152053510505358,0.9687577987186946,44.77426606687036,45.67415992941194
13.902828,1786095399.263,0.03148912638425827,0.13999304175376892,0.3830000162124634,0.03117635672183475,0.13905800015050243,0.3820511143529669,-0.22943604158971628,0.008804765693839964,-0.03504983441951287,0.9726526039793876,-0.2363712473503969,-0.0031073744119304424,-0.05224576099051683,0.9702522136582856,45.68822335242793,45.67839740280138
14.066654,1786095399.397,0.03190352022647858,0.13957883417606354,0.3830000162124634,0.03118228567396863,0.1390666266084354,0.38206786455786174,-0.2325080215390355,0.004335979228467253,-0.036618786878404114,0.9718952019902598,-0.23475395971199883,2.617472192239435e-05,-0.045668788477515924,0.9709814310651966,46.000050416556995,45.802602170618
14.151023,1786095399.497,0.03148912638425827,0.13957883417606354,0.3830000162124634,0.031188713684752963,0.13907116059186814,0.38207658884408485,-0.23331528135237214,-0.01743696948353669,-0.04211767466138497,0.9713320920590502,-0.23431945220550213,-0.005345048125221288,-0.04457811032002129,0.971122349067793,46.000050416556995,45.85996865791178
14.222696,1786095399.597,0.03397548198699951,0.13957883417606354,0.3830000162124634,0.03147050601257076,0.13907453785649232,0.3820830209967822,-0.21932853220123913,0.010396162154583728,-0.0357079842219519,0.9749419750106724,-0.22995600369629987,-0.0007491330126044005,-0.041990756566736454,0.9722944263579371,45.76022054295073,45.824727054029026
14.288037,1786095399.663,0.03231791406869888,0.13957883417606354,0.3830000162124634,0.031480649891302726,0.13907641297958334,0.38208656541376934,-0.22578770132678844,0.0011899766476203362,-0.037574345702230866,0.9734509060195035,-0.2291816890295198,-0.0003885814924411663,-0.04116971198447017,0.9725125486250119,46.238526464411365,45.96973906509637
14.371047,1786095399.73,0.03388677537441254,0.14004065096378326,0.38200002908706665,0.031602488082902926,0.13909576676473193,0.382083394017157,-0.21174225751043022,0.013645016125769087,-0.02549628782256361,0.9768976247420111,-0.225395556121578,0.002670153033257114,-0.03775622355965024,0.9735318079785259,45.996026459442625,45.97451612895744
14.53982,1786095399.83,0.0331466980278492,0.13999304175376892,0.3830000162124634,0.03162413276704865,0.13911135360384025,0.3821002113440212,-0.2190771863881999,0.03675501511598913,-0.020000657080447678,0.9748098424741124,-0.2234160500159283,0.013549825440766092,-0.03209521928997014,0.9741003889356239,45.92205554276054,45.959710261609295
14.620322,1786095399.964,0.032646842300891876,0.1404537707567215,0.38200002908706665,0.03164894562724403,0.13916453412060112,0.38209541004895864,-0.21657908266581538,-0.0005651895200597972,-0.028233864175582234,0.9758565624240866,-0.22122773304920823,0.009019134674873018,-0.030856603659012122,0.9746921644038468,46.25896614542487,46.096967884879824
14.696134,1786095400.064,0.03148912638425827,0.13999304175376892,0.3830000162124634,0.03163866549138781,0.1391715224888399,0.3821221752808023,-0.2265339343577737,0.01844187048487885,-0.03293273185504714,0.9732716522995881,-0.22243810224414395,0.011164344761569673,-0.0313295744935844,0.974379343909814,45.33427373248471,45.67480262508984
14.772345,1786095400.13,0.03190352022647858,0.1404072344303131,0.3830000162124634,0.031643199064278246,0.13918957754995545,0.382135005440249,-0.22536245778527733,0.019034062315456797,-0.0236982708820764,0.973800728614407,-0.22291007963871115,0.0124293671068635,-0.030103243091415557,0.9742948229279296,46.26294220715664,45.902285304200326
14.959239,1786095400.264,0.031074734404683113,0.1404072344303131,0.3830000162124634,0.03160664305285273,0.13921142283005888,0.38215052838604313,-0.22944775806906237,0.00827055090459423,-0.034568413333536406,0.9726717581509279,-0.2244273403707945,0.011465325850415584,-0.031138618844966045,0.9739257166815461,45.11155562056014,45.414786715191305
15.177008,1786095400.531,0.03231791406869888,0.13999304175376892,0.3830000162124634,0.03164579837631776,0.1392345837694254,0.38216624778613956,-0.2211144949941001,0.007906783284873091,-0.035879295343715534,0.9745555597538955,-0.22351028707343282,0.01047918964902079,-0.032452561856161966,0.9741048041076604,45.35846984180758,45.38365754417768
15.247781,1786095400.597,0.030324921011924744,0.13994327187538147,0.3840000033378601,0.031563119343961867,0.13924005261544897,0.3822380264780413,-0.22635185917079778,0.02373747520266332,-0.04102000542678172,0.9728919401843726,-0.22385883168518364,0.012091176089716188,-0.033494574921292715,0.9739708108501784,43.83323798910183,44.411469412225415
15.325874,1786095400.697,0.029909446835517883,0.13994327187538147,0.3840000033378601,0.031435690895321756,0.13924594408711494,0.38230435783406325,-0.22944382789758655,0.019242748279864098,-0.04187894993098365,0.9722301168092966,-0.22484405974448346,0.013349659395911734,-0.034970216207731955,0.9736755205765506,43.79939335193596,44.02386692840493
15.511847,1786095400.831,0.029154222458600998,0.1394749879837036,0.3850000202655792,0.031216951048874994,0.1392536828998305,0.38252198866614,-0.23069817004492157,0.02025388683308725,-0.05037304864363313,0.9715094906260171,-0.22619173842884932,0.014931883425981105,-0.038500192060847205,0.9732071061881771,44.073301268152626,44.0492486853996
15.584647,1786095400.964,0.029987337067723274,0.1398913562297821,0.3850000202655792,0.03120287534314099,0.13926084925896207,0.38263861442324043,-0.22393406946292946,0.01640648048189116,-0.051674799511670276,0.9730951007108185,-0.22570732042768304,0.01525077303344809,-0.041347818500881706,0.9731978099710539,44.106239454867016,44.07298311109761
15.645715,1786095401.031,0.02957077883183956,0.1394749879837036,0.3850000202655792,0.031170502135687353,0.1392640258336538,0.3826806701916157,-0.22024698818553295,0.03677000415906791,-0.046915544843225326,0.9736211597132671,-0.224822721648614,0.018769410410694763,-0.04225954500512801,0.9733018976244239,45.23463454411453,44.69579031356631
15.711488,1786095401.064,0.029154222458600998,0.1394749879837036,0.3850000202655792,0.031135973363063,0.1392653509059703,0.3826981077433068,-0.2203408801478047,0.037653847284786365,-0.046711408896910514,0.9735759490657164,-0.22432469142358918,0.02088695271289041,-0.0427594865183316,0.9733518348145082,44.33032993812572,44.63338568095121
15.776849,1786095401.131,0.029154222458600998,0.1394749879837036,0.3850000202655792,0.031086660756417667,0.1392673555596358,0.38272415997236836,-0.2146025312554384,0.023387701820191963,-0.05071477515485302,0.9751034717214994,-0.2224395074415539,0.021372890372510056,-0.0443050233151556,0.9737047447739623,43.325360765997196,43.89607160138796
15.947564,1786095401.265,0.027904555201530457,0.1403077095746994,0.3850000202655792,0.030793665648696976,0.13931105281204553,0.38275636470439744,-0.19984390859460585,0.018215553781747107,-0.0676357185421087,0.9773208354349904,-0.21504650846735177,0.02033869491587281,-0.05197110658656784,0.9750078670273834,63.18775731160039,61.139692922792015
16.022341,1786095401.398,0.02421828731894493,0.14234191179275513,0.38600000739097595,0.029405488299195707,0.13968787004012864,0.3829596697461829,-0.11815227566750945,-0.059344676633567385,-0.06679204290309809,0.9889676800152151,-0.1662234408853139,-0.020129058374176036,-0.059610910305588835,0.9840788220878218,42.400318952145426,44.40310991390707
16.276246,1786095401.631,0.019675105810165405,0.14229215681552887,0.38700002431869507,0.02601894185194612,0.13992802020485182,0.3834135636736736,-0.057031480421791896,0.006600085840579226,0.08321442097442783,0.9948764793931387,-0.09173954558603319,-0.001822195381722111,0.038382924081089245,0.995041349150197,36.697330352558744,37.190032791038966
16.366017,1786095401.732,0.02582177147269249,0.1407240778207779,0.3850000202655792,0.02599124593962787,0.13996928995217622,0.3835161381321704,0.010534450580451427,-0.03086699277835059,0.0906912600726029,0.9953448394673239,-0.04626183595737998,-0.014785876844221429,0.06179094192992101,0.9969067658889739,44.2244595297201,42.77631252750962
16.545031,1786095401.865,0.02644718438386917,0.1404537707567215,0.38200002908706665,0.026052402591934413,0.13999523778011488,0.383239581393415,0.031510536916589664,-0.08506580670364071,0.06248738752204619,0.9939145944163194,-0.0005779338930073895,-0.05614424472462835,0.06228310090249091,0.9964779501417412,60.787799690935564,58.862802422867766
16.61042,1786095401.965,0.019717484712600708,0.1283285915851593,0.3720000088214874,0.024745750858143886,0.13555122693359817,0.3790727810354948,0.08856458025397021,-0.0135085956396155,0.084494024926168,0.9923883275815267,0.04681613112364734,-0.03354792129459977,0.07417191866254844,0.9955808924067102,65.07977378178248,64.22616698590787
16.677581,1786095402.032,0.011810584925115108,0.1153339222073555,0.36400002241134644,0.02093582549711382,0.12672707092692825,0.37356253017825775,0.1434202039033586,0.058974428122608516,0.06179660458694246,0.9859684790100824,0.06458500370305573,-0.025034318884667853,0.07858249267398532,0.9944982916123085,69.62309544208262,68.5871656830849
16.747973,1786095402.132,,,,,,,,,,,,,,,80.48946129939085,78.85524427665698
16.818829,1786095402.165,,,,,,,,,,,,,,,40.8564256702252,79.95774070350757
16.991309,1786095402.299,-0.002877776511013508,0.08616533130407333,0.3320000171661377,0.00567875747626582,0.09527117789536338,0.34148419790690376,0.2712143876262942,0.23755577609114387,0.04353650852292563,0.9317266667944316,0.0786675914816831,-0.01827063863529619,0.08205985997913987,0.993349773843299,91.7300593058601,90.48027393897422
17.060312,1786095402.432,-0.013971150852739811,0.07087136059999466,0.33100003004074097,-0.00470398686146159,0.07954151648322261,0.33630328269286786,0.3280487377383273,0.30533161200462267,0.03511807982659566,0.8932655556150374,0.08191579557460965,-0.016708518752131824,0.0828596371280936,0.9930482910571314,127.52425406194295,123.56513842157133
17.122235,1786095402.499,-0.02155681699514389,0.06749502569437027,0.3320000171661377,-0.011526706482466096,0.0743028841357015,0.33528561722192063,0.3308464840339161,0.38932053888293383,-0.006599627072164813,0.8596083799782352,0.08308735687880973,-0.016144904848850183,0.08314788937180664,0.992936182071803,125.3683506016117,125.02222758474018
17.194085,1786095402.565,-0.027830073609948158,0.06501197069883347,0.33400002121925354,-0.018269890360061648,0.07071931383194321,0.3351251616985199,0.34266034568134174,0.42063366143780573,-0.03726496137716933,0.8392035110844847,0.0839390153367858,-0.015735126670462903,0.08335736206194744,0.9928535630610532,123.30891739251273,123.64179927186419
17.366777,1786095402.666,-0.03531292825937271,0.056174300611019135,0.3330000042915344,-0.026903373119716495,0.0633740408705166,0.33479561527882246,0.3744408695259099,0.33792876688522605,-0.014047778684809576,0.8633659963504086,0.0847817088392692,-0.015329609858580557,0.08356457147133252,0.9927708835893051,129.4557703505869,128.66432387032688
17.435103,1786095402.799,,,,,,,,,,,,,,,41.255385522483145,129.37118378317712
17.505702,1786095402.866,-0.04362895339727402,0.04323568940162659,0.3360000252723694,-0.03690185687476466,0.050417317830382787,0.33486159260138687,0.3782745604572954,0.29670116520119677,-0.017325560255488256,0.8766850063967819,0.0856449685435942,-0.014914142476446216,0.08377677777100233,0.9926852266573062,41.409266541350796,129.43953407933267
17.580054,1786095402.932,-0.04662822559475899,0.04659676179289818,0.34200000762939453,-0.03995624338468975,0.049540980539917276,0.3362205784487693,0.3569792987515329,0.39429357751383187,-0.038935242368392166,0.845921037624625,0.08589437071433029,-0.014794100708684916,0.08383807442341094,0.9926602988640097,,
17.740787,1786095402.999,-0.04541212320327759,0.05393766984343529,0.3440000116825104,-0.04115769423451838,0.04980636927595462,0.3377417612476245,0.2623582485396121,0.3162109779527773,-0.006582478287742141,0.9116662974054524,0.08611607409912012,-0.014687387049413296,0.08389255915968344,0.9926380714847959,,
17.812652,1786095403.166,-0.04287940636277199,0.05829250067472458,0.3570000231266022,-0.041424278509336804,0.052057385272534715,0.3479788682066173,0.18912432419393035,0.15458469921396223,-0.022871913110494812,0.9694392380947782,0.12892505825839712,0.054685275291580175,0.04060307058308348,0.9893125091085113,117.53538295324556,118.17976813309761
17.881923,1786095403.233,-0.02968922071158886,0.08041799813508987,0.36100003123283386,-0.03782210048130044,0.06569485729328403,0.35214171342338807,0.10639849877300774,0.10468215669835301,-0.004306568499454551,0.9887883792781909,0.14052786569965195,0.07371893605087396,0.028613831125893652,0.9869137176560707,46.85726840840176,117.7045713190239
17.950782,1786095403.333,-0.02309797704219818,0.09272272884845734,0.3680000305175781,-0.03162479899198804,0.08167690488258564,0.3590475543667507,0.08797589238472109,0.13642555038418003,-0.005035397060422242,0.9867233433632394,0.1638258928902207,0.11225022708337906,0.0041935959613054255,0.9800731488472506,,
18.011699,1786095403.366,-0.017873156815767288,0.10358382761478424,0.367000013589859,-0.02835787202126294,0.09014436886772073,0.3603141184310977,0.03617164639013416,0.050714606374255816,-0.009021350802063578,0.9980171621407307,0.1677786096896644,0.11882998470731598,3.2837330117625914e-06,0.9786366909401463,44.11293525154051,117.57540387474337
18.171513,1786095403.433,-0.014896731823682785,0.10620195418596268,0.3720000088214874,-0.023544316766030603,0.09816637341304565,0.36398191234734945,0.03035989328440226,0.0805137544245768,-0.017138787096088282,0.9961436011966818,0.1767448074516364,0.1338024196243341,-0.0095541372341815,0.975072768568207,46.15027057882092,117.55352016307936
18.246505,1786095403.6,-0.011365236714482307,0.11314163357019424,0.3750000298023224,-0.017751938830562114,0.10751910902829041,0.368711492612371,0.0043181111562607165,0.04163896619947787,-0.022212125272645652,0.9988764547734386,0.18326829571439068,0.14473767854474065,-0.016554163856430555,0.9722086688846364,46.37655419052945,117.54201165614174
18.310081,1786095403.666,-0.010666335932910442,0.12090643495321274,0.3790000081062317,-0.016203184928055954,0.11326235742947593,0.37142410198297016,-0.02531362536815082,0.023888581721141732,-0.021672892141622956,0.9991590673062477,0.18485559315451902,0.1474038648295555,-0.018263415612804264,0.9714766893564432,45.35280345453339,117.53967116556498
18.372047,1786095403.733,-0.008706947788596153,0.1217682957649231,0.3830000162124634,-0.014593729981292056,0.11634866165148207,0.3747629123029156,-0.01584620051864122,0.014939760855111667,-0.02168755031895678,0.9995275642201559,0.18587651276805361,0.14911983503932577,-0.019364026260384925,0.9709985742965943,46.46925329547721,117.53833569986801
18.442641,1786095403.8,-0.009635322727262974,0.11927331238985062,0.38700002431869507,-0.013915475151977486,0.11703818814007165,0.3784711812760035,-0.024920558595375206,-0.015677225727258572,-0.030136859141789107,0.9991120858411527,0.18654933008590388,0.1502511970280357,-0.020089900062059157,0.9706803393247642,43.97965341913307,117.5375216246906
18.515302,1786095403.867,-0.010891484096646309,0.11718069016933441,0.38700002431869507,-0.013729907000310423,0.11705566866108566,0.3804725452451454,-0.025707613146781213,0.013202359795428175,-0.022032754828596086,0.9993394688677069,0.18701066437982494,0.15102716728873244,-0.020587861254861714,0.9704606875695214,43.459670819862666,117.53699069207718
18.694818,1786095404.0,-0.01136865559965372,0.11736558377742767,0.3890000283718109,-0.013627571480830797,0.11709926033659278,0.3831103816884729,-0.02566962586329284,0.02222556759320283,-0.014305796584613457,0.9993209887905279,0.130320460713649,0.11693069115015137,-0.019007392950463994,0.9843690923631019,43.72294654317815,117.53642199640802
18.762505,1786095404.133,-0.01136865559965372,0.11694490909576416,0.3890000283718109,-0.01356908096706571,0.117089567765016,0.38427276230479357,-0.021771468931978108,-0.044358865256690916,-0.008429031717423903,0.9987428325840388,0.07832535666454984,0.061671383445380645,-0.015447030882009914,0.9948985718173659,41.51135771030774,81.90080546214936
18.844235,1786095404.2,-0.011789538897573948,0.11652421206235886,0.3890000283718109,-0.013551755655439028,0.11708468308462629,0.38465429784876476,-0.012488625651978582,-0.013948582939333464,-0.007541256175632685,0.9997962796083024,0.05647780493601641,0.04347455304032344,-0.013556223525784877,0.9973647525310247,42.54995147142537,65.65892424019928
18.922342,1786095404.267,-0.010947770439088345,0.11652421206235886,0.3890000283718109,-0.013480817031035238,0.1170809214544615,0.38490957810761955,-0.009375521202208241,-0.014760871561460357,-0.007506282198829174,0.9998189196051875,0.03447867544962762,0.02401467580359307,-0.011542411562625891,0.9990501934440563,41.754522630788195,49.41711190852395
18.991404,1786095404.367,-0.010499824769794941,0.11622466146945953,0.3880000114440918,-0.01334264707994202,0.11706959709267455,0.3849399535982293,-0.006398205598678401,0.0017096168912856431,-0.007375409802476363,0.9999508705458722,0.014338439058589222,0.013026287555828206,-0.009491504314082485,0.9997672910951487,43.740581531247614,44.5199827317486
19.162985,1786095404.434,-0.009240417741239071,0.11706386506557465,0.3880000114440918,-0.013072749801347764,0.1170694382068798,0.38495609840472206,-0.012365188591354761,-0.013800326398093365,-0.007510833678880897,0.9998001002599742,0.004203678210546042,0.002844616826066978,-0.008741211422383984,0.9999489129287977,43.3932324077501,43.60951052916396
19.221555,1786095404.601,-0.008379161357879639,0.11718069016933441,0.38700002431869507,-0.01248280412760257,0.11707421661091909,0.38508210162149414,-0.009264265480044977,-0.0165608663108416,0.007234361201485182,0.9997937662889064,-0.0024667672041920044,-0.0067669183109479916,-0.0008291613844652026,0.99997371783839,42.66091826936264,42.743455345864795
19.295464,1786095404.667,-0.010002084076404572,0.11740782111883163,0.3850000202655792,-0.012426651859090908,0.11708124190807653,0.38507514277542887,-0.015536388957888888,-0.030766960390991173,0.014309598445216233,0.9993033824413812,-0.006210793322395287,-0.013642381433530271,0.0035072383094008606,0.999881498355965,42.51751394284158,42.56141247283508
19.369264,1786095404.734,-0.009820227511227131,0.1152731329202652,0.37800002098083496,-0.012399827363346778,0.11696661081220659,0.3833300716453428,-0.012258187167630323,-0.0168926303205885,0.007309865039206286,0.9997554409761038,-0.00770599731954243,-0.014446056953994665,0.0044474266000183475,0.9998560643614812,42.54820927916517,42.550743613403
19.424957,1786095404.801,-0.010356759652495384,0.11381549388170242,0.3680000305175781,-0.012344341862706039,0.11667358220150414,0.37756147109422156,-0.012195157257938639,-0.02067757577892866,0.007423164040726905,0.9996842564705045,-0.008672317639496949,-0.01578745263195125,0.005087969283944547,0.9998248145623908,41.522118006468204,41.719560660330266
19.597511,1786095404.901,-0.012260845862329006,0.11216539889574051,0.3540000021457672,-0.012335453877049107,0.11600149310373531,0.3645511161592794,-0.006073554444078725,-0.05666691698179882,0.00736505613372726,0.9983474988220984,-0.007837136227481502,-0.028953155901030002,0.005822105712785753,0.9995330895694209,41.79574503536681,41.780369255577156
19.66791,1786095405.034,-0.016704341396689415,0.10979287326335907,0.34300002455711365,-0.013449839612994011,0.11470255666066986,0.351536517547678,0.014017633784016296,-0.07238246804891593,0.01651456522880124,0.9971416917357073,0.0009091569058686053,-0.04634687424205958,0.010104114822686909,0.9988738897104886,91.58849935618582,41.791953808767616
19.745882,1786095405.101,-0.02194640040397644,0.10746131837368011,0.33800002932548523,-0.015495787235621287,0.1135916327366177,0.34583700212094726,0.03541097336485924,0.031294713754752956,0.028272201191183084,0.9984825419085536,0.004381461168990132,-0.05324731852665857,0.011803019562974816,0.9985019852744116,44.525607766375465,43.55487840724153
19.817553,1786095405.201,-0.022342337295413017,0.10767228156328201,0.3330000042915344,-0.017120480611495962,0.11278800827357865,0.3397199747222773,0.03483210209106276,0.013542335951979307,0.0291897848037281,0.9988750103311193,0.0171449654419989,-0.025295752383652163,0.019097197878959676,0.9993505251434601,46.4623849070476,45.896029161805885
19.881103,1786095405.234,-0.02328253909945488,0.10917337983846664,0.33100003004074097,-0.01770858692008231,0.11274967222036651,0.3377484677973199,0.028074271398164707,0.0002281562533737583,0.022009867379692002,0.9993634719000464,0.019406318827599422,-0.020018845726135954,0.019700779277311536,0.9994170900586108,46.441867915656,46.186396043800976
20.036678,1786095405.301,-0.024341721087694168,0.10963957011699677,0.32600000500679016,-0.018771447903825386,0.11273227357724691,0.33332363281822563,0.03079673782079508,-0.09866613820961163,0.025281422092417107,0.9943225853853387,0.0221685097737124,-0.013570271733583833,0.020437383086428403,0.9994532096461886,45.410305775141424,45.85989033851514
20.102045,1786095405.468,-0.031164517626166344,0.1093519926071167,0.320000022649765,-0.02376021410952543,0.11266772379229306,0.32627406459614827,0.024775614391220037,-0.4417940418464944,0.01220678677175497,0.8966912444521717,0.024640066659325784,-0.007797451205310974,0.02109586939052202,0.9994433606585131,63.910821199858844,62.34020644099198
20.158266,1786095405.535,-0.04752810671925545,0.11106076836585999,0.3160000145435333,-0.03432410496886847,0.11257432903332859,0.3230045089553477,0.03389194347965227,0.010413537780768145,0.02790452867856375,0.9989815972665801,0.026752869604309417,-0.003641002362166358,0.022650848500553194,0.9993787901151088,49.29953189941072,51.80266362419236
20.226881,1786095405.601,-0.05060521140694618,0.11379469186067581,0.3160000145435333,-0.040862145966150634,0.11272820309015807,0.32128389626377035,0.04312763262757423,0.019780401103921846,0.040198492222150196,0.9980645391251883,0.03092694711120445,0.002324847671574536,0.02712326057046368,0.9991508633643429,51.53091886114693,51.63355375948027
20.290855,1786095405.668,-0.05385219678282738,0.1120978593826294,0.31700000166893005,-0.04573799534206863,0.11270365168514104,0.32058176314730624,0.04653351150241548,0.020552297863852233,0.0405178564517102,0.9978830285501045,0.03505241458312399,0.007140638584281732,0.030664054929756636,0.9988894109198306,51.60702752206262,51.619259281705844
20.351723,1786095405.735,-0.05765751749277115,0.11073515564203262,0.32100000977516174,-0.05004204808030339,0.11265414794429918,0.32058775993730265,0.04292839387354062,-0.00274169969042019,0.027229166874263994,0.9987032635140326,0.03693456555692946,0.004779818037474085,0.029843924007107458,0.9988605164919212,49.12923418447035,49.72338390142606
20.51908,1786095405.768,-0.060436006635427475,0.1086522713303566,0.32100000977516174,-0.05238306562491476,0.11244317418882341,0.32059026442505295,0.05238926248998357,0.020651673211715082,0.05320412986070507,0.9969945807952404,0.037730705909520844,0.003781052273024136,0.029496877403487946,0.9988453492401722,50.54519595803959,50.01689991733563
20.585746,1786095405.935,-0.06320162117481232,0.10991419106721878,0.33000001311302185,-0.05750317591874661,0.11230245438171897,0.3241073891822707,0.05907479172482358,-0.0008961439425699217,0.05352037896830965,0.9968174030100956,0.04607580930663872,0.0019538823211200838,0.038887943118149526,0.9981788066376951,53.88255509250362,53.21341724382071
20.646752,1786095406.002,-0.06482566893100739,0.10451986640691757,0.33100003004074097,-0.059256261562339714,0.11090907206000375,0.32528650734913966,0.06429494364369392,0.031866699810577145,0.07217207996009496,0.9948074509870091,0.051046067670439996,0.010097099124366217,0.04795747317478399,0.997493071821227,50.720842116200295,51.56505941022429
20.704973,1786095406.068,-0.0664973333477974,0.10366113483905792,0.33400002121925354,-0.06084627309434368,0.1097822103120657,0.32705596704315654,0.05977937730705031,0.0233549347710822,0.05290673162659017,0.9965349220269262,0.05323322626783517,0.013415619670846847,0.04919745432399463,0.9972792263243043,51.23167823139905,51.40264923722441
20.765166,1786095406.135,-0.06830421835184097,0.10221631079912186,0.33400002121925354,-0.06242673140620212,0.10859602257547657,0.3281284943573102,0.0674492910037854,0.051121646672089044,0.05164120873607682,0.9950730405075286,0.05731569031361406,0.024222402628776365,0.04990592619656273,0.9968137164913143,52.32760117339935,51.783504306822785
20.948988,1786095406.235,-0.07125800848007202,0.10319175571203232,0.3360000252723694,-0.06490876716025659,0.10799836754126166,0.32978054848332644,0.06405056366048448,0.019307019364245757,0.04640578818869617,0.9966801227678962,0.05936141728112851,0.02272991945234704,0.04884344364356327,0.9967817669445522,52.48883497400787,52.128657580670364
21.013958,1786095406.402,-0.07311365753412247,0.10237406194210052,0.34300002455711365,-0.06741839012305059,0.10723674406143395,0.33508204364060945,0.07708711280312257,0.060979434453588575,0.06962243104695907,0.9927193977698384,0.0667558019466415,0.03865744592589553,0.057505917693252376,0.99536040418092,52.61828376095213,52.40142249028074
21.07536,1786095406.435,-0.07183803617954254,0.09858028590679169,0.3440000116825104,-0.06760777697004663,0.10639518525219963,0.33611737615895965,0.06906238646100951,0.0526256767674083,0.06372714845648292,0.9941829688094078,0.06706398230522209,0.040518650033522265,0.0583354282266371,0.9952173828317312,51.309976150157866,51.955975855283256
21.1461,1786095406.502,-0.07204686850309372,0.09812065958976746,0.3450000286102295,-0.06790733644476453,0.105183252472755,0.33775195096027144,0.07123303279436058,0.04215527769959249,0.05931019991045471,0.9948020344709643,0.06789571746430689,0.04084518501767725,0.058529969559080665,0.995136214331632,50.96011346768708,51.37973914587478
21.200687,1786095406.569,-0.07316669821739197,0.09737444669008255,0.3450000286102295,-0.06835589563404897,0.10416964514635091,0.33874807503821347,0.06801163684399186,0.04698760570151609,0.0656999025187454,0.9944094252234675,0.06791731476519336,0.041965814338173785,0.05983813180480252,0.9950103048532365,51.3017910575899,51.34735500358532
21.35305,1786095406.669,-0.0746598169207573,0.0977475494146347,0.3450000286102295,-0.06922108027565856,0.10348234478847526,0.3395505456470754,0.06728325107894019,0.04408910484260276,0.06006421792593983,0.9949479406900502,0.06779481183305243,0.04237614445798596,0.05988184482924002,0.9949986384559748,50.8434260129841,51.059857921465735
21.420213,1786095406.802,-0.07593218237161636,0.09709219634532928,0.3440000116825104,-0.07029235401707515,0.102766142621551,0.33976801338908397,0.07236700095460692,0.04841849079408941,0.058977451121488216,0.994454788907606,0.06872518706588224,0.04360545179940206,0.05969816116202917,0.9948927292879378,51.053855698877136,51.0570971697521
21.479211,1786095406.835,-0.07630438357591629,0.09783624112606049,0.3440000116825104,-0.07056358654616812,0.10271703483218173,0.33981297557209544,0.06920126036275917,0.04373029365448194,0.05916934448697518,0.994885840513413,0.06875111560435217,0.04361225144672009,0.05966936187151376,0.9948923674854236,51.74422205787724,51.24881121064291
21.544156,1786095406.902,-0.07593218237161636,0.09783624112606049,0.3440000116825104,-0.07083995827953193,0.10264490741631624,0.3398787783050721,0.07526061385533306,0.0753697415890144,0.07035005305469623,0.9918195965447169,0.06994148406186312,0.049394123870682496,0.06161785685097775,0.9944202577639717,51.37297072361008,51.27518797058066
21.604736,1786095406.969,-0.07555998861789703,0.09746421873569489,0.3440000116825104,-0.07095490935506218,0.10251840450321963,0.33992708367612123,0.07431865953277599,0.04318540647890169,0.06652685761407615,0.9940754170225214,0.07067946114102018,0.04834820784733457,0.06244540134372227,0.9943678576974356,51.1440452315719,51.23894915563251
21.76265,1786095407.069,-0.07593218237161636,0.09709219634532928,0.3440000116825104,-0.07115617081500646,0.10229872211069727,0.33997571066565857,0.0684909375898185,0.03914499285586651,0.06674732888224093,0.9946463970122587,0.07022792277377995,0.04644718686262422,0.06333476309363849,0.9944342137513679,50.7837562268628,51.022328481476805
21.824485,1786095407.202,-0.07555998861789703,0.09634815901517868,0.3440000116825104,-0.07120469748956683,0.10188337651502491,0.3400181450820713,0.07922706236415106,0.05939484032447645,0.06611891897336647,0.992886506145476,0.07240474774183213,0.04957783327421548,0.06400921643200894,0.9940837043046405,50.9784275636546,51.00639585979197
21.891578,1786095407.269,-0.07630438357591629,0.09746421873569489,0.3440000116825104,-0.07136419910454382,0.10180296302892894,0.3400355950645841,0.07511708611231893,0.0529529966517521,0.0657830698339055,0.9935924673843002,0.07274414881227842,0.05000012605822895,0.06423120292186565,0.9940234548434702,51.418421001542285,51.15534276182983
21.973219,1786095407.336,-0.07630438357591629,0.09672016650438309,0.3440000116825104,-0.07147689656794601,0.10171189755608372,0.3400502927667338,0.07082036601243152,0.033900176292470156,0.06696747877221124,0.9946610531191508,0.07245975737949732,0.047610516013971205,0.06463857547772754,0.9941351401522823,51.142198432723795,51.1529966929525
22.046863,1786095407.403,-0.07577964663505554,0.0970013365149498,0.3450000286102295,-0.07150550172055178,0.1016978336020856,0.3402428253980263,0.06939071817908411,0.0443792522005351,0.05923931449836598,0.9948397427839701,0.07203352616019913,0.04716166993942093,0.06388853463248821,0.9942359896623971,51.10578161429839,51.14357936586248
22.202674,1786095407.536,-0.07593218237161636,0.09672016650438309,0.3440000116825104,-0.07154038696546224,0.10159437716242323,0.3403161218881202,0.07789510841914735,0.08455081854559139,0.06401955459941007,0.9913046997752673,0.07380658661024034,0.05840898733749639,0.06393760169366479,0.9935053905544828,51.70602247035985,51.454310239028885
22.259567,1786095407.636,-0.07593218237161636,0.09672016650438309,0.3440000116825104,-0.07156171514834618,0.10154128192555499,0.34035403817130233,0.06887305591614028,0.023599741433831808,0.06924984248781212,0.9949392010009666,0.07241827732327716,0.04855412151552074,0.0654509203137955,0.9940393691516761,51.53526256699003,51.480721315310795
22.318098,1786095407.703,-0.07555998861789703,0.09672016650438309,0.3440000116825104,-0.071621352003985,0.10151340282880585,0.3403740788442593,0.07207903233108862,0.04930438749743093,0.06621823384576225,0.9939762753597619,0.07236103279090264,0.04868074073488144,0.06558041798381335,0.994028810041241,51.88958203183487,51.63726965786128
22.389578,1786095407.769,-0.07593218237161636,0.09709219634532928,0.3440000116825104,-0.07165006767002954,0.10145583260144596,0.3403901656269908,0.06631371755670602,0.040592877236333584,0.06714258017846512,0.9947092957786531,0.07139067179972329,0.04738261045830574,0.06583168043232879,0.9941450850140517,51.890519437007896,51.72097136234465
22.454847,1786095407.803,-0.07593218237161636,0.09820825606584549,0.3440000116825104,-0.07166302245644629,0.10135978895590626,0.3403976571453659,0.0695239266699816,0.05419025844136645,0.06573254694605249,0.9939361507573964,0.07122024736548276,0.04800475168237634,0.06582275851366216,0.9941280524372929,52.117830512125416,51.82474114614503
22.659297,1786095407.97,-0.07534034550189972,0.09792277216911316,0.34300002455711365,-0.07179973976814714,0.10117333382936261,0.34057247274683505,0.06945261338076449,0.03629782644488802,0.07324370564341828,0.9942304370082317,0.07073057527498494,0.04475338619067242,0.06788566426201326,0.9941759686964091,51.21672301292897,51.47202578587127
22.730324,1786095408.103,-0.07534034550189972,0.09755183756351471,0.34300002455711365,-0.0718645799556503,0.10115328002380078,0.3406503530233492,0.0693292872801895,0.03518620932809234,0.060576900025777536,0.9951310565858185,0.07042965986970338,0.042693438671378064,0.06631240557726245,0.9943940859496337,51.75580176068389,51.59962636943084
22.7957,1786095408.17,-0.07682479918003082,0.09866465628147125,0.34300002455711365,-0.07211082436693805,0.1010483348478981,0.3406790728145794,0.06372579463767386,0.05146320898965263,0.06577822882211047,0.9944665835669444,0.06955103450110942,0.043843764911279115,0.06624281740943458,0.9944105123237034,51.42839864912201,51.553047239963796
22.854414,1786095408.237,-0.07534034550189972,0.09792277216911316,0.34300002455711365,-0.07218061982983692,0.10103592127696262,0.3407005311562492,0.07107729635521169,0.03847883897751026,0.06688680529137073,0.9944815494375401,0.06973810636607698,0.04318668174410307,0.066321812664969,0.9944208989181794,51.41186233684511,51.51716722905914
22.920234,1786095408.303,-0.0757114589214325,0.09792277216911316,0.34300002455711365,-0.07218878721584439,0.10102542085611159,0.34071675534166523,0.06893778331689737,0.04452151165386654,0.06660412818271236,0.9943989677893013,0.06965545274801598,0.043324555212515554,0.06635097942669803,0.9944187489922063,51.42845270977302,51.497612094471286
22.984929,1786095408.337,-0.0757114589214325,0.09792277216911316,0.34300002455711365,-0.0721929115307017,0.10102038854741846,0.3407240479754989,0.06828395973366876,0.03480690333093244,0.06727427965216258,0.9947863849193376,0.06956366669773044,0.04275360014277964,0.06641303764800875,0.9944457423010882,51.42756808463442,51.48904728593166
23.159079,1786095408.47,-0.07608257234096527,0.09792277216911316,0.34300002455711365,-0.07228847312499163,0.10100386133975958,0.34074374572842775,0.06613004860465896,0.04066745995336244,0.06701015302915617,0.9947274067620215,0.06895738541148956,0.04238524650000361,0.06651856621393056,0.9944966818573041,51.127174034937134,51.31597405678964
23.221961,1786095408.603,-0.07534034550189972,0.09755183756351471,0.34300002455711365,-0.07239222947171073,0.10092047949172261,0.34075866867321775,0.07002684210608474,0.05110095981849014,0.06684182251155486,0.9939904949513412,0.06913987352480501,0.043869619857009746,0.0665739754311821,0.9944159291452765,51.41331794528084,51.350729519789134
23.291422,1786095408.67,-0.0757114589214325,0.09792277216911316,0.34300002455711365,-0.07240849763638306,0.10089485873825796,0.34076533690126687,0.06856970489486547,0.04439568338734646,0.06626557312016594,0.9944526598517687,0.06909359492994743,0.04391232139857105,0.06654894425326538,0.9944189364587848,51.107875658143655,51.27582056541831
23.359598,1786095408.737,-0.0757114589214325,0.09866465628147125,0.34300002455711365,-0.07242195084773506,0.10082087968413396,0.34077140658119887,0.0702262474016327,0.06086706915147197,0.05817345758402965,0.9939714899842519,0.06923857081925601,0.04606278858331119,0.0654883876521129,0.9943819743446493,52.04926570166871,51.64661678564025
23.43778,1786095408.804,-0.07534034550189972,0.09866465628147125,0.34300002455711365,-0.07246373110070599,0.10076876369377213,0.3407770534552048,0.06890090871982357,0.03961731517977533,0.05966403153013298,0.9950494140780649,0.06919556213930628,0.04523639503364141,0.06474173083794466,0.9944717949910359,51.69336476021443,51.65946942663374
23.607883,1786095408.904,-0.07475066184997559,0.09800714254379272,0.34200000762939453,-0.07255826489325258,0.10072996259277837,0.34083753827802593,0.06554357305239308,0.06200731889215372,0.05166103259496746,0.9945804493084278,0.06843604898237231,0.048738245116465906,0.06201426432322137,0.9945327152402275,50.16502313429985,50.6611455526047
23.663865,1786095409.037,-0.0751953125,0.09678081423044205,0.33900001645088196,-0.0725784308722821,0.1004293881731904,0.34051709920090395,0.06599148532992553,0.15897583720587274,0.0396493053610453,0.9842762516859932,0.06740178146130682,0.10037009241104183,0.05165370365443479,0.991319695811609,48.94741207654253,49.33782441165772
23.730481,1786095409.104,-0.07607060670852661,0.09832299500703812,0.33800002932548523,-0.07269143175132815,0.10036448103386922,0.3402620894550251,0.05565344115989011,0.10782922150229758,0.04361979034033898,0.9916515856730811,0.0641512483353339,0.10243758756732911,0.049431022744886415,0.9914372052635501,49.24746253344496,49.2929906074809
23.790273,1786095409.171,-0.07643631845712662,0.09795746207237244,0.33800002932548523,-0.07282773486868395,0.1003420893072305,0.3400946096066246,0.061627410350709476,0.11641883575504504,0.035543846963063806,0.9906489549371016,0.06349124976878906,0.10611128497166299,0.04578782857833685,0.9912682437960678,48.284904488724855,48.66513678869275
23.858814,1786095409.237,-0.07657478749752045,0.09730319678783417,0.3370000123977661,-0.07294395681965662,0.10027929030208758,0.33983098610316204,0.0785769337478474,0.23494651349825976,0.03337916506780119,0.968251843590899,0.06304711624435666,0.10857640761173186,0.0433408663342127,0.9911396441212518,48.05826172114511,48.309110898095355
24.060121,1786095409.304,-0.07562048733234406,0.09628771990537643,0.3360000252723694,-0.07298674357303088,0.10007657422381726,0.3394689105945336,0.10577204820223206,0.3064172816737426,0.03405096260862657,0.9453894727868536,0.06273867317605514,0.11028508711553095,0.041643685087099445,0.9910433199110896,48.68227679304588,48.43275409097634
24.119721,1786095409.504,-0.07621017098426819,0.09657429158687592,0.3370000123977661,-0.07307710853778898,0.09989644877486709,0.33930396252071204,0.11221754419767324,0.2924900942666198,0.047707201347616225,0.9484623294942847,0.09490656718899791,0.22821895021129102,0.04573307772284257,0.9678932481791847,48.60837979154779,48.52610554122772
24.187167,1786095409.538,-0.07438705116510391,0.09548093378543854,0.3370000123977661,-0.07312535030309539,0.09975966656300973,0.339280662059108,0.1237586009721051,0.24664125460345257,0.06577341174777436,0.9589190573349348,0.097039664869182,0.23610662914731856,0.045985320048682846,0.965775498475079,48.3222748899438,48.47484802294468
24.242551,1786095409.604,-0.07424209266901016,0.095033198595047,0.33800002932548523,-0.07318698178127918,0.09948807356863638,0.33924777519655885,0.10719259380974379,0.14585245127106738,0.05722333910593432,0.981815817631865,0.10328356545107555,0.25924593751956354,0.046709365223524084,0.9591362177437214,48.07897278367509,48.30572946723968
24.302971,1786095409.671,-0.07497350126504898,0.09466767311096191,0.33800002932548523,-0.07321359896224601,0.09922474072923013,0.3392239657500062,0.11922499511965391,0.19995891178397174,0.058743593770823124,0.9707476625404652,0.10678555288771202,0.2722578072037223,0.047105942892087284,0.9551196586058388,47.700278081892655,48.011143751853524
24.378434,1786095409.738,-0.07438705116510391,0.09329421818256378,0.3370000123977661,-0.07325119572113487,0.09872300281929391,0.3391652331265103,0.11990304290004082,0.20100710281752499,0.05914602876143779,0.9704231820200746,0.10870657178867796,0.27940601229198614,0.04732052482880463,0.9528252355363863,48.040826855786385,48.01980916593889
24.576707,1786095409.871,-0.07475168257951736,0.09402313083410263,0.3370000123977661,-0.07327604085075848,0.09845635428444312,0.33909964992256103,0.12172349125814534,0.19796270078682535,0.0656482146215841,0.9704042831161209,0.11569266352646951,0.236587564070263,0.05705861929093655,0.9630087466363233,48.85359021193015,48.50059130125126
24.637731,1786095410.004,-0.07402243465185165,0.09365867078304291,0.3370000123977661,-0.07331346869635533,0.09820400667670481,0.3390606664432575,0.12013553275761796,0.18406653740782905,0.06001978634793172,0.973696353501688,0.11790773343725379,0.21098409810797342,0.05852768909552657,0.9685855596437478,48.74597960971567,48.6079870709213
24.702072,1786095410.071,-0.07475168257951736,0.09365867078304291,0.3370000123977661,-0.07333054990114334,0.09811354735850329,0.3390456710305831,0.12792561788801118,0.29765635780735483,0.04585930291097326,0.9449511380390788,0.11861314905631704,0.20259398755451907,0.05899848638019794,0.9702606740884374,48.41424198468633,48.55348074253866
24.759672,1786095410.138,-0.07438705116510391,0.09402313083410263,0.3370000123977661,-0.0733396646247817,0.09810186344053434,0.3390339105180537,0.12652982007373254,0.2610925170712503,0.04918680849490042,0.9557204403127484,0.11905446157268298,0.19728357584131884,0.05929378888111854,0.971282385551711,48.343979367785735,48.49327782817957
24.82375,1786095410.205,-0.07438705116510391,0.09402313083410263,0.3370000123977661,-0.07334668480849908,0.09809112588709765,0.33902441042041476,0.12648112170988884,0.29768459291212446,0.04540299941181109,0.9451587044714567,0.1193344476927728,0.19388926110217458,0.05948145517333885,0.9719198529269663,48.045176415857966,48.32106086410258
24.890449,1786095410.271,-0.07475168257951736,0.09511648118495941,0.3370000123977661,-0.07336371796890775,0.09796925434937015,0.3390165951931622,0.10909303241765649,0.1713594146904556,0.047557537745877544,0.977994346547266,0.11665054791300883,0.18797974883114446,0.05635053789500212,0.9735917422512984,47.54300760596294,47.94040061118133
25.097393,1786095410.338,-0.07497350126504898,0.09759193658828735,0.33800002932548523,-0.07339163609369563,0.09792783725860735,0.3389793355873933,0.09960382782556557,0.1498392240499048,0.03509027594108639,0.9830544018277909,0.1114244414443351,0.1762689929408727,0.04981092618586911,0.9767459790595169,47.63410559809514,47.81840998133851
25.160305,1786095410.538,-0.07431352138519287,0.09890478104352951,0.3400000035762787,-0.07342013976789886,0.09812848687514006,0.3391450154113945,0.09723549855505226,0.10360005763400008,0.02509268379015598,0.9895365799702351,0.10372853438930413,0.13654830539184876,0.0362921152855652,0.984519087583456,48.7940336396488,48.475245626987764
25.225423,1786095410.605,-0.07284204661846161,0.10000786930322647,0.3400000035762787,-0.07338591596316262,0.09830340829262714,0.3391828558668551,0.09862959553126255,0.06091233838540564,0.014885969517508962,0.9931466648130503,0.10226999584021318,0.11398874339249691,0.029905860258446146,0.9877515142245263,49.06743988994479,48.73891259809206
25.287728,1786095410.672,-0.07173844426870346,0.09964016824960709,0.3400000035762787,-0.07325546241363651,0.0983780697984727,0.3392091229906509,0.1069906263213674,0.06641166695027753,0.013401048474119203,0.9919490451994201,0.10404735869524703,0.09641929753243741,0.023808005494330507,0.9896012556005959,49.20324069470208,48.93844829973549
25.351552,1786095410.705,-0.07231839001178741,0.09993323683738708,0.3410000205039978,-0.07323462420026712,0.09842429734740152,0.33927020037596367,0.10086250801726125,0.06276016973549096,0.007446456408996695,0.9928909637307558,0.10339300134569146,0.08938569309670115,0.020386289334522377,0.9904062218855056,49.49100620015021,49.11777605390294
25.538418,1786095410.772,-0.07158049196004868,0.09993323683738708,0.3410000205039978,-0.07314012503230416,0.09848844111338886,0.3393542544055679,0.11034213648623702,0.0717019960841724,0.019643384194060698,0.9911092644762244,0.10581134313856112,0.08324612482626234,0.020129044126690893,0.9906911042031061,49.94993146617229,49.56750692313756
25.594518,1786095410.972,-0.07158049196004868,0.0991956815123558,0.3410000205039978,-0.07301973544909109,0.09849586892339234,0.339463440397938,0.09621511177381438,0.02083601433332987,0.025510245299866785,0.9948154301968753,0.1005909299527776,0.048992388574136514,0.02309615483158038,0.9934524539730283,50.518945900818345,50.27504630329118
25.656541,1786095411.039,-0.07125809043645859,0.0997774749994278,0.34300002455711365,-0.0729645377466988,0.09852686573284428,0.33976090069911735,0.10255013504043015,0.009646582662804977,0.01968532669858699,0.9944862498591367,0.10121312737799446,0.036842764232767965,0.022046071389554094,0.9939378674275074,50.52915882747167,50.3844292482902
25.7246,1786095411.105,-0.07088697701692581,0.0990355983376503,0.34300002455711365,-0.07289079413652808,0.09853369582347007,0.3399573167065203,0.10016212766137891,-0.00096746977846613,0.0344387667062999,0.9943744684636279,0.10089442957336836,0.024756159231926072,0.026013462874376097,0.9942488352572668,49.967741367255265,50.277624483579
25.783379,1786095411.139,-0.07014475017786026,0.0982937142252922,0.34300002455711365,-0.07280505986085296,0.09852844380557121,0.34003900801334264,0.09866853620289033,-0.012375663093982678,0.036126630849445784,0.9943873638929805,0.10047834152937188,0.01762378728087255,0.027959803527783274,0.994390141942323,49.80284871166896,50.18076890535364
25.957324,1786095411.272,-0.06923266500234604,0.09895230829715729,0.3440000116825104,-0.07241447539013227,0.09853343109531144,0.3404567576312952,0.0965531537056626,-0.04853509578203119,0.025494457785387215,0.9938168169281243,0.09855922237543772,-0.015645137165733077,0.026735094338497006,0.9946489552090859,50.56747561958897,50.39112735991311
26.03132,1786095411.406,-0.06960485875606537,0.09969634562730789,0.3440000116825104,-0.07228658221446167,0.09858107586141208,0.3406774232259654,0.09601869853265922,-0.06968705593177746,0.02754859708863306,0.9925548844099774,0.09738961201228258,-0.041297561198703335,0.02713093695077142,0.9940189571488611,51.20263936264636,50.90829345117129
26.094968,1786095411.472,-0.06923266500234604,0.09858028590679169,0.3440000116825104,-0.07219498182401886,0.09858105301929493,0.3407544418220045,0.09859311832425603,-0.08397446935012698,0.02927193280295616,0.9911462250679478,0.09780201236926613,-0.05523286165149669,0.027835093994976474,0.9932820872806472,49.76727547066666,50.320088891144394
26.159108,1786095411.539,-0.06886046379804611,0.09746421873569489,0.3440000116825104,-0.07207733753551897,0.09851442166922193,0.34081050296052573,0.10060895304405075,-0.0844184014392344,0.029926416592357116,0.9908863616256735,0.09870645552835053,-0.06454607771976541,0.028504698697101524,0.9926118685771449,49.06820300025601,49.57439530785868
26.217847,1786095411.572,-0.06960485875606537,0.09783624112606049,0.3440000116825104,-0.07206984130805444,0.09850240915179578,0.3408337699809713,0.09480440989578875,-0.09113312995759203,0.030010164219150554,0.9908613760420695,0.09792487701364753,-0.06991463820988685,0.02881014393683004,0.9923168029576954,49.06820300025601,49.3809043121681
26.392552,1786095411.639,-0.06980720162391663,0.09812065958976746,0.3450000286102295,-0.0720419037655998,0.09849647142651147,0.3410259277046848,0.09419322868537995,-0.07003338429553106,0.02076821400713568,0.9928704054613029,0.09684676906411843,-0.06994953734861485,0.02648527763710801,0.992484909515022,49.373958279715325,49.378137865977905
26.45564,1786095411.806,-0.06980720162391663,0.09849375486373901,0.3450000286102295,-0.07200262317440237,0.09849643763535373,0.341256164753675,0.09331216079168575,-0.06572974116759256,0.020149667330224504,0.9932605059504326,0.09551845619275177,-0.06836334884795443,0.024103116536431848,0.9927848290712733,49.721492749221675,49.497755986670434
26.515402,1786095411.873,-0.06923266500234604,0.09820825606584549,0.3440000116825104,-0.07194851321072827,0.09849339839907907,0.34131904001616675,0.09529939216109207,-0.05570383944211435,0.026468243651150202,0.9935363809157454,0.09547860880926191,-0.06599149802266309,0.02454670769121931,0.9929382743101882,50.028834184906486,49.67462991413692
26.587637,1786095411.939,-0.06923266500234604,0.09783624112606049,0.3440000116825104,-0.07190974612732458,0.09847942008808407,0.3413636943738958,0.09356761190143015,-0.04213335948390595,0.025200946794255472,0.9944017268198686,0.09508741038294209,-0.06105432426993697,0.024683340257825565,0.9932882192940394,50.005597823875156,49.766992213069926
26.658084,1786095412.039,-0.0699770525097847,0.09858028590679169,0.3440000116825104,-0.07185766905742506,0.09848148762165376,0.3414076943780193,0.08827223933491983,-0.04887892773025293,0.02561388257339668,0.9945666348748361,0.09337775401854555,-0.05799798201796817,0.024917474851052463,0.9936276710032499,50.34118138982429,50.03709189072775
26.719644,1786095412.073,-0.06886046379804611,0.09858028590679169,0.3440000116825104,-0.0718021037141973,0.09848208182324794,0.34142044538496913,0.09056046961517146,-0.03946046689679841,0.02473324107656793,0.9948014574181195,0.09303514062910892,-0.055733075034681556,0.024895426191711086,0.9937899701194581,49.62171784544918,49.930810441255225
26.781992,1786095412.14,-0.06980720162391663,0.09886685758829117,0.3450000286102295,-0.07177720946367745,0.09848950930235364,0.3415380172918195,0.07699336283330842,-0.078146871837348,0.013109163312138614,0.9938778789866044,0.0891793701674969,-0.06113566987666306,0.02205893252702672,0.9938927876290421,50.00189778469172,49.94436553482289
26.959907,1786095412.206,-0.06868736445903778,0.09923996031284332,0.3450000286102295,-0.07166986820805665,0.09850999024951784,0.34162000024178746,0.0837300818134168,-0.05329761745165882,0.018562844109794908,0.9948889677708014,0.08801941322009234,-0.05946664404014263,0.02131443392772313,0.9941136736054557,50.02325246631643,49.95986416739676
27.033065,1786095412.406,-0.06906064599752426,0.09961307048797607,0.3450000286102295,-0.0716044744421755,0.09857953144381261,0.34173767211660433,0.08044539259007583,-0.021917101540585578,0.01562251828468516,0.9963955622108787,0.08490328362803096,-0.043949084566386944,0.01896446299882576,0.9952387952336469,50.7413759452009,50.47505971932603
27.104353,1786095412.473,-0.0701804831624031,0.09923996031284332,0.3450000286102295,-0.07155073867311748,0.09858124132240247,0.34176717882982377,0.055465418003246746,-0.017068704512782452,0.02152408374506715,0.9980826421448856,0.07764735497724563,-0.03731852480722469,0.01959929461765946,0.9960893953966884,52.54730473943237,51.89957563684564
27.166056,1786095412.54,-0.06960485875606537,0.09895230829715729,0.3440000116825104,-0.07153761213842841,0.09858581092968294,0.34184141795452794,0.050188765860348324,-0.009095875154360835,0.02844408756463409,0.9982931867538748,0.06990291334954468,-0.02935155130776533,0.022101273715622573,0.9968769246206979,51.91468914262511,51.90721191171591
27.33071,1786095412.607,-0.06980720162391663,0.09923996031284332,0.3450000286102295,-0.07151551317811186,0.09858940239032352,0.34189303188680314,0.04054387778475922,-0.013182074963483385,0.021370384045545494,0.9988622195075643,0.061306242884886605,-0.02461586978897165,0.021889639910881605,0.9975752839773264,50.97848043262977,51.59302539724631
27.403726,1786095412.773,-0.06943392753601074,0.09886685758829117,0.3450000286102295,-0.0714826779961743,0.09859617195628903,0.34196231715689773,0.03684883284751006,-0.00875138353049845,0.0281287153722066,0.9988865562092564,0.05085098091855089,-0.017832332581086935,0.024560863784644015,0.9982449346851158,52.44755831937009,52.20430689776048
27.465523,1786095412.84,-0.06926081329584122,0.09877923876047134,0.3460000157356262,-0.0714571549586508,0.09859816182545211,0.34213371171470597,0.0323562448438501,-0.027727909980245418,0.021695678811613228,0.9988561127352806,0.046545459789920196,-0.020137799236762146,0.023894525516952026,0.9984272837143245,51.371211290688365,51.87715811723196
27.531048,1786095412.907,-0.06926081329584122,0.09877923876047134,0.3460000157356262,-0.07143799230750832,0.09859966256078095,0.3422529465851383,0.032169825996956336,-0.03625521352119075,0.021971148236207664,0.9985829612170642,0.043171791963494084,-0.023923282269626936,0.023443894372930135,0.9985060123808666,51.52209432992483,51.77995217466025
27.715239,1786095412.974,-0.06888645887374878,0.09877923876047134,0.3460000157356262,-0.07138611357278044,0.0986008231202886,0.3423372531152649,0.03334730144274089,-0.06929580976220863,0.016345772092646687,0.9969046413627445,0.040356718203308356,-0.03697467739339745,0.021408271613815262,0.9982714532801296,52.52747593921114,52.15906506921151
27.787956,1786095413.174,-0.06888645887374878,0.09915342181921005,0.3460000157356262,-0.07131106537055742,0.09861516618784463,0.34245750716400497,0.03276683426562774,-0.09362803316151012,0.01706631649490533,0.9949215380218742,0.03656655031046012,-0.06540520215089951,0.019239332870172543,0.9970029563650769,55.16488391729076,54.75453824915228
27.850837,1786095413.207,-0.06926081329584122,0.09877923876047134,0.3460000157356262,-0.07129935546647145,0.09861619806413871,0.34247449040363415,0.03567475727708858,-0.09809250234162281,0.017651370204356368,0.9943810144041811,0.036413469587200493,-0.07112552497792549,0.018963181569563926,0.9966221032437503,51.52496548306036,52.93589885631578
27.92089,1786095413.274,-0.06888645887374878,0.09765668213367462,0.3460000157356262,-0.07127708573331268,0.09856923984915845,0.3425007575083463,0.04131439781149289,-0.08716090084130103,0.01780079672418033,0.995177988871333,0.03775883692843564,-0.07552608019411136,0.01864487387978036,0.9962542095882614,53.860174706175876,53.31338053346297
27.992404,1786095413.374,-0.06963518261909485,0.09728249907493591,0.3460000157356262,-0.07122488349295124,0.0984889807106913,0.3425288489502251,0.039994430743184484,-0.08119034731399626,0.02465534512978816,0.9955906221781583,0.03841178963968565,-0.07718029652627188,0.02039972899938197,0.9960680635888017,55.063123273660025,54.51841950408054
28.159581,1786095413.474,-0.06963518261909485,0.09728249907493591,0.3460000157356262,-0.07119160884287691,0.09844027743873487,0.34255017676904637,0.04590375527708675,-0.06722730502555742,0.024568059163745295,0.9963783142859888,0.04031828830144577,-0.0746496341003943,0.02146043817383905,0.9961632985361916,54.317415914003135,54.44496657485715
28.222378,1786095413.607,-0.06983643770217896,0.09718839824199677,0.34700000286102295,-0.07115353798760864,0.09839472214706362,0.3428162137637588,0.04693432051651444,-0.08252446251929964,0.018091316201985626,0.9953188368164412,0.042024346237699975,-0.0766805949173067,0.020592125448876945,0.9959568289117352,53.54156780624358,53.927997560288176
28.280268,1786095413.641,-0.06946098804473877,0.09793892502784729,0.34700000286102295,-0.07114651843510665,0.09838994349150001,0.3428722768995833,0.04674276893912405,-0.07868786738562247,0.01781537589593951,0.9956434831102411,0.042413362631739254,-0.07684616290096857,0.020363251233755895,0.995932282796806,53.543802404223975,53.8394823118648
28.345212,1786095413.708,-0.06908555328845978,0.09793892502784729,0.34700000286102295,-0.0711053628838562,0.09838313947266447,0.3429510654852767,0.046531344520919934,-0.08949836575101894,0.018320731486741484,0.9947307310537676,0.043063731499157765,-0.07884372546144285,0.020041170667772584,0.9957547556818367,53.56960412258115,53.75527939084877
28.409235,1786095413.774,-0.06946098804473877,0.09793892502784729,0.34700000286102295,-0.07110014961378999,0.098378187538657,0.343007588175259,0.04631432357023933,-0.10189955027843706,0.018901256536038444,0.9935362135255275,0.04367099466127413,-0.0831415091680846,0.019829676765040934,0.9953828999927327,53.264805435705235,53.560762684347026
28.601996,1786095413.874,-0.06983643770217896,0.09756365418434143,0.34700000286102295,-0.07107249027395406,0.09836791078548451,0.3430642079085728,0.04941078176916253,-0.0773294940913851,0.017951420400040524,0.9956186370765423,0.04491942637242511,-0.08187812942894754,0.019421350953449098,0.9954401178286576,53.25898641732176,53.43243626993353
28.677277,1786095414.041,-0.06983643770217896,0.09831419587135315,0.34700000286102295,-0.07104715981296135,0.09836556398941339,0.3431201153360413,0.04584816420898649,-0.10175150154827436,0.018698346749238752,0.9935768463486769,0.045190802359429155,-0.08764889327434705,0.019212329809871632,0.994940374732662,52.14471161166712,52.49617038787978
28.750097,1786095414.108,-0.06928464770317078,0.09784482419490814,0.34800001978874207,-0.0710156187860134,0.09836134846084403,0.3433164570164285,0.0492972742902861,-0.08161706007125812,0.018120582170503597,0.9952788949609426,0.0457432647532686,-0.08683789232276272,0.019065551173830173,0.9949890647364376,53.670495787504855,53.09102702489255
28.810342,1786095414.174,-0.06966117024421692,0.09709213674068451,0.34800001978874207,-0.07100925488637809,0.09831959446282498,0.34345198121902926,0.0464936981407263,-0.09184169596051349,0.01838884470807879,0.9945176163882659,0.04583505327740677,-0.08744962006936055,0.01898286552029789,0.994932843290149,53.10370861096679,53.093592740172
28.874453,1786095414.241,-0.07003769278526306,0.09746848791837692,0.34800001978874207,-0.07099206330822856,0.0983104056245428,0.3435494996876445,0.045487875806309114,-0.10091002890988543,0.011668455776860395,0.9937866301977599,0.04578549138965965,-0.0893984235706814,0.017924853901653836,0.9947815389591268,53.35748500475191,53.17914915575232
29.041825,1786095414.308,-0.07003769278526306,0.09784482419490814,0.34800001978874207,-0.07097953630681776,0.09830583428615759,0.34361977559800455,0.043613099234192744,-0.09389287540560065,0.0181474617175739,0.9944610073584916,0.04550194336020702,-0.08998531674114471,0.017953941614494484,0.994741107978324,53.3554047128874,53.22933166067254
29.103508,1786095414.475,-0.06946098804473877,0.09718839824199677,0.34700000286102295,-0.07093711778714698,0.09826494441067815,0.3437888030902812,0.04666780590341053,-0.08269702537925964,0.018002386064546204,0.9953186585117184,0.045760027824244556,-0.08837369127754185,0.01796474149532373,0.9948735490536033,47.79673248464098,48.327359156605354
29.16683,1786095414.541,-0.07021187245845795,0.0968131273984909,0.34700000286102295,-0.07092069379124519,0.09822947606530934,0.3438372330227302,0.04231772195592438,-0.08322214784369347,0.017979230771803564,0.9954697543258649,0.04540667327850003,-0.08784491808057729,0.017966261233977786,0.9949365396076619,46.246109042139366,46.65665155018162
29.234429,1786095414.608,-0.07021187245845795,0.09568732976913452,0.34700000286102295,-0.07090872396953292,0.09808461765977486,0.3438733859245894,0.04812586659598908,-0.08787016078805412,0.01884376263062109,0.9947902534792886,0.04566477891068895,-0.0878473448557653,0.01804955476778666,0.9949230048307833,45.524805944490566,45.76868679571006
29.293584,1786095414.675,-0.07021187245845795,0.09643786400556564,0.34700000286102295,-0.07089997696550328,0.09805995162913231,0.34390053999603987,0.04487089420337243,-0.0906113841112211,0.0185325415666838,0.9947023297579622,0.045594492613135196,-0.08809214327038621,0.018092331648508098,0.9949038064420604,44.79935260756234,45.024786771195735
29.352503,1786095414.742,-0.06983643770217896,0.09643786400556564,0.34700000286102295,-0.07089089039768669,0.09804178723735328,0.3439214404196741,0.047646915655858504,-0.08498960481503333,0.01850187325634619,0.995069956931609,0.04577222727106504,-0.08782355840107757,0.018127801909977866,0.9949187447215632,45.17069027747403,45.12267995915514
29.520332,1786095414.808,-0.07021187245845795,0.09718839824199677,0.34700000286102295,-0.07088325793644515,0.098022356017433,0.3439377777003457,0.04183244265690098,-0.0973772605101709,0.018479972233201025,0.9941962615616453,0.04536185621503723,-0.08881967662534274,0.018164595682009715,0.9948484379585691,44.57202281520291,44.753644941510444
29.591707,1786095414.975,-0.06966117024421692,0.09709213674068451,0.34800001978874207,-0.07084858090449558,0.09799943623128718,0.34418772487180554,0.044309767105372336,-0.09312527069255777,0.018402334150727003,0.9944977036651771,0.045167963233356305,-0.08961357788106153,0.018208451643434567,0.994785260267488,44.6714886157274,44.6941997845764
29.648904,1786095415.008,-0.06908555328845978,0.0968131273984909,0.34700000286102295,-0.07081846255246763,0.0979949662986604,0.34422311930522526,0.0478715590365843,-0.08524905395847951,0.018612976610502305,0.9950349088028458,0.04530085137966504,-0.08939915212675026,0.018228342116850565,0.9947981463628521,44.923854810761085,44.748551027604265
29.713015,1786095415.075,-0.06983643770217896,0.0968131273984909,0.34700000286102295,-0.07081191941915534,0.09798788530191838,0.34427445604043894,0.04210709608967398,-0.0938865930631321,0.01843031383339315,0.9945213037607066,0.04499257458687347,-0.08983250502654035,0.018247865424543194,0.9947727402176585,45.24638107572857,44.836916641267976
29.77997,1786095415.142,-0.06983643770217896,0.09756365418434143,0.34700000286102295,-0.07080673416859333,0.09797661742569301,0.3443117655760159,0.04710589486371814,-0.08692643124729423,0.018397259317430602,0.9949303347819408,0.04518659490773799,-0.08956578530871723,0.018261589161393893,0.9947877442469711,45.592050053690706,45.10041110461705
29.952013,1786095415.242,-0.06946098804473877,0.09718839824199677,0.34700000286102295,-0.07078244828674077,0.09797034126643883,0.3443487081029007,0.04742492398401663,-0.09609866822737781,0.019032637465563454,0.9940591940428594,0.04547998017840474,-0.09042195450852751,0.018362660530254066,0.9946950559061206,45.919476062783545,45.51186066181768
30.009534,1786095415.375,-0.06963518261909485,0.09765668213367462,0.3460000157356262,-0.07077645375628502,0.09795987899326217,0.3444555882185253,0.04522301574307049,-0.08477561100169999,0.02523880236164092,0.9950532535908521,0.04543771588287549,-0.08948829106477119,0.019500383834246907,0.9947597673649508,45.55470896770151,45.524865791996696
30.077099,1786095415.442,-0.06946098804473877,0.0968131273984909,0.34700000286102295,-0.07076475799510674,0.09793436252822407,0.34449634895372233,0.04772122718300862,-0.06588590201714606,0.01748943699051216,0.9965319121760675,0.045773794584019284,-0.08603448274002853,0.019206538703528585,0.9950547403937461,46.166812661264245,45.80491157289106
30.150514,1786095415.509,-0.06946098804473877,0.09718839824199677,0.34700000286102295,-0.07075577645389788,0.09793237748567643,0.3445262343127662,0.05019808394557464,-0.061853851798812885,0.017364016639582737,0.9966708304711158,0.04658915025691531,-0.0815936078440094,0.018868730927467114,0.9953973604699399,45.79775854635659,45.80342008069705
30.210704,1786095415.575,-0.06946098804473877,0.09756365418434143,0.34700000286102295,-0.07074877357499448,0.09792674802185762,0.3445483480596921,0.04765530016016079,-0.06978853165741788,0.017677304709520343,0.9962660518726678,0.04677682306536112,-0.07952174680798527,0.018659738348956297,0.995560161302805,46.521341231786124,46.145577657219405
30.36981,1786095415.642,-0.06926081329584122,0.09728249907493591,0.3460000157356262,-0.07073118686013108,0.09792483582100536,0.3445965847040293,0.048236505972293224,-0.06949960498625297,0.024716827120729486,0.9961084895007288,0.047029225395323476,-0.07779275252141267,0.019705356711450635,0.99566472194747,46.166812661264245,46.15145730164996
30.424008,1786095415.809,-0.06963518261909485,0.09803087264299393,0.3460000157356262,-0.07071249869718522,0.09793010960543756,0.34465636502487046,0.045565065508250145,-0.07119872860945123,0.02462090209742784,0.9961166483045726,0.04664096515664326,-0.07604326051664427,0.021010053665902296,0.9957914543438352,45.78523880090671,45.97511463153671
30.487121,1786095415.876,-0.06926081329584122,0.09728249907493591,0.3460000157356262,-0.07069439866939722,0.09791949100359332,0.3446738507013078,0.05317363711149339,-0.08381541193560321,0.025837411268619798,0.9947260774792911,0.047525403136562235,-0.07709566108434145,0.021663514086631037,0.9956547028242743,46.247847528856774,46.069235487992835
30.557032,1786095415.909,-0.06963518261909485,0.09765668213367462,0.3460000157356262,-0.07068931353039068,0.09791866049262657,0.3446811793935502,0.050249890804905155,-0.07541894383901565,0.018187144148251233,0.9957189157448166,0.047721651832641016,-0.07697496410044383,0.021413167644198938,0.9956600700538015,46.83304440142231,46.33978896869962
30.619324,1786095415.976,-0.06963518261909485,0.09765668213367462,0.3460000157356262,-0.0706814495802718,0.0979173174025117,0.3446923772452082,0.04684548526486999,-0.10108848098535228,0.019108803447056597,0.9935901937686354,0.04756928990119053,-0.08122794090317334,0.021007975631944217,0.9953380577646846,46.238570074428885,46.316865495639945
30.820306,1786095416.042,-0.06983643770217896,0.09718839824199677,0.34700000286102295,-0.0706703955724923,0.09790499157622264,0.34476914500518474,0.04707856319319881,-0.08832351001369651,0.018462822092184868,0.9948073635970519,0.04749146286661464,-0.08235621425026089,0.02060346052319919,0.9952575105688091,46.6128676041653,46.42893980184124
30.881803,1786095416.243,-0.06926081329584122,0.09765668213367462,0.3460000157356262,-0.07062716916524074,0.0979004099576319,0.34480837915827683,0.05260888472133079,-0.07609308834840862,0.018320024330638462,0.9955433309818834,0.048911223420990746,-0.08061958887936854,0.019970247733840943,0.9953438417541108,47.23284860536746,46.986211423918775
30.948381,1786095416.309,-0.06926081329584122,0.09803087264299393,0.3460000157356262,-0.07061639128366116,0.09790281169209791,0.34481812947447343,0.052548428502157754,-0.07944910743870678,0.018497856464712723,0.9952810313149535,0.049290288902049166,-0.0804976780302796,0.019816827879740106,0.9953380755223176,47.24087058079784,47.08096963289451
31.011308,1786095416.376,-0.07000953704118729,0.09765668213367462,0.3460000157356262,-0.07060113970071935,0.09790180219302412,0.3448257822768201,0.05227157954283376,-0.08087376913044252,0.01847615312741931,0.9951812634914029,0.04958052585376577,-0.0805343269602274,0.019686329472011814,0.9953232852038812,47.53879845943793,47.27911190433837
31.073933,1786095416.443,-0.06943392753601074,0.09737444669008255,0.3450000286102295,-0.07059317244485361,0.09789450618978711,0.34483287597140777,0.05360354889515703,-0.0795457064259544,0.025812145903541,0.995054206191248,0.04999854215516213,-0.08043183964606235,0.020322696419898735,0.9952978714755363,47.18951285493529,47.25982895064464
31.13689,1786095416.509,-0.06963518261909485,0.09765668213367462,0.3460000157356262,-0.0705873008334659,0.09789351934039942,0.3448453738575132,0.05358495674394176,-0.06870388898696377,0.02502979441009395,0.9958824917833455,0.05044305393188665,-0.07898052743561136,0.020905684457038245,0.9953795893795493,47.93374698882936,47.58584592522823
31.330863,1786095416.576,-0.06888645887374878,0.09765668213367462,0.3460000157356262,-0.0705424975044576,0.09789266970202144,0.34485494246604126,0.05519120048527782,-0.07898379716894073,0.018676238357963962,0.9951716883505911,0.0510003721541305,-0.0789810239076382,0.0206440647455529,0.9953566107146838,47.24087058079784,47.499468785384835
31.396173,1786095416.776,-0.07000953704118729,0.09765668213367462,0.3460000157356262,-0.07051621609881045,0.09789073608453777,0.34487136726062484,0.05105305254425639,-0.06486251605783261,0.02466047199382469,0.9962822396076338,0.05101505286777368,-0.07533163339134005,0.02168313072731005,0.9956166186004296,47.59781993006403,47.550747725240505
31.451472,1786095416.843,-0.06926081329584122,0.09765668213367462,0.3460000157356262,-0.07049252818006613,0.09789013581921727,0.3448759247901364,0.05144519559861515,-0.05821003742744225,0.024446974353985244,0.9966781470652659,0.05107510834265198,-0.07297888215627772,0.022063528460343193,0.9957804059022682,47.607196203517724,47.56468684465313
31.518322,1786095416.876,-0.06926081329584122,0.09765668213367462,0.3460000157356262,-0.07048272403166637,0.09788984972640255,0.3448779804107187,0.04824039156456909,-0.06943222941087257,0.024714699215531058,0.9961130527120999,0.0508652732338542,-0.0727163558281874,0.02225984332176595,0.9958059825835575,47.27132344729463,47.508483927482786
31.704074,1786095416.943,-0.06888645887374878,0.09765668213367462,0.3460000157356262,-0.07044223553641053,0.09788929686735995,0.3448816054440241,0.049942653600615394,-0.07586870530224256,0.018110186854656454,0.9957016079324065,0.050747511147488926,-0.07311910277019254,0.02172986370892879,0.9957942056196194,47.26046446191025,47.43623150696266
31.766345,1786095417.143,-0.06926081329584122,0.09765668213367462,0.3460000157356262,-0.07042854073924999,0.09788776185730455,0.3448902465037727,0.04892493275199886,-0.05205717255708845,0.02399809592168001,0.9971562029755958,0.05021737000070008,-0.06696863356040572,0.022393618684658202,0.9962388989150499,47.26046446191025,47.35328380631674
31.824476,1786095417.21,-0.06795922666788101,0.09718839824199677,0.34700000286102295,-0.07030682931712268,0.0978744162329392,0.3449707814190943,0.051842977217587134,-0.048863421617833504,0.02402384463185742,0.9971697581806815,0.05046387212298039,-0.06423661930776235,0.022640222569668685,0.9964007600721012,47.07618111099707,47.26800663450247
31.897232,1786095417.277,-0.06740202754735947,0.0967157855629921,0.34800001978874207,-0.07014796886908055,0.09783858898356668,0.34515775340965654,0.05067551247429039,-0.07506819433735241,0.018272163045476693,0.9957222939615428,0.05049678281311964,-0.06589857340923684,0.021970436294648045,0.9963055519654475,46.858996111066595,47.1182987401299
31.968935,1786095417.343,-0.06795922666788101,0.0968131273984909,0.34700000286102295,-0.0701042808979679,0.09781923077059732,0.3451752291656032,0.04575404257771104,-0.08767013436379006,0.025706769158056208,0.9947661419388409,0.049637929062438635,-0.06985248386466705,0.022649393913273887,0.9960641101112367,46.85828249159216,47.03595535518345
32.123646,1786095417.477,-0.06795922666788101,0.0968131273984909,0.34700000286102295,-0.07005324178836239,0.09779648320098637,0.34519772258897724,0.04761648104869374,-0.08255854075114563,0.018379759039779817,0.9952783241582329,0.049102757956570674,-0.07322322668289565,0.02151754683252102,0.9958736232140672,47.173418347708065,47.0870294980453
32.190151,1786095417.543,-0.0683346688747406,0.09643786400556564,0.34700000286102295,-0.0700381102317187,0.09776660667829708,0.34520660529289265,0.04764216421054127,-0.0819196814783064,0.018349857301932674,0.9953304339327855,0.04888827755186987,-0.07450227414381612,0.021051919122093664,0.9957992589707465,47.494992145129714,47.233938205574404
32.250631,1786095417.61,-0.06813773512840271,0.0969083234667778,0.3460000157356262,-0.07002946177439198,0.09776230475475622,0.345235117593439,0.048984236333454834,-0.06810636729278022,0.02504474906550749,0.9961600412931926,0.04890194619854437,-0.07360270457839642,0.021613734199766258,0.9958534470647183,47.02536766775347,47.175023315118935
32.309707,1786095417.677,-0.06776338070631027,0.09728249907493591,0.3460000157356262,-0.06998987977051134,0.09775377521749005,0.3452551226959647,0.05010616795879162,-0.07898440139129062,0.01836048659099018,0.9954464972069,0.0490605657669122,-0.07431123839080954,0.02118557945463263,0.9958022253231945,47.37167334219554,47.23159791484508
32.375236,1786095417.744,-0.06813773512840271,0.09728249907493591,0.3460000157356262,-0.06998064310712238,0.09774756177083979,0.34526938711049715,0.05050197481603358,-0.05772623356865426,0.017288036450781533,0.9969043867359269,0.049284409033137154,-0.07174793124213207,0.020583263358047103,0.9959917723848235,48.02490446037869,47.61903046124071
32.547914,1786095417.81,-0.06738901883363724,0.09765668213367462,0.3460000157356262,-0.0699109646376646,0.0977454582796183,0.34527961845611294,0.0478244705629533,-0.08145008132827206,0.025286157402878325,0.9952081764690179,0.04906238405420934,-0.07322648544676548,0.021299849433961023,0.9958800533769729,47.537635826887296,47.60138801687721
32.619299,1786095417.977,-0.06776338070631027,0.09765668213367462,0.3460000157356262,-0.06988400592017538,0.09774271034777818,0.34529389777745106,0.04987038516521748,-0.07731888754252757,0.01817944262608578,0.995592407654088,0.04925333084993895,-0.07419317145920536,0.020562952490182085,0.9958145649135174,47.75485734652133,47.67654632120656
32.692815,1786095418.044,-0.06888645887374878,0.09803087264299393,0.3460000157356262,-0.06984397445351949,0.09774934669421283,0.3452983415738214,0.04777589668043265,-0.06258819184494653,0.017374533506222322,0.996743852513474,0.049066585455679254,-0.07272376219323906,0.02015923998131437,0.9959404247481661,47.57790920161488,47.65667203561804
32.768914,1786095418.144,-0.06868736445903778,0.09812065958976746,0.3450000286102295,-0.06981041796763054,0.09775916951748351,0.34528265402449754,0.048191698805040276,-0.09315948408316992,0.011617996591562539,0.9944163578938353,0.048885343742293946,-0.07700704669148109,0.018371079522251837,0.9956619111747929,47.16180406643425,47.4283010293745
32.837658,1786095418.211,-0.06906064599752426,0.09849375486373901,0.3450000286102295,-0.06978956445081905,0.09777870869916909,0.34527527862666957,0.04577326323656087,-0.09745248477654415,0.011633823116318928,0.9941189444645203,0.04832883558152755,-0.08067707279681192,0.017163249859201053,0.9954199899693306,46.67874442728307,47.069953155233556
32.995709,1786095418.311,-0.06868736445903778,0.09886685758829117,0.3450000286102295,-0.06977937038581235,0.09782491981932614,0.34526836280078743,0.048544716758095185,-0.08483244139805063,0.011274049369089847,0.9951481111734806,0.04837353124924712,-0.08153377421143958,0.015949649050475648,0.9953682001312293,46.684276506263,46.88164047333144
33.060206,1786095418.444,-0.0683140903711319,0.09923996031284332,0.3450000286102295,-0.06974916956594454,0.09789917262405905,0.3452629529669619,0.048067316832989586,-0.08135083085242172,0.010987120348639554,0.9954651468326464,0.04831149014593269,-0.08149681406306897,0.014942669262486235,0.9953898662598294,47.433224613230415,47.16087368926176
33.124493,1786095418.478,-0.0683140903711319,0.09961307048797607,0.3450000286102295,-0.06974256874242103,0.09793295373147008,0.3452617693567576,0.04516384862220573,-0.08675005273634992,0.010965152616744559,0.9951454268376871,0.04809593024807135,-0.08185684770922459,0.01467019849974142,0.9953748154603167,47.452836091366194,47.218442956884346
33.186235,1786095418.544,-0.0683140903711319,0.09849375486373901,0.3450000286102295,-0.0697327116302747,0.09794242611166526,0.3452599982366411,0.046844234296942025,-0.07218079152499145,0.017591642271254444,0.9961355756974846,0.04793229174227243,-0.08059014270780408,0.015052882246773426,0.9954803539210274,47.45211162486476,47.28486234876331
33.243857,1786095418.611,-0.06868736445903778,0.09886685758829117,0.3450000286102295,-0.06971978699509805,0.09794721021455614,0.3452585786177874,0.045604583361715745,-0.09050538381211155,0.01125351159483542,0.9947875933857496,0.04761038728606577,-0.08196336042143021,0.01452701096770649,0.9953914930936679,47.10380644349947,47.23321716792647
33.308641,1786095418.678,-0.06868736445903778,0.09849375486373901,0.3450000286102295,-0.06971013862306942,0.09795465802821791,0.3452574235310857,0.04985386995516796,-0.0665837209143667,0.017593082772391976,0.996379286817151,0.04796085903255202,-0.0795675563111063,0.01500514803743556,0.995561954634624,47.433224613230415,47.28874832551779
33.464135,1786095418.811,-0.0683140903711319,0.09849375486373901,0.3450000286102295,-0.06968598370623352,0.09796358710976644,0.34525569649267485,0.051271173956572214,-0.0756792932240618,0.01102426302816477,0.9957521664163766,0.04867455474185821,-0.07872973851508709,0.014147136911496883,0.9956064857719817,47.0578687543622,47.18855816294466
33.525026,1786095418.911,-0.06868736445903778,0.09886685758829117,0.3450000286102295,-0.06967118618610751,0.09797727405161098,0.34525459387437035,0.04596426508586832,-0.0799187283966042,0.010824949915868763,0.9956822302551677,0.048275481569172184,-0.07890493426552227,0.013657909095474745,0.995618878259627,47.433959294337775,47.28144297701445
33.591455,1786095418.944,-0.06906064599752426,0.09849375486373901,0.3450000286102295,-0.06966374102735566,0.09798022275016843,0.34525424764666224,0.04453926248476696,-0.0685348475080221,0.017337637179027,0.9965032037637479,0.0480120726456255,-0.07817358261194714,0.013917607896059846,0.9956857094748001,46.714523579412365,47.11624241700262
33.660076,1786095419.011,-0.0683140903711319,0.0977475494146347,0.3450000286102295,-0.06964544696825976,0.09797200583156906,0.3452535961010634,0.050115367982702365,-0.06582272804973668,0.017646826317671088,0.9964157806282288,0.04831770327217699,-0.07638270304617431,0.014458745100909722,0.9958022027069275,47.12081308700935,47.11721920769399
33.73021,1786095419.111,-0.06794080883264542,0.09812065958976746,0.3450000286102295,-0.0695927376622224,0.09797444407718134,0.3452526947139258,0.05267532235089214,-0.07045900885093027,0.018061737747392066,0.9959591417907255,0.04910226213919913,-0.07531688661204446,0.015107312551726496,0.9958353797447378,46.824961526336345,46.993994412675185
33.788017,1786095419.145,-0.06868736445903778,0.09812065958976746,0.3450000286102295,-0.0695841971419367,0.09797515120818963,0.3452523950396725,0.0455683809335253,-0.06967219290531922,0.02461177333874128,0.9962246577996268,0.04880794021620697,-0.07484674805684988,0.015899656759123318,0.9958729588617755,46.85579754967726,46.970390622376016
33.953143,1786095419.245,-0.0683140903711319,0.0977475494146347,0.3450000286102295,-0.06957665980015329,0.09796893422578612,0.3452515506525335,0.04821690405283416,-0.06899848256011586,0.02475441823500176,0.9961433422684749,0.04869395476600358,-0.0737152686272822,0.017613951044414926,0.9959340875123508,47.199539143171414,47.0518670166481
34.023903,1786095419.378,-0.0683140903711319,0.09812065958976746,0.3450000286102295,-0.06956884582254726,0.0979700565846909,0.3452504651418037,0.05095931886095461,-0.06553695373577618,0.024754151059373418,0.9962405771306407,0.04918368868357228,-0.07194985358345717,0.01915612727535878,0.9960106556280444,46.82441322450989,46.95203904918483
34.089136,1786095419.445,-0.06868736445903778,0.09886685758829117,0.3450000286102295,-0.06955558384130206,0.09799705996662358,0.34524992530927323,0.04644617876602153,-0.08161397627403816,0.01794133847385668,0.9954195194632974,0.048831361271084596,-0.07319507638585918,0.01899976418511178,0.9959402531829865,46.85579754967726,46.92923921724554
34.163655,1786095419.545,-0.0683140903711319,0.09886685758829117,0.3450000286102295,-0.06954430311938434,0.09802212248934056,0.3452491300927764,0.049536189489929244,-0.06886808062137643,0.017613140890226486,0.9962394946348626,0.04894001137928619,-0.07252858085267255,0.018786173749778538,0.9959877308087364,47.07745206514769,46.97806260920377
34.242142,1786095419.612,-0.06886046379804611,0.09895230829715729,0.3440000116825104,-0.06953115532186126,0.0980383848212272,0.3452018287986576,0.04914143906735239,-0.07849978997267672,0.01804080379828251,0.9955387643577457,0.04896180953842112,-0.07317235889113136,0.01870586147159751,0.9959410815141808,47.03828893314466,46.99039629801035
34.426089,1786095419.745,-0.06906064599752426,0.09886685758829117,0.3450000286102295,-0.06951544085488268,0.09805163709889082,0.34519765867601243,0.04934684473678805,-0.06652145636219313,0.017406257027236798,0.9964119664949221,0.049028166816345364,-0.07202916504518611,0.018482492809556102,0.9960253188052333,47.03774257294214,47.005488594661664
34.485306,1786095419.845,-0.0683140903711319,0.09849375486373901,0.3450000286102295,-0.06948577792192337,0.09805845234792131,0.3451955169960854,0.052522400611791954,-0.06430124771828435,0.017642994558903075,0.9963912242281346,0.049514173364868026,-0.07095508918542115,0.018365860337712984,0.9960805274317626,47.0578687543622,47.019401628278345
34.551262,1786095419.912,-0.06886046379804611,0.09820825606584549,0.3440000116825104,-0.06947836918983014,0.09806119278550417,0.3451543644389163,0.0494021497014848,-0.07829252622906059,0.018124909007842686,0.9955406549282663,0.049502652792015475,-0.07171804101733785,0.01834085829389043,0.9960269187508097,47.412889836072665,47.16118949427968
34.630595,1786095419.979,-0.06868736445903778,0.09886685758829117,0.3450000286102295,-0.06947630433292105,0.09807309231445194,0.3451519747554955,0.052430695084295195,-0.07037310447271419,0.017964386034689892,0.9959798839405577,0.04978377168340674,-0.07158895792842426,0.018304724791738017,0.9960228582868946,47.393318008841234,47.23218212947295
34.710628,1786095420.079,-0.06868736445903778,0.09849375486373901,0.3450000286102295,-0.06947346552911472,0.09807701858552184,0.3451496366911659,0.04971480705105279,-0.05941291791800441,0.01714271709388802,0.9968473656458064,0.04977368607122928,-0.06972326761905404,0.01812678647360444,0.9961589560604999,47.05732262149168,47.17308026693179
34.886052,1786095420.179,-0.0683140903711319,0.09961307048797607,0.3450000286102295,-0.06944967154472721,0.09815510748379636,0.3451480367478889,0.04902089464545779,-0.06884857494789431,0.017428731445929987,0.9962695744305297,0.04968009601829375,-0.06961452349905413,0.018039998675412835,0.9961728086157561,47.850919202631445,47.53646031864372
34.959218,1786095420.312,-0.06906064599752426,0.09923996031284332,0.3450000286102295,-0.06943688637637346,0.09817571544463069,0.345146609891835,0.049375959487929326,-0.06493684984360801,0.01732828802029994,0.9965164075876124,0.049636395128053984,-0.0689414293198517,0.017937597388970963,0.9962236446711846,47.0578687543622,47.30426086307745
35.029115,1786095420.412,-0.06868736445903778,0.09849375486373901,0.3450000286102295,-0.0694313213424073,0.09818567055548869,0.3451457780939,0.04921120723972842,-0.08752204544967096,0.018538928542205135,0.9947735706032913,0.0495689814669905,-0.0719400554821563,0.018035012598083325,0.9960131940964118,47.545265940507136,47.40032526867901
35.095347,1786095420.479,-0.06868736445903778,0.09886685758829117,0.3450000286102295,-0.06942824622296753,0.09818719333723618,0.3451452966025589,0.05225727411320721,-0.06454332077203194,0.017563866881858892,0.9963909110515471,0.04988373827662988,-0.0710746847081852,0.01797993485788246,0.9960606024693914,47.80225246676728,47.55323462327718
35.158421,1786095420.512,-0.06906064599752426,0.09886685758829117,0.3450000286102295,-0.06942523545691573,0.098187934755739,0.3451450746539068,0.04635843343366336,-0.08727750049786812,0.018206666684316496,0.9949382145865479,0.04958284390399482,-0.07246088336986468,0.017999515900719337,0.9959753909605351,47.195841095835654,47.47809478930731
35.327765,1786095420.579,-0.0683140903711319,0.09812065958976746,0.3450000286102295,-0.06940389661384526,0.09818598760109101,0.3451446682255344,0.04916870061125052,-0.08890281240929802,0.018605320364598527,0.994651984806771,0.04951262711749627,-0.07528816271120978,0.01810398470555305,0.9957672609848524,47.19493822571752,47.39108878777101
35.392893,1786095420.746,-0.0683140903711319,0.09886685758829117,0.3450000286102295,-0.06937576039697496,0.09819905431479653,0.3451437906962477,0.049657908893179954,-0.07675025250629061,0.01810042808413138,0.9956484647342899,0.04954749157651012,-0.07563894858336213,0.018103135020881386,0.9957389577786413,47.18905964964237,47.30021141122083
35.448772,1786095420.813,-0.06776338070631027,0.09765668213367462,0.3460000157356262,-0.0693309158476057,0.09817663649220366,0.34517638603882633,0.047518549424831344,-0.059946810597876383,0.017152368157161636,0.9969223458355738,0.04926722734418658,-0.07346670738779669,0.01797172546804271,0.9959178682497434,47.005461071148765,47.20678272682988
35.517155,1786095420.879,-0.06664029508829117,0.09803087264299393,0.3460000157356262,-0.06917407899812317,0.09817422164890387,0.34519894794238887,0.047940183858818375,-0.08524323324101549,0.02560237259159228,0.9948768006521621,0.04906909040187469,-0.07523152110044774,0.019114866697639874,0.9957746052552138,47.143415019817354,47.19383156944603
35.577865,1786095420.946,-0.06738901883363724,0.09765668213367462,0.3460000157356262,-0.06914429193866423,0.09816081715959521,0.34521522812973654,0.04248450582176976,-0.09157743001793604,0.02543405785433125,0.994566111315609,0.0479357760413338,-0.07804986357162605,0.020204164051067192,0.9955913679450838,47.598729802657374,47.34548919094219
35.651788,1786095421.013,-0.06756753474473953,0.0977475494146347,0.3450000286102295,-0.06913501220556906,0.09815432801226173,0.34520973068451133,0.045590715812541704,-0.08537246146839275,0.02559387184086314,0.994976373176128,0.047555041916992016,-0.07924010182258671,0.021079999840924683,0.9954974424166673,46.615920961095824,47.00988068979429
35.810981,1786095421.113,-0.06791806221008301,0.09718089550733566,0.34300002455711365,-0.06911509192476464,0.0981139174690244,0.34496907096776586,0.04738452293355363,-0.056039513452967094,0.017003513283223005,0.9971585432890506,0.04751645959912174,-0.07366514915131832,0.02010081075591044,0.9959475835979694,46.85817071054564,46.952493789920055
35.870825,1786095421.246,-0.06604624539613724,0.0973517894744873,0.3410000205039978,-0.06883236213823149,0.09809641397473332,0.34429419405159933,0.04734542569422129,-0.024898538750189315,0.015436438352924138,0.9984488919343416,0.04746896676746101,-0.056414487427015034,0.018454432990377884,0.9971075853213537,46.94920570712844,46.95139655008165
35.934411,1786095421.313,-0.06033452972769737,0.09412472695112228,0.3400000035762787,-0.06713693625777782,0.0976423069259065,0.3438669621337998,0.03963471062384704,-0.041807446436911894,0.022921771100485423,0.998076058998414,0.04580076270725084,-0.05330331051060714,0.019406823531716536,0.9973386698732045,46.69031901621531,46.86662018630978
35.99655,1786095421.38,-0.057391587644815445,0.09302164614200592,0.3400000035762787,-0.064972055891824,0.09710155228793896,0.34358591553324186,0.04355739431581149,-0.006128694606070508,0.007448342855183258,0.9990043616979629,0.04518839889528739,-0.04020929746842089,0.016088975721040347,0.9980392606819755,47.866250968761136,47.39353997120165
36.067806,1786095421.446,-0.05502207204699516,0.09274805337190628,0.33900001645088196,-0.0627547197312275,0.09669509998524671,0.3431994913680707,0.03842158521816159,-0.019719919798030453,-0.0064353294374000555,0.9990462917640578,0.04327706502266448,-0.034412378978721174,0.009713550243237442,0.9984230219489739,48.58944260580726,48.11164226603904
36.273115,1786095421.58,-0.05183563753962517,0.09165368229150772,0.33500000834465027,-0.05911004604824974,0.09593226374621328,0.34115063712587973,0.03426350827751796,0.016544669363640182,0.013961106028417988,0.9991783491622642,0.03936295757024409,-0.01221471884586983,0.011568022533752465,0.9990833494105977,48.00426124504468,48.05771864688727
36.344368,1786095421.713,-0.046121757477521896,0.09218686819076538,0.3330000042915344,-0.054241063600424286,0.09569444244034157,0.3392869887389264,0.027092571515869728,-0.004953557048900202,0.007364424908568773,0.9995935274335198,0.03505827644920727,-0.00966708824474516,0.010093273502510337,0.9992875414450452,47.53164895789348,47.82786683179087
36.420499,1786095421.78,-0.03927616775035858,0.09254699945449829,0.3330000042915344,-0.049469735424195894,0.0956594173085535,0.338685915438635,0.021549109391656336,-0.01379743367519839,0.007493584447638964,0.9996444932577437,0.0322916347304721,-0.010513314825626126,0.009560920321355271,0.9993774608927398,46.793656299299855,47.30455160896547
36.492666,1786095421.88,-0.03356660157442093,0.08957196027040482,0.33000001311302185,-0.042882422781063884,0.09483889973186052,0.3369846123942124,0.019313059273834206,-0.030595573676930755,0.00808989943165521,0.9993124987410347,0.028743129335359534,-0.016007505370123822,0.009159061262639174,0.9994166818122576,44.838134035714475,45.394799928115184
36.672157,1786095421.98,-0.02555570937693119,0.08831965178251266,0.328000009059906,-0.0350554434957316,0.09395129928163529,0.335200473559899,0.029702239132427786,0.02674507106160519,0.022096389034378636,0.9989565695044361,0.029057083655498844,-0.0022951040824486686,0.013311607769714568,0.999486477890158,48.09624968207904,47.28980694857759
36.749547,1786095422.113,-0.018458019942045212,0.08761022239923477,0.328000009059906,-0.026736476423115146,0.09309235965172785,0.3340947223052652,0.03886796164545776,0.07507096255300466,0.027160119311235225,0.9960501794879071,0.03354429120239432,0.03290931567614228,0.019623897685822046,0.9987024882862129,48.876540331584295,48.48071760860774
36.819975,1786095422.18,-0.0092310244217515,0.08796494454145432,0.328000009059906,-0.019526008395156728,0.09288114274481021,0.33372305056271023,0.007357361224407122,0.01803825475207024,0.04402718817732826,0.9988403762876784,0.02539129332201143,0.02828161636035222,0.027229779911448638,0.9989063877488497,47.426920518425845,48.06902175196019
36.886628,1786095422.247,-0.0032077389769256115,0.08752153068780899,0.3290000259876251,-0.012707513550403674,0.09263875784923456,0.3336804712059359,0.007788851304370364,-0.0227286700580557,0.0075415485141189014,0.999682882917758,0.019190623067048863,0.010295560051672233,0.020293924379066245,0.9995568408363866,47.79120116658129,48.014092388243306
36.945122,1786095422.314,0.0024801623076200485,0.08761022239923477,0.328000009059906,-0.006362781526879899,0.09248919054460703,0.3334397356091726,0.012380889693959876,-0.033497643230513026,0.014970878834506492,0.9992499658520434,0.01674416207760275,-0.005463531696618175,0.018382785196684247,0.9996758755047215,47.98686340633537,48.00606721232894
37.090761,1786095422.414,0.007093660533428192,0.08761022239923477,0.328000009059906,-5.420177240204275e-05,0.09235025292412699,0.3332215929160173,0.012850159610454864,0.017021534240172727,0.014255977723857524,0.9996708997811397,0.01520849699429651,0.00340969084344386,0.016755350518909813,0.9997381326410006,47.7752597061677,47.94244347860392
37.168591,1786095422.514,0.01525600254535675,0.08761022239923477,0.328000009059906,0.007360164796734768,0.09226089800753932,0.3330849662781181,0.01275029106604037,0.034650575662279616,-0.0004421064181857426,0.9993180535875047,0.014290779615586367,0.015102229563194548,0.010321639922115938,0.9997305437114129,50.72635802354136,50.15245341246934
37.244003,1786095422.614,0.024837883189320564,0.08512719720602036,0.328000009059906,0.0162809414239039,0.09142119528322351,0.3329964629953003,0.01561282775177083,0.04195174329029275,-0.0006556426709186272,0.9989974279131988,0.014751448794998557,0.024431657438387384,0.00650893019180064,0.9995714695313287,51.78370103543304,51.44156990804438
37.421473,1786095422.68,0.03335510939359665,0.08619134873151779,0.328000009059906,0.023873238941873015,0.09130036529486016,0.3329525263144314,-0.0005682778349884916,0.02310563662562931,0.007248599719430409,0.9997065891643078,0.011062490085915604,0.024112856040514757,0.006687197554256615,0.999625666374938,50.04579910376728,51.1915688238325
37.489854,1786095422.847,0.04118092730641365,0.08733765035867691,0.33100003004074097,0.0342436603324488,0.09110319513331556,0.3326409440231514,0.004457811491291964,0.07721674957928684,0.01396677460785106,0.9969065305775517,0.00814352424270818,0.04762314521776444,0.009911250502147168,0.9987830025415729,52.01116271362656,51.83676183982287
37.552399,1786095422.914,0.055148009210824966,0.08733765035867691,0.33100003004074097,0.0443873741553638,0.09104605816372556,0.33255652680328857,-0.005078218708362157,0.006547918699993815,3.325290491228517e-05,0.9999656670854719,0.00719115489791148,0.05527983304408589,0.010960822371091606,0.9983848394896637,50.31418108111065,51.11828311172465
37.617199,1786095422.981,0.06051996722817421,0.08733765035867691,0.33100003004074097,0.05186518471983742,0.09100401811058878,0.3324984030607475,-0.0025521916698634964,-0.0008132663176790132,-2.075618967749428e-06,0.9999964124491991,0.006496205808706617,0.06086262338181689,0.011725976520951021,0.9980561316177584,50.604570367101,50.96611288736838
37.680875,1786095423.047,0.06589192152023315,0.08733765035867691,0.33100003004074097,0.05809978767880469,0.09097278478498427,0.3324581319332187,-0.011699138760987778,-0.013516084664895796,0.006935865457759474,0.9998161527890688,0.006012675832931316,0.06474484725695236,0.012257993511488752,0.9978084455836572,49.61885909194269,50.214568595052114
37.872171,1786095423.214,0.07212506979703903,0.08875536918640137,0.33500000834465027,0.06626083792577414,0.09076296009996827,0.333035894194143,-0.017657696219930553,0.046400607047682806,0.0008203397147803203,0.9987664974720385,-0.003262183558331364,0.05756431272103658,0.0077774768663700705,0.9983061749348139,53.290112384464244,52.78826487412106
37.941981,1786095423.314,0.07961117476224899,0.08938369154930115,0.3360000252723694,0.0724947385105405,0.09067258990287173,0.3334400561320179,-0.0283165219313422,-0.030406630970121848,-0.0008617545359172995,0.9991360611838002,-0.013653129651549075,0.021150354501090644,0.004203604523351259,0.9996742390720126,50.58162925876854,51.341361687133116
38.011256,1786095423.381,0.08276508748531342,0.08964970707893372,0.3370000123977661,0.07605715601920318,0.0906298680707675,0.3337994552010969,-0.021148036619427806,-0.06980063794853952,-0.008668689739519895,0.9972990952103186,-0.01569884010204111,-0.003517295726219149,0.0007134096890536519,0.9998703246405707,49.278872677440525,49.92891672612666
38.085618,1786095423.448,0.08240046352148056,0.08928525447845459,0.3370000123977661,0.07773896940621458,0.09060644455894892,0.33403556867645945,-0.020886489102973305,-0.09969278775577119,-0.009300243230074072,0.9947555519414283,-0.01716703762604992,-0.030463836541290694,-0.0020912006176179426,0.9993862488359084,49.442047610598856,49.64161622567764
38.266858,1786095423.581,0.0836230218410492,0.09024010598659515,0.34200000762939453,0.07959835100727508,0.09058066479933075,0.33620375933034563,-0.011562521774127534,-0.06640481249239805,-0.022089111932732414,0.9974812179194631,-0.014351243380503548,-0.04855147671855629,-0.012152132796876252,0.9986436409402346,48.44136835465757,48.72863664356837
38.334279,1786095423.715,0.08288295567035675,0.08987024426460266,0.34200000762939453,0.08017315272144102,0.09056531408257858,0.3371959577789369,-0.0013650578958940395,-0.061371971064447986,-0.021855173527243445,0.9978747261929723,-0.00895621563749492,-0.05388092707517379,-0.016184387276170192,0.9983760301146405,49.04889657740449,48.89331011720246
38.408725,1786095423.781,0.08323673158884048,0.09065859019756317,0.3450000286102295,0.08041962389146816,0.09056867133310131,0.3384033102970541,-0.00011582403417184978,-7.098179667650782e-05,-0.021657378710607158,0.9997654422382097,-0.006165909673512259,-0.03689660794093244,-0.017918895385830174,0.9991393972156752,51.600240086616246,50.788554292713755
38.471176,1786095423.848,0.08398328721523285,0.09103169292211533,0.3450000286102295,0.08071663164787837,0.09058698749309915,0.33916932814508105,-0.0013444971992332647,-0.06391013951380442,-0.021671442204411837,0.9977194169642025,-0.0046803704078805086,-0.04522568299511271,-0.01907696618340374,0.9987836608053356,50.12127186540315,50.61411108119801
38.667396,1786095423.915,0.08484558016061783,0.09080886840820312,0.34700000286102295,0.08108073197142043,0.09059161779844271,0.3402929888470258,-0.007255409556765522,-0.042103486393955294,-0.022089154135587524,0.9988426926874981,-0.005340558474829308,-0.04442533831227361,-0.01984926338652639,0.9988012187087225,49.900991755629825,50.44347736060356
38.740915,1786095424.115,0.08557911962270737,0.09121546149253845,0.3500000238418579,0.08177581836248621,0.09062700981788395,0.34323576641112963,-0.009370736863459402,-0.03865701543655835,-0.014622883614055721,0.9991015942950864,-0.006831949760398531,-0.04229120324253608,-0.01791545077875659,0.9989213258381082,50.77218282542,50.66315109918371
38.815154,1786095424.182,0.08368568122386932,0.09083694964647293,0.3500000238418579,0.08183322671655974,0.0906277417160068,0.34386846786329883,-0.017707748026543728,-0.042733224471241414,-0.015248753472415359,0.9988131870893857,-0.008589011761215695,-0.042362972284267573,-0.017484793649139276,0.9989123532358859,49.24687190630575,49.86177381727324
38.888643,1786095424.248,0.08179224282503128,0.09045843780040741,0.3500000238418579,0.081829776140771,0.09062491384269229,0.3442827388358471,-0.015094770210384,-0.04079296723569239,-0.015108793687280186,0.9989393405456203,-0.00954609004095708,-0.04213214553950239,-0.01713531964261243,0.9989194838914264,49.50314102585464,49.710172012423676
39.063415,1786095424.315,0.0789153054356575,0.08982254564762115,0.3490000069141388,0.08139907417066225,0.09059670913655307,0.34435318295912665,-0.0137272942461072,-0.04092775306807281,-0.0005623516191633341,0.9990676474504296,-0.010241675380390747,-0.04193269635797169,-0.014379358881441408,0.9989644593776655,49.3932634947969,49.58103222440537
39.122896,1786095424.482,0.07702728360891342,0.09057740867137909,0.3490000069141388,0.0803018361661846,0.09059647906339051,0.3444493155117241,-0.005482870070288001,-0.07111268527505568,-0.0003908971731399177,0.9974531424223212,-0.008641545952061536,-0.05175688800109378,-0.00967391173899898,0.99857546718296,51.22183479026167,50.79955116137109
39.190447,1786095424.548,0.07551685720682144,0.09095484018325806,0.3490000069141388,0.07967823598962306,0.09060277441551452,0.3444787455187791,0.00549046822785852,-0.048137652852857996,0.00026460901410016766,0.9988255859350651,-0.006104367495689405,-0.05110824915156648,-0.007889690914418736,0.9986432978513469,49.88100283844928,50.39629636512099
39.262169,1786095424.615,0.07535455375909805,0.0919724777340889,0.3500000238418579,0.07923674341376098,0.09066959080903067,0.34470384974463547,0.010067616533500261,-0.04178148758054321,-0.006834929719297538,0.9990526683456801,-0.0029908376788420742,-0.04931389764896084,-0.007686825510888573,0.9987492713900781,50.566646553415964,50.4481570488927
39.328691,1786095424.682,0.07535455375909805,0.09083694964647293,0.3500000238418579,0.07894699484512228,0.09067121010272294,0.3448607761713331,0.004782527234669805,-0.0680579032199108,-0.006941405448959528,0.9976457618478375,-0.0014066092636205096,-0.05313586278996078,-0.00753515560670472,0.9985578716158262,49.9889761377778,50.27808779026927
39.527038,1786095424.782,0.07578515261411667,0.09135601669549942,0.35200002789497375,0.07878425687895342,0.09068548242350453,0.34566068049089976,0.004937520572755501,-0.08835676518263767,-0.006839805263435057,0.9960531712720019,0.0005101640786957051,-0.063785546733089,-0.00732606910902502,0.9979366074415665,49.58500710547233,49.90735056832449
39.582554,1786095424.949,0.07426174730062485,0.09135601669549942,0.35200002789497375,0.07821179262140288,0.09069865062657383,0.3462657234381529,0.011217231189118684,-0.062391183253972006,0.0007012669335672468,0.9979884880104114,0.004046077491290522,-0.06332634896341617,-0.00467526730706954,0.9979737194232651,48.39418749441526,48.7613338592786
39.646022,1786095425.015,0.07294497638940811,0.09161555022001266,0.3530000150203705,0.0777786947728143,0.09071288041416846,0.3466881139980667,0.010297427050727894,-0.06244153145150563,-0.0066781850121586436,0.9979731559471272,0.0049739579999419385,-0.06319519371103469,-0.004972567409985018,0.9979764029309475,48.73153656368352,48.74990591629904
39.71304,1786095425.082,0.07311919331550598,0.09135601669549942,0.35200002789497375,0.07752264426610989,0.09071430719143703,0.34674696379672243,0.011105084801654577,-0.04070493029872744,0.0004524346438518481,0.9991093939323245,0.006105223457055658,-0.05904899119168178,-0.003971995155103197,0.9982285139887921,49.682124314080895,49.163908487830255
39.775684,1786095425.149,0.07332691550254822,0.09199730306863785,0.3530000150203705,0.07738542056616458,0.09074689599880487,0.34702044439551494,0.015680548271612395,-0.03541566564952707,-0.006755347811466161,0.9992268092422504,0.008124854447823387,-0.05406830561935484,-0.004559181394023729,0.9984937751096249,49.65590210776734,49.34843932602398
39.973856,1786095425.216,0.07370884716510773,0.09276080876588821,0.3530000150203705,0.07734830063346362,0.09083801598465152,0.3472104012821067,0.02498069199039279,-0.024678403509147143,0.0006168641464357984,0.9993830901644003,0.012291372411626651,-0.046811011473119266,-0.0032805096530165506,0.9988227518561634,49.610175526167936,49.42868756994207
40.035326,1786095425.416,0.07350003719329834,0.09402073174715042,0.35200002789497375,0.07723041168770868,0.09126358545197995,0.34737524336316405,0.03321811231609155,-0.06719126825590056,0.0022382689940167655,0.9971844767324798,0.020999924167661936,-0.05529589936769015,-0.000984601596307494,0.9982486650418158,49.00137169418393,49.18039609918412
40.092559,1786095425.482,0.0712149366736412,0.09478206932544708,0.35200002789497375,0.07672283792487192,0.09147726622434314,0.3474161416748055,0.033443090357185394,-0.04619201235524501,0.001547323605557478,0.998371405585914,0.02337543661064986,-0.05355921754107949,-0.000501333404728302,0.9982909134337876,49.46609342056595,49.270189351724426
40.158144,1786095425.516,0.0712149366736412,0.09516274929046631,0.35200002789497375,0.07651453958303285,0.09160551802797888,0.3474342914848659,0.040463260761775234,-0.05417521245716421,-0.005084433468506381,0.9976983108234925,0.025514679699063375,-0.05363724011782208,-0.0010749975527284577,0.9982338864077189,48.800719835438315,49.14384466445182
40.222796,1786095425.583,0.07083407789468765,0.09516274929046631,0.35200002789497375,0.07614634843354925,0.09177691779591113,0.34746213768035467,0.03793480070083267,-0.05716015627588978,-0.005152004225370157,0.9976307554815887,0.028088432243907988,-0.05436797433529762,-0.0019197428317881868,0.9981239792371565,48.800282388779905,49.01863817939476
40.397767,1786095425.649,0.07027143985033035,0.09543309360742569,0.3530000150203705,0.0757640892200945,0.09193708969156644,0.3476550984681858,0.032857411314910476,-0.07779002390592885,-0.004835984633003853,0.9964164370156823,0.029141977907393632,-0.0595381012360732,-0.0025632240554128993,0.9977972687411456,49.182793055172866,49.057185913844805
40.472719,1786095425.849,0.06950757652521133,0.09505133330821991,0.3530000150203705,0.07494609923480428,0.09205198703215359,0.34791918844295544,0.026757411832327556,-0.04401601627004978,-0.006128281458150237,0.9986536313407764,0.028283965957878958,-0.05394906117540728,-0.003847381544071232,0.9981356189031829,48.67630027878031,48.836287812729346
40.531675,1786095425.916,0.06931067258119583,0.09592410176992416,0.35200002789497375,0.07471162770912307,0.09220858406879473,0.34803250275252373,0.019634859037042648,-0.05124443097765933,0.001007696183490521,0.9984925964436457,0.026943241033403054,-0.053530120682147575,-0.0030946974873832175,0.9981978815795154,49.46048741818201,49.10642445442167
40.596458,1786095425.949,0.06854896992444992,0.0963047668337822,0.35200002789497375,0.07450710434775852,0.09231077828703445,0.34807888715504,0.019634594033052472,-0.05150846930866213,0.0010128884769006342,0.9984790104772204,0.026296863107332563,-0.05335146381052479,-0.0027313857561392443,0.9982257439236075,48.008170215820265,48.669031886698825
40.653744,1786095426.016,0.06816811859607697,0.09592410176992416,0.35200002789497375,0.07412665891537443,0.09239205405624666,0.34814642339546187,0.021631020089012645,-0.05679407572129853,-0.006229402388475329,0.9981321187491938,0.025597542257440146,-0.053867658268320386,-0.0032557373075423383,0.9982146269203084,50.02361006465286,49.43177172823595
40.810198,1786095426.116,0.06664471328258514,0.09744678437709808,0.35200002789497375,0.07324484075939093,0.09283538831022212,0.3482118686459137,0.03389424349711093,-0.06529908439803274,-0.012342370658227091,0.9972135557246863,0.027348929638173782,-0.0562812068903664,-0.005173291017628449,0.9980269028731925,49.833983397458574,49.63992614127622
40.87639,1786095426.25,0.06437260657548904,0.09765013307332993,0.3500000238418579,0.07158796109126987,0.09320662117533657,0.348416708009009,0.035786666301206374,-0.06346941827827213,0.002277418326144502,0.9973393408585824,0.029345502806356418,-0.0579826447666904,-0.0034107460517276383,0.9978803641630957,49.733035120536634,49.68209473742752
40.935182,1786095426.316,0.06096441671252251,0.09840714931488037,0.3500000238418579,0.06977259253140589,0.09348976485578511,0.3484858314737439,0.04064468239205071,-0.042121465046776815,-0.005684395196456391,0.998269242051869,0.03116853819611963,-0.05542614543984488,-0.003777516912698583,0.9979690350879493,49.88827921995732,49.75008128387664
41.015146,1786095426.383,0.06020704656839371,0.09765013307332993,0.3500000238418579,0.06834060819325827,0.0935454910399985,0.348534538992658,0.04621719857127971,-0.05011108088535606,-0.0050756077952039185,0.9976608082581141,0.033775366408886696,-0.054506654927114984,-0.004002400775241082,0.9979339807725941,49.28153086420711,49.57961471925539
41.080483,1786095426.45,0.05982835590839386,0.09916418045759201,0.3500000238418579,0.06730427912510838,0.09389605374498022,0.3485689052603365,0.05041878762347678,-0.053257950026116704,-0.012071063243330364,0.9972340878879793,0.036876892214530804,-0.05427544491434781,-0.005505685058370023,0.9978296238997845,49.282328647805734,49.4853832337043
41.261403,1786095426.55,0.059070978313684464,0.09954269230365753,0.3500000238418579,0.06613819038510113,0.09431703855560111,0.3486013862722196,0.04670879000195218,-0.050081680296824284,-0.005134807245103949,0.9976390870398752,0.0390636532982561,-0.05334338157407503,-0.005423264522326963,0.9977971250886409,48.890383090451614,49.184685711107505
41.332081,1786095426.683,0.060512106865644455,0.09876613318920135,0.3540000021457672,0.06592696899144188,0.094386443282262,0.34956929548758253,0.05066354064100734,-0.05247154225369707,-0.012013951267344622,0.9972640612586926,0.04188829092388227,-0.05313201174977624,-0.007027857178960709,0.997683802431597,49.31356550048102,49.22823709084249
41.409782,1786095426.783,0.06012909114360809,0.09800045192241669,0.3540000021457672,0.06571581078498029,0.09450825559912561,0.3499797039273234,0.04248736643527693,-0.06485699882587646,-0.011944089269326602,0.9969181170628916,0.04200267656739862,-0.05536115002482751,-0.007962333554657103,0.9975507603493003,49.33189010941389,49.256731019007745
41.479553,1786095426.85,0.0588134340941906,0.09810537844896317,0.3530000150203705,0.06527981419884303,0.09455499322377123,0.35001412753858785,0.041164950248495764,-0.0669320585409264,-0.004665637634813089,0.9968970750463527,0.04188250835398316,-0.05702665731367175,-0.007488023068982197,0.9974656612435969,49.308778351080065,49.266102720228474
41.658634,1786095426.917,0.05898004025220871,0.09723478555679321,0.3540000021457672,0.06502663634663054,0.0946637453918747,0.35018928792787074,0.04589769311647112,-0.057776511967118346,-0.01228790227544967,0.997198216950456,0.042419159788401425,-0.057126992842493944,-0.008129455127868813,0.997432220018455,48.313353118046265,48.76054128192783
41.726454,1786095427.084,0.05826597660779953,0.09668544679880142,0.35200002789497375,0.06441449666308592,0.09482978998550265,0.3503243233091326,0.042451257330312346,-0.05590878232405612,0.0023792745116505126,0.9975301688986229,0.04242717270658216,-0.05683971184648194,-0.005646369305646938,0.9974654383421007,48.63907357819222,48.696376632053955
41.790623,1786095427.15,0.056903764605522156,0.09696011245250702,0.3530000150203705,0.0638671787124226,0.09486228017822165,0.3503712791421357,0.052157496152768705,-0.03429523855910335,-0.005613661643400714,0.9980340269801434,0.04397611366638191,-0.05325718274623148,-0.005641396180598214,0.9975960848769755,49.0654613194602,48.80803676149314
41.860729,1786095427.217,0.05636171996593475,0.0963047668337822,0.35200002789497375,0.06333086919058456,0.09491252025798701,0.3504157241260433,0.05622525640919622,-0.032459156758003496,0.001828885810299733,0.9978886605533567,0.04636208952366215,-0.04921239533033656,-0.004187905386626305,0.9977029408843714,48.72941703212434,48.78716205606577
42.043759,1786095427.317,0.05636171996593475,0.09706611931324005,0.35200002789497375,0.06286430822430462,0.09493154398612015,0.35045726500803176,0.056837301623336285,-0.04585450396652984,-0.0046877076623609475,0.9973188612510212,0.048774641223269945,-0.04843972694278135,-0.004303036373879795,0.997625235800105,48.13162717308521,48.43271169274514
42.119798,1786095427.484,0.05506229028105736,0.0967903584241867,0.35100001096725464,0.06187767232991648,0.09496492610148384,0.3505016094206816,0.05410463320040369,-0.05211765925314464,-0.004499322861178526,0.9971640759443824,0.05012512842214084,-0.04937168235923228,-0.004352780482659495,0.9975123867821155,48.963968188380186,48.71803764937918
42.175769,1786095427.551,0.05376935377717018,0.09613609313964844,0.3500000238418579,0.06121069469506935,0.09499919707550421,0.3504718944693558,0.05368143570507144,-0.030947909275341915,-0.0056371034364123655,0.9980624997649068,0.050664465603312,-0.04658462341195414,-0.004547243833940996,0.9976183174742793,49.685806528704155,49.216416013451884
42.23855,1786095427.617,0.052024129778146744,0.0952719897031784,0.35100001096725464,0.060173256686832814,0.09501303260685828,0.3504758889070026,0.0410063006983654,-0.025419525819168454,-0.013522988222248499,0.9987439410578192,0.048871818896851084,-0.04265314331036573,-0.00621566084223341,0.9978745513559073,49.67322263573293,49.41781071443495
42.420745,1786095427.684,0.050361163914203644,0.09462205320596695,0.3500000238418579,0.05886766073221314,0.09498986452085856,0.350456140667321,0.03198749576856147,-0.026104949867802287,-0.006567625564957579,0.9991257168151034,0.04535062016979319,-0.039201801070367935,-0.006289397404849585,0.9981818389067887,49.76628609890117,49.5627717618365
42.491865,1786095427.851,0.048943813890218735,0.09370499849319458,0.34800001978874207,0.05669341319792768,0.09483375151710377,0.35007438641525496,0.03227838246355898,-0.014487683290859978,0.007845412255351084,0.9993431155338708,0.04057659612266494,-0.030170819545971533,-0.0011224458532600795,0.9987201818379006,48.24551344321927,48.63748578758325
42.552526,1786095427.917,0.04442552849650383,0.094081349670887,0.34800001978874207,0.054275916003448596,0.09481512695492078,0.3499718141357845,0.0254909477192447,-0.012201332702358288,-0.006934170577227773,0.9995765385117176,0.03744447259460656,-0.026439071188733784,-0.0023298986411893633,0.9989461740049413,49.72816684621443,49.1986659789899
42.613065,1786095427.984,0.04291943460702896,0.094081349670887,0.34800001978874207,0.05213717855282842,0.09480161729472639,0.34990001928803577,0.021666871459937974,-0.04870622204146422,-0.013594263173162624,0.9984855765730244,0.033715980739654025,-0.03170738562003752,-0.004994130551580917,0.9989158788406256,49.6670064846155,49.40129375087942
42.679258,1786095428.051,0.041789863258600235,0.094081349670887,0.34800001978874207,0.05036999784479054,0.09479179654737976,0.34984967926143845,0.022830716892368656,-0.010169692436006196,-0.007053941606563165,0.9996627319400023,0.0310747138873412,-0.02647945886399291,-0.005494549640601906,0.9991511448921714,49.13051608786918,49.33545269244621
42.848252,1786095428.118,0.041413336992263794,0.09370499849319458,0.34800001978874207,0.04913736010566273,0.09476594892902963,0.3498138089133557,0.022868944323681573,-0.016722716745673605,-0.006904369199890361,0.999574755491612,0.02925066842233826,-0.024310501495172367,-0.005808090097622833,0.9992595578743881,49.7090893793298,49.48548993759489
42.916577,1786095428.284,0.040283769369125366,0.09295231103897095,0.34800001978874207,0.047262450426973905,0.09463083439461266,0.349766733249395,0.02042520785125851,-0.04664073328128116,-0.006381593567031579,0.998682496165204,0.026105725488834136,-0.03227436486338636,-0.006012967865793076,0.9991199631109428,48.34302385548411,48.705251737262806
42.997977,1786095428.351,0.0385114960372448,0.09321941435337067,0.3490000069141388,0.04616819679805293,0.09461197375875904,0.34974206288574844,0.01461400230688695,-0.01793045149298705,-0.00700751705189893,0.9997078696052158,0.023893954635099208,-0.029513634976621808,-0.006204603264245813,0.9992594894123829,49.12911526623667,48.84241541129838
43.067389,1786095428.418,0.0381338894367218,0.0928419828414917,0.3490000069141388,0.04533789128014851,0.09457014152855446,0.3497246567134618,0.017537462084751904,-0.032725385444250465,-0.0067371744852895215,0.999287794907506,0.022804567882711294,-0.030064220979133766,-0.0062959059693581355,0.999267959993027,49.2089710100387,48.96018324210812
43.129961,1786095428.485,0.037756286561489105,0.0928419828414917,0.3490000069141388,0.04467512225931431,0.0945401542667821,0.34971217414964295,0.016392880843415215,-0.014114197382339582,0.0002314265149510613,0.9997659772825209,0.021620970061257603,-0.02711916630848866,-0.005090528935976385,0.9993853966250931,49.80314284700427,49.37052155764866
43.299605,1786095428.551,0.037001073360443115,0.09208712726831436,0.3490000069141388,0.04400851266333278,0.09444419851617175,0.3497031648596962,0.011043775237754596,-0.04055228514478611,0.0004482464456737007,0.999116282658409,0.019601182505759967,-0.02968567442212059,-0.004032706420489623,0.9993589403499655,49.32801883361852,49.36112856921274
43.3668,1786095428.718,0.03748578205704689,0.09159396588802338,0.3500000238418579,0.043475677138367363,0.09422167656354875,0.34972587797352334,0.011909123033708294,-0.007370730503438025,-0.007241890206183734,0.9998756923471314,0.017043197323933668,-0.022263153695262283,-0.005100686174092376,0.9995938497275141,49.4892347371648,49.42102932111513
43.441962,1786095428.818,0.03710709512233734,0.0919724777340889,0.3500000238418579,0.0431592256873721,0.09419062291454708,0.34973429621681557,0.00642139609847975,-0.024721428772209845,-0.007093661153978327,0.9996485865558153,0.014842678569996574,-0.022772698995865634,-0.005513654560696685,0.999615275336815,49.03562087509237,49.25788397527901
43.497583,1786095428.885,0.03586825728416443,0.0917096957564354,0.3490000069141388,0.04267335598280386,0.0941491338529462,0.3497157734750434,0.008199634224125668,-0.005317631778616742,4.360471798409472e-05,0.9999522423043444,0.013698104756751569,-0.019764811026518708,-0.004555970795107415,0.9997004337806767,49.60462975443655,49.379777776897825
43.560418,1786095428.918,0.034735437482595444,0.09208712726831436,0.3490000069141388,0.04226843967229971,0.09414275629485215,0.34970817127338455,0.008244721454839376,-0.0033271771367527794,2.7432732972775713e-05,0.9999604760728685,0.013083004531514376,-0.017910424918032776,-0.00403888590611033,0.9997458372368055,49.49726044486452,49.39778560525826
43.730704,1786095429.052,0.03435783460736275,0.0917096957564354,0.3490000069141388,0.041284130244458345,0.09409193001609915,0.34969050154900877,0.010991657064930056,-0.009569794011349157,0.00010519906713874193,0.9998937900850787,0.012514196626567494,-0.015641618056379994,-0.002911573797621342,0.9997951077122706,49.46374556646562,49.42100821471122
43.799096,1786095429.152,0.032847411930561066,0.0917096957564354,0.3490000069141388,0.040250749917121534,0.09406603281141694,0.3496816805106461,0.013662864203398037,-0.011623086420341574,0.0001588302088429727,0.9998390894422909,0.012721866928430999,-0.014915216656109256,-0.0023565406859935895,0.9998050495621392,48.93519283727563,49.191047469884566
43.875232,1786095429.252,0.032092198729515076,0.09095484018325806,0.3490000069141388,0.0393535726110967,0.09393329882675297,0.34967549354328165,0.01599439736032754,0.016464436064837107,0.007019985647638885,0.999711869190145,0.013515412368177635,-0.007319672605714092,-8.671411433498386e-05,0.9998818672733922,49.91579586366441,49.577736366263856
43.946243,1786095429.319,0.03180546686053276,0.09121546149253845,0.3500000238418579,0.03886270543350314,0.09390124795958732,0.349686920816278,0.019228695115245352,0.0064736256334787575,-0.00012450500347566422,0.9997941457889352,0.014540677811852433,-0.0048450800652946446,-9.349575682876104e-05,0.9998825356743043,49.42366833875947,49.544287038723006
44.111855,1786095429.419,0.03180546686053276,0.09083694964647293,0.3500000238418579,0.03843218477889528,0.09381053974940917,0.34969741110970787,0.015154024217608173,-0.003171530571980535,0.014501163190873986,0.999774981288267,0.014681023792656924,-0.004462986363747864,0.0032394628880150263,0.9998770200246195,48.723492119887226,49.09252154120168
44.183679,1786095429.552,0.03227610886096954,0.08995770663022995,0.35100001096725464,0.03829937599102997,0.09354406420364093,0.3497985997716968,0.015991052275032232,0.003304185037338896,0.007227739554801034,0.9998405514827372,0.014985743875371771,-0.0026569345748385,0.004166870390918876,0.9998754949344003,48.73893240938279,48.91098640223787
44.245653,1786095429.619,0.03246001899242401,0.09123378992080688,0.3530000150203705,0.03828413979214201,0.0934882623446671,0.350102650043196,0.01902023724866888,-0.0027963662438779072,5.319738096228917e-05,0.9998151869625072,0.015485390436586423,-0.002674206163011518,0.0036574529807783906,0.9998698286987749,48.96408567342136,48.9208049074824
44.308605,1786095429.686,0.03187573328614235,0.09098286926746368,0.35500001907348633,0.038137015967033096,0.0934666511157183,0.3507374807972594,0.016484332890168533,-0.004658998367451994,7.68117508780887e-05,0.9998532665363119,0.01559846693370011,-0.002898852075006629,0.003252190702325937,0.999868845270019,49.604974676115425,49.22391833033964
44.489727,1786095429.786,0.031491633504629135,0.0905989482998848,0.35500001907348633,0.037872986839162265,0.0934222912891009,0.35125347481717667,0.015218608640588029,-0.0019054585241350913,0.014276466395559004,0.9997804487416795,0.015536628790478596,-0.0027368175732538887,0.005050680015312179,0.9998627974011137,48.70191258134524,48.9806571565415
44.558599,1786095429.919,0.03119516558945179,0.09046915173530579,0.35600000619888306,0.03756203049570678,0.09336236950912224,0.35190426699023414,0.021313025106283433,0.0006244951872514593,0.007083842758711357,0.9997475602062501,0.016575415088814594,-0.002132385231626094,0.0054163081329309274,0.9998456741688022,48.3134604464077,48.59402287420911
44.621047,1786095429.986,0.030809985473752022,0.0896991565823555,0.35600000619888306,0.03735090297295266,0.09323292046296311,0.35212496854865843,0.013107102060740663,-0.008694391187112124,0.007253316433460944,0.9998499891674605,0.016207550615583533,-0.002828473168731486,0.005611188629542023,0.9998489033872772,48.50868169491588,48.571010373803695
44.683605,1786095430.053,0.03158034384250641,0.08892915397882462,0.35600000619888306,0.037296313803018816,0.09300828566855401,0.35227653222943206,0.021798979827317985,0.003104287565534381,0.007187981843565354,0.9997317144085284,0.01683724529345434,-0.0021604074715829975,0.00578876726031842,0.9998391520560148,48.50950065942932,48.55604866415722
44.862269,1786095430.153,0.03158034384250641,0.08892915397882462,0.35600000619888306,0.03723990953516539,0.0928078002142871,0.35241465075354367,0.022463004651655308,-0.014604647956459873,0.0003281821118780685,0.9996409405264417,0.017821133420109648,-0.004336231049992825,0.004834111855643642,0.9998201016515276,48.328578532239256,48.46768952326188
44.933497,1786095430.286,0.03033934347331524,0.08983110636472702,0.35500001907348633,0.03678710026161534,0.09274771337920944,0.35250388623438106,0.018796932276751194,0.0010027328246090127,0.007177993989512977,0.9997970525392402,0.018000657139145754,-0.003354256157529391,0.005265230668020204,0.9998184848532263,49.08283328845079,48.811122203320615
45.008233,1786095430.353,0.031491633504629135,0.08983110636472702,0.35500001907348633,0.0366751993962008,0.09272477467185142,0.35253664269918505,0.01876040810601458,-0.0008272818011818326,0.0072123777218965155,0.9997976516776352,0.018072598914714706,-0.003115002916314484,0.00544958963691824,0.9998169731996394,48.39810744057417,48.66494641089304
45.074222,1786095430.453,0.03110753931105137,0.08983110636472702,0.35500001907348633,0.036653525230420335,0.09270044713398984,0.35256921744777003,0.013813527108899588,0.012910677656784088,-0.00017837388574897214,0.9998212185456015,0.01734834846435017,-0.00038844899916293507,0.004492161660205427,0.999839339292345,49.13452812657639,48.887079187332695
45.137259,1786095430.52,0.03178593888878822,0.08881238847970963,0.3540000021457672,0.03652555828321927,0.0925598640493908,0.3526297438342118,0.019072562476044906,-9.324200009538465e-05,0.007340902762269685,0.9997911480970221,0.01753527181310118,-0.00035644719880693437,0.00480098278711011,0.9998346552066062,49.04626900656887,48.93284402598563
45.323299,1786095430.62,0.03178593888878822,0.09034373611211777,0.3540000021457672,0.03640562988198177,0.0924645550240866,0.35268459681655734,0.016095707605569443,0.015230130330602637,0.006974314162430267,0.9997301287191221,0.01728346196079565,0.0023733895107518593,0.0051817080430996325,0.9998343857192731,49.496888433863056,49.220032535285334
45.385822,1786095430.753,0.032168954610824585,0.0895780548453331,0.3540000021457672,0.0362324346464582,0.09241436263830798,0.3527255272757106,0.013891299892559593,0.0026427415433616258,-3.671478612849851e-05,0.9999000181800451,0.01665477724319686,0.002423320716466345,0.004214491437738265,0.9998494806587669,48.59827534735475,48.88360966167956
45.446512,1786095430.82,0.031696151942014694,0.09047028422355652,0.3530000150203705,0.03620503124857,0.09235677001218391,0.3527384080986849,0.015967110648123527,0.009683365165547088,0.007044850348146006,0.9998008071111932,0.016579914805907908,0.0032142108046866696,0.004522832981478785,0.9998471479460016,49.301762295809795,49.039658600440404
45.507408,1786095430.886,0.031696151942014694,0.09047028422355652,0.3530000150203705,0.03618331437769262,0.0923164032259045,0.35274722849680046,0.015890857665111682,-0.0010093791628296516,0.007215204885819527,0.99984718963191,0.016508363138820665,0.002775516305430203,0.004802491228267552,0.999848341766749,48.920283160634504,49.012775902435564
45.571395,1786095430.953,0.031696151942014694,0.08970677107572556,0.3530000150203705,0.03616507600343106,0.09227432157570492,0.3527535265617932,0.015625162416570658,0.01619385717224021,0.014235864098096488,0.9996454138656974,0.016389148112200803,0.0045907355108181875,0.0060786731086587,0.9998366720144166,48.58215704909422,48.85389242779836
45.629925,1786095430.987,0.032078083604574203,0.09008853137493134,0.3530000150203705,0.03612986579244778,0.09226661206972754,0.3527561775270949,0.015959259971558597,-0.002597680030462304,0.007280421322316934,0.9998427624106648,0.0163553847148005,0.0040256374612405235,0.006173158544331373,0.9998390809262498,48.96338969667646,48.8690900344172
45.691204,1786095431.053,0.03160636126995087,0.09097534418106079,0.35200002789497375,0.03608955595234625,0.09221918289325834,0.3527185545945885,0.01511323511510733,-0.0017740208048628605,0.014318395125226011,0.9997816894380379,0.016178328000710073,0.0031985018184577194,0.007334889282155226,0.9998371020763518,47.86494177579242,48.33322248721058
45.867258,1786095431.153,0.03115740418434143,0.08968307077884674,0.34700000286102295,0.03593963982773344,0.0921399441942584,0.3514248084260796,0.01566383985060638,0.03201465264573288,0.014083295021947757,0.9992654136606713,0.016054136911571162,0.010227867663711032,0.008981616949509245,0.9997784684459105,47.432674010545746,47.76497476304955
45.938771,1786095431.32,0.027761342003941536,0.08823313564062119,0.3290000259876251,0.03432105684028499,0.09171432631194339,0.33834707530237285,0.023013652708644895,-0.07455945256255984,0.009298174557420415,0.9969076204806927,0.019298506519655347,-0.029112397455458783,0.009136632952423618,0.9993480664407166,46.38397600465886,46.70151408408113
46.000337,1786095431.387,0.014673967845737934,0.09186368435621262,0.3230000138282776,0.02728832940830666,0.09172842415977157,0.3324791947324275,0.02263966595838677,0.011569510173604006,0.014360162046888024,0.9995735979434544,0.02041396465373331,-0.04271245157894543,0.009186949191220806,0.9988365814745626,48.56942690038516,47.80610311301386
46.06432,1786095431.42,0.007934457622468472,0.09348592162132263,0.3190000057220459,0.022029860096139206,0.09185514711548862,0.32906635326582745,0.030559608400481716,0.036025839690967294,0.020680202966449446,0.9986694039642131,0.02093008312540693,-0.04901820057938777,0.009209707028691245,0.9985360929524623,47.99026684767193,47.84812875024716
46.230233,1786095431.487,0.003053775755688548,0.09473725408315659,0.3140000104904175,0.014116218935835218,0.09224889934864637,0.3230153841392176,0.03490928337901964,0.018844058590499337,0.02812225528516573,0.998816991318969,0.021588582472649605,-0.05707558235213536,0.009238258947901756,0.9980936657336313,48.314783804421324,48.05362232435148
46.293665,1786095431.654,,,,,,,,,,,,,,,,
46.356882,1786095431.72,-0.0231795571744442,0.10287414491176605,0.3150000274181366,-0.013791462785555847,0.09708448800732927,0.3192703755874277,0.07091453670748905,0.0031966280291669874,0.01381505181927499,0.9973815991866082,0.04968520346654667,-0.02280621698695112,0.011850658779202052,0.9984341835643102,48.61670288851794,48.43559041899488
46.420424,1786095431.787,-0.02854176051914692,0.1025475487112999,0.3140000104904175,-0.02035538856541105,0.09782776546613765,0.3183366112354718,0.0785867569539884,0.03865003580771926,0.004082724245022642,0.9961494003041189,0.05951093575253479,-0.0019801490836989354,0.009222992844950775,0.9981830813725736,47.12701630297492,47.691468972266435
46.59235,1786095431.921,-0.03132883086800575,0.10058805346488953,0.30800002813339233,-0.025930185858499967,0.09798490375873475,0.3145406622430268,0.08587822464802024,0.04494542977891024,0.01784942645713955,0.9951312661395201,0.07221840233497015,0.02059502530537605,0.013376606519263565,0.9970864624970515,48.61265145861521,48.22090561999954
46.658363,1786095432.021,-0.034653667360544205,0.09960828721523285,0.3050000071525574,-0.029320464098469327,0.09802436572402322,0.3117536557144856,0.0860335716756311,0.06710127553506696,0.015431883326072622,0.9939102073846064,0.07785635587630949,0.03951058055464073,0.014216114792146729,0.9960799184574063,50.295126324201945,49.74641766931352
46.733936,1786095432.087,-0.03795366361737251,0.0986187532544136,0.3050000071525574,-0.03186853924075158,0.09805195816416296,0.31066045026497535,0.08541992714429437,0.06511784226513077,0.01544216397503879,0.9940948859325074,0.08013820931530545,0.04721910115336726,0.014586122087011787,0.9955578682007727,50.969863432837755,50.559200167691436
46.803984,1786095432.187,-0.040131643414497375,0.09763789176940918,0.30400002002716064,-0.03460987196247921,0.098016355238342,0.30941760294684395,0.08123507482209662,0.06540043272058602,-0.005342015939297589,0.9945326082559147,0.08053677729170453,0.05371827560198788,0.00746808724540253,0.9952750383902483,51.39945449956403,51.15825430949633
46.864295,1786095432.254,-0.041689641773700714,0.0953722819685936,0.30100002884864807,-0.03621295156285661,0.09771356824963189,0.30789697896608115,0.0877741550290407,0.04951542411090223,0.0026122270344243483,0.9949055717775311,0.08225246491715799,0.05272280239285339,0.006317481808522747,0.9951959242011067,50.32184606770839,51.0015982748879
47.046263,1786095432.354,-0.04353110492229462,0.09409945458173752,0.2980000078678131,-0.038145382912432496,0.09715844503800992,0.3053377509682964,0.07882099803188736,0.021165244859882963,-0.001673851917037276,0.9966626715689909,0.08116824991194321,0.042669752291209395,0.003770923632840905,0.9957794874271082,50.746998975659665,50.884779735237984
47.115475,1786095432.488,-0.045313093811273575,0.09153533726930618,0.2970000207424164,-0.04006321668925617,0.09592418120382425,0.3033497000097368,0.08010064836634963,-0.015121779479099734,-0.005817705448343478,0.9966550919049139,0.08075668886709755,0.018573737056562387,-0.00022841002587305984,0.9965607464293567,50.67294202416232,50.797341222060425
47.174274,1786095432.554,-0.048683393746614456,0.08738578855991364,0.29600000381469727,-0.04179795115193847,0.09420901054562258,0.30241082665749314,0.08310175376980411,0.04157825153631935,0.0035998738804667372,0.9956668059283739,0.08136591747850079,0.024509381843216497,0.000759192312927844,0.9963826078879424,49.68487810891427,50.23584742501707
47.246821,1786095432.621,-0.05062446370720863,0.0866871327161789,0.2980000078678131,-0.04357946670205416,0.09292306201831517,0.30227906744260774,0.08432107722342305,0.03714952862503663,-0.0031458868683404413,0.99574091602918,0.08206892872595618,0.027510987880084256,-0.00016799260628957166,0.9962468611052785,51.68549119634824,51.103906177034276
47.312368,1786095432.688,-0.050964225083589554,0.08564673364162445,0.30000001192092896,-0.04476496427667587,0.09178979642725095,0.3021574434691875,0.09001932656812302,0.08095583143223305,-0.00016491562691848364,0.9926442701210608,0.08449853454075355,0.043681307268242105,-0.00016711410066229913,0.9954656765196275,52.48987952529474,52.00551090668475
47.508138,1786095432.821,-0.05264567583799362,0.08636689931154251,0.3060000240802765,-0.04660630847869716,0.09104101140937285,0.30326724510526076,0.07503117303745577,0.03433190734032703,-0.009616456616964473,0.9965436101712422,0.08095050746069736,0.04017624135526008,-0.0037110374979112968,0.9959011563268257,52.45772044977168,52.314486158016734
47.572343,1786095432.955,-0.05383046343922615,0.08387192338705063,0.30900001525878906,-0.04798921865636578,0.08968691676503282,0.30489456212787097,0.07054586310694733,0.03550089187718209,-0.0025122959013238674,0.996873440434504,0.07780850569415136,0.038764429145476384,-0.003348962239681781,0.9962087833012645,51.117509313026424,51.617466757785735
47.632165,1786095432.988,-0.054164789617061615,0.08253524452447891,0.30900001525878906,-0.04831496169958086,0.08917854953113637,0.30520229084147094,0.06513340252260073,0.020025811104773066,-0.0013073892284182777,0.9976747453448094,0.07624456658473275,0.03645019338382694,-0.0030968016511155917,0.9964178637941621,51.13444418444398,51.50799949762913
47.690901,1786095433.055,-0.05449911952018738,0.08220107108354568,0.30900001525878906,-0.04883925048104761,0.08841763055427695,0.3055982557980352,0.06577109473735791,0.013298792752687126,-0.000876652371386739,0.9977457274721804,0.07377663521608971,0.030987110080119694,-0.0025728850380175566,0.9967899414458674,50.78566204276933,51.18569849279588
47.756418,1786095433.121,-0.05532248318195343,0.08293431252241135,0.30800002813339233,-0.0494040947558564,0.08811297683250624,0.30570129329379353,0.07682019919073817,0.044472005676886715,0.0038395820170427637,0.9960452576651849,0.07445040985884391,0.03396642703804369,-0.0011564783238222753,0.9966454138077423,51.65681394459106,51.361470873564876
47.931675,1786095433.188,-0.05580718815326691,0.082333043217659,0.3070000112056732,-0.04991576785989643,0.08776002977598193,0.3057126137848738,0.08116307131510928,0.03336003847614783,0.00452883668660733,0.9961320963234918,0.07578435700406605,0.03384617754241944,-2.708527400772971e-05,0.9965496308592137,51.43433270304803,51.377430133948415
47.99403,1786095433.355,-0.05647151544690132,0.08266504108905792,0.3070000112056732,-0.050776149848841046,0.08746969933447428,0.3057296137133877,0.08199562402565076,0.04105369025857227,0.003938562979358232,0.9957789914827763,0.07762774377930066,0.03598462825501337,0.0011493046030873453,0.9963321328874287,50.271560398029195,50.60566594526778
48.072437,1786095433.422,-0.05647151544690132,0.08200103044509888,0.3070000112056732,-0.05101239749214412,0.08724723532840781,0.305735181155375,0.07700719482554574,0.04245061857424119,0.003802322867056545,0.9961191591715218,0.07754344649854503,0.036865437403163163,0.0015106641837670653,0.9963060128915838,51.27086799987968,50.864389659531476
48.15293,1786095433.522,-0.05598897486925125,0.08193504810333252,0.30800002813339233,-0.05109789914335607,0.08702685902828661,0.305842058724697,0.07657194755283299,0.04432388129547259,-0.003407348110912408,0.9960725477462583,0.07737372156503444,0.03817214962219168,0.000649183883798135,0.9962709334135381,50.999914919114595,50.90143623398945
48.225389,1786095433.588,-0.056139349937438965,0.08166901767253876,0.3070000112056732,-0.051168987911493005,0.08686778173004671,0.30586171683785013,0.07647883759701649,0.044662986808166646,0.0038288856681960243,0.9960630224256509,0.07726537202026898,0.0389597343606825,0.001034951237471961,0.9962485283607955,50.9814213978424,50.91581961815731
48.398612,1786095433.655,-0.05680367723107338,0.08166901767253876,0.3070000112056732,-0.0513625476299038,0.08675346450709893,0.30587628173560016,0.0820780901480597,0.033305822301112,-0.0027444765704211036,0.9960654482346268,0.07786459542891447,0.038256266145464284,0.0005646145455304191,0.9962295137616201,51.54931808755161,51.186810468799145
48.472639,1786095433.855,-0.057468004524707794,0.08200103044509888,0.3070000112056732,-0.051902630138676846,0.08670637850141905,0.30589901074782694,0.080053491322173,0.004445695886153806,-0.007591868750382998,0.9967517433363713,0.07860673062700738,0.026960693181489512,-0.002161507784404514,0.9965387251920543,50.58279717312916,50.81432954288781
48.531792,1786095433.889,-0.05661864951252937,0.0823957771062851,0.3060000240802765,-0.05193607526191167,0.08666675124276833,0.3059014936452387,0.07652253934853528,0.016432861054440275,-0.008422824761725775,0.9968968442483157,0.07841508236732582,0.025990231183641136,-0.002738797466475717,0.9965781864604423,50.62134553583105,50.77916265131155
48.595597,1786095433.955,-0.056949734687805176,0.08206485956907272,0.3060000240802765,-0.051965652565999,0.08665299824808326,0.3059048426280435,0.07474182619821164,0.03321374994353444,-0.009727114479091123,0.996602172120428,0.07782678424716352,0.027148517991841443,-0.0038591971289850696,0.9965897130826264,50.64298952496464,50.74411243001534
48.650943,1786095434.022,-0.057135842740535736,0.082333043217659,0.3070000112056732,-0.052025907445386585,0.08660418390389786,0.3059217475528764,0.07295380415553582,0.007013734195087908,-0.014855520488804756,0.9972000117844378,0.07689891275879843,0.023302097369621605,-0.005960659556472001,0.9967487346429607,50.765624481465316,50.748065545689016
48.81098,1786095434.122,-0.057135842740535736,0.08166901767253876,0.3070000112056732,-0.052086602560917586,0.08647540372236862,0.30593829208428497,0.07426265834431894,0.028326016074126343,-0.0021102460625786025,0.9968341091929784,0.07633220566362774,0.024382747113079455,-0.005132526458320978,0.9967710535493594,50.45396945571407,50.62917939435165
48.878305,1786095434.256,-0.05780017003417015,0.08100500702857971,0.3070000112056732,-0.05235259880652465,0.08616791438633688,0.30595218686377523,0.07117503547911322,0.019611200172661845,-0.008721584646253085,0.9972328961248687,0.07519434746669025,0.023329722959009504,-0.0059247153692730675,0.9968783435723276,50.43559519717506,50.54864101106571
48.947566,1786095434.322,-0.05813233181834221,0.08200103044509888,0.3070000112056732,-0.05252008696487602,0.08608824168829723,0.30595763286275524,0.08399491803163572,0.046653481999770825,-0.003936900311132753,0.9953656650588748,0.07668310232113286,0.027267555552613686,-0.005589453972993685,0.9966669153919355,50.69633798379195,50.5866065739958
49.025195,1786095434.389,-0.05813233181834221,0.08133701235055923,0.3070000112056732,-0.0526405966214144,0.08602088444535125,0.30596215382590686,0.07892237544577967,0.043891606672570305,-0.0034782630129718112,0.9959079712524186,0.07708935106946926,0.030271998438896053,-0.00520809312383719,0.9965509087990524,51.04494085748659,50.764439682115196
49.10125,1786095434.456,-0.05794297531247139,0.08206485956907272,0.3060000240802765,-0.052687980483209905,0.0859411768012567,0.3059635313867241,0.07890796306249274,0.047840849159350905,-0.0037912273861768976,0.9957260733313891,0.07743573960935718,0.033601052683836355,-0.004939801465372649,0.9964187241572554,51.56332350731151,51.16207405565133
49.280844,1786095434.589,-0.05846448987722397,0.08266504108905792,0.3070000112056732,-0.05291808499314946,0.08576019404402799,0.30598667523728035,0.07679342644641768,0.022934856528566715,-0.008939458499092258,0.9967431204138686,0.07726805653364406,0.03080072627414427,-0.005990101388368354,0.9965164732134918,51.66575736487262,51.456617677275545
49.339556,1786095434.723,-0.05865493416786194,0.08293431252241135,0.30800002813339233,-0.05311506264480432,0.08562723059414216,0.306121652331479,0.0929394351269268,0.04126081109545608,-0.003854766567093365,0.9948090005828989,0.08126996518247288,0.03347114157901241,-0.005445382424723294,0.9961150652665012,52.90921831128326,52.52169290666191
49.406525,1786095434.789,-0.058216772973537445,0.08239677548408508,0.3110000193119049,-0.053152034943027775,0.08560748669183772,0.30670618699659863,0.09018450477305288,0.03715950223615195,0.0037354201319406127,0.9952245842667062,0.08263465195843002,0.03403577434702733,-0.00404096356922361,0.9959903367873303,51.73626815475591,52.26796656883262
49.46932,1786095434.823,-0.05705367028713226,0.08198688924312592,0.31200000643730164,-0.05326204621959321,0.08556503245859942,0.30709874108286955,0.09005951529528208,-0.008237241465065439,0.0007448945203860555,0.9959020417139322,0.08335518280132843,0.03433389087075188,-0.003299305031664001,0.9959227942085372,51.448224986580556,52.041962567365914
49.533061,1786095434.889,-0.0567399300634861,0.08149371296167374,0.3140000104904175,-0.05343388441115729,0.08542714622392554,0.30817211895480146,0.09313692667487465,0.0007790259308207239,0.007019286729826189,0.9956282617633766,0.08557063665146354,0.026771244537360007,-0.0009728431996969256,0.9959718972868123,51.877593602788814,52.01155268892889
49.708446,1786095435.023,-0.05815085768699646,0.08253185451030731,0.31800001859664917,-0.05357237157756116,0.08534969271908752,0.31114987588649,0.08570561723605423,-0.015546465938427382,0.0013375042404169472,0.9961983063895558,0.08563945285498331,0.010857662874075736,-0.0001039336533661129,0.9962670246823428,52.74809581154108,52.47456232686973
49.785694,1786095435.156,-0.05997949838638306,0.08583662658929825,0.328000009059906,-0.05427345870422071,0.08543280681807111,0.318685452587941,0.09046514224888111,-0.008359724765498967,0.00772464147810256,0.9958345760987461,0.08722178270641379,0.0045739194288027035,0.002456086781486475,0.9961753899390888,52.8583524684246,52.68876899645525
49.86408,1786095435.223,-0.060528095811605453,0.08805357664823532,0.33100003004074097,-0.054653023462607114,0.08578671949983552,0.3221983687670778,0.08735214825997385,0.0008373151928385662,0.014179685002203752,0.9960762207938073,0.08724721182468498,0.0038739289930809005,0.004652500972478883,0.9961682944852623,51.724725390122835,52.215107675735496
49.934477,1786095435.29,-0.060715314000844955,0.08849043399095535,0.33400002121925354,-0.05495847734193836,0.08609088323902442,0.32552904115692954,0.09365980854720218,-0.004434613215595543,0.01474018973128374,0.995485259195341,0.0884433417281346,0.0023260340359144887,0.006532004449053125,0.9960570755672095,52.050987300644366,52.165083004333184
50.107657,1786095435.356,-0.060166794806718826,0.08892080932855606,0.3370000123977661,-0.05504729438251757,0.08635915396104461,0.32871711536386355,0.09431140989204177,0.01308689377065944,0.013029549295204534,0.9953714492694548,0.08951362687220314,0.004286424844067476,0.007715787201141101,0.9959464864108447,51.60240254977487,51.9186611538981
50.166238,1786095435.523,-0.06049578636884689,0.09087490290403366,0.34300002455711365,-0.055283293047737166,0.08728449455538773,0.3353374717607008,0.09206659163130004,-0.025260899479435515,0.01651708551644763,0.9952953408656788,0.09040544284284013,-0.005922579481673151,0.010757729670887811,0.9958293278514151,53.11415991385325,52.74635635437605
50.231118,1786095435.59,-0.0606505386531353,0.0916697233915329,0.3460000157356262,-0.055384236999216116,0.08769392223878492,0.3381382181370303,0.08631554328244816,-0.022921415423034382,-0.00511210419303528,0.9959910150666923,0.08959297674217295,-0.00931643165983273,0.007590010571092833,0.9959059666249293,52.33485866684591,52.61893323424211
50.289301,1786095435.657,-0.06082582846283913,0.09155940264463425,0.34700000286102295,-0.05549427352809478,0.087943384372414,0.3401227219629246,0.08408565359923212,-7.698159885585197e-05,0.007336946265946464,0.9964315160371605,0.08857084867816109,-0.0076004047574007765,0.007543073742002308,0.9960123195274628,52.30873682120008,52.529936125967026
50.354231,1786095435.723,-0.061576712876558304,0.09381099790334702,0.34700000286102295,-0.05574301342017226,0.08862569299293575,0.34127626403958083,0.08204228684547829,-0.02666180906833019,0.0021955858984288464,0.996269737826524,0.0872774360633137,-0.011385980821369029,0.006481402566030818,0.9960978867640101,50.66620933989201,51.319337891428454
50.431986,1786095435.79,-0.06139925867319107,0.09466320276260376,0.3460000157356262,-0.05587816060315435,0.08930298411513658,0.34173429199893846,0.08956091673564327,-0.03149110979216345,0.0028331804950538107,0.9954793444797394,0.08776040036925727,-0.015611700414134694,0.005714915147885926,0.9960028748362423,50.33433446574505,50.69977086683889
50.610174,1786095435.924,-0.06213069707155228,0.09596309065818787,0.34800001978874207,-0.05629002801523584,0.09047604770188311,0.342919945904631,0.08786611116086811,-0.04532722889664951,-0.010565491007106423,0.9950444006323514,0.08780803105090193,-0.025808253098041748,0.0001303227111821956,0.9958030260904926,49.62794673551572,49.892744719916095
50.676794,1786095436.057,-0.061754170805215836,0.09596309065818787,0.34800001978874207,-0.05638922904631983,0.0910529695466202,0.3434967949049454,0.10058092637201756,-0.02157067756700318,0.009499817743215436,0.9946496551963877,0.09155275072805977,-0.024567430899106173,0.00287544445204096,0.9954929768674144,50.233095728719526,50.06055892910212
50.738532,1786095436.124,-0.061554018408060074,0.09397426247596741,0.3490000069141388,-0.056412276108162636,0.09115440893189422,0.34391979641611814,0.09797815564105848,-0.03487979672643682,0.003436112114276018,0.994571201036425,0.0926459096491821,-0.026320596913978454,0.0029707775868271706,0.995346741635244,48.88399141295841,49.325842974714945
50.804695,1786095436.157,-0.0628664568066597,0.09424353390932083,0.3500000238418579,-0.05659045559684739,0.09118209104652014,0.34424074487528916,0.08872158087652178,-0.055777511664714986,0.00497613196173479,0.9944810648725106,0.0921345252761794,-0.03019576224039331,0.0032346490991843977,0.995283367810424,49.40773220452132,49.34980167041553
50.868242,1786095436.224,-0.06170228496193886,0.09402073174715042,0.35200002789497375,-0.056622771397749044,0.09124275587490069,0.345280316374011,0.1017053896014137,-0.014670521323259198,0.008813161542709086,0.9946673402267466,0.09434540616196098,-0.026615218359907933,0.004521661286684145,0.9951734165797423,48.053075042315726,48.49806102928143
51.069286,1786095436.357,-0.06299635022878647,0.09443812072277069,0.35500001907348633,-0.05705973129041144,0.09126407521066746,0.3477509424126101,0.0979232368636883,-0.04822364206219168,0.0047506546478038505,0.9940135569039353,0.09552349912805642,-0.03370155104236231,0.004596982839225408,0.994845884708002,48.759677308596316,48.64337920507443
51.153209,1786095436.524,-0.06299635022878647,0.09290245175361633,0.35500001907348633,-0.0573304745244603,0.09141639706452273,0.34901652529227695,0.09514435696029268,-0.05940754921139399,0.00568828310184674,0.9936729531745652,0.0954011808809621,-0.04248044817974446,0.004969910766775951,0.994519645957754,49.05536920671112,48.791035624569176
51.2253,1786095436.591,-0.06394416093826294,0.09162414073944092,0.35600000619888306,-0.05764181710766335,0.09143127721041006,0.3496373342457344,0.09848720963436051,-0.0437248353840577,0.004331599717042104,0.9941678155889808,0.09585303217123763,-0.042662652230385865,0.004876468214648809,0.9944688604405874,48.858111446682436,48.81032525786687
51.301129,1786095436.657,-0.06355898827314377,0.09085415303707123,0.35600000619888306,-0.05776249073915506,0.09138719738240134,0.35004550202188434,0.09990288395807233,-0.01761105950951455,0.016583369578807152,0.9947030995293143,0.09662820777906359,-0.03790576882741247,0.007100906667485848,0.9945731342015571,48.673038232425164,48.76381899005611
51.498081,1786095436.791,-0.06367049366235733,0.09134937822818756,0.36100003123283386,-0.057941667733415726,0.0913849015438975,0.35297288160748125,0.09962096011699559,-0.03662264232707384,0.0036691335771529172,0.994344499574038,0.09736111968929172,-0.037591701298752216,0.006260725003414269,0.9945192203717053,49.80618334869916,49.421837624142654
51.567997,1786095436.924,-0.06288931518793106,0.09017816931009293,0.36100003123283386,-0.05810543085114914,0.0912713742215025,0.3543056431256347,0.09869518419626859,-0.05033039935364336,0.027206949409959005,0.9934716369485196,0.09771554860228321,-0.04092405607101973,0.011736872752577314,0.994303343559721,48.75959553107383,49.05836683642573
51.641891,1786095437.024,-0.062059469521045685,0.08910748362541199,0.3630000054836273,-0.05831957022567707,0.09107272454892658,0.3556945489552984,0.10328564831598483,0.0019375317700052997,0.021959012994662387,0.9944074228257185,0.0993358831214815,-0.028615845526974926,0.014676623667305665,0.9945341182820124,49.10237680848051,49.07003754646537
51.716781,1786095437.091,-0.06144276261329651,0.08856566250324249,0.36400002241134644,-0.05846993734056428,0.09091209742360094,0.356633721589937,0.09200147395014283,-0.035541792867417155,0.02573372633888338,0.9947915787135948,0.09783234190782966,-0.030037890218497156,0.016946315922346897,0.994605137934,49.768311474267726,49.39133830622057
51.881564,1786095437.191,-0.06121664121747017,0.08841423690319061,0.36500000953674316,-0.058621835819648985,0.09074584855681726,0.3578282827235291,0.09638958103679646,-0.04084850461306347,0.018860061655620198,0.9943262776436985,0.09748810594751314,-0.03262577489516523,0.01740456530322623,0.9945495005870056,49.87652981850288,49.63794866311528
51.954132,1786095437.325,-0.06171979382634163,0.08874295651912689,0.3680000305175781,-0.05866945149091143,0.09067827835928467,0.36014795567264934,0.09113251011707904,-0.019922224428832173,0.0018235168493404895,0.9956378083218153,0.09571354887188681,-0.029071506515809035,0.013044199169452793,0.9948987953250711,48.76421612971637,49.114431893433604
52.027215,1786095437.391,-0.06171979382634163,0.08675307780504227,0.3680000305175781,-0.05868777258344565,0.09036723457596832,0.3608841727984291,0.09000936970265504,-0.0902390601070181,0.00818942786761926,0.9918105457535394,0.09494054538601081,-0.02752502679339108,0.011147228862991536,0.9950399012253257,48.424923438596096,48.789034554178954
52.087687,1786095437.458,-0.06148826703429222,0.08698881417512894,0.36900001764297485,-0.05872523882063476,0.0901961824313212,0.3617000549119997,0.0930245874893613,-0.025365837197824013,0.017476702217809174,0.9951872011361871,0.0946434464371457,-0.027189958735625765,0.012129742765059714,0.9950659242135205,48.368047038056346,48.6080982166235
52.153029,1786095437.525,-0.06205522269010544,0.08682440966367722,0.3700000047683716,-0.0587749370378275,0.0900532247375657,0.362566145280235,0.09043248411421323,-0.04285622903400449,0.011341975289642833,0.9949154079852451,0.09393679043056413,-0.029825969960870644,0.011997441895392336,0.9950589692613521,49.21413363470736,48.839029286932146
52.213511,1786095437.591,-0.06205522269010544,0.08682440966367722,0.3700000047683716,-0.05881113261824566,0.08995481232554314,0.3631278285707099,0.09540498216697026,-0.02555350670367634,0.017412422656707664,0.9949581474665603,0.09415996054513226,-0.029177511957580744,0.01281946627206991,0.9950468511133552,49.19441454210321,48.95287009731574
52.377114,1786095437.658,-0.0625583752989769,0.0871250182390213,0.37300002574920654,-0.05891080683766477,0.08992155726472202,0.3645673027569234,0.09220519899708707,-0.018562030113314875,0.0017191391753580525,0.9955655161145728,0.09383844084521922,-0.027423492322551972,0.01098504170627614,0.9951490481065058,48.50951404886589,48.776698649520725
52.448002,1786095437.825,-0.06215480715036392,0.0855114758014679,0.37300002574920654,-0.058942786271669545,0.08944564012801437,0.36603261177426116,0.1013406769610343,0.027192064145709367,0.019599477001599426,0.9942869401444628,0.09684017453961805,-0.005835774398822907,0.014395743931395998,0.9951787210792662,48.610556379566766,48.69762955239446
52.525936,1786095437.892,-0.06175123527646065,0.08591485768556595,0.37300002574920654,-0.058986468462719294,0.08937722070918744,0.36642700678328144,0.08910385758612012,-0.04585760413696884,0.018983198322755624,0.9947850123959088,0.09794846616565178,0.0022223699221558214,0.015666961643578944,0.9950656789180219,48.864473756083974,48.73982868666839
52.607166,1786095437.958,-0.061916787177324295,0.08574073016643524,0.37400001287460327,-0.05900252918500189,0.08930318629962054,0.36698292772581853,0.09148452763300856,-0.042057081517699685,0.011321458794836118,0.994853560916749,0.09879774573141772,0.008430114208578943,0.01664556025791952,0.9949325926596838,48.88470959584587,48.77454710127849
52.673216,1786095438.058,-0.062321439385414124,0.08574073016643524,0.37400001287460327,-0.05906621566313373,0.0892314526853908,0.36747206815800926,0.08483142011143571,-0.01669700136788894,0.008793914865817256,0.9962165966136735,0.09429821043640614,0.00031843494872512367,0.014112209978317115,0.9954439168718662,49.91849175596041,49.48967491763311
52.827139,1786095438.158,-0.06151212751865387,0.08533626049757004,0.37400001287460327,-0.059142744864753856,0.08910539361330558,0.36776647259083217,0.08170641931798098,-0.035427480698383744,0.010287503485208264,0.9959734544282,0.0901054860123203,-0.01162715992756727,0.012836340233498039,0.9957816220999021,50.47668194674839,50.126934456676466
52.891812,1786095438.259,-0.06045939400792122,0.08475334942340851,0.3750000298023224,-0.0592318044201378,0.08889682997094442,0.36829733571000817,0.08148281833934054,-0.053040581454391666,0.011709609778861749,0.995193514887072,0.08709538868728431,-0.02617492130993626,0.012443225351648138,0.995778305099422,50.24273615138535,50.183764330615645
52.95494,1786095438.325,-0.05940015986561775,0.08416609466075897,0.3760000169277191,-0.059243278237574616,0.08869099022223384,0.36882824436439454,0.0789917836998801,-0.05296296827866787,0.011599145844643702,0.9953997598526427,0.0849338391105207,-0.03334447911077718,0.012218335256935347,0.9957535342494789,49.64853129220373,50.01614208725578
53.025392,1786095438.392,-0.05980697646737099,0.08416609466075897,0.3760000169277191,-0.05926377204467529,0.08854592062528119,0.36919250893123357,0.07881321934911531,-0.06816012537172661,0.012804806243121563,0.9944740874966098,0.0831796818552164,-0.04338890676939562,0.012389031195703677,0.9955124585869599,49.32730473043453,49.73560575447835
53.207821,1786095438.525,-0.05940015986561775,0.08457272499799728,0.3760000169277191,-0.05927221311702857,0.08848929372578773,0.36957642625447484,0.08437649742575434,-0.014603082356828657,0.023249720063205054,0.9960556245435411,0.08366165519036572,-0.03202808494716503,0.01667864798042277,0.9958397220069958,50.10590335713012,49.922221660118055
53.267287,1786095438.626,-0.05915023386478424,0.08398222923278809,0.37700000405311584,-0.059267063894812406,0.08832950109232801,0.3701121870994758,0.0782763974340372,-0.0593971484736967,0.019713199321512734,0.9949654135347885,0.08196021239966278,-0.04071421704077283,0.01764284542298946,0.9956473301925434,49.10041968196587,49.463123530671666
53.32762,1786095438.692,-0.05874233692884445,0.08398222923278809,0.37700000405311584,-0.05924883418303928,0.08825436956196464,0.37035497838509585,0.08081672749365566,-0.031359743776502955,0.017373765532588428,0.9960840202004584,0.08172373751771382,-0.038775084251144516,0.017587187152145148,0.9957451553562928,49.88167757858665,49.600522551690005
53.387805,1786095438.759,-0.05874233692884445,0.08398222923278809,0.37700000405311584,-0.05923583719850396,0.08819876432167144,0.37052795103017,0.08121364488683644,-0.03653467435319639,0.017901186633323483,0.9958660095470774,0.08163594847027864,-0.038389377416499657,0.01764125385117015,0.9957663449733025,49.10638634741714,49.391837932827926
53.508185,1786095438.826,-0.05874233692884445,0.08398222923278809,0.37700000405311584,-0.05922656066974391,0.0881574128517963,0.37065131753101743,0.0806054460410801,-0.04314635676023401,0.01832902725415829,0.9956431091142817,0.08148100423952737,-0.039105268805645355,0.017744777518336037,0.995749339327213,49.85813759535776,49.556091076940575
53.63876,1786095438.992,-0.05930713564157486,0.08420499414205551,0.37800002098083496,-0.059228200099480995,0.0881180937519126,0.37126046318561773,0.07670480181428642,-0.03192001134954129,0.00985670052271277,0.9964940199062319,0.08026164432346122,-0.03726978998463745,0.015729434267002015,0.9959526173983556,49.48964838135113,49.52854261616512
53.700976,1786095439.059,-0.05930713564157486,0.08420499414205551,0.37800002098083496,-0.059228711649539634,0.0881045325701631,0.37143314686133383,0.08112763614491685,-0.041819901226542625,0.01829287380243319,0.9956579599857517,0.08036118143907284,-0.03779223069893667,0.01602375914689786,0.9959202111410919,49.61151438481475,49.54622620326576
53.765695,1786095439.126,-0.05930713564157486,0.08543137460947037,0.37800002098083496,-0.05922911843211028,0.08798032835658613,0.3715564088782389,0.07533377078815462,-0.0728004951198848,0.012843087342225933,0.994414383442163,0.07940867095710567,-0.04448332949550798,0.015417739441201506,0.9957297774418234,49.96783000965802,49.70176666447084
53.829158,1786095439.193,-0.05930713564157486,0.08502257615327835,0.37800002098083496,-0.059229451921947396,0.0879231969965912,0.3716459113269745,0.07629721860062691,-0.06820157934775539,0.012644952258594338,0.9946694848997117,0.07875418966362797,-0.04950385987454023,0.014831812511640346,0.9955536965958023,49.5980488948157,49.678364972617715
53.989066,1786095439.293,-0.05889815464615822,0.08461378514766693,0.37800002098083496,-0.05922264813760496,0.08790071657039884,0.3717344030900782,0.08085668042161677,-0.028852017215197298,0.01713139021051276,0.9961607670467983,0.07932715134813047,-0.04391139696233892,0.015455409070638828,0.9957610770693269,49.61189087976385,49.66035844523068
54.074043,1786095439.426,-0.05946402996778488,0.08442775905132294,0.3790000081062317,-0.059228221444997446,0.08784098697239202,0.37220553964173897,0.07667817624642638,-0.03429311703893716,0.010019936937661027,0.9964155961620839,0.07860945488061859,-0.04130235623027313,0.013980870923913808,0.9959514065562679,49.97795773099721,49.81078377415065
54.144676,1786095439.493,-0.05848916992545128,0.08502257615327835,0.37800002098083496,-0.05920565225785994,0.08778700706225963,0.3722980922279224,0.080632134624898,-0.040806872910522395,0.01810066562932161,0.9957437541319916,0.07889105656080161,-0.04123345147028127,0.01455425040032904,0.9959237809540712,49.61189087976385,49.75598261271109
54.21851,1786095439.593,-0.05848916992545128,0.08461378514766693,0.37800002098083496,-0.05918472606646051,0.08776496523374742,0.37238838640028765,0.08336039307907024,-0.05368735704177853,0.01929218189208483,0.9948851814543296,0.0797595686450808,-0.043650805993371934,0.015473884888844994,0.995737705036887,49.324805900568016,49.56199650902645
54.412115,1786095439.66,-0.05930713564157486,0.08420499414205551,0.37800002098083496,-0.05918710889148712,0.08769810535653284,0.3724340850333641,0.07717654026165702,-0.06708253978885503,0.02003266553083101,0.9945563869386427,0.07930496483892865,-0.047807043184213936,0.016282799357175116,0.9955702283711446,49.32540137818994,49.4888604524608
54.479883,1786095439.86,-0.05889815464615822,0.08502257615327835,0.37800002098083496,-0.059183844538019635,0.08759282581996836,0.3725128779624533,0.07973402656494043,-0.06353103256022097,0.019818493763019068,0.9945921376195062,0.07944401322045633,-0.05282181952218089,0.017410578125965925,0.9952865797925309,50.08814148105438,49.86193445842319
54.542405,1786095439.893,-0.059053968638181686,0.08483763039112091,0.3790000081062317,-0.059183366221629466,0.08758791772152655,0.37264950106009465,0.07595494754599831,-0.05799982680360699,0.011771023630656161,0.9953533588815194,0.07916884765042925,-0.05323062296930759,0.016965528383608063,0.9952944113108783,50.09780747410701,49.90886919866756
54.611209,1786095439.96,-0.05889815464615822,0.08461378514766693,0.37800002098083496,-0.0591822001186191,0.08756030930380851,0.3727028718533741,0.07828382139174062,-0.038994139874288125,0.02513906897648218,0.9958509565064274,0.07902518864397656,-0.05089709962010298,0.018306147193067255,0.9954041338998904,50.10797641712598,49.96842430997095
54.686349,1786095440.06,-0.05930713564157486,0.08543137460947037,0.37800002098083496,-0.05918478649815983,0.08748607863336773,0.37275764128932337,0.07621189987694504,-0.06975201129955129,0.020000359580152904,0.9944477808580391,0.07838359820169624,-0.05521591347392125,0.018694660337318217,0.9952174255443218,50.08814148105438,50.007705369698215
54.766166,1786095440.127,-0.05889815464615822,0.08543137460947037,0.37800002098083496,-0.05918227356481141,0.0874504264677028,0.37278657406735216,0.0791905109843866,-0.06714844378954299,0.019989301828562685,0.9943944776994093,0.07851739592959978,-0.05718345051652051,0.018908258972433995,0.9950917290712904,50.08814148105438,50.02591430526647
54.938629,1786095440.26,-0.059053968638181686,0.08524750173091888,0.3790000081062317,-0.059181533229982056,0.08742758271467103,0.37312530526222065,0.07549683014054383,-0.05870331809132191,0.01175451536599526,0.9953471657930762,0.07782655538682923,-0.05753159767397633,0.017271185972754212,0.9951556906739745,50.121951882952274,50.06019154808846
55.012351,1786095440.393,-0.058643899857997894,0.08483763039112091,0.3790000081062317,-0.059167525376732755,0.08736640231743154,0.37331469846994764,0.0823192099316173,-0.01405156816008965,0.023278680170969967,0.9962350145211591,0.07924223308966552,-0.04400001457930465,0.019146069880618632,0.9956998017575932,49.73871298370777,49.908699325613725
55.08836,1786095440.46,-0.05838749185204506,0.08423957228660583,0.3800000250339508,-0.05915249062911241,0.087271015856018,0.3736310031797039,0.07902565662933904,-0.041889631099543564,0.018323507435349766,0.9958235051834801,0.07920902461611874,-0.04367617604664126,0.019019848273512115,0.9957191207549237,49.468944927506804,49.73883484818175
55.160995,1786095440.527,-0.05828148499131203,0.08509605377912521,0.38200002908706665,-0.05913675292484289,0.08724240885487562,0.374460577052577,0.07832414545178717,0.01589016748118548,0.02804541960413005,0.9964066866776314,0.0790007258255566,-0.027773824370626657,0.02143851054321032,0.9962569398827561,48.0075954125377,48.6117860811562
55.330966,1786095440.66,-0.059463050216436386,0.08579135686159134,0.38700002431869507,-0.05915351416458773,0.0871653403296031,0.3780873526465452,0.0664306944666949,-0.08627730364418532,0.03502522553799916,0.9934366730117093,0.07351232872845986,-0.05350184169940946,0.02742049690597513,0.9954805908751408,49.01179475251744,48.78596120765789
55.395864,1786095440.76,-0.06061212345957756,0.08497265726327896,0.3890000283718109,-0.05926397370457965,0.087124732293362,0.3805148680026743,0.062337303335947836,-0.06408300684583096,0.04734147349773342,0.9948699481507434,0.06975195075570338,-0.05707110707919227,0.034135098375724475,0.9953453416585667,47.91522231371346,48.225461921561234
55.470719,1786095440.827,-0.06203383207321167,0.08350402116775513,0.39000001549720764,-0.05949776041397163,0.0869063183261306,0.38191202926122353,0.06251332239225942,-0.07054606757786858,0.04791753538402438,0.994393909210782,0.06796346909964628,-0.06040782240992204,0.037546993267269665,0.995149277825302,46.39621763828676,46.945873628317536
55.535912,1786095440.894,-0.06362434476613998,0.08435617387294769,0.3920000195503235,-0.05995532703298721,0.08687091931810384,0.38356982654721733,0.0589932068084214,-0.0901715314350899,0.04898443753437617,0.992970000225863,0.06555997495854657,-0.06841367853622123,0.040624994461830474,0.994671336722615,47.46069879298273,47.1596188348575
55.598963,1786095440.961,-0.0629362240433693,0.0837213397026062,0.3930000066757202,-0.06013138635941644,0.08676687203074003,0.38498279870395913,0.05905704253069539,-0.09398615305108515,0.049387380321411364,0.992592441754003,0.06379182853329816,-0.07539197884744087,0.04301742752551551,0.9941811470083972,42.82732835981608,43.65890535198953
55.793173,1786095441.094,-0.06208580359816551,0.08244629949331284,0.3930000066757202,-0.060171831026183384,0.08633244754401681,0.38627692410831793,0.06213907335889397,-0.06703539501741225,0.06270837834608273,0.9938373361180198,0.06319771402449349,-0.07237491109867399,0.05013839055390661,0.9941096835753092,46.89639045394266,45.42067414501969
55.862367,1786095441.227,-0.06298819929361343,0.08436043560504913,0.3960000276565552,-0.06034381353257081,0.08622953765149283,0.38839425631929986,0.055946024376617436,-0.07235470245528441,0.06262936266602118,0.9938372111775179,0.06102161996600397,-0.07237042974323803,0.05389017937119331,0.9940496624227807,46.828318682756354,46.02082008389537
55.923503,1786095441.294,-0.059988994151353836,0.08307566493749619,0.3960000276565552,-0.060313864970059396,0.08613204713348735,0.38908138663713976,0.07156973298821814,-0.0868794864527952,0.06581096403243321,0.9914628813862956,0.06310215279763787,-0.07523179722452347,0.05624089988085695,0.9935770006291728,46.57272958001751,46.1586981323577
55.988258,1786095441.361,-0.061274368315935135,0.08307566493749619,0.3960000276565552,-0.06033052020869069,0.08606312292397608,0.389537128165086,0.06558223041989547,-0.07766561372853649,0.06432763864434374,0.9927381217641258,0.06354650548695608,-0.0756679378052091,0.05768893275246772,0.9934325301028675,48.960545200721484,48.12333531573598
56.166154,1786095441.461,-0.061274368315935135,0.08350392431020737,0.3960000276565552,-0.06034665028957593,0.08605117669076301,0.3899364080628222,0.0697646728477771,-0.055057800097348494,0.0625643530227573,0.99407606892115,0.06509653481201438,-0.07054340684173424,0.0589046081346085,0.9936379199925585,49.43949558177895,49.097883376211406
56.231973,1786095441.594,-0.06142909824848175,0.0837147906422615,0.3970000147819519,-0.06035272948670789,0.08601130212525146,0.3906181091094031,0.07666703533015332,-0.06025736684285546,0.0638842445824832,0.993181765201605,0.06822984373407184,-0.06776128655806352,0.060253908134493266,0.9935404184141379,47.739345216858254,48.41522999925476
56.296091,1786095441.661,-0.0618586428463459,0.08414413034915924,0.3970000147819519,-0.06037873921032561,0.08596974590092596,0.3908546576767513,0.07737864662659535,-0.04244866023352348,0.06211327065944124,0.9941592417206624,0.07003125731674692,-0.06279193894728666,0.06062268626789816,0.9937191179158927,46.87146743895558,47.564304853992454
56.356857,1786095441.728,-0.0618586428463459,0.08500280976295471,0.3970000147819519,-0.060397719620723524,0.08592492173641682,0.3910203670705913,0.07496867895065154,-0.08038727682640055,0.06503955022935531,0.9918101833550577,0.07103618291658217,-0.06636776295047343,0.06152160294844248,0.9933600923775053,46.130597339328446,46.67860486624157
56.537184,1786095441.828,-0.062288179993629456,0.08457347005605698,0.3970000147819519,-0.060459791848684115,0.08589202308576342,0.39117538201958774,0.0747450430518831,-0.08459301502122099,0.06535318028503628,0.9914565861274124,0.07200111694500681,-0.07109953299848032,0.06251804908943498,0.9929008959126386,47.33996325181056,46.89660262075243
56.61425,1786095441.961,-0.06303368508815765,0.08586253225803375,0.39900001883506775,-0.06062625906441557,0.08588949597067819,0.39210969932313333,0.07691501500000449,-0.011130574192146829,0.06622715937236516,0.9947734184964783,0.0739454165651583,-0.047782328845417915,0.06398918081991763,0.9940595098670448,46.491873007793,46.65362790392766
56.683115,1786095442.061,-0.062170274555683136,0.0862940326333046,0.39900001883506775,-0.06064908987598275,0.0859143330406377,0.39252309105757893,0.07018347157969985,-0.10509239609565628,0.07319722362145978,0.9892785427037246,0.07256144797789922,-0.06933523814563006,0.06747460529170951,0.9926603843507442,44.79446505335049,45.2745578111591
56.747773,1786095442.128,-0.062170274555683136,0.08715704083442688,0.39900001883506775,-0.060660713829462774,0.0859886372781798,0.39271611758064295,0.07862181678934874,-0.03090394733967497,0.06781818093670075,0.9941148074030511,0.07185437151092192,-0.08012978338530839,0.06921006614021774,0.991779276782017,45.75961673996501,45.44017964528025
56.915969,1786095442.228,-0.0626019760966301,0.08715704083442688,0.39900001883506775,-0.06069680896944328,0.08605425726897546,0.39289540061085004,0.07391739507447441,-0.06110640063131321,0.0704798897738904,0.9928921450211748,0.07255698712121916,-0.07368159463022637,0.06964357023815694,0.9921977017495661,46.69643105833415,46.116844416049275
56.984688,1786095442.362,-0.062170274555683136,0.08715704083442688,0.39900001883506775,-0.06072216440525318,0.08610196052210004,0.39303433862120796,0.07731202019086722,-0.05683953205655403,0.0702904318449655,0.9929004856080226,0.07417067060997364,-0.06797739574769082,0.06986514804421526,0.9924699725318589,47.105575338435884,46.72953257890258
57.06261,1786095442.428,-0.062170274555683136,0.08672554045915604,0.39900001883506775,-0.060731807631557076,0.08610425466316199,0.3930858877135325,0.07658589064080085,-0.0354709984956737,0.07580692092709355,0.9935440203433509,0.07475349011651443,-0.06023957677314837,0.07128773387100047,0.9928248426107847,47.08974409768103,46.86648964225505
57.138589,1786095442.495,-0.062326084822416306,0.08737547695636749,0.4000000059604645,-0.06073910380960108,0.08613543485887695,0.3933777869667414,0.07250852166725227,-0.0667499247403721,0.06984269577766637,0.9926776715929962,0.07428763293107778,-0.06159167890294517,0.07098796600022973,0.9927983286481521,46.77046956624256,46.84933535642843
57.306337,1786095442.662,-0.062326084822416306,0.08737547695636749,0.4000000059604645,-0.060752133394768745,0.08617536194634419,0.39373074069425046,0.07223614305377826,-0.07699932897750904,0.07103392117025045,0.9918705686816733,0.07363113518331213,-0.06653865442275705,0.07100459182482849,0.9925267811696645,48.954713082075045,48.536118065680625
57.370591,1786095442.729,-0.062326084822416306,0.08780806511640549,0.4000000059604645,-0.06075677990559596,0.08621692510095441,0.3938326202254453,0.06909988171538467,-0.0708589875940616,0.06997394844456076,0.9926267459438832,0.07297442441759161,-0.06716513796746396,0.07085535695820741,0.9925437501758085,46.78975054665551,47.57082105929363
57.432691,1786095442.795,-0.062326084822416306,0.08737547695636749,0.4000000059604645,-0.06076095800805357,0.08622023129964111,0.3939064154461497,0.07426642517710269,-0.04819289025400604,0.06890846400494703,0.9936868556083742,0.0731923048249749,-0.06399477002193903,0.07053165339023906,0.9927602136439021,47.18251226299227,47.43148594424014
57.490657,1786095442.862,-0.062326084822416306,0.08737547695636749,0.4000000059604645,-0.06076490885022871,0.08622330545145195,0.39396241556506134,0.06907990700574992,-0.07100697159984876,0.06997457031887315,0.9926175174461633,0.07254699794590304,-0.06509593638108575,0.07044450375075433,0.9927421740044173,47.200093573309104,47.36013775916219
57.559851,1786095442.929,-0.06204803287982941,0.0867265909910202,0.4010000228881836,-0.06078032007573556,0.08623599504095651,0.394261474541067,0.0754144264176689,-0.03682334909984043,0.06830325735060282,0.994128447578311,0.07312479473878727,-0.0594497110975002,0.07002114705281326,0.9930838510469507,48.56668422299702,48.04590158337528
57.756351,1786095442.995,-0.06204803287982941,0.0875939205288887,0.4010000228881836,-0.06079171830008407,0.0862593202353092,0.3944673241906834,0.06620950738133137,-0.06116510635706551,0.06215897546134109,0.9939876219884464,0.07185391007971573,-0.059765624872767445,0.06857613335220364,0.9932584757374511,48.597116622028196,48.3222942394993
57.832286,1786095443.196,-0.06118030101060867,0.0867265909910202,0.4010000228881836,-0.06081936262954083,0.08628004515306367,0.3947542037023293,0.0721942150729526,-0.06391426878625567,0.06264628068607428,0.9933672055547839,0.07195571555538302,-0.06100224887546358,0.06680941398786779,0.9932963318333792,46.84311459414495,47.25034350741004
57.899182,1786095443.262,-0.06118030101060867,0.0867265909910202,0.4010000228881836,-0.060825878619471994,0.08628506975337896,0.3948238019836803,0.07529942854564324,-0.03647215430814239,0.06827362943311167,0.9941521460746603,0.07252098009348686,-0.05688072306963708,0.0670584640427007,0.9934829908909308,48.56149584047085,47.99765490061118
57.963753,1786095443.329,-0.06220276281237602,0.08694285899400711,0.4020000100135803,-0.06086405442188072,0.08628736885614849,0.3951387494888168,0.06596812217116159,-0.07116279382881577,0.06306145734250651,0.9932810862135287,0.0713529715804588,-0.05943056140032861,0.06634646094048142,0.9934661086010701,48.70434000692857,48.37444846545726
58.02744,1786095443.396,-0.06220276281237602,0.08737760782241821,0.4020000100135803,-0.06089119360765133,0.08630798799659903,0.3953574684445489,0.06987555894565985,-0.052531960651448474,0.06155789698731823,0.9942677831905472,0.07110995325537244,-0.05829443519736373,0.06555796199049022,0.9936031838680333,47.78760337354943,48.20438461928783
58.201275,1786095443.462,-0.06220276281237602,0.08694285899400711,0.4020000100135803,-0.060910596939996106,0.08631185636683796,0.39551020908788254,0.0727182523216161,-0.050988698682724654,0.054676813801482864,0.9945464566416443,0.07137690796031938,-0.05708640066897667,0.06375846067835893,0.9937712707462473,47.67419753349364,48.040009934567465
58.278986,1786095443.629,-0.06220276281237602,0.08737760782241821,0.4020000100135803,-0.060937455693160364,0.08634109659430159,0.3957098956509011,0.07215304737632981,-0.06133765543509221,0.05543676620130904,0.9939609623788936,0.07158248761761794,-0.05820959645418146,0.06156134118418983,0.9938298604986262,48.107402518358576,48.07235136988077
58.350459,1786095443.729,-0.06220276281237602,0.08694285899400711,0.4020000100135803,-0.06094876468850898,0.08635044356539104,0.39578992287824416,0.07404527685287429,-0.026432458042355403,0.05286582226707018,0.9955017965697737,0.07218199592557525,-0.0505723338284657,0.059476036296852525,0.9943313329176338,48.45894288508814,48.254038462917734
58.414109,1786095443.796,-0.0617678165435791,0.0860733762383461,0.4020000100135803,-0.06096128721091214,0.08633967635369641,0.3958312518443797,0.07785336346784474,-0.03142016677947084,0.053970747850705436,0.9950069272586647,0.07327820762402465,-0.04688027980010842,0.058416258891722125,0.9944948890519092,47.9863747949143,48.180283193372595
58.592751,1786095443.829,-0.06192146986722946,0.08715914189815521,0.40300002694129944,-0.060964346247452644,0.08634685116543465,0.39600263612415476,0.06807434385927855,-0.07157348271891559,0.04885823329375794,0.9939094492553265,0.0738310931259879,-0.045016372235548475,0.05788096480585383,0.9945714101218253,47.671515755524496,48.050387765094584
58.669441,1786095444.029,-0.06148544326424599,0.0862874910235405,0.40300002694129944,-0.0609856353320879,0.08634422217150445,0.39645599480425225,0.07136461233021975,-0.04019100225448122,0.054694113455946124,0.9951383468633925,0.07302868452444859,-0.0434461224481303,0.056844037365209585,0.9947602731798618,49.53298336915323,49.18351971333105
58.742167,1786095444.096,-0.06192146986722946,0.08672331273555756,0.40300002694129944,-0.06099469644127943,0.08634756114224255,0.39656510636584646,0.07032565982516886,-0.0518576214633498,0.05517784956589925,0.9946459136715948,0.07265681956522956,-0.04460462241431468,0.05661487061217958,0.9947493004046338,46.95645908533342,47.700746690379354
58.8072,1786095444.163,-0.06192146986722946,0.0862874910235405,0.40300002694129944,-0.0610015992727248,0.0863467576216545,0.3966449038240705,0.06881139528927796,-0.07079445793296583,0.056139478809040196,0.993529816121977,0.07195807493105717,-0.049391817474896606,0.05653098612008441,0.9945786703056897,47.76887362398043,47.72899206265931
58.88411,1786095444.263,-0.06192146986722946,0.08672331273555756,0.40300002694129944,-0.0610089818543822,0.08635187480255747,0.3967247353460414,0.07393043804108822,-0.03588447681447275,0.053774691663743504,0.9951657536266377,0.07241063672926486,-0.04630183116768772,0.0559012428824413,0.9947300594448625,48.132759151863354,47.829010013316335
58.938096,1786095444.296,-0.06192146986722946,0.08672331273555756,0.40300002694129944,-0.06101115697991936,0.08635333384548406,0.39674758921116954,0.0727407365910559,-0.04068385511570626,0.05344720312528752,0.9950864312466526,0.07244019236782022,-0.04580078756067257,0.055682432227213675,0.9947633754465416,46.80141590378045,47.36414231100932
59.094508,1786095444.396,-0.062357500195503235,0.08715914189815521,0.40300002694129944,-0.061046299744082634,0.08637656427979457,0.39679730132417607,0.07325932024873018,-0.040778299791549136,0.05380115558248229,0.9950254458659809,0.07259505994896319,-0.04485232331211842,0.05532725239987918,0.9948151192590469,48.05856126763192,47.593659628062625
59.162317,1786095444.53,-0.06192146986722946,0.0862874910235405,0.40300002694129944,-0.061056713789893975,0.08637355480507114,0.3968450319729436,0.07427593159408112,-0.038117262635417044,0.05428146908679741,0.9950294882006226,0.07292959794974582,-0.04351318689741511,0.055119508660410314,0.9948616567513062,48.11091115816757,47.792946128525344
59.229622,1786095444.597,-0.06263771653175354,0.08737760782241821,0.4020000100135803,-0.06109679861753328,0.0864045615086478,0.39703416522033097,0.07071985384156923,-0.03979041648919148,0.06065937613858357,0.9948546954780491,0.07268252910039397,-0.04309675349238827,0.05573949905722334,0.9948633212893299,47.66279188731293,47.74648427369374
59.303697,1786095444.663,-0.06192146986722946,0.08715914189815521,0.40300002694129944,-0.06110642351713013,0.08641552909132018,0.39711569366030475,0.0731832670111285,-0.04118736994922761,0.053829651330780715,0.995012652494354,0.07273218251333145,-0.042907526274735965,0.055550230104303565,0.9948784577782299,48.103806180997466,47.843648122844385
59.360544,1786095444.73,-0.062357500195503235,0.08672331273555756,0.40300002694129944,-0.061120503760653914,0.08641835747594215,0.39717696249162954,0.07038289186282927,-0.043601107072698674,0.05424463959257899,0.995089298038388,0.07251586076516671,-0.04297141177481027,0.05543001675104009,0.9948981962746472,48.11091115816757,47.910831913915175
59.427571,1786095444.797,-0.06148544326424599,0.08585166186094284,0.40300002694129944,-0.06113045800368244,0.08639677058360694,0.39722333884582356,0.08165891427186596,-0.028195764388716255,0.05398043307948147,0.9947979359824927,0.07370115995496172,-0.04105865164915344,0.05524324064530094,0.9949022617870823,47.239270247732385,47.58658904508168
59.592875,1786095444.93,-0.06192146986722946,0.0862874910235405,0.40300002694129944,-0.06113617659947154,0.08639464947680042,0.39728383773948,0.07376350345344306,-0.03881871610279841,0.05398655676859467,0.9950565333319888,0.07371216992499303,-0.040664366998160284,0.05502204834089585,0.9949298967555252,47.66329575641614,47.61515339114791
59.664316,1786095445.03,-0.062357500195503235,0.08672331273555756,0.40300002694129944,-0.06116346206473809,0.08640016365016974,0.3973184912411545,0.07350577955684975,-0.027312509279197462,0.05246606871056895,0.9955391699188292,0.07368029106297266,-0.03854353804698352,0.05461663735020753,0.9950390109479388,47.655549547258005,47.62678935936654
59.743117,1786095445.097,-0.06192146986722946,0.08585166186094284,0.40300002694129944,-0.06117025632581962,0.08638522865988628,0.39733830419628186,0.07440877197188503,-0.03552780105661299,0.05408206260649442,0.9951262435037802,0.07375443704288917,-0.038236747104936325,0.054562276714915564,0.9950483365882307,48.13326261961976,47.819163981402895
59.822602,1786095445.197,-0.06220276281237602,0.08737760782241821,0.4020000100135803,-0.061180904685274325,0.0864355415872342,0.39756178630719596,0.07015218943544854,-0.04081991193840757,0.060349044387165776,0.9948720510439066,0.07324869316740407,-0.03859970753313466,0.055375275501026805,0.9950267686805262,48.12317087084739,47.94117288926475
60.003052,1786095445.264,-0.06263771653175354,0.08694285899400711,0.4020000100135803,-0.06121188756189658,0.08644037557273192,0.3976673549346472,0.06546242465410171,-0.07609465671441323,0.05644340927204502,0.9933470771727624,0.07178884682788825,-0.045673653843862086,0.05558289976017049,0.9948220042147861,47.662299909793866,47.85182063125084
60.068475,1786095445.431,-0.06263771653175354,0.08694285899400711,0.4020000100135803,-0.06125222754411532,0.0864475024183355,0.39780301159366094,0.06790952276007649,-0.03181133706609848,0.053474145251178884,0.9957493918362299,0.0706237977419915,-0.041505773575984437,0.054949962947860996,0.9951231338504728,48.10922956481995,47.975589928025244
60.135375,1786095445.497,-0.0618586428463459,0.08586148172616959,0.3970000147819519,-0.06126650005491063,0.08642531368671337,0.39767264445019557,0.07265182048905558,-0.05452291660592414,0.05557993587619121,0.994313750921915,0.07093537814542261,-0.043501030031398116,0.05504712441613964,0.9950103751253487,48.040654800385404,47.98886627600163
60.202398,1786095445.564,-0.06103300303220749,0.08413127809762955,0.3890000283718109,-0.06125568218574259,0.08622983103289122,0.39503560106343144,0.07223029184829824,-0.10954243744568443,0.04603098537685007,0.9902850032809768,0.0713313919198564,-0.062084209790226885,0.052537637106896254,0.9941313696432293,44.502572571838684,45.28277816986065
60.274826,1786095445.631,-0.06127086654305458,0.08272560685873032,0.3750000298023224,-0.06125606634707657,0.08585854712689253,0.38595258872888316,0.07199432766151034,-0.09275586902976235,0.05979406784744804,0.9912809061993253,0.07152992443884518,-0.07093662740946285,0.054635871414200274,0.9934114889391783,42.4533851082118,42.99648151874698
60.333672,1786095445.697,-0.06132695451378822,0.08237002789974213,0.36100003123283386,-0.06125722495127217,0.0855523266654003,0.3729175549702365,0.08114744203473638,-0.032724237573327354,0.04801354827473965,0.9950069929947893,0.07448901739317806,-0.05923989383186082,0.05261598803312646,0.9940692023545878,44.51164980830554,43.8341486713473
60.483331,1786095445.798,-0.059230927377939224,0.08088768273591995,0.3400000035762787,-0.061041665440014825,0.08489636031226463,0.35079359896667883,0.08852008866870717,-0.015140805171820086,0.04070974963306284,0.9951269598426357,0.0801469865010692,-0.04153769055989041,0.04784665758712629,0.99476719797925,44.279324052448025,44.10570286100746
60.554013,1786095445.931,-0.05815085768699646,0.08493918180465698,0.31800001859664917,-0.060666599476439965,0.08490097704464886,0.326789872485563,0.08985841280364694,0.0027667475494800972,0.03088989074832058,0.995471559315465,0.08447771385946193,-0.021898393594324588,0.04033930215619859,0.9953676290299066,44.23676854892612,44.1815380697533
60.609337,1786095445.998,-0.05951402336359024,0.09022116661071777,0.30900001525878906,-0.06066346292652179,0.08593105661920944,0.3167219331384351,0.08884447851371503,0.04992270462333717,0.025711769609838408,0.9944613049808664,0.08593262550706685,0.0011999598304299006,0.03565607070693333,0.9956619851092086,46.52436206591799,45.74366628891083
60.674596,1786095446.031,-0.0589362196624279,0.09199265390634537,0.3060000240802765,-0.0606400172323778,0.08665843093947992,0.3127145913093138,0.08818386796491094,0.045734291492847697,0.017887297188941557,0.9948929714354549,0.0863000715805462,0.008209194407750468,0.03286497563588582,0.9956931254903898,48.64255560500094,47.66876473637273
60.847954,1786095446.098,-0.058492567390203476,0.09176993370056152,0.3020000159740448,-0.06056379217810655,0.08746429555060029,0.3073512190282802,0.08566252701733724,0.039481980504694286,0.003930959913323701,0.9955338528822567,0.08608044934290113,0.01988300579261755,0.022072797523519174,0.9958451756829777,48.26211224402219,48.094163626205095
60.909315,1786095446.265,-0.057512301951646805,0.09176993370056152,0.3020000159740448,-0.06026010127260754,0.08827036259169739,0.30440857813829775,0.10334240271084395,0.10543314662568629,0.01795101426714599,0.9888791435162019,0.09606088454361009,0.06896317784508366,0.01972980382715008,0.9927875509912223,49.21826915872326,49.0273363273662
60.970762,1786095446.331,-0.05573572963476181,0.09109075367450714,0.30300000309944153,-0.05986032494067231,0.08837867131456059,0.30407930530267524,0.0935890849978839,0.07835581174921902,0.013741974028120284,0.9924276336762243,0.09532004707325129,0.07178424012861022,0.017932240859303877,0.9926930775586557,49.61964355505178,49.40778484315537
61.029365,1786095446.398,-0.05540788918733597,0.09010770171880722,0.30300000309944153,-0.05952261926595649,0.08839858879904185,0.3038857123929333,0.09485385742895408,0.07091599256463484,0.028269633990446214,0.9925595677456676,0.09519823000460534,0.07155625737063927,0.020655744168394732,0.9926682926677707,50.73394001984305,50.34185995249417
61.088115,1786095446.465,-0.05460400879383087,0.09007633477449417,0.30400002002716064,-0.05912350731851851,0.08841518787916086,0.3038977051404109,0.08542163730584432,0.04393878072591405,0.017688475552322686,0.9952183907368993,0.09254395547345827,0.06404122574974946,0.019849438985465366,0.99344870903422,49.61365171691439,50.0429555713978
61.164174,1786095446.531,-0.05394617095589638,0.09007633477449417,0.30400002002716064,-0.05871206279691026,0.08842766139718287,0.3039054788986224,0.0852343933287574,0.03610148741442831,0.01836240768281496,0.9955373437417777,0.0905405560536665,0.05635923674717394,0.019441960269197586,0.9941066614421512,49.056787560203894,49.770413311233256
61.337723,1786095446.632,-0.05397000163793564,0.0906689465045929,0.3060000240802765,-0.058357176114195906,0.08848646305905669,0.303957975122373,0.08199048623061153,0.04032858817711763,0.0038142734658618165,0.9958095282036801,0.08770692982101642,0.05103917076333158,0.014253351865754212,0.9947358139072674,50.0651773802894,49.941522643551416
61.398433,1786095446.765,-0.052976761013269424,0.0896761566400528,0.3060000240802765,-0.05779467961558601,0.08853651765929524,0.3039986897660004,0.08839489360188138,0.0659608450759005,0.022860213952613402,0.9936362112564264,0.08793716285760052,0.05597172003188571,0.017097958265529907,0.9944052904969776,50.07363161361207,50.013444282404734
61.469109,1786095446.832,-0.05281771719455719,0.08897319436073303,0.3070000112056732,-0.05756702304736634,0.0885542655159845,0.30412810921764705,0.0799983880979615,0.03885322231360045,0.01866865827887741,0.9958625237529749,0.08631089037154345,0.052461034137931586,0.017420733521904576,0.9947335261988554,49.19042529521298,49.65884898143072
61.532249,1786095446.898,-0.05248555913567543,0.08897319436073303,0.3070000112056732,-0.057342529000652724,0.0885665096711594,0.3042171246578142,0.08132452299509439,0.02569194659043664,0.01946291682155368,0.9961663720025946,0.08518765251898965,0.04640407834220914,0.017884214515115116,0.9951230477899159,48.9357901082262,49.33255544644773
61.587273,1786095446.965,-0.05281771719455719,0.08864118903875351,0.3070000112056732,-0.057248254745091695,0.08856899966234114,0.30428095469130095,0.08223612354959377,0.03131109471513656,0.019184810886557404,0.9959361316683528,0.0845454180824516,0.04311200919536598,0.018168345338756366,0.9953207212612695,48.95193713087616,49.184753243552734
61.756217,1786095447.099,-0.05281771719455719,0.08864118903875351,0.3070000112056732,-0.057140073010038414,0.08857173453892199,0.3043535052185753,0.08526587988797543,0.044148705837759226,0.018090412328001185,0.9952152322395308,0.08473173658647519,0.04338009700669584,0.018148195314334398,0.995293596385289,49.448872945561256,49.29107703913621
61.834329,1786095447.199,-0.05281771719455719,0.08930519968271255,0.3070000112056732,-0.05708593951519197,0.08858556743221042,0.3043894683249798,0.08601634139443746,0.02701120913848058,0.012299537335941715,0.9958515476592456,0.08500592736214276,0.0399147668089016,0.016910088550079312,0.9954370158925785,49.46318247657936,49.34427422244597
61.90686,1786095447.265,-0.053149882704019547,0.08930519968271255,0.3070000112056732,-0.05704751751856387,0.08859239298982134,0.3044077047559513,0.08415297078808492,0.04833449847726646,0.01747919787199694,0.9951263896642689,0.08488314569298286,0.041130684755307026,0.01699233852728552,0.9953965937153882,49.424613596456204,49.359507697050475
61.984286,1786095447.365,-0.05316180735826492,0.08988699316978455,0.30900001525878906,-0.05700538006830479,0.08864018723723938,0.30484309201609133,0.08739004978184452,0.05488284434037297,0.016804466730842012,0.994519211727018,0.08538457486878721,0.04387473109308226,0.016955126425111863,0.9952371606978382,49.72482883547213,49.51029700171205
62.175902,1786095447.432,-0.053002793341875076,0.09042226523160934,0.31200000643730164,-0.056988096393416204,0.08870646111511324,0.30583925024839215,0.08341015722714368,0.05925236471722297,0.01668940111242038,0.994612169057502,0.08507384545244599,0.046306188909287616,0.016913394731299866,0.9951543170620796,50.40365504711188,49.96261374189679
62.246685,1786095447.632,-0.05334042012691498,0.09158153086900711,0.3160000145435333,-0.056892347198921986,0.08905002490802474,0.30921394852195516,0.0803469476165471,0.0008717776456057808,0.014088532569232082,0.9966670062074324,0.08325200089362084,0.028602374099909622,0.015816169989258104,0.9959923982189464,50.900111647411485,50.63787623728372
62.309641,1786095447.666,-0.054708026349544525,0.09260674566030502,0.3160000145435333,-0.056820082622956014,0.08919297973081576,0.3096569917002392,0.08919905937500056,0.028144123283965778,0.011824678222667041,0.9955458869967384,0.08383741589979411,0.028557345249406074,0.015423421006560514,0.99595074366758,50.966397685413,50.734416507514965
62.374179,1786095447.732,-0.05488225445151329,0.09383091330528259,0.3190000057220459,-0.0567208453995335,0.08962669532328893,0.31125904292102685,0.09301542212110453,0.036893622706095565,0.010967694856709788,0.9949204498455055,0.08543513917230088,0.03000794171604684,0.014648464737673322,0.9957840041441743,50.644367931056586,50.71180715193276
62.432343,1786095447.799,-0.05592096596956253,0.09372490644454956,0.32100000977516174,-0.05666307028639818,0.08989614907691514,0.3130347550816143,0.0884391725079614,-0.0068734910009723245,0.015089419135400014,0.9959435613114443,0.08614018069116189,0.021483275372575845,0.014752212562763625,0.9959421220002009,50.80331464222051,50.740197317541444
62.601853,1786095447.899,-0.057321079075336456,0.09524428099393845,0.32500001788139343,-0.05674411351136464,0.09055044292339591,0.31645043595152367,0.08341957839658984,-0.029576610199302796,0.009560836073030347,0.9960296122519844,0.08520148033435736,0.0033835565672216857,0.012915772408366617,0.9962742805657916,51.391734139323106,51.10175302190502
62.664587,1786095448.033,-0.057673826813697815,0.09335494786500931,0.3270000219345093,-0.05684695421227353,0.09058810277668498,0.3195044840878282,0.09161802587269342,0.033540062109369516,0.018459880141228055,0.9950580055424215,0.08766257836213774,0.01490416731362777,0.015035199727292538,0.9959252386202239,49.61719058010095,50.06832534967387
62.733213,1786095448.099,-0.05749530717730522,0.09186684340238571,0.328000009059906,-0.056870288320390254,0.09066066913164808,0.32079613960625186,0.0856544967694585,-1.7115344470222184e-05,0.014548681155258794,0.9962186721633352,0.08722154727030147,0.011614618656806632,0.014928225572528613,0.9960093626098538,50.48746441422889,50.178776327317024
62.814449,1786095448.166,-0.05641769990324974,0.09135635942220688,0.33000001311302185,-0.056862708538994895,0.09070165900215998,0.32235035321405825,0.08734334933413737,0.03299878412101778,0.011796921320723693,0.9955616767538723,0.08725288061422433,0.01648670299689106,0.01421548501803382,0.9959483136360612,50.81344653715236,50.42200709424809
62.992216,1786095448.266,-0.05604119971394539,0.09191003441810608,0.3320000171661377,-0.056834865724190824,0.09073884722383353,0.32448718680496746,0.08876978357638035,0.019267865353613182,0.02018511011977944,0.9956612055403032,0.08762743996452176,0.017172828000084146,0.015688127814385677,0.9958817240965029,50.21998673744013,50.34190959249387
63.058295,1786095448.433,-0.056017421185970306,0.09174130111932755,0.33400002121925354,-0.05680890156218348,0.0907768641784954,0.32702147747466137,0.07931465750019429,0.026594148839909862,0.019945347225096013,0.9962951969557907,0.08522867408853639,0.019893584804833598,0.016917701678716958,0.9960191312252153,50.4853843943003,50.39958501639532
63.135719,1786095448.5,-0.05565604567527771,0.09138008952140808,0.33400002121925354,-0.05678260853539706,0.09079169209932264,0.3276740433995177,0.07843453786532291,0.025563298046620227,0.019817058229559703,0.9963944125023781,0.08428296945192085,0.020683250017114355,0.017321552801772732,0.9960765773963524,50.10779744168574,50.299731432809864
63.205484,1786095448.566,-0.055294670164585114,0.09101889282464981,0.33400002121925354,-0.05673903085291448,0.09079862191684136,0.3281013306850608,0.08180930073196127,0.04512632553125211,0.018236460907087988,0.9954588311685116,0.08384826126504756,0.025016372865975113,0.01748447197858176,0.9960110157077023,50.11965605566835,50.24717749266639
63.269376,1786095448.633,-0.05598931759595871,0.09156391769647598,0.3360000252723694,-0.05673315990697276,0.0908007652257466,0.3289903721405293,0.07731695010900483,0.005584226895584513,0.014177282924235103,0.9968901194638787,0.08257112592546427,0.021208963821039567,0.016836932904193486,0.9962171985603434,49.98463366862268,50.16173551817866
63.455709,1786095448.767,-0.055262234061956406,0.09120054543018341,0.3360000252723694,-0.05667700864077144,0.09081083761261419,0.32984925664275877,0.07747754426936149,0.01568370070272781,0.027878225009318282,0.9964808358601716,0.08117034168340033,0.01968824607062315,0.01987688110518346,0.9963075118632765,49.56183270953304,49.82003135784578
63.518443,1786095448.9,-0.054859768599271774,0.09174340218305588,0.33800002932548523,-0.05659645129681594,0.09083228069743159,0.3311610903487176,0.07724501544029388,0.0033282539974891596,0.021899649008653852,0.9967660385909296,0.08017564367374785,0.015533865564491524,0.02039114078950288,0.9964510858840122,49.80164895031841,49.81341142421184
63.586585,1786095448.967,-0.0546552911400795,0.09054837375879288,0.33900001645088196,-0.056549696373134666,0.0908214315508604,0.33191144773781084,0.07344870547403277,-0.02360261138073202,0.016633925263085006,0.9968808940543203,0.07870784985945653,0.006932893344465029,0.019568001570858497,0.9966815452665401,49.19301848087402,49.532338127041754
63.646518,1786095449.0,-0.05502207204699516,0.09054837375879288,0.33900001645088196,-0.056546143784984806,0.0908170291536844,0.33220604481045574,0.07690643302546973,0.008107286554361071,0.021344564122771782,0.9967768466645046,0.07850844691714456,0.007062911944212538,0.019764690603514736,0.9966924781711124,50.2211427549619,49.73134926948258
63.820805,1786095449.067,-0.05502207204699516,0.09091498702764511,0.33900001645088196,-0.056540141163868074,0.09081803633938508,0.33260616560647494,0.07833784672256465,-0.003038369045191002,0.01495150009644176,0.9968101136772656,0.07847707096615109,0.005160704520909858,0.01885845890546526,0.9967241719699249,49.84200194494276,49.756226934732936
63.897443,1786095449.267,-0.05538886412978172,0.09054837375879288,0.33900001645088196,-0.05650714715275746,0.09080694477532215,0.3331140013200546,0.07975314313452313,0.0048995396383701775,0.014561291400833546,0.9966962423247298,0.0788472002399295,0.005084996763056199,0.01761263780507688,0.9967181431135842,49.87954242826344,49.8110040747826
63.954829,1786095449.334,-0.055346690118312836,0.09108258038759232,0.3410000205039978,-0.05650021535755004,0.09081057904490704,0.33380095001432614,0.07321017701286864,-0.002002918317408259,0.00014702884870695856,0.9973145124194652,0.07798116320477626,0.00399368017689579,0.014923610154224736,0.9968351290779431,49.4857716551878,49.69741680990147
64.023101,1786095449.4,-0.055346690118312836,0.09071379899978638,0.3410000205039978,-0.0564947138921509,0.09080982810749617,0.3342533267324678,0.07400447255574345,-0.006635329246560548,0.0004924051902181399,0.9972357133519961,0.07730227934964505,0.00217424994818343,0.012453562983274354,0.9969275495308242,49.53484052615994,49.65186114014761
64.178878,1786095449.467,-0.055508993566036224,0.09024010598659515,0.34200000762939453,-0.05648486786199575,0.09079655939754112,0.334865166811893,0.07400564587298923,0.0035398957866131847,-0.00026269428791086936,0.9972515051422348,0.07673288230623701,0.0024105523475343033,0.0102536335306345,0.9969960466369846,49.50021101079564,49.61068652622002
64.242321,1786095449.6,-0.055879026651382446,0.09060996025800705,0.34200000762939453,-0.05646495722309314,0.09079534882353435,0.33548200372535825,0.06822028002183776,0.019004921690350573,-0.0012997856153476614,0.9974884043950785,0.074348871690775,0.007065301536929975,0.007013459397685515,0.9971826002191264,49.157235134608804,49.37484656239991
64.307871,1786095449.667,-0.0551389642059803,0.09097982197999954,0.34200000762939453,-0.056440117099969316,0.09079808231498018,0.33569738754755357,0.07091604487853052,0.012565104901818057,-0.0008933878998291095,0.9974027444195515,0.07380433589208907,0.007938595126939403,0.005758080084363267,0.9972245199676352,49.52371731616342,49.41055011027694
64.377102,1786095449.734,-0.0551389642059803,0.09060996025800705,0.34200000762939453,-0.056422078320750066,0.09079681712994563,0.335849147720991,0.07169184415921825,0.012691917234832093,-0.0009123285841744582,0.9973456584226499,0.07348730587249762,0.008652739933034694,0.004755987092506966,0.9972472745282532,49.53414534997978,49.438637852800895
64.440116,1786095449.801,-0.0551389642059803,0.09024010598659515,0.34200000762939453,-0.05640872394233667,0.09078635225679692,0.3359578289006231,0.07169182069692896,0.012711074348645317,-0.0009137055722874027,0.9973454148770072,0.07323496622821538,0.0092236507784111,0.003958449365105805,0.9972642050462325,49.17408120323196,49.35202160744615
64.616583,1786095449.867,-0.055508993566036224,0.09024010598659515,0.34200000762939453,-0.056399951421541514,0.09077883819105174,0.3360361492621982,0.06822153954048771,0.018007887418963826,-0.0012315962931286578,0.99750690258464,0.07251434094232524,0.010487383878202276,0.0032118649144211877,0.9973070585636417,49.519177636040915,49.39375697932063
64.688133,1786095450.067,-0.055508993566036224,0.09060996025800705,0.34200000762939453,-0.056385298985937145,0.09077614280519491,0.3361595791884913,0.06786152253765415,0.010032550688055608,-0.0006824319245679751,0.9976440727896054,0.07133856159549247,0.010372458263751657,0.002227564369028525,0.9973957387597135,49.133852816716654,49.25564470212838
64.750283,1786095450.134,-0.0551389642059803,0.09060996025800705,0.34200000762939453,-0.056368794737531265,0.09077540699951459,0.3361921378230697,0.07091241957075749,0.016115195885885194,-0.0011458019578084817,0.9973517014323753,0.07129405300485314,0.01097429129016879,0.0018740564140555956,0.9973932077417494,49.52371731616342,49.3393640673798
64.812862,1786095450.168,-0.05476892739534378,0.09097982197999954,0.34200000762939453,-0.05634672992311969,0.09077747677071042,0.33620680657350754,0.07320646876611105,0.010246066112627234,-0.0007521362467126057,0.9972638895252742,0.07140245746930321,0.010933023471962086,0.0017252214217313648,0.99738617479698,49.52435574992531,49.371348711536335
64.877223,1786095450.234,-0.05476892739534378,0.09024010598659515,0.34200000762939453,-0.05631610085602732,0.09076862327436994,0.33623035936300066,0.07710553635649814,0.018138174689653442,-0.0014029632746404154,0.996856947899825,0.07206070925436206,0.011764262798874362,0.0013643621978810603,0.9973299327796947,49.86644506637389,49.568668890092006
65.078706,1786095450.434,-0.05476892739534378,0.09024010598659515,0.34200000762939453,-0.056270916798676913,0.09075523327826368,0.3362817130855181,0.07169770750073406,-0.0006971313379930676,5.011169811383509e-05,0.9974261627989586,0.0719711247104391,0.008652692415977091,0.0010361998587328253,0.9973686451917975,48.57612089016638,48.879257316734524
65.144435,1786095450.535,-0.05476892739534378,0.09024010598659515,0.34200000762939453,-0.05625527189860431,0.09075050574586001,0.3363045312160086,0.06860429251272752,0.0017268052722730226,-0.00011874620430106996,0.9976424485213722,0.07149337318412645,0.007669397569211431,0.0008722262182385669,0.9974112076536461,48.5941983809794,48.75223463577568
65.214418,1786095450.568,-0.05476892739534378,0.09024010598659515,0.34200000762939453,-0.05625078700710635,0.09074913917392728,0.3363117112500272,0.07167303839511563,0.026171980174923982,-0.0018813131731285182,0.9970829773302122,0.07150895094240614,0.009177291624094445,0.0006478490242691694,0.997397527340631,49.53655282205456,49.00676995724591
65.287813,1786095450.668,-0.05476892739534378,0.09060996025800705,0.34200000762939453,-0.05624071319812794,0.09074667704628693,0.33633189700907046,0.07129780910373897,0.016569248091182365,-0.001184529488324799,0.9973167397194288,0.07147029967494252,0.010541425418725266,0.00030970916937783904,0.9973869753985892,49.181401570158194,49.07121110934861
65.460454,1786095450.701,-0.0551389642059803,0.09060996025800705,0.34200000762939453,-0.056231957921891236,0.09074598327681066,0.3363384159897053,0.06822160713091437,0.017979585801713587,-0.001229661279274786,0.99750741087373,0.07122081795469717,0.011113056987231282,0.00019141273209709932,0.9973986456855797,49.52371731616342,49.19156333114852
65.521613,1786095450.902,-0.05476892739534378,0.09060996025800705,0.34200000762939453,-0.05621247623132579,0.09074367635295871,0.3363756680548859,0.07090369065701249,0.022513250717963337,-0.0016007100748676958,0.9972277863761022,0.07113518268253906,0.014225517983709858,-0.00029784386596393213,0.9973651947565889,48.44151244003008,48.70629906318457
65.58355,1786095450.968,-0.05476892739534378,0.09024010598659515,0.34200000762939453,-0.05620709715190686,0.09073713609998706,0.33638770709765076,0.07481059894538901,0.015151805369505753,-0.0011368329189742129,0.9970819949685136,0.07151032765074243,0.014320060365030179,-0.0003834673239569672,0.9973369851074595,49.14689371281285,48.867704878837536
65.642737,1786095451.002,-0.05476892739534378,0.09134968370199203,0.34200000762939453,-0.05620454799355132,0.09074968012995853,0.33639386582047687,0.07092017734631961,0.006645315789473504,-0.00047248721182053253,0.9974597460444504,0.07147234620958053,0.013824482811417732,-0.0003892165457803952,0.9973466979505047,49.16087544149189,48.930383228537025
65.709661,1786095451.068,-0.05476892739534378,0.09024010598659515,0.34200000762939453,-0.056200190869304105,0.09074179137185674,0.3364056988593096,0.07440198599592221,0.015058788437368034,-0.0011236466185787916,0.9971139928759087,0.07178377048499662,0.013955682724412607,-0.00046727844875369957,0.9973224708515818,49.14751750409631,48.99477925568253
65.87186,1786095451.235,-0.0551389642059803,0.09097982197999954,0.34200000762939453,-0.05617142937140892,0.09075005978909745,0.3364351812715794,0.06860261071836841,0.007144474224970994,-0.0004912996818585649,0.9976183623587205,0.07114994060355251,0.012597952917443046,-0.0004720691161740717,0.9973859607419538,48.80195944059502,48.90814097836382
65.93986,1786095451.302,-0.05476892739534378,0.08987024426460266,0.34200000762939453,-0.05615823512188281,0.09072052620255987,0.3364469505508965,0.06699184750196248,0.004119510824235057,-0.0002765973734766454,0.9977449801891942,0.07071151170819841,0.011703428358195869,-0.0004514464852088544,0.9974280465641002,49.22993651171538,49.019139858960614
66.000518,1786095451.369,-0.05439889803528786,0.09097982197999954,0.34200000762939453,-0.05612190934874083,0.09072572270355639,0.33645867105898647,0.06589175489417004,-0.012050737204778292,0.0007958319085171998,0.9977536885531224,0.06995887339233267,0.00798093860260496,-0.0002559804795766106,0.9975179171958222,48.26626444318289,48.665677544638896
66.05826,1786095451.435,-0.054028868675231934,0.09060996025800705,0.34200000762939453,-0.056063082941980764,0.0907253853006153,0.3364701763230177,0.0713062314733066,-0.006165707402788159,0.00044078383016272457,0.9974353167573893,0.07017873506365112,0.005682717768222221,-0.00014278439295764935,0.9975182361622517,49.54401718804359,49.08520616961482
66.12093,1786095451.502,-0.05476892739534378,0.09097982197999954,0.34200000762939453,-0.05604966326360107,0.09072921146336026,0.3364818195125294,0.0702860575622576,-0.006993901848631895,-0.006953347175219663,0.9974781232750659,0.07019799053182336,0.00352943859232273,-0.001299688599882818,0.9975259876304278,49.178212549465535,49.11057831323249
66.259344,1786095451.569,-0.05476892739534378,0.09097982197999954,0.34200000762939453,-0.056039501912837755,0.09073202834374448,0.3364934298527815,0.0721295036095044,0.003291383732161824,-0.0075995141930464746,0.9973608919975777,0.07049425399088542,0.003492959141679216,-0.002265339204292941,0.9975034975522604,49.378663950740105,49.20146661503171
66.324146,1786095451.702,-0.0551389642059803,0.09097982197999954,0.34200000762939453,-0.05601181579178931,0.09073549660442284,0.336516363504315,0.06684380334105329,-0.007604429985094436,-0.0068605076356971755,0.9977108859957803,0.06964071272881728,0.0008952101315869846,-0.003341058564226547,0.9975661416954332,49.165006193631676,49.19033796784493
66.394633,1786095451.769,-0.05476892739534378,0.09097982197999954,0.34200000762939453,-0.056004259044735764,0.09073687075027898,0.3365278891331678,0.0676174964252393,-0.01294129126205106,-0.006573665689707324,0.9976057257639681,0.06934137489265205,-0.0011581083077600131,-0.0038208193818828283,0.9975850008156675,48.87053660175619,49.087066366573424
66.468475,1786095451.836,-0.0551389642059803,0.09134968370199203,0.34200000762939453,-0.05599310630765346,0.09074792710016494,0.33653938827764185,0.06724505197185511,-0.013485163662381276,-0.006501360640964871,0.9976241705452596,0.06901825973343576,-0.0030624971978633077,-0.004234970430127308,0.9976017070753924,49.178212549465535,49.10859984918819
66.644589,1786095451.902,-0.05439889803528786,0.09024010598659515,0.34200000762939453,-0.0559592342673871,0.09073236306235094,0.3365506908372917,0.07299133299635997,-0.005677189798757678,-0.007026439261879022,0.9972916644466163,0.06956559491627194,-0.0034226235429106184,-0.004619446234515616,0.9975608123661008,49.17976068953142,49.12406181580361
66.717234,1786095452.103,-0.05476892739534378,0.09097982197999954,0.34200000762939453,-0.055951208666236055,0.09073684156110157,0.33658489004945497,0.06980958438439332,0.005923729109474154,-0.007820307273324964,0.9975120922353105,0.06963014292388693,-0.0009752075225881617,-0.005457671560539807,0.9975574700175545,49.41902892000223,49.28154831577949
66.780989,1786095452.136,-0.05476892739534378,0.09060996025800705,0.34200000762939453,-0.0559499082508668,0.09073591315974297,0.3365904988909668,0.07284632644592849,0.011995175241428237,-0.008318488754360812,0.9972363467298533,0.06987242010401208,2.9068086256883103e-08,-0.0056728118293536255,0.997539805779577,49.77394104689252,49.41322967645137
66.846942,1786095452.203,-0.05439889803528786,0.09060996025800705,0.34200000762939453,-0.05592552398460924,0.09073452360568317,0.3366018622456771,0.06975899476889946,0.013278331652866108,-0.008335033927465166,0.9974406728055444,0.0698560198589658,0.0020165740655665714,-0.006077184333359284,0.9975365345435124,49.79292537972953,49.55585717166555
67.058167,1786095452.336,-0.05439889803528786,0.09060996025800705,0.34200000762939453,-0.05589680197266373,0.09073280797933617,0.3366243245665725,0.07019555264902824,0.006378289369679683,-0.007895097704189499,0.9974816134873141,0.06992594899193032,0.0029132583325406406,-0.0064509217447208615,0.9975270724106234,49.451382956509505,49.52181579299994
67.121108,1786095452.503,-0.054186850786209106,0.09161679446697235,0.34300002455711365,-0.05585009979150556,0.09078600554312481,0.3370391470144929,0.07940235537970868,0.009977218782198162,-0.015592971500092177,0.9966707481938676,0.07216211388595323,0.0045791606285215634,-0.008606956451758529,0.997345266649462,49.10385488053915,49.30065380575721
67.182676,1786095452.536,-0.053444623947143555,0.09161679446697235,0.34300002455711365,-0.05580110455443139,0.09079476685968943,0.3371073132490749,0.09534803287994485,0.013405892623147484,-0.016019877772741973,0.9952247978145681,0.07446461737207127,0.005455018628294884,-0.009342668600802701,0.9971649703408215,49.81889094376471,49.446431106466214
67.244719,1786095452.603,-0.05307350680232048,0.09235866367816925,0.34300002455711365,-0.05568578001603185,0.0908599187154155,0.3372066801237532,0.09332792910721177,0.0059961579977561175,-0.015386391708132212,0.9954984694553926,0.07816529735341929,0.005561284943304373,-0.010527898023848245,0.9968693102722295,49.242125448875,49.395026196209784
67.303392,1786095452.67,-0.052702393382787704,0.09235866367816925,0.34300002455711365,-0.055555921471222326,0.09090528736990103,0.337279299853911,0.10300870811998573,-0.025101036131345074,-0.01954741956359324,0.9941715357145312,0.08441509803335895,-0.0021365732650992994,-0.012794155843780726,0.9963462429572093,48.15761290052317,48.6936762551956
67.470435,1786095452.736,-0.05328880250453949,0.09171954542398453,0.34200000762939453,-0.0555319315233146,0.09090961676991839,0.3374236233022557,0.10525458796764202,-0.008667562153975832,-0.01406367762989598,0.9943080800484281,0.08954791289874102,-0.003744081952794577,-0.01310718468176269,0.9958892282053905,48.26168929248735,48.49196564924759
67.565475,1786095452.936,-0.05291876941919327,0.09245925396680832,0.34200000762939453,-0.055422387389704654,0.09098852488391594,0.33762424107249706,0.11061995015472104,-0.011648772783299512,-0.013657438590917535,0.9937006627206935,0.09798250884869479,-0.006906294319885203,-0.013328098389750964,0.9950749182105817,50.04563148545212,49.64222665492143
67.639382,1786095453.003,-0.052548740059137344,0.09171954542398453,0.34200000762939453,-0.055353079420882426,0.09100178607180634,0.33767370064213564,0.11831866993049132,0.004922981465800795,-0.015499027368510183,0.9928425034969025,0.10215769846839812,-0.004480575413350123,-0.013773940549129055,0.9946627607633425,48.007172752479065,48.64002613733098
67.712029,1786095453.07,-0.052702393382787704,0.09235866367816925,0.34300002455711365,-0.05532088259461837,0.09102101804363766,0.3378427065364442,0.11940553232893727,-0.031214001826190604,-0.018394808299667036,0.9921842752064034,0.10629037479833475,-0.010871502309606013,-0.01487984037087121,0.9941643511076523,49.13259782599473,48.75123385243304
67.87471,1786095453.137,-0.052702393382787704,0.09161679446697235,0.34300002455711365,-0.055296814665175935,0.09103332173106052,0.33796203330536634,0.11852879994247432,-0.0220599381936403,-0.019893789576151958,0.9925061812640713,0.10910512479794589,-0.013442449627902787,-0.016032244520817578,0.9938100117358704,48.559977436560956,48.67339187554181
67.945933,1786095453.303,-0.05307350680232048,0.09161679446697235,0.34300002455711365,-0.05525252378234395,0.09104934376763033,0.33811534505820334,0.11801298322183916,-0.02946603250712203,-0.018907722229722965,0.9923946728794218,0.11221191583773481,-0.01902380268550701,-0.01703436970124992,0.9933561350916846,48.150718953238176,48.34043766193342
68.010061,1786095453.37,-0.05307350680232048,0.0919877365231514,0.34300002455711365,-0.0552386731771317,0.0910580603418187,0.3381614976051277,0.122492490643769,0.006763450245989945,-0.023192550910568686,0.99217536305782,0.1144066955386021,-0.013538916390199975,-0.018345663635133104,0.993172312534287,48.77713454704633,48.47453326100175
68.087442,1786095453.437,-0.05307350680232048,0.09161679446697235,0.34300002455711365,-0.05522763230943714,0.09106402890229498,0.33819673593774163,0.12395236620509018,0.0012356497459197902,-0.022754400971520497,0.9920264720854438,0.11644098080806237,-0.01039556803996742,-0.019284259238622866,0.9929559645317614,48.4931432543033,48.47894877801961
68.149943,1786095453.504,-0.05307350680232048,0.09161679446697235,0.34300002455711365,-0.05521855752262323,0.09106853684922282,0.3382243699210403,0.12191268947498413,0.003869680930034121,-0.022714620443069555,0.9922733331761985,0.11757599084961948,-0.0074428230865446875,-0.019994744407581897,0.9928346795697197,48.31733087400432,48.42918456843615
68.209941,1786095453.57,-0.05307350680232048,0.09124584496021271,0.34300002455711365,-0.05521096181994811,0.0910720130421035,0.3382464123912953,0.12191134231180643,-0.027157480792228853,-0.0192948159908362,0.9919817568527322,0.11849737614702678,-0.011614774351094297,-0.01984731848824813,0.9926880440560717,48.298465435305694,48.39264701407716
68.392134,1786095453.637,-0.05328880250453949,0.09171954542398453,0.34200000762939453,-0.05518971433992382,0.09107647285296663,0.3383820946513802,0.12317371225304205,-0.014681987354134191,-0.013319992497285101,0.9921871061735331,0.11939175776320558,-0.012201021246381338,-0.01859998373967953,0.992597997108417,48.41858969938021,48.397458727766534
68.464361,1786095453.837,-0.05291876941919327,0.09171954542398453,0.34200000762939453,-0.05514480215552611,0.09108452030805651,0.33856454356238963,0.12127498286026438,-0.02950080565279503,-0.018968552950851744,0.9919991305424765,0.12002721194820806,-0.01800180466015885,-0.01872418845454408,0.9924307573768741,48.63715039763931,48.51657475970872
68.539517,1786095453.904,-0.05291876941919327,0.09171954542398453,0.34200000762939453,-0.055132889877837404,0.09108680527173413,0.3386091131921046,0.124626005238962,-0.03196574217870852,-0.018658459060322763,0.9915131930794652,0.12075089822901924,-0.02019425653748425,-0.018714138473828076,0.9923009591857531,48.21431482600344,48.41326728573651
68.619878,1786095453.971,-0.05291876941919327,0.09134968370199203,0.34200000762939453,-0.05512316890871597,0.0910906427732087,0.3386422658177062,0.1269424679542161,-0.01537483237168106,-0.02067672288758251,0.9915753614778181,0.12166796240484003,-0.019480902468881973,-0.019004745269701216,0.9921976723518787,48.198227451055025,48.347275698433094
68.810418,1786095454.104,-0.05291876941919327,0.09171954542398453,0.34200000762939453,-0.055108561085510425,0.09109785013596275,0.3386839790613264,0.12568150798747119,-0.020350772563883505,-0.019824874390967685,0.9916637428894084,0.12247108092872477,-0.01965495539599127,-0.019168846399533812,0.9920922701000359,48.02620175022033,48.193861676956544
68.879881,1786095454.237,-0.05328880250453949,0.09097982197999954,0.34200000762939453,-0.05506592975900574,0.09109304318315294,0.33871275837103265,0.12192678603417254,-0.029827680668388902,-0.019033608163657383,0.9919082064755761,0.12236935002772924,-0.021574626927676675,-0.019143480330695368,0.9920654236528712,48.08145156064188,48.15128584760405
68.93893,1786095454.304,-0.05291876941919327,0.09208939224481583,0.34200000762939453,-0.05504707819010842,0.09112191517117156,0.3387249654916828,0.12622917536890077,-0.014426326996358487,-0.02068468095089176,0.991680503160691,0.1228008937862113,-0.020776262388473847,-0.019315691644342728,0.9920258018130242,48.31660593070198,48.1951666154855
69.007232,1786095454.371,-0.05328880250453949,0.09171954542398453,0.34200000762939453,-0.05502772638606738,0.09112657365909882,0.3387355640457918,0.1227063061112635,-0.0043100899785905025,-0.02188933790026372,0.9921922406727405,0.12278969152744194,-0.01846861749066902,-0.019676751935745012,0.9920657373661476,48.33640417076032,48.23061423890958
69.192865,1786095454.438,-0.05291876941919327,0.09171954542398453,0.34200000762939453,-0.055007817023460644,0.09113019948508198,0.33874503078960316,0.12593925982844553,-0.033822225689388474,-0.01811546103431278,0.9912957126684214,0.1232854368906656,-0.02087575659333732,-0.019432326991973583,0.9919613341784096,48.20385742371516,48.225328626433736
69.253663,1786095454.638,-0.05291876941919327,0.09171954542398453,0.34200000762939453,-0.05497470490362834,0.09113697888054767,0.33876876777176634,0.12937136876937175,-0.006171582187305216,-0.021812499136802554,0.9913370644727512,0.12511461892821044,-0.016464962436753983,-0.020146925588717175,0.9918010579404156,48.37702241556783,48.29650787906733
69.312876,1786095454.671,-0.05328880250453949,0.09171954542398453,0.34200000762939453,-0.05496185576662764,0.0911380072795361,0.3387725825413526,0.12063828051505786,-0.031456346704529445,-0.018630252552834955,0.99202309308614,0.12472355014435402,-0.0177789654603364,-0.020014203880656403,0.9918303161678274,47.43793513571029,47.98292762827707
69.378055,1786095454.738,-0.05328880250453949,0.09171954542398453,0.34200000762939453,-0.05494267592961959,0.09113983354918542,0.3387800284647297,0.12682448667085228,-0.011179124039222655,-0.021213121109053018,0.991635306077392,0.12503821418842187,-0.016791774094578937,-0.020193608678376808,0.9918042647034099,48.779526012905855,48.33328800979629
69.557297,1786095454.805,-0.05328880250453949,0.09208939224481583,0.34200000762939453,-0.05492827341067309,0.09115534761633001,0.3387872601457347,0.12482287416365151,-0.012411699950299766,-0.020719291789226477,0.991885028991577,0.12500982715541772,-0.016211541088326595,-0.020263271374154023,0.9918160761367661,48.264539601142225,48.318024311291666
69.625718,1786095455.005,-0.05328880250453949,0.09134968370199203,0.34200000762939453,-0.05490385472706696,0.091162616914444,0.3388079332848609,0.1259164160639579,-0.0005605535165937715,-0.022449776395639946,0.9917866451435757,0.1252639122531411,-0.011879648717137765,-0.020869018905758062,0.9918328035930782,48.31941487103968,48.31856249455153
69.687803,1786095455.071,-0.05328880250453949,0.09097982197999954,0.34200000762939453,-0.05489720454358569,0.09115845536329514,0.33881468146213617,0.1263273706653812,-0.01946034658233842,-0.020047135991602457,0.9915950799949548,0.12538647728906002,-0.012750676590314055,-0.02077465078498499,0.9918084822405439,48.48583783215901,48.36283104997297
69.749732,1786095455.105,-0.05328880250453949,0.09134968370199203,0.34200000762939453,-0.05489408538195642,0.09115881714669165,0.33881814100911806,0.1263210333291173,-0.01944403509086601,-0.020048262599787054,0.9915961845452912,0.12545097739240244,-0.013211319223003603,-0.020724692965934766,0.9917953420021424,48.544045127580034,48.393504095496716
69.826637,1786095455.205,-0.053444623947143555,0.0919877365231514,0.34300002455711365,-0.054876505203445246,0.09118497607991644,0.3390233290490514,0.12046177122029293,-0.02807344304807083,-0.026063514585310983,0.9919785968847099,0.124494325310062,-0.016069289363156644,-0.02175168289671798,0.9918517052443456,47.99618394388603,48.21652514221833
69.990357,1786095455.238,-0.05307350680232048,0.09087490290403366,0.34300002455711365,-0.05486477477391839,0.09117979150991624,0.3390793209204407,0.1237012319701275,-0.025172077162822968,-0.02713392996928298,0.9916290241742642,0.12442836730551968,-0.016832571097087745,-0.022203044921581476,0.9918373207114937,48.52270868213514,48.278558142130855
70.059301,1786095455.438,-0.053444623947143555,0.09161679446697235,0.34300002455711365,-0.054840418606768,0.09118638270536962,0.33923682329612825,0.12378284247087892,-0.023229713970562577,-0.019585681363190877,0.9918440348080009,0.12425656932485182,-0.018540981832538175,-0.02150419319579754,0.9918437914547338,48.61079789506494,48.45883789392515
70.124648,1786095455.505,-0.05307350680232048,0.09050396829843521,0.34300002455711365,-0.05481724678206143,0.09115925067564053,0.3392758919586392,0.11628381046153764,0.007243659645649034,-0.01581400419527952,0.9930637049508934,0.12292791386732552,-0.014223615976946843,-0.020552356521914394,0.9921008100904686,48.8739649139325,48.612382464341536
70.198307,1786095455.572,-0.052702393382787704,0.09124584496021271,0.34300002455711365,-0.054768100765953204,0.09115943584245204,0.33930547163891556,0.11124831487344577,-0.010896883075449337,-0.013773247759372465,0.9936374429454727,0.12093354819587873,-0.013655266815015901,-0.0193940760041691,0.9923771865701622,48.77462281229999,48.65731089689265
70.264597,1786095455.639,-0.05338297411799431,0.09177789837121964,0.3450000286102295,-0.05475143255237487,0.09117268147548434,0.3397307818433797,0.10483728899162499,-0.025738487969667486,-0.026747779861616045,0.993796372174097,0.11784875833588088,-0.015974707375198478,-0.020806056158350645,0.9926850391287779,49.63100413293559,49.17364122098037
70.417155,1786095455.739,-0.05316334590315819,0.09241810441017151,0.3460000157356262,-0.05474422995571031,0.09123459842057313,0.34042084952974755,0.10842801726026464,0.020646576679553944,-0.01680225302305604,0.993747839362568,0.11504987107621961,-0.005027523504065608,-0.019612091820627352,0.9931533703447724,48.6897585916675,48.989687795345795
70.476952,1786095455.839,-0.05278898775577545,0.09092136472463608,0.3460000157356262,-0.054701835903333294,0.09122096127161974,0.3408205574057224,0.11050512229821831,0.002606514289196999,-0.015073622510998053,0.9937578225772675,0.1139115968043051,-0.0031137422020851894,-0.01847449632393889,0.9933142230475557,48.046721937355976,48.4607753956427
70.541354,1786095455.905,-0.05316334590315819,0.09054717421531677,0.3460000157356262,-0.05469115761295726,0.09119778186416613,0.3410034854209798,0.11050610419743527,0.0017518366109365558,-0.014979099071653736,0.9937610168418742,0.1133594042332084,-0.0023242827003023183,-0.017907406854909498,0.9933899375177674,48.98575057947327,48.66223326040385
70.615185,1786095455.972,-0.05316334590315819,0.09054717421531677,0.3460000157356262,-0.0546826242033356,0.09118124780927975,0.34113379633298707,0.10933269032769397,-0.019772923222415598,-0.012786736710035178,0.9937262669856611,0.11263565328850124,-0.005473119669028231,-0.016983791505528888,0.9934761222069999,48.63561987795349,48.65708886770706
70.676873,1786095456.039,-0.05384717136621475,0.09144692122936249,0.34800001978874207,-0.05465826356801906,0.09118613286526284,0.3417233439861962,0.10389705426452374,-0.024162334120126125,-0.027189584468254268,0.9939226882516898,0.11087516086654556,-0.00924880430966163,-0.01904621257413555,0.9936087761831817,49.392031603469775,49.0039927592166
70.853026,1786095456.172,-0.053246695548295975,0.09133226424455643,0.3490000069141388,-0.054646606559418755,0.09118837741879747,0.34273069527650063,0.10639317846764097,-0.028422744458718438,-0.0188326631062327,0.9937393873512884,0.10954410882972329,-0.014962665512406381,-0.018983351266893454,0.993687998939377,48.798198649311615,48.9328825968384
70.931458,1786095456.306,-0.05286908522248268,0.0917096957564354,0.3490000069141388,-0.0545979072278126,0.09120460926047257,0.34324736257375427,0.10265736392959086,-0.036329409129413404,-0.025412274865900242,0.9937282606172952,0.10756573230169593,-0.021120601885013683,-0.02083698928171835,0.9937551777415241,48.23977407918884,48.54335286077281
71.007987,1786095456.372,-0.05286908522248268,0.09133226424455643,0.3490000069141388,-0.05458008695509613,0.0912054025860423,0.343425076282069,0.10539010970206449,-0.024094811785099514,-0.019695027814316677,0.9939438971599055,0.1072539950242362,-0.02154691994796589,-0.020673329028351367,0.9937831374394429,48.6728887631151,48.57370614035791
71.089307,1786095456.439,-0.05309412628412247,0.09107057005167007,0.34800001978874207,-0.054573395435271156,0.09120343176410052,0.343506150580566,0.10063825317877205,-0.01319787832636611,-0.013496917795428758,0.9947439827487429,0.10624617971562385,-0.020273840610156444,-0.01957907790579214,0.9939403303977097,48.39984294730622,48.52455553101022
71.275511,1786095456.539,-0.052717600017786026,0.09031788259744644,0.34800001978874207,-0.054538466999936856,0.09116021452053093,0.34358452115369015,0.10465591046817571,-0.02604441961511455,-0.012245898992052877,0.994091980939825,0.10594420725811776,-0.02137240489756843,-0.018183349446359787,0.993976061613284,48.937262332337134,48.70764032132092
71.33495,1786095456.706,-0.052491482347249985,0.09057740867137909,0.3490000069141388,-0.054473328858562146,0.09114445177175537,0.34387987608640347,0.10743452195837158,-0.008451077657438737,-0.006474775446239722,0.994155158946995,0.10634018791129772,-0.01796711655452675,-0.015097635084682676,0.9940528198101727,48.82813843415007,48.75900009518612
71.401708,1786095456.773,-0.05317206308245659,0.09109647572040558,0.35100001096725464,-0.05444825984519692,0.09114373988670538,0.34447596484578846,0.09996418588295176,-0.020230203079816517,-0.020127794429499572,0.9945817072093734,0.10553327986963928,-0.018253738837226016,-0.015734612042652994,0.9941237095262772,48.417603290802646,48.64059709816208
71.464067,1786095456.839,-0.05317206308245659,0.08995770663022995,0.35100001096725464,-0.05443028493828793,0.09110363365293435,0.34486970831149755,0.10095332766038607,0.0069951817852183275,-0.015497637989165708,0.9947458551222232,0.10475064650603227,-0.013912703556876887,-0.0156945993476416,0.9942773346947137,48.37515820210763,48.555779076943466
71.645304,1786095456.906,-0.053020577877759933,0.08970142155885696,0.3500000238418579,-0.054423006413769175,0.09105599575197809,0.3449168843963819,0.10131135516707326,-0.018640581954821808,-0.012933370964271083,0.9945960315294332,0.10421417329620745,-0.014650611082496484,-0.015263704086707509,0.9943298170208167,48.74654620910504,48.607177422010615
71.712869,1786095457.073,-0.053020577877759933,0.09083694964647293,0.3500000238418579,-0.05441049876080878,0.09104795736256145,0.3449869403485321,0.10200304636280866,-0.0024009897392278695,-0.007133549644373394,0.9947556113189059,0.1036141635069508,-0.011314226795541603,-0.01304944529365621,0.9944675989544867,48.816903283819975,48.70232211309447
71.77338,1786095457.14,-0.053020577877759933,0.09007991850376129,0.3500000238418579,-0.05440611448652417,0.09102803393693754,0.34500974186438427,0.10212094366872715,-0.020834115494573854,-0.00524229952694182,0.9945399794836994,0.10340436826018236,-0.012658021630003345,-0.011947623542318521,0.9944870865953052,48.82700224100681,48.731550012628595
71.837971,1786095457.206,-0.053020577877759933,0.09045843780040741,0.3500000238418579,-0.054402230442138454,0.09102641517818691,0.34502858061151853,0.10114375192093927,-0.03391984535407778,-0.004063597399379364,0.994285106352643,0.10301504220453322,-0.016356518579560025,-0.010576817109975923,0.9944890629460823,48.65570921974818,48.71411841855034
71.898583,1786095457.273,-0.053020577877759933,0.09083694964647293,0.3500000238418579,-0.054398603634536045,0.09102329369576162,0.34504508423568225,0.10409780214717096,-0.02608644030690917,-0.012089095367869725,0.9941513964147659,0.1031960419351243,-0.01797682271587611,-0.010828708519079093,0.9944396159877054,48.816903283819975,48.73755935664292
71.959445,1786095457.34,-0.053020577877759933,0.09007991850376129,0.3500000238418579,-0.054395200409079025,0.09100481343877984,0.3450597448457216,0.10200626737162573,-0.002401320429372072,-0.0071337407459143055,0.9947552788601194,0.10298917148503518,-0.015243794917959878,-0.01018047626126943,0.9945135570601433,48.686227502437774,48.726572359238155
72.148442,1786095457.406,-0.05317206308245659,0.0907168835401535,0.35100001096725464,-0.05438559913816268,0.09100109334818979,0.34528552242557464,0.09897199544366941,-0.024557985555534397,-0.01948054850373016,0.994596379288275,0.10229048262682798,-0.016867230762953767,-0.011801382628654853,0.9945415431536342,49.095866190421944,48.8563015038155
72.201864,1786095457.573,-0.053020577877759933,0.09121546149253845,0.3500000238418579,-0.05437505487382571,0.09101148162954165,0.345393164035353,0.10071134729861417,-0.016057884129527685,-0.013122736094680199,0.994699533869384,0.10189997405061617,-0.016667068998125655,-0.012128188239577911,0.9945810731908792,48.83241893010592,48.847969417443
72.269523,1786095457.64,-0.053020577877759933,0.09121546149253845,0.3500000238418579,-0.05437124392507635,0.09101449662615606,0.3454261899010976,0.10355222430955595,-0.028216068413323744,-0.011801149444568046,0.9941536718212255,0.1021146759390815,-0.018162458469345673,-0.01208593940115674,0.9945333821089151,48.45039523164109,48.70375692704552
72.333165,1786095457.707,-0.052641890943050385,0.09045843780040741,0.3500000238418579,-0.05434282599443603,0.09100294691683725,0.3454521356789464,0.1078773169343067,-0.016905155386366635,-0.013134184582736437,0.9939336966859332,0.10282057152636666,-0.018008523703077907,-0.012214331716069084,0.9944618812431962,48.24728518027634,48.52360603305112
72.528665,1786095457.773,-0.052641890943050385,0.09083694964647293,0.3500000238418579,-0.05432225603498956,0.09100249792045315,0.3454728714193706,0.10880198712351903,-0.01807280576418935,-0.012732745623846369,0.9938175780688635,0.10351624180301666,-0.01801603171517579,-0.012274632183744812,0.9943888292257566,48.0689755463853,48.33975677178934
72.598478,1786095457.974,-0.053020577877759933,0.09007991850376129,0.3500000238418579,-0.05429774886409263,0.09095147101326492,0.3455163111715486,0.1088599441472157,-0.023383689334572758,-0.012152306727482307,0.9937077221570589,0.10475276107508748,-0.01925765210759411,-0.012246401689052899,0.994236404246052,49.408622860730496,49.08913531070858
72.660562,1786095458.04,-0.053020577877759933,0.09007991850376129,0.3500000238418579,-0.054291316900555615,0.09093927083930076,0.3455290824920403,0.11062257332599233,0.005084284949184713,-0.007966935018562847,0.9938175507927504,0.1056337990319467,-0.015622617019478606,-0.011607702852228872,0.9942146124323638,49.49580658907847,49.25452831122054
72.721931,1786095458.074,-0.052641890943050385,0.09007991850376129,0.3500000238418579,-0.05427794014559555,0.09093396361934811,0.3455353354148881,0.11009672499217928,-0.004290345343731439,-0.006885326402082275,0.9938877684945946,0.10606667551658479,-0.014525575097398814,-0.011150582352082824,0.9941903904817019,48.696393625905124,49.11107729228054
72.786209,1786095458.14,-0.052792295813560486,0.09033729135990143,0.35100001096725464,-0.05426865880236448,0.09093129487522068,0.34573768736907534,0.10739037877554584,-0.02442219561784766,-0.012208126707437069,0.9938419514942723,0.10628457276205175,-0.016149288069891743,-0.011324157356679654,0.9941401076044487,48.572760251027745,48.89915055281662
72.861691,1786095458.24,-0.052412521094083786,0.09033729135990143,0.35100001096725464,-0.05422254461800577,0.09092810872242782,0.34592541011533795,0.10420522027373039,-0.03135481011482537,-0.0114944387728135,0.9939949827980344,0.1058302231798359,-0.019487787820113723,-0.011361768969658813,0.9941283117351927,47.85939783056641,48.26082044086161
72.92546,1786095458.307,-0.05256184935569763,0.09021399915218353,0.35200002789497375,-0.05421087456706147,0.09092410837984263,0.3462437072586097,0.10745172574122953,-0.0052874257606244516,-0.02198001783236242,0.9939532426528657,0.10611560155388323,-0.01701018794186888,-0.013214973986315584,0.9941204640663931,48.67762279017316,48.37347058092163
73.116076,1786095458.407,-0.05256184935569763,0.09059466421604156,0.35200002789497375,-0.054198275600995285,0.09091816703684662,0.3465277027404714,0.10394894823563129,-0.027414277314949175,-0.04885209033773499,0.993003800007653,0.10551313842896994,-0.019977433310171523,-0.023372322542678625,0.9939424602642588,47.53827651716983,47.86596138114561
73.193671,1786095458.541,-0.052412521094083786,0.08995770663022995,0.35100001096725464,-0.0541699758104074,0.09089044470653058,0.34664181022758694,0.10508276007298123,0.036999639882055256,-0.048427393287571285,0.9925942916234274,0.10538731605204368,0.0032087204259151295,-0.03358324188217565,0.9938588348418795,48.90620184838212,48.48795724818349
73.266836,1786095458.641,-0.05294270068407059,0.09059466421604156,0.35200002789497375,-0.054141915059430536,0.09088398267492821,0.34685562247866614,0.1040899433964925,0.009674567500103384,-0.06059032976356111,0.9926734097207117,0.10497923047424035,0.005287161030290359,-0.04226634962324215,0.9935617558998545,47.88775606862456,48.179098042267206
73.327739,1786095458.707,-0.05256184935569763,0.09021399915218353,0.35200002789497375,-0.0541314745145153,0.09087923217376354,0.34695648258948325,0.10750175102235797,0.017887295245589973,-0.06212651638197815,0.9921006572713092,0.10559677806504672,0.008345053487139752,-0.047087911175019745,0.9932584805405648,48.577709299537354,48.311027101847586
73.386805,1786095458.774,-0.052094459533691406,0.0907265692949295,0.3540000021457672,-0.054086112900437695,0.09087659666738097,0.3475343006709714,0.10323492199694795,-0.013418102610222842,-0.07276019770175751,0.9919014361482832,0.1049743039897745,0.002501275776864438,-0.053987732782176376,0.9930052687827948,48.77225129859995,48.48341604255101
73.55917,1786095458.874,-0.05132843181490898,0.0907265692949295,0.3540000021457672,-0.05393190036314835,0.0908740432636602,0.348030525511559,0.1017221517538348,0.0016932880786747352,-0.07392286103590966,0.9920610602348618,0.10395600867458127,0.0022472422600660928,-0.0602604991980166,0.9927521193123089,48.76456613327928,48.59509471478829
73.627335,1786095459.008,-0.051565371453762054,0.0908520296216011,0.3530000150203705,-0.053859840049822576,0.0908735751507452,0.3480550460171206,0.10448723740244045,-0.00031309812228254503,-0.06738704507880937,0.9922405481258657,0.10411269882722418,0.001495071656721145,-0.06235451803575732,0.9926077900078064,48.51067404266768,48.56568164042605
73.701344,1786095459.074,-0.052094459533691406,0.0907265692949295,0.3540000021457672,-0.05383874422934487,0.09087305502511188,0.3482791308921074,0.09992305691609105,0.0023977261559983724,-0.07485543438464663,0.9921725140059617,0.1033992174781466,0.0016490865036194646,-0.06448799406297649,0.9925458079909178,48.07127715810099,48.37062888300687
73.768105,1786095459.141,-0.052094459533691406,0.09110940247774124,0.3540000021457672,-0.05382273383636695,0.09087710002652453,0.34843823470514,0.0987894415263656,-0.0041209904044883835,-0.07299800671881922,0.9924187395933604,0.10262744281824211,0.0006819208594455754,-0.0659150135890244,0.9925333011783981,48.74839023823735,48.50040515358954
73.842157,1786095459.208,-0.051711443811655045,0.0907265692949295,0.3540000021457672,-0.05379908912268441,0.09087626404879971,0.3485513235525373,0.10339338416170436,-0.006958492562979498,-0.07382603485479507,0.9918725241030018,0.1027534484041621,-0.0005664683893651772,-0.06720817368166004,0.9924336095402013,48.45386665476771,48.490671994061984
74.00708,1786095459.274,-0.051711443811655045,0.0907265692949295,0.3540000021457672,-0.053781505362821974,0.0908755939710317,0.3486321636832671,0.10347105852025484,-0.00800283447990987,-0.07371713070575381,0.9918646476861124,0.10286599836702036,-0.001725889801939747,-0.06822343297134985,0.9923513343962165,48.38127395255563,48.46467114488779
74.079342,1786095459.441,-0.05132843181490898,0.09034373611211777,0.3540000021457672,-0.05369211409825761,0.09085866772873102,0.34874401806370187,0.10609761930436538,-0.0059630347388397575,-0.07385878429677227,0.9915909526497567,0.10367194617913361,-0.0027818530569808063,-0.06962822586419119,0.9921674752943704,48.74839023823735,48.60554826178273
74.153084,1786095459.508,-0.051947299391031265,0.0908520296216011,0.3530000150203705,-0.05366472443597921,0.09085858106283591,0.34888716908131134,0.10423851057896115,0.0023057325409010566,-0.06766394209235382,0.9922452355392049,0.10373577044724358,-0.0022101297380196457,-0.06940759001071305,0.9921777016770549,48.79945419956266,48.659786737956054
74.214633,1786095459.575,-0.051565371453762054,0.09047028422355652,0.3530000150203705,-0.053650997901369714,0.09085531271643901,0.34898794432153113,0.1042926346073752,-0.0056140930044259775,-0.06647537689679482,0.9923066827311097,0.10379483711247721,-0.0025705750691354663,-0.06909716749855739,0.9921923227763277,48.74839023823735,48.67960535123156
74.276978,1786095459.641,-0.051565371453762054,0.09047028422355652,0.3530000150203705,-0.0536402281589342,0.09085281914925233,0.349059263574559,0.1067436130733721,-0.0021895038133423624,-0.06677085037018925,0.9920396467288671,0.10408362039677446,-0.002533265590385939,-0.06886943883085965,0.9921779996178464,49.04455916182413,48.80667205211503
74.337878,1786095459.708,-0.051711443811655045,0.0907265692949295,0.3540000021457672,-0.053630028869637816,0.09085175873957455,0.3491932993224279,0.1053649045955883,-0.005041077615435099,-0.07355060069506386,0.9916970976832761,0.10421118020241105,-0.002782662920837418,-0.0693350582180465,0.9921315116504413,49.04455916182413,48.879812316896576
74.514036,1786095459.775,-0.051565371453762054,0.09047028422355652,0.3530000150203705,-0.053619178362706695,0.09084904442251346,0.34927229145718625,0.10369491984506418,0.0032464160792457187,-0.06740395363214327,0.9923172534102801,0.10415860782700821,-0.0021664537650320733,-0.06913781419043692,0.9921523338392104,48.80200243647057,48.86317675460308
74.588812,1786095459.942,-0.051565371453762054,0.09008853137493134,0.3530000150203705,-0.05360063281676457,0.09082264155735684,0.34937544675333787,0.10534194120075242,-0.004022305740299815,-0.06738196976550159,0.992142412474696,0.10436428795971792,-0.0024889354452347153,-0.06883275081000469,0.9921511744764194,48.74597164386692,48.81534364583813
74.663672,1786095460.042,-0.051947299391031265,0.09008853137493134,0.3530000150203705,-0.05356783377137362,0.09081219301224504,0.34941728670221855,0.10348540345514158,0.0055098751325230655,-0.06765099901179834,0.9923123272843366,0.10425603234854068,-0.0015002954997661944,-0.06868693360582478,0.9921746489324259,49.04455916182413,48.90267319751571
74.723874,1786095460.108,-0.051947299391031265,0.09047028422355652,0.3530000150203705,-0.05355170905824036,0.09080851798496739,0.3494388533475641,0.10477060461863623,-0.005323569585082558,-0.06686998561216555,0.9922314170791745,0.10430017414268733,-0.0018277187043759361,-0.0685313805411748,0.9921802169965209,48.78585204003708,48.87536965781874
74.917017,1786095460.142,-0.052094459533691406,0.0907265692949295,0.3540000021457672,-0.053540560743775084,0.09080766894983698,0.3495348417589192,0.10326987236697142,-0.006348406967280495,-0.07389195581565955,0.9918845749662728,0.10424272062887997,-0.0020804194277521055,-0.06883111799963366,0.9921650085776128,48.78585204003708,48.86381080563128
74.990257,1786095460.375,-0.051565371453762054,0.09008853137493134,0.3530000150203705,-0.053486102395258195,0.09078752958017827,0.3496198991534739,0.10654601415639382,0.009421040822922482,-0.06839517484695631,0.9919079044522493,0.1048276266095013,0.0008334856587148093,-0.0687215678018743,0.9921128061465229,48.78585204003708,48.82805378411683
75.053266,1786095460.409,-0.05232923850417137,0.09047028422355652,0.3530000150203705,-0.053468516697265815,0.09078534671747102,0.3496307268851245,0.10312337716337375,0.009561694641113873,-0.06806416056302735,0.9922909921615036,0.10472491921753625,0.0013607091054391948,-0.06868201269803283,0.9921258090067802,48.72980267729173,48.81511439862018
75.116149,1786095460.475,-0.051947299391031265,0.0908520296216011,0.3530000150203705,-0.0534568642072761,0.09078692082417178,0.34964754769480644,0.1037303898611861,-0.00687971517249901,-0.06597751192968178,0.9923908724176982,0.10460894260263828,0.00039634116036998013,-0.06836577681706642,0.9921607392965324,48.67910333586054,48.78248770607595
75.287316,1786095460.609,-0.051947299391031265,0.0908520296216011,0.3530000150203705,-0.05344127795521994,0.09078872950505278,0.3496723546683704,0.10088149798151191,-0.012459584772818158,-0.06513134772426588,0.9926860478801524,0.10383266988643193,-0.0022866685186695764,-0.06769182750186953,0.992285928702407,48.33251482059842,48.55330749646912
75.3453,1786095460.709,-0.051947299391031265,0.0908520296216011,0.3530000150203705,-0.05343237695182877,0.0907896223956529,0.349687686844318,0.10068298215878861,-0.0012901470051665965,-0.06661996488788449,0.9926847701575033,0.10339347257007082,-0.002147689605616691,-0.0675423890552002,0.9923422811409257,48.43772661445662,48.51638522551931
75.407537,1786095460.775,-0.052094459533691406,0.09110940247774124,0.3540000021457672,-0.053420673374285285,0.090794894580506,0.34984641661040117,0.10006318910270594,-0.014244537520271501,-0.07237265902307938,0.992243241127577,0.10299243386992427,-0.0036080374212665873,-0.06812614553465307,0.9923398454794141,48.38371077735806,48.48350258827465
75.470032,1786095460.842,-0.051947299391031265,0.09047028422355652,0.3530000150203705,-0.05341661769306272,0.09078997016058578,0.3498884639807394,0.10460926171272018,-0.0029340210379239337,-0.06712210464403988,0.9922413602307772,0.1031632056222057,-0.003536855794300515,-0.06802012273827197,0.9923296360381016,48.38127395255563,48.45990946558934
75.542999,1786095460.909,-0.051565371453762054,0.09047028422355652,0.3530000150203705,-0.05338605787907193,0.09078634682157898,0.34991967852200895,0.1067436130733721,-0.0021895038133423624,-0.06677085037018925,0.9920396467288671,0.1035198104798778,-0.0034026918528502134,-0.06789577242330186,0.9923014837303267,48.31404083395794,48.42321755296304
75.713507,1786095461.009,-0.051947299391031265,0.09047028422355652,0.3530000150203705,-0.05337434837166953,0.09078268538308337,0.3499516882320791,0.10226533987394815,0.008581474447381119,-0.06067201812965898,0.9928681003904039,0.10331755600839221,-0.0014572737364046354,-0.0667240083473784,0.9924068045331857,48.74839023823735,48.55994756418853
75.781335,1786095461.142,-0.051565371453762054,0.09047028422355652,0.3530000150203705,-0.053334787202389496,0.0907794717285435,0.3499804054943961,0.10734108994000092,0.014720135974196299,-0.06127934626286374,0.9922227823069726,0.1041974411931028,0.002069548084063058,-0.0655387592604364,0.9923927051596764,48.73222207413268,48.63045278466384
75.840085,1786095461.209,-0.051947299391031265,0.09047028422355652,0.3530000150203705,-0.053321215033210724,0.0907781453404998,0.34999242125537133,0.10450312676505402,0.016077465555250376,-0.061435022894886525,0.9924950123600379,0.10424223891460574,0.004060364538085666,-0.06495639250521314,0.9924201409375955,48.33020899900846,48.53209840226986
75.908586,1786095461.276,-0.051947299391031265,0.09047028422355652,0.3530000150203705,-0.05331088525132448,0.09077702403013604,0.3500027173434894,0.10187404763307173,0.005877589669182446,-0.06006533098014559,0.9929648978552973,0.10393267781482673,0.004298063695619021,-0.06431676812426847,0.9924932636893598,48.96323947891126,48.69460683597347
76.093009,1786095461.343,-0.051565371453762054,0.09047028422355652,0.3530000150203705,-0.05328938053986137,0.09077604676217878,0.3500118045670282,0.1060071001091631,0.001947125811981843,-0.0602684457492944,0.9925353484256783,0.10418347397898847,0.0040140070249198925,-0.06382770091768593,0.9924997310290999,49.08013718090946,48.83871053514536
76.156322,1786095461.509,-0.051565371453762054,0.09008853137493134,0.3530000150203705,-0.0532592471790866,0.09075535541216526,0.3500306610262367,0.10537408006179452,0.012493702552215852,-0.06139927356034022,0.9924567193857522,0.10444245310018614,0.005853533772493024,-0.06330133183027553,0.9924970788477431,48.77297988637429,48.81550891049706
76.220792,1786095461.576,-0.051947299391031265,0.09008853137493134,0.3530000150203705,-0.05324272803264209,0.09074912124911964,0.35003785119919795,0.10717298671186226,0.025975499868024457,-0.06284270526175774,0.991912303946901,0.10483546303691792,0.008730398357079767,-0.06323736600954162,0.9924385831750684,48.39092283931067,48.66086068061061
76.290928,1786095461.676,-0.05232923850417137,0.09047028422355652,0.3530000150203705,-0.05321489969805996,0.09074501898006047,0.3500479978174828,0.10678774199624379,0.021618909997401924,-0.06202395764727783,0.99210988784894,0.10521555348616846,0.011230508891965257,-0.06300284819188641,0.9923881317782558,48.32013656955254,48.51684058593848
76.359807,1786095461.743,-0.052477478981018066,0.09034373611211777,0.3540000021457672,-0.05319976238478483,0.09074383757166993,0.3501970497515413,0.10607020566669505,0.014913734918150996,-0.06879878228615872,0.9918636093418075,0.10532846517140042,0.01171589693256764,-0.0637667809778661,0.992321747130145,48.359638543568096,48.47431640464001
76.54336,1786095461.843,-0.05286049097776413,0.09034373611211777,0.3540000021457672,-0.053187029220700587,0.09074227577717786,0.3503332255735011,0.1057637296670872,0.01000775142303959,-0.06790470080400211,0.9920195713830856,0.10539662789923977,0.011448969597580233,-0.06441352610425688,0.992275853569681,48.54500035075235,48.49421815771525
76.618736,1786095461.976,-0.05324351042509079,0.08996089547872543,0.3540000021457672,-0.05318982445024833,0.09072283389584423,0.35043590617460957,0.10839024816130617,0.0013109878150686651,-0.06657052156655673,0.9918761016744158,0.10596525503693943,0.009526596307724634,-0.06482313620564774,0.9922089344992868,48.05414328831392,48.2674081172201
76.692873,1786095462.043,-0.05324351042509079,0.08996089547872543,0.3540000021457672,-0.0531908297004461,0.09071553685868172,0.35047411654533045,0.11130823961481434,0.015034967945873265,-0.06878320872535508,0.9912887045307043,0.10657094919774995,0.010150661423225214,-0.06527200802535937,0.9921084425747516,48.5597594347806,48.35843883525535
76.77418,1786095462.143,-0.05362652242183685,0.08996089547872543,0.3540000021457672,-0.053206486603568394,0.09070800933211848,0.350512981730431,0.1080999182068673,0.013143427555292842,-0.06822620328576014,0.9917090516784536,0.10678552424050627,0.010570423841956528,-0.06568642776034139,0.9920536332076845,48.214827767081495,48.30988584069889
76.968617,1786095462.276,-0.05362652242183685,0.0895780548453331,0.3540000021457672,-0.053218288356446895,0.09067392418674317,0.35054742996862254,0.1081888162372071,0.04812526944070441,-0.05808454103448188,0.991264507876311,0.1071843966082063,0.020829301783049602,-0.06361971959747803,0.991982951763438,48.96593402351362,48.6867159982659
77.029544,1786095462.41,-0.05286049097776413,0.08919522911310196,0.3540000021457672,-0.05320629469877707,0.09061578513300554,0.35057272952329005,0.1143865639564312,-0.012647578300275663,-0.05126994408042481,0.9920318269004125,0.10944570767357398,0.010392158777123402,-0.059777363662022326,0.992139257816865,48.670690722591374,48.68132701690986
77.096878,1786095462.477,-0.05416211113333702,0.08944719284772873,0.35500001907348633,-0.053242915205633415,0.09060922626278355,0.35074485266417865,0.11069598119399231,-0.00024786273621933393,-0.059305244181669346,0.9920832759018346,0.10966515382899651,0.00853244900587194,-0.05969533649926257,0.9921377012037514,48.376258557097586,48.5860185176484
77.174174,1786095462.543,-0.05416211113333702,0.08944719284772873,0.35500001907348633,-0.05326825508457999,0.09060397674257505,0.3508638670095719,0.1186700926742178,0.01848461830464472,-0.05499016363783918,0.9912375143697437,0.11124276814216302,0.010274360868532539,-0.058872732167447595,0.9919947003144484,48.835833439656575,48.66481483297882
77.340282,1786095462.61,-0.054546207189559937,0.08906327188014984,0.35500001907348633,-0.05331168033682177,0.09057649886855593,0.3509496537386652,0.11598412927039749,0.017076946344690185,-0.05483286922304371,0.9915893384429346,0.11202837218194278,0.01140061338713131,-0.05820426523655766,0.9919334319141249,48.05626902266418,48.40301689267892
77.417732,1786095462.777,-0.05469985678792,0.08892915397882462,0.35600000619888306,-0.053384494232360434,0.09052325290069298,0.3513784837306535,0.11511035459116291,-0.008382397584845633,-0.05880744578146818,0.9915750228788974,0.11295069448086548,0.005510949661418244,-0.058386296984257804,0.9918683432666785,48.1066919664068,48.24740795967226
77.484872,1786095462.844,-0.05416211113333702,0.08791152387857437,0.35500001907348633,-0.0533906477459674,0.0904037756906636,0.3514306543029346,0.12217424925644421,-0.007952960500498797,-0.052703257120886936,0.9910764702719721,0.11446829186436305,0.0032991660741735433,-0.0574538674554626,0.9917586292920674,47.495963079728085,47.882708010341936
77.549992,1786095462.91,-0.05469985678792,0.08815915882587433,0.35600000619888306,-0.05341353575183787,0.09034931321176075,0.351564591014301,0.11810164235405851,-0.0019371910766871642,-0.05983374177726394,0.9911953252053494,0.11500760627006637,0.002522405591877216,-0.057807071221451733,0.9916779872957034,47.41982208842011,47.6787758940999
77.633954,1786095462.977,-0.05469985678792,0.08815915882587433,0.35600000619888306,-0.053430463451646926,0.09030976640864909,0.35166090411797757,0.11635951546494148,0.01159889738746133,-0.054063095250657105,0.9916668344116776,0.11520849560456828,0.0038663747400204764,-0.057253059924018634,0.9916824798372907,48.156617067741664,47.83413330451211
77.803743,1786095463.11,-0.05469985678792,0.08777415752410889,0.35600000619888306,-0.05345085074030585,0.09020333854572644,0.3517704717031091,0.11818185048255037,0.00234499643001442,-0.053574753250414504,0.9915428871321808,0.11581179247945769,0.0035578109146187,-0.05650712657555256,0.9916561477399136,47.724360360568674,47.78735098938513
77.884648,1786095463.244,-0.05508503317832947,0.08777415752410889,0.35600000619888306,-0.053503021223869046,0.09014203663327543,0.3518374641960075,0.11575575162774039,-0.004909105648467555,-0.05277710252006252,0.991862432042073,0.11580203880683591,0.0019700371123728367,-0.0558080055539898,0.9917013024484952,48.31772846732446,48.06460907526731
77.950064,1786095463.311,-0.05469985678792,0.08815915882587433,0.35600000619888306,-0.05351054012891154,0.09012472060524429,0.3518634691797598,0.116622218783175,-0.005394631756495367,-0.05177441137466251,0.991811255411587,0.11589364257334234,0.0011511613646631217,-0.05535970372626216,0.9917170169165875,48.18922068928503,48.0953994763995
78.011232,1786095463.377,-0.05469985678792,0.08777415752410889,0.35600000619888306,-0.05351646882371771,0.09009779737594292,0.3518839887452885,0.11835047492035525,-0.0007867676810609706,-0.0532012129133261,0.9915453479429438,0.11614371511667805,0.0009539674661659939,-0.05514010235917997,0.9917002049494538,48.31772846732446,48.15978401957242
78.182981,1786095463.444,-0.055470217019319534,0.08815915882587433,0.35600000619888306,-0.053570952191077256,0.09007928413283285,0.3519011429055669,0.11309093320842038,0.007900621767051289,-0.05336283299531519,0.9921191607143048,0.115811009601986,0.001711829341216031,-0.054946370845157105,0.9917488472522777,47.86992762858441,48.065226175110126
78.248361,1786095463.611,-0.05523977056145668,0.08763463795185089,0.3570000231266022,-0.05360807322711499,0.09000847539042206,0.35224414137135074,0.11647944281296237,0.009507609065154738,-0.053684398532782236,0.9916955833954387,0.11594684762945365,0.0032892381329645984,-0.05469130157397551,0.9917430972633191,47.792695569842174,47.9302150113281
78.324771,1786095463.677,-0.05508503317832947,0.08738915622234344,0.35600000619888306,-0.05361231988433937,0.08996220335250428,0.35231860846632923,0.11728295643996937,-0.006209301416254265,-0.05197798006199408,0.9917179247615208,0.11609027616572024,0.0022735162172582038,-0.05440140884899811,0.9917451112150848,47.427587021463516,47.72833255496995
78.384608,1786095463.744,-0.0556260347366333,0.0872485563158989,0.3570000231266022,-0.05365502557637471,0.08991237569634225,0.35243886148100584,0.11217293798164489,-0.004794089035916231,-0.05916874174968583,0.99191396234484,0.11563111329401887,0.0014441564151776527,-0.05496109446740907,0.9917694480803383,47.43062620794837,47.62405624486176
78.442157,1786095463.811,-0.05523977056145668,0.0868624746799469,0.3570000231266022,-0.053659321765649665,0.08982884063852535,0.35252468727806113,0.11943751490302881,0.017809582608911127,-0.05497141184971153,0.9911587373777898,0.1161823900860017,0.0038056908546063315,-0.05496354248426683,0.9916986326241473,47.43062620794837,47.564790442647286
78.610393,1786095463.911,-0.0556260347366333,0.0872485563158989,0.3570000231266022,-0.05370035632362258,0.08980759130894123,0.3526072302318018,0.11334379005612667,-0.01159948974039762,-0.05194511612851882,0.9921291962259099,0.11560586157727491,0.0006638939033793029,-0.05434907288866726,0.9918069480952447,48.13665818478382,47.84460176855535
78.683695,1786095464.044,-0.05523977056145668,0.08763463795185089,0.3570000231266022,-0.053720280280969826,0.08975972428358703,0.35267434959684607,0.11845122707859045,-0.015469155618635865,-0.05101676309434383,0.9915277615434669,0.1162975092774015,-0.0032408808910971733,-0.05354392495005269,0.9917648078692173,47.606423969072374,47.7457402064576
78.762359,1786095464.111,-0.05485351011157036,0.0872485563158989,0.3570000231266022,-0.05374212144415212,0.08973492500094235,0.3527006807737021,0.12106395140136408,0.001060858824351196,-0.053234840080339636,0.9912156405400713,0.11691838568273412,-0.0026807915925570907,-0.05350380754273921,0.9916956423339824,47.69835327015217,47.73693032911527
78.845607,1786095464.211,-0.05523977056145668,0.0872485563158989,0.3570000231266022,-0.0537507388721937,0.0897094434975537,0.35272982907618616,0.11846422024315034,-0.01546491667352077,-0.05102295550138383,0.9915259567385855,0.11720387742325963,-0.005029385824176759,-0.05304874258479272,0.9916772596492053,46.942503723470885,47.29608105803858
79.014016,1786095464.345,-0.05523977056145668,0.08763463795185089,0.3570000231266022,-0.05375981756582372,0.08966649209842824,0.3527590498404923,0.12098321986657903,-0.011494457641217478,-0.051405672057583514,0.9912559683727293,0.11795135091627003,-0.006307125704719157,-0.052724264381979025,0.9915986339884455,47.36146572348682,47.31781330207043
79.087145,1786095464.445,-0.05523977056145668,0.0872485563158989,0.3570000231266022,-0.053765748582150726,0.08963286426993278,0.35277750233966887,0.11744433497377076,-0.008429433113835552,-0.05157472572370908,0.9917034942494013,0.11788560385761636,-0.0065825069749233436,-0.0525751246190563,0.9916125812414549,47.29338693458417,47.310445421260354
79.148121,1786095464.511,-0.0556260347366333,0.0872485563158989,0.3570000231266022,-0.053796329188000945,0.08961584889250278,0.35278864797384735,0.11603519308242354,-0.022733998464957404,-0.05027138486435412,0.991711544323217,0.11765696091125347,-0.008593455683614493,-0.052289082794156484,0.9916394727364817,47.225362597868106,47.289579560425004
79.21388,1786095464.578,-0.05523977056145668,0.0868624746799469,0.3570000231266022,-0.05380497547398011,0.089561512173152,0.3527992100833436,0.12034401722315059,0.0011586196543768336,-0.052957469780531126,0.9913180526518895,0.11801183597917972,-0.0073080793500232165,-0.05237749107184327,0.991602943205624,47.225362597868106,47.274970563433016
79.399789,1786095464.645,-0.05523977056145668,0.0868624746799469,0.3570000231266022,-0.05381192114070059,0.08952217203358531,0.3528092386159419,0.11800405832245894,-0.006363261425846511,-0.052113972651564054,0.9916242660291891,0.11801098984892856,-0.0072046202335679915,-0.052348637734087995,0.9916053246375552,47.160580455408066,47.24659479411095
79.470603,1786095464.845,-0.05523977056145668,0.0864763930439949,0.3570000231266022,-0.05382596522290038,0.08937690929280677,0.35283698248403633,0.11936482062342903,0.014791265284954285,-0.047431230154861566,0.991606543178696,0.11839739167715098,-0.0010258019076037667,-0.05096991188062525,0.9916567316654362,47.18421247618191,47.21996307625567
79.533956,1786095464.912,-0.055394500494003296,0.0867186188697815,0.3580000102519989,-0.053836875885397865,0.08936786804312219,0.35303280447374585,0.11857601503109928,-0.0037957869449247892,-0.05257206894231004,0.9915450056492334,0.11841608783835109,-0.001314849017294171,-0.05113712070054488,0.9916455496797127,46.69429320864133,47.00461426350875
79.595225,1786095464.979,-0.05578184872865677,0.08710578083992004,0.3580000102519989,-0.053874963272473854,0.08933312584761886,0.3531698238159036,0.11608163520297572,-0.022799904716046118,-0.0501223949047702,0.9917121375896096,0.11807188857151772,-0.004515048559374889,-0.05098749629153089,0.991684888806713,46.97996581100391,46.99914981016048
79.662466,1786095465.012,-0.055394500494003296,0.0867186188697815,0.3580000102519989,-0.05387815752780514,0.08932300118423048,0.3532259216264123,0.12184357317576552,-0.013624038221946303,-0.051301632712529036,0.9911289884466691,0.11840358974257463,-0.005315042339898007,-0.051015283945678,0.9916399452749668,47.332431183886214,47.06865543206736
79.832431,1786095465.145,-0.05578184872865677,0.0867186188697815,0.3580000102519989,-0.05392275427651806,0.08929609884655156,0.3533546038101471,0.11709193494484374,0.03018115840711379,-0.04138946152733935,0.9917991172221088,0.1180075703680713,0.005869686662193674,-0.04798946716816431,0.9918350523929007,47.30546738444489,47.16859647650881
79.903275,1786095465.279,-0.05554923787713051,0.08579612523317337,0.359000027179718,-0.053933635582177564,0.08909605133041576,0.3537461133023139,0.11669395570096405,0.011738798346133826,-0.04793545534117649,0.9919409828399491,0.11768602966410378,0.007308086084920026,-0.047976390797081006,0.9918643335788221,47.26616163840371,47.20261713198695
79.965382,1786095465.345,-0.05516081303358078,0.08618436753749847,0.359000027179718,-0.053954458115318155,0.08907462718604603,0.3538820059212904,0.1144111034148709,0.0048968494311591925,-0.04605819284179184,0.9923531443761282,0.11727934294391992,0.00700856573025922,-0.0477381619202076,0.9919261583512792,47.02150784607036,47.1515390585261
80.024548,1786095465.412,-0.05477239191532135,0.08657260984182358,0.359000027179718,-0.053976283537697275,0.08904314182994601,0.3539803529676139,0.12052795388989651,-0.006753239119634038,-0.04457655453319241,0.9916856038475386,0.11774754221358841,0.005031682195220113,-0.04728459278394781,0.9919044136216965,47.6210755711311,47.3340754570259
80.206131,1786095465.512,-0.05516081303358078,0.08696085214614868,0.359000027179718,-0.05398510941302459,0.08897912284014188,0.3540747742606393,0.11409039727982336,-0.0026465082398806233,-0.04492437832326801,0.9924505919565649,0.11708655105486655,0.0036425253727952454,-0.04685784207790678,0.9920089788942369,47.26339625125388,47.31545393971975
80.283521,1786095465.646,-0.055703967809677124,0.08759240806102753,0.36000001430511475,-0.054038783352642374,0.08889905563740055,0.3544794866905249,0.11819029250788832,-0.0035209374685580054,-0.04514829657746756,0.9919578060947931,0.1173020906592865,0.0022469593104633054,-0.04652499318071967,0.9920033244452114,47.27432495479049,47.302947154844716
80.355685,1786095465.712,-0.055703967809677124,0.08681376278400421,0.36000001430511475,-0.0540582522170653,0.08887659722149448,0.3546200727890282,0.1176434332990711,-0.02075297833857873,-0.042613025859433974,0.9919241233677043,0.11735890101764473,-0.0013002288183515767,-0.045923304632618234,0.9920263342515512,46.549677136506475,46.95030167937604
80.419486,1786095465.779,-0.055703967809677124,0.08681376278400421,0.36000001430511475,-0.05407305283603529,0.08885941081186936,0.35472189888578926,0.117641695810532,-0.005649546005987364,-0.04464975725192719,0.9920357419035326,0.11739797640888745,-0.00189899167880027,-0.04574803427103173,0.9920288434950058,47.12559074041577,46.98710785582007
80.561586,1786095465.913,-0.055703967809677124,0.08642443269491196,0.36000001430511475,-0.05409203811714006,0.08878068859353212,0.3548399193260524,0.12093349676348053,-0.0018582977564951266,-0.04530716695767934,0.9916243727905615,0.11806486806703705,-0.0018913189381394597,-0.0456649345751011,0.9919535390285369,46.7558286276208,46.87807459449263
80.622454,1786095465.979,-0.056093480437994,0.08681376278400421,0.36000001430511475,-0.05412946533788835,0.08876847454260729,0.35488376963355645,0.11647346175538772,0.010966042640874807,-0.03936048519033653,0.9923529769296286,0.11786327763651654,-0.00025161742638596943,-0.044861444147779914,0.9920159450847672,47.04908931485257,46.91888618559945
80.691693,1786095466.046,-0.055703967809677124,0.08642443269491196,0.36000001430511475,-0.05413647696977383,0.08873698580615934,0.3549180555976245,0.12077808296356739,0.001527777294637717,-0.04571985009620449,0.9916249371003959,0.11819888382320166,-4.678682327362239e-05,-0.044960286173169946,0.9919715693210008,47.12559074041577,46.973320670125126
80.765329,1786095466.146,-0.055703967809677124,0.08642443269491196,0.36000001430511475,-0.05414476010129995,0.08870574719377453,0.35495536717041537,0.11829732181530894,-0.005125807559201283,-0.04496999358030008,0.9919461524828749,0.11821323913236297,-0.0007777698288220188,-0.04496175476136193,0.9919694883295087,46.98208234176453,46.97560844271082
80.830797,1786095466.179,-0.056093480437994,0.08642443269491196,0.36000001430511475,-0.054161853967937566,0.0886968375910266,0.35496643924962745,0.11580381095004176,-0.012854818276724356,-0.04413093041188049,0.9922079882753924,0.1180433261466053,-0.0016324169395157957,-0.044903186032530226,0.9919913367823883,47.407021693989044,47.08074146911371
81.019276,1786095466.313,-0.05531446263194084,0.08642443269491196,0.36000001430511475,-0.054197305275839255,0.08867307463028484,0.3550003043642278,0.1176962083670144,-0.005566431236573496,-0.04466284967433442,0.9920291564456584,0.11797876521644392,-0.002365699994681518,-0.04485844181169171,0.9919995638203504,47.397222276447025,47.22965570966324
81.091133,1786095466.446,-0.05531446263194084,0.0860351100564003,0.36000001430511475,-0.05421820039599957,0.08859651924286661,0.35502797127688246,0.11983395912758432,0.016527340150844626,-0.040257288608352204,0.9918397148638739,0.11838119119862865,0.001693801805241332,-0.04387122851264793,0.9919971471302875,47.83542598253006,47.571753025714386
81.167196,1786095466.546,-0.05531446263194084,0.08681376278400421,0.36000001430511475,-0.054229068854975665,0.0885462312269508,0.3550467030024784,0.12190534827539128,0.016996912539570076,-0.04008614432044871,0.9915862504389106,0.11904012061144778,0.004544961195776672,-0.04316689693819901,0.9919402260324297,47.52262984390187,47.55925806280913
81.342562,1786095466.613,-0.05531446263194084,0.0860351100564003,0.36000001430511475,-0.054234839404787974,0.08849968033594788,0.35505859532367173,0.11868328183810029,-0.027899833322483584,-0.0420056975508553,0.991650845452159,0.1189805677355919,-0.0017630336542254123,-0.042944684465718495,0.9919658614538054,47.122131716967836,47.40046385936442
81.410761,1786095466.78,-0.05585870519280434,0.08705491572618484,0.36100003123283386,-0.054291756975180135,0.08843029162750142,0.35544706834801754,0.1186645588961921,0.0019433378964571796,-0.04594318565782196,0.9918690284464997,0.11889415638228928,-0.0007463732167224391,-0.04376727640026219,0.9919415547408366,47.890645663738034,47.67962912795995
81.473785,1786095466.847,-0.05585870519280434,0.08666450530290604,0.36100003123283386,-0.054308620714179634,0.08842347317674534,0.3555579530701425,0.11378691872811525,0.004681405268021925,-0.04552654559390948,0.992450479982434,0.11823704361128053,-4.760376789636009e-05,-0.04399390919595445,0.9920103503520533,47.31375445361602,47.5541427262812
81.535041,1786095466.913,-0.0554681159555912,0.08666450530290604,0.36100003123283386,-0.05432050020479623,0.08841767542478285,0.35563729813111417,0.11819751062110737,-0.0012857769978121875,-0.04530153253749959,0.9919553752111225,0.11823277350361987,-0.00018192510205712956,-0.04413577162055418,0.9920045422458293,47.45341045865671,47.53115633956807
81.597746,1786095466.98,-0.05531446263194084,0.08642443269491196,0.36000001430511475,-0.05433397118005673,0.08839418861687232,0.35576537670164676,0.1185866625675639,0.013492335049286978,-0.03943453678514947,0.9920685851616032,0.11828122654218644,0.0016352273847327144,-0.04351156263987069,0.9920250104688454,47.02863257141819,47.32973844054275
81.760557,1786095467.047,-0.05585870519280434,0.08705491572618484,0.36100003123283386,-0.05435528794616184,0.08836964654277762,0.3558656534952555,0.11423391386471532,0.008692732004441182,-0.046241994068766945,0.9923390183389909,0.11774681466864391,0.0025679876771660917,-0.04387261345719347,0.9920707065845225,47.098781998458335,47.25612839181946
81.835968,1786095467.214,-0.05531446263194084,0.0860351100564003,0.36000001430511475,-0.05437921094328016,0.08825695549188117,0.3560565038912707,0.12124734761963563,0.016685922758742013,-0.03982743236697364,0.9916826288223196,0.11862999605761754,0.0061197883441210495,-0.04285588164423597,0.9919943778240319,47.61733904624564,47.44077621487291
81.896551,1786095467.28,-0.05531446263194084,0.0860351100564003,0.36000001430511475,-0.054386406743881816,0.08822460166353983,0.3561114407678888,0.11998677816293453,-0.004884263648080972,-0.03744671598985809,0.9920569845005223,0.11880953944565371,0.004672037593705192,-0.04214456992901701,0.992011240171669,46.74714980747547,47.11944387119375
81.957596,1786095467.314,-0.055703967809677124,0.0860351100564003,0.36000001430511475,-0.05439591999268421,0.08821054751596663,0.35613534319648027,0.11994932464428962,-0.0049349777694828395,-0.03744133702544962,0.9920614657336209,0.11890596485591512,0.0038637731396759757,-0.04174905179136385,0.9920198886379905,47.10315968078547,47.116863483812025
82.01856,1786095467.38,-0.05585870519280434,0.08666450530290604,0.36100003123283386,-0.054419362941680406,0.088183421378964,0.3562856800323967,0.11676560121277435,0.01420321564063271,-0.046875354080348645,0.9919509888188666,0.11857831335567336,0.0054517354586657765,-0.04253672122771508,0.9920181901202256,47.31064025497525,47.160029530511544
82.173661,1786095467.514,-0.055703967809677124,0.0860351100564003,0.36000001430511475,-0.05443332576665602,0.0881351973645711,0.3563896110013817,0.11728278729586984,-0.00853479330509896,-0.037069377898489415,0.9923697729826166,0.11826296767383512,0.002020431214157903,-0.041196272423994054,0.9921253224633743,46.81814719863303,46.98566828971699
82.242024,1786095467.614,-0.05531446263194084,0.0860351100564003,0.36000001430511475,-0.05444968879672488,0.08811083603186497,0.35644088146012837,0.1223580599628026,0.023438587674941575,-0.04111810968098532,0.991356867543775,0.11916120746761413,0.006693371296628813,-0.04118089228456441,0.9919979533881069,47.423030633886604,47.1750002013391
82.301212,1786095467.681,-0.055703967809677124,0.08564578741788864,0.36000001430511475,-0.05446108011267447,0.08806095956857969,0.3564670809383024,0.1189889278925439,0.01978043985060202,-0.040421101709680135,0.9918752460742608,0.11913474237377807,0.008809293179495036,-0.04105853331580921,0.9919896704881386,47.54344177562167,47.303312609171556
82.361873,1786095467.714,-0.055703967809677124,0.0860351100564003,0.36000001430511475,-0.054465929506405976,0.08805717292173093,0.3564783619253522,0.11599586580892778,0.02421209670981695,-0.04091882316130911,0.9921110741238832,0.11880944110168491,0.010412418532854255,-0.041044466253642484,0.9920137348017696,48.04858953114385,47.554482924487075
82.429926,1786095467.781,-0.055703967809677124,0.08681376278400421,0.36000001430511475,-0.0544735827819645,0.0880182819915422,0.35649658159869974,0.11535291879837628,0.023365097584051683,-0.040581042083101,0.9922202151554022,0.11816839424475759,0.01282082923132147,-0.04095886166506583,0.9920656372390584,48.11090964782244,47.80959622769126
82.61671,1786095467.881,-0.056093480437994,0.08642443269491196,0.36000001430511475,-0.054514326847044825,0.08799949324981049,0.3565174045431853,0.11173612219085322,0.02713642970962451,-0.04074975149595692,0.9925311637089201,0.11664985458139394,0.016206615914802786,-0.040910320920984886,0.9921978142834582,48.34435436891004,48.09908488597196
82.691713,1786095468.047,-0.056482985615730286,0.08681376278400421,0.36000001430511475,-0.05460559628342882,0.08795682034332154,0.3565434003580823,0.10828382725372063,0.027162059151544724,-0.04047774211489082,0.9929241600903942,0.11428958262920368,0.01930069411341465,-0.04078895334097223,0.9924221056559204,48.734741657368254,48.511812420829344
82.768393,1786095468.148,-0.056639883667230606,0.08705491572618484,0.36100003123283386,-0.05465904322856126,0.08793320085452865,0.3567600713016072,0.10767949330870644,0.014353745242778148,-0.046633450709451636,0.992987622275935,0.11309606570389631,0.01840697040048652,-0.0418453127604808,0.9925318297983964,48.614916390888645,48.55303538192601
82.830301,1786095468.181,-0.05703047662973404,0.08666450530290604,0.36100003123283386,-0.05469618027872569,0.087929351749874,0.35681864139518615,0.10309997851881719,0.004481835212760148,-0.04588202605465965,0.9936021071171621,0.11217790592572734,0.017126111012908198,-0.042217230439359765,0.9926431983334808,47.06608850616643,47.8720675066467
82.893086,1786095468.248,-0.05703047662973404,0.08588369190692902,0.36100003123283386,-0.05474945350965635,0.08786200916032645,0.35690318953466066,0.10340471897001044,-0.0017295993623830154,-0.04524533654149126,0.9936082387450428,0.11050906074772139,0.01353170870257559,-0.04279600401429741,0.9928610891724245,44.51556607459899,45.23842486927219
82.948161,1786095468.314,-0.057421062141656876,0.08666450530290604,0.36100003123283386,-0.054830431207775254,0.08785180055940561,0.3569636465236334,0.1006005710095892,-0.0035381007996566835,-0.04509941213665685,0.9938979072219661,0.10853409684742334,0.010123752954456574,-0.04325728686655178,0.9930995250127632,43.1618131177852,43.5904755882634
83.11942,1786095468.381,-0.05703047662973404,0.08627410233020782,0.36100003123283386,-0.05484878666719457,0.08783312689392998,0.3570088426455129,0.10518362853535504,0.007487374610267315,-0.04591702914001118,0.9933639665019752,0.10795409973021455,0.009667234972497144,-0.04371794749652987,0.9931471179971858,42.15702669987112,42.45918716582324
83.191805,1786095468.548,-0.05703047662973404,0.08627410233020782,0.36100003123283386,-0.054876613446101334,0.08780668255204437,0.35707347208056417,0.10348088513178999,-0.016845403922108055,-0.04341532163667045,0.9935406627945464,0.10650872314354518,0.001050527508816541,-0.04362305250487247,0.9933538229535547,41.68175874612388,41.7997847460058
83.263737,1786095468.648,-0.057421062141656876,0.08627410233020782,0.36100003123283386,-0.05493843746186302,0.08779518686457144,0.3571017932546718,0.10265105997893227,0.0006962228082921387,-0.04523594757263282,0.993688071884839,0.10580875725173584,0.0009862280797662095,-0.04391582537574477,0.9934157913605889,40.51507490280695,40.79496326278573
83.325306,1786095468.681,-0.05781165137887001,0.08588369190692902,0.36100003123283386,-0.054982052730787837,0.08777500805517481,0.35711021004520616,0.10406940098995839,-0.01874723296119885,-0.043470834510093405,0.993442694663807,0.10564254807929195,-0.0009200087300535817,-0.04387359161289009,0.993435409867313,39.161893298894974,39.760274386563665
83.386863,1786095468.748,-0.05836346745491028,0.08573010563850403,0.3620000183582306,-0.0551220514054593,0.0877318001774888,0.35730254113802506,0.10517591851791813,-0.030807617097239434,-0.04232625706397328,0.9930747226949524,0.10554944462090571,-0.007398007203455147,-0.04354155479477249,0.9934327945239627,40.39081116848096,40.12690047655636
83.556225,1786095468.915,-0.05898342281579971,0.08471246808767319,0.36100003123283386,-0.05545740614657604,0.08747131321221957,0.3573833721252721,0.11080938925210386,-0.027467455696614677,-0.034580643722160076,0.9928600088687686,0.10739057870926888,-0.014399950533188892,-0.0404179405588535,0.9932906397978947,39.292120639717844,39.46876950425836
83.620171,1786095468.981,-0.05937400832772255,0.08276043832302094,0.36100003123283386,-0.055613703420738354,0.08704737903847426,0.3574079827216613,0.11925309677876404,0.006828904724336593,-0.038787176476629735,0.9920824662848907,0.10978130516776283,-0.01013145101771652,-0.04009192240224961,0.9930951900467699,37.738794998430606,38.228590203565744
83.680413,1786095469.048,-0.05898342281579971,0.08197962492704391,0.36100003123283386,-0.05566604145325395,0.08658525130937247,0.357427695865853,0.12293627867635547,-0.015116900367435853,-0.036061441972157486,0.9916439497679492,0.11238928385729552,-0.011119277679092604,-0.03929414453296095,0.9928247482528638,37.647622728495236,37.84415321385491
83.749478,1786095469.115,-0.058202244341373444,0.08080840855836868,0.36100003123283386,-0.055719581500746074,0.0859901784563662,0.3574437242059275,0.12715588363377836,0.0044134504406451,-0.038209818343315646,0.9911366770000452,0.11550062540234544,-0.007851490228385032,-0.039067505710241895,0.9925077781208774,38.19079969933444,38.011507257596406
83.924103,1786095469.248,-0.057421062141656876,0.07963718473911285,0.36100003123283386,-0.055830762519397205,0.08496200311090694,0.35746765952349774,0.13275897635789044,0.023359965667683287,-0.040922257648127215,0.9900276435682945,0.12150429910296731,0.0029745893097426887,-0.03971658975238847,0.9917915353623339,37.87705900642361,37.92782668489218
83.990016,1786095469.348,-0.056639883667230606,0.07846596837043762,0.36100003123283386,-0.05588466513847792,0.08412865516599623,0.35748292755762623,0.13410039172487995,0.01592209756546865,-0.04741510358120367,0.9897046931790984,0.1248785343856715,0.006438303879150188,-0.04177754423092313,0.9912711721274253,38.727167380048726,38.277221366842724
84.053241,1786095469.415,-0.056482985615730286,0.07746995985507965,0.36000001430511475,-0.05590774261839264,0.08348453683617504,0.35757950534721167,0.1363443497395984,0.005240865296506802,-0.03857566200137174,0.989896292510577,0.1270201310884027,0.006214859554453009,-0.041180337324534806,0.9910254495404449,39.18894571713948,38.69831779452329
84.113165,1786095469.482,-0.056639883667230606,0.07846596837043762,0.36100003123283386,-0.05592421386645515,0.08329658045765195,0.35762252243359494,0.13150977545735137,-0.003295195950574613,-0.04461276573483069,0.9903050145163831,0.1278165022080162,0.004530435597335275,-0.041788679020531724,0.9909067177198495,39.728244846156045,39.25325324588544
84.173563,1786095469.549,-0.056482985615730286,0.077080637216568,0.36000001430511475,-0.05593659582038829,0.08283838015523214,0.35769591363249537,0.13425108763628052,0.008055842947967434,-0.03920933320115422,0.9901385645720473,0.1288582163477826,0.005100902981160887,-0.04137148635600347,0.9907865264450965,39.614173017009975,39.41122367228841
84.338021,1786095469.649,-0.056093480437994,0.077080637216568,0.36000001430511475,-0.05594275607477632,0.08244088464006158,0.3577639104230323,0.13441643795471026,0.004847262498169333,-0.0387736560360704,0.9901541944825755,0.12990207404264012,0.005053300123549788,-0.04088389794700287,0.9906706931195355,40.232424355432656,39.914642348433674
84.409766,1786095469.782,-0.056093480437994,0.07630198448896408,0.36000001430511475,-0.05594736096910081,0.08188191417258453,0.3578161788182134,0.13382105006970335,0.020186096803516827,-0.040857925403798845,0.9899571091647248,0.13079768354901744,0.008500925883398727,-0.04087886153198798,0.9905294639318836,40.172404886693435,40.0579534505401
84.472759,1786095469.849,-0.056093480437994,0.07591265439987183,0.36000001430511475,-0.05594906450211733,0.08159424614121798,0.35783589106788066,0.13252595920616334,0.0023136306633325223,-0.038696762995842654,0.9904211618212141,0.13101334050960423,0.007730062542238872,-0.04060709314196413,0.9905184575403768,40.54987217539605,40.28505572698637
84.535022,1786095469.916,-0.055703967809677124,0.07630198448896408,0.36000001430511475,-0.055943454290096055,0.08148153419134714,0.35785100661566815,0.1325795345550166,0.0016759593019975273,-0.038607753639691086,0.9904187495885214,0.1312024461827632,0.007000252000211627,-0.04036616356471424,0.9905087013381859,40.20784862753193,40.26514308319065
84.595674,1786095469.949,-0.05585870519280434,0.07612352818250656,0.36100003123283386,-0.05594291573682929,0.08141326108100058,0.35791458949270294,0.12917019001297028,-0.005095575326801876,-0.04554896235531879,0.9905626629105581,0.13103856478341333,0.006019731964432281,-0.04078658145410414,0.990519617241308,39.57066498545875,40.06973853178754
84.654847,1786095470.016,-0.05585870519280434,0.07651393860578537,0.36100003123283386,-0.05594210167829517,0.08139116544133852,0.3580046536093664,0.1284714289296895,-0.0062365750720007294,-0.045136344122247464,0.9906658909639582,0.1306340777658814,0.0040813353623995316,-0.041475020506508184,0.9905543413169728,39.57066498545875,39.87839533693034
84.831659,1786095470.182,-0.05585870519280434,0.07690434157848358,0.36100003123283386,-0.055940909698176805,0.08127184648445854,0.35811743859439205,0.12967355760470617,-0.02065020817823515,-0.042421783209182974,0.9904336068963369,0.13034907369347778,-0.0034756524870410872,-0.041767023919115555,0.9905819272225703,39.36089705437002,39.58047948136921
84.904091,1786095470.282,-0.05468693748116493,0.07612352818250656,0.36100003123283386,-0.055866152707817335,0.08110822240072244,0.3581619603665898,0.1299906072525555,-0.007461330819603917,-0.04439842046256504,0.9904925798959534,0.13028701351674654,-0.004168073169266286,-0.042224234044500014,0.9905680367013151,39.98411050892784,39.754858794038924
84.979922,1786095470.349,-0.05390575900673866,0.07495231181383133,0.36100003123283386,-0.05575588993492211,0.08076139776766232,0.3581845413384233,0.13337519366183112,-0.001867313618538925,-0.04534170129838412,0.9900261112611561,0.13064284870587453,-0.0039030965691577886,-0.042583330801550176,0.9905068762290504,40.47893236382067,40.09410355336425
85.041548,1786095470.416,-0.05273399129509926,0.07573312520980835,0.36100003123283386,-0.05551610464375291,0.0806940724992865,0.35820207831014006,0.13372177253297052,-0.024211960486655772,-0.042067829062723015,0.9898295642573941,0.13111745516736942,-0.007010153187186155,-0.04250563293252396,0.9904303821428998,39.700004487479994,39.96934606802864
85.10694,1786095470.483,-0.05273399129509926,0.07573312520980835,0.36100003123283386,-0.05535546571538271,0.0806441074637737,0.3582160940624012,0.13363647571421375,-0.01688088403493341,-0.036006250088055324,0.9902322344114435,0.1315112089118154,-0.008548201236411654,-0.04149335782118208,0.990409022294778,39.134562579259175,39.57057250409106
85.288469,1786095470.549,-0.053515173494815826,0.07651393860578537,0.36100003123283386,-0.05532916085661255,0.08054251989358684,0.3582274986104933,0.12530132140417535,-0.02385709811463179,-0.04246533206220348,0.9909223548274422,0.13047155970860885,-0.01111756158385184,-0.041657272498380075,0.9905141309338439,39.202307520212145,39.42751265029857
85.35004,1786095470.716,-0.05234340578317642,0.07495231181383133,0.36100003123283386,-0.05506766861736884,0.08014212090871992,0.35824886208678286,0.13523991432579505,-0.004149743645585864,-0.03745569863314957,0.9900959629453754,0.13174383212808954,-0.009260195344616928,-0.040537590586616074,0.9904112858948131,38.805169707963756,39.036368596266016
85.418342,1786095470.783,-0.05195281282067299,0.07417149841785431,0.36100003123283386,-0.054941355961312346,0.07984982855514122,0.3582565876623825,0.13907530632013201,-0.010041550578270865,-0.03678993117581566,0.9895472335356328,0.13267865569099158,-0.00935980621563413,-0.04006014782020601,0.9903049797452602,38.950353370059574,39.01157864653193
85.489181,1786095470.85,-0.05195281282067299,0.07456190139055252,0.36100003123283386,-0.0548532754947201,0.07973440620629667,0.3582637166678222,0.13570921273828226,-0.015473122701414186,-0.03590813946930893,0.989976867190176,0.13306294261846818,-0.010134086726741662,-0.03953444032774495,0.9902669244279045,39.626602894349524,39.265475826229256
85.557276,1786095470.916,-0.05248839780688286,0.07515992969274521,0.3620000183582306,-0.05484826719681098,0.07968897987962717,0.35840485363889174,0.1312028508748586,-0.01036335547735117,-0.04414583738225882,0.9903179074556709,0.13284698121084568,-0.010160739177163407,-0.04007030534708368,0.990274108311396,39.61636222686999,39.38864831587057
85.723653,1786095471.05,-0.05195281282067299,0.07495231181383133,0.36100003123283386,-0.054750569157118165,0.07965434834906517,0.35845739216162475,0.13539596302577653,-0.007263219273366825,-0.037029315585079034,0.9900727289595499,0.13329245774553222,-0.009654630801709625,-0.0395391884183055,0.9902406583207235,39.603147961341506,39.481939249386315
85.786127,1786095471.15,-0.05234340578317642,0.07573312520980835,0.36100003123283386,-0.05473144902570151,0.0795051390426643,0.3584842661423342,0.13624593647843153,-0.0109354396927755,-0.036730613228973155,0.9899334942326501,0.13365986406608157,-0.009813912544477273,-0.03918997388176093,0.9902034507138181,39.243197836247,39.39328386234594
85.865828,1786095471.217,-0.05288006737828255,0.07594290375709534,0.3620000183582306,-0.05468739015058802,0.07941120115532564,0.3586057066494299,0.13830657880192884,-0.003187214492946908,-0.04465048301264001,0.9893773123993796,0.13414311541025564,-0.009125641444370843,-0.03975733192509998,0.9901220640983904,39.4113565377588,39.39674179226403
85.945154,1786095471.317,-0.05273399129509926,0.07612352818250656,0.36100003123283386,-0.05465573097641599,0.07930064726054223,0.35865441526165004,0.14082419225794926,-0.007740430482758316,-0.03682251315573362,0.9893193292035355,0.13509825110856413,-0.008927736077688797,-0.03933810358427139,0.9900107432156116,40.026728518450625,39.72444340633133
86.016547,1786095471.383,-0.05234340578317642,0.07573312520980835,0.36100003123283386,-0.05463229067023635,0.07929188971088129,0.35867831900917196,0.14384672787998418,0.007517577743924012,-0.03918869546992736,0.9887951512069884,0.13629927791780508,-0.006675470453161434,-0.039318449985579505,0.9898646394452352,40.03473650802523,39.8375891047269
86.199941,1786095471.517,-0.05195281282067299,0.07690434157848358,0.36100003123283386,-0.05454005986722193,0.07913171507044724,0.35870873106159445,0.14123054426009407,-0.017364591387372674,-0.03544247351499692,0.9891896862609749,0.13739393421532428,-0.009044434417177543,-0.0384599958232017,0.9897282120704591,39.574607173190124,39.73136147509576
86.267425,1786095471.65,-0.05234340578317642,0.07729475200176239,0.36100003123283386,-0.05451933578212615,0.07902265203558347,0.35872934595815104,0.13496621566956646,-0.01932535390162811,-0.03516196350108007,0.9900375183027973,0.13690152475838868,-0.011135560362730487,-0.037789590926198276,0.9898009489952345,39.569506825553795,39.672999658710715
86.340328,1786095471.684,-0.05209672451019287,0.07672588527202606,0.3620000183582306,-0.054506327234042834,0.07901981634623531,0.35880023862735344,0.139154894745183,-0.003249014710106607,-0.04488270002237014,0.9892476446323097,0.13707200937836914,-0.01054089802607279,-0.03832462292877093,0.9897632934147172,39.01028807523165,39.468331327264
86.420476,1786095471.784,-0.05234340578317642,0.07651393860578537,0.36100003123283386,-0.054490692668781295,0.07898589530557991,0.35882962872291646,0.14161809584236124,-0.006822626045387211,-0.0371592614304529,0.9892001597218694,0.13783231413882188,-0.009919348904104083,-0.03812990840182674,0.9896716474577434,39.5392869584404,39.48638516338265
86.62799,1786095471.917,-0.05248839780688286,0.07750885933637619,0.3620000183582306,-0.054460185034710874,0.07891098193973463,0.3589916290982186,0.13680180506044548,-0.01373072302626426,-0.04349167894025013,0.9895479812724283,0.13764585165144944,-0.010610698236471938,-0.03910256544574959,0.98965247535771,39.147790932849475,39.32071109047182
86.700855,1786095472.05,-0.05209672451019287,0.07711736857891083,0.3620000183582306,-0.05441286100419369,0.07889566727742806,0.3590827564056879,0.14021377203784827,-0.00953630654313005,-0.04424217589485164,0.9890863394368171,0.13806041235068464,-0.010437409362571039,-0.039931743975287946,0.9895634587283674,38.45832604698315,38.77794109310404
86.769591,1786095472.151,-0.05209672451019287,0.07672588527202606,0.3620000183582306,-0.05438828571566269,0.07885267982921002,0.35912797386721296,0.14352000998056114,-0.0035443178503986325,-0.04528507999018904,0.9886044234558315,0.1388322887540132,-0.009464063544303201,-0.0406879784781504,0.9894344422486581,37.93560534588902,38.265975374070294
86.837149,1786095472.217,-0.05234340578317642,0.07690434157848358,0.36100003123283386,-0.054372716490868944,0.07884613496249378,0.35918795757649363,0.14471228548297685,-0.016244515768978455,-0.035712343255871665,0.9886956552331458,0.13949104145767008,-0.010222904513993207,-0.040131375927468516,0.9893569700783031,37.96456012433017,38.1368042628649
86.902236,1786095472.251,-0.05234340578317642,0.07651393860578537,0.36100003123283386,-0.054365750247280804,0.07882246251631475,0.359213397417558,0.146135312936292,0.0036694477118491653,-0.04558912377225752,0.9882067785945307,0.14006050309443757,-0.009035395982498945,-0.040598363317803754,0.9892690180068757,38.38623035483586,38.16145815767076
87.071773,1786095472.384,-0.05273399129509926,0.07651393860578537,0.36100003123283386,-0.054315786398584164,0.0787688980875313,0.3592692081810244,0.14328982811200366,0.019739876021810866,-0.040957189542191616,0.988635863743108,0.14100012229929468,-0.00077077930911274,-0.040704919331556066,0.9891721189727559,38.87446929030897,38.53849419887918
87.146946,1786095472.517,-0.05248839780688286,0.07711736857891083,0.3620000183582306,-0.05430658679287849,0.07872386080807063,0.3593895374541952,0.1410585313784048,0.013431471468598553,-0.047201718818397374,0.9887841443106502,0.14101845748471842,0.0028873400180072133,-0.042379278985040944,0.989095270754521,38.748532892562636,38.61899459874408
87.207808,1786095472.584,-0.05234340578317642,0.07651393860578537,0.36100003123283386,-0.05429257177378674,0.07868881828629194,0.35942800970931876,0.14079504740281762,0.014234778887481474,-0.040165288582447625,0.9891212641986581,0.1409858283761948,0.004606212429592133,-0.04204428008162916,0.9891077077429683,39.325076027237195,38.93696371845296
87.279477,1786095472.651,-0.05273399129509926,0.07690434157848358,0.36100003123283386,-0.05427246838940179,0.0786767985373756,0.35945557258740457,0.13549599063300274,-0.0135363992082271,-0.03615859192244134,0.9900253323269274,0.14002929016293453,0.0014319354278391032,-0.04101566072030139,0.9892964485092788,38.90907534199476,38.931355155892106
87.353388,1786095472.718,-0.05234340578317642,0.07651393860578537,0.36100003123283386,-0.05425539188817655,0.07864830899142793,0.35947566795654184,0.13712009728586416,0.01727686777589394,-0.040364898706680544,0.9895808525393814,0.1395039651235962,0.004307879525386065,-0.04089833713034929,0.9893671774971926,38.50791104356909,38.780252073721606
87.534852,1786095472.784,-0.05195281282067299,0.07690434157848358,0.36100003123283386,-0.05420755815250729,0.07863339499370907,0.3594904426398846,0.1341114397785363,0.004992269822144174,-0.0384682900105631,0.9902067408507246,0.13864821483437112,0.0044165398963215904,-0.040512655209600665,0.9895028506611057,38.87614326814969,38.80275771272089
87.598823,1786095472.951,-0.05195281282067299,0.07729475200176239,0.36100003123283386,-0.054144267707032775,0.07858382163909534,0.3595124159399319,0.13115822198273983,0.00964141236933964,-0.03911043732072935,0.9905427490353115,0.1367216725754406,0.005761293594008217,-0.04015210328611829,0.9897786623008189,38.50448341444344,38.653632226263724
87.656476,1786095473.018,-0.05273399129509926,0.07846596837043762,0.36100003123283386,-0.054110522993919684,0.07857766870200529,0.3595195134954544,0.12558736867967246,-0.013304991055586426,-0.04402230662500878,0.9910160576703794,0.1349179921246661,0.0026648582859386933,-0.0407820552499335,0.9900135645035152,37.98795092078317,38.352627935019484
87.718479,1786095473.085,-0.05312458053231239,0.07807555794715881,0.36100003123283386,-0.05407956564560689,0.07856549170244391,0.35952540802950617,0.12735294235809044,-0.007470007962261863,-0.0444426030032169,0.9908331252496956,0.13366907776180215,0.0009895548461909028,-0.04138764858334982,0.9901609268074846,36.578035051787865,37.178479229589946
87.781087,1786095473.151,-0.053515173494815826,0.07807555794715881,0.36100003123283386,-0.05405913034629716,0.07855686934094215,0.3595303918566094,0.12343015112732214,0.01632094979049792,-0.04749024628593388,0.9910818840531411,0.13181494467310423,0.0037715121935892994,-0.0424961458036007,0.9903558318344167,28.968419475446634,30.563565604236015
87.973238,1786095473.218,-0.054296351969242096,0.07885637134313583,0.36100003123283386,-0.05407182606075456,0.07856907659401732,0.35953485517047645,0.11678928272238866,0.008390236032650966,-0.04601676042645363,0.992054597862618,0.1289965549846837,0.004638740402573301,-0.04315798177081281,0.9906945843694873,27.19922929605257,27.845008863220762
88.044559,1786095473.418,-0.054296351969242096,0.07885637134313583,0.36100003123283386,-0.05408812907534572,0.07858526313385301,0.35954580328302643,0.12028464780849793,-0.0077888544043301375,-0.0440384887302797,0.9917315910865232,0.12616491996012408,0.0005948222450537259,-0.04344560552886044,0.9910572831669131,25.208925743704967,25.40323582208081
88.116233,1786095473.485,-0.0554681159555912,0.07885637134313583,0.36100003123283386,-0.05416955583356225,0.07858919049741428,0.35954928282257276,0.11628350241205745,0.002112827393637518,-0.045025415878765525,0.992192720670805,0.12477269890873192,0.0008088237843725171,-0.04366858907974097,0.9912235740431627,24.393445991481208,24.590063874244
88.186262,1786095473.552,-0.0554681159555912,0.07807555794715881,0.36100003123283386,-0.05422517996382729,0.07857798124129811,0.359552628461347,0.11555442354374168,-0.013814562587536161,-0.04373412937457536,0.9922417341494141,0.12328759562514138,-0.001551065712221602,-0.04368005198978559,0.9914079967492181,24.053756582954918,24.178797286010145
88.247583,1786095473.618,-0.0554681159555912,0.07885637134313583,0.36100003123283386,-0.05426345154699499,0.07858257177740635,0.35955583070675234,0.1163583813535935,-0.014240391523678,-0.04286296530302561,0.9921797743067815,0.12213659748203066,-0.003662179743743517,-0.043544752309920706,0.9915508532300825,23.54542761439792,23.711269074952984
88.407794,1786095473.785,-0.0554681159555912,0.07924678176641464,0.36100003123283386,-0.05431191131794892,0.07861330065539524,0.3595636219230128,0.11573794994654464,-0.015050946695247166,-0.04252724146618713,0.992254820940178,0.12036144493113653,-0.0068255398223502585,-0.04326288473607731,0.9917635087986124,23.367089389149818,23.435428634947076
88.473497,1786095473.852,-0.05624929815530777,0.07963718473911285,0.36100003123283386,-0.05438917996267435,0.07864201479716461,0.3595667107522436,0.11490345740600912,0.005848790656897151,-0.03806009563562323,0.9926300500409024,0.1195460717710842,-0.00492832385145491,-0.04248464312277942,0.9919070034266559,24.217321392408344,23.66304320725967
88.548214,1786095473.919,-0.05624929815530777,0.07924678176641464,0.36100003123283386,-0.054443107087112044,0.07864585760714282,0.35956977173433746,0.11738329507638985,0.013372949485838111,-0.038933582918345686,0.9922330887347987,0.11917925294249737,-0.0017991889993989232,-0.04187852315990672,0.9919875290974972,23.530376242038077,23.597019522178698
88.623053,1786095473.985,-0.05679677799344063,0.07946629822254181,0.3620000183582306,-0.05453703255690873,0.07865650376595282,0.35966073338389615,0.11389663619337953,0.005343531565482777,-0.045562452105455564,0.9924329024636274,0.1183319514806747,-0.0006525422832742648,-0.04247018493803601,0.9920652230769269,24.488941525366727,23.912320454655678
88.687544,1786095474.052,-0.056639883667230606,0.07885637134313583,0.36100003123283386,-0.054587273579785496,0.07865982556509138,0.359677966792151,0.11472330769278394,0.009981888583782237,-0.03854442566750362,0.9925992402889949,0.11774821431839422,0.0010710436163829228,-0.04183432027002186,0.9921613278786603,24.641056070302035,24.184047594555416
88.849241,1786095474.152,-0.05585870519280434,0.07924678176641464,0.36100003123283386,-0.054612832111966665,0.07866477859807283,0.3596951397660378,0.11740837338862897,0.013721528777505059,-0.03897483310895727,0.9922237428576143,0.11767877707670044,0.0037168605060696894,-0.04123685154688053,0.9921881940681472,23.69216930008083,23.925024316434968
88.919142,1786095474.285,-0.056639883667230606,0.07885637134313583,0.36100003123283386,-0.05468379851832236,0.07866901705166238,0.3597098954907269,0.11960972670027561,0.025834687160736152,-0.04044233900722008,0.9916604758855811,0.11819219473221944,0.009533407167185703,-0.04102989056596899,0.9920969042045793,24.301258640094066,24.081315274718705
88.981169,1786095474.352,-0.05703047662973404,0.07963718473911285,0.36100003123283386,-0.054747774996388464,0.07869229417551056,0.3597159030357223,0.11151960021482105,0.0033927242966512367,-0.03759110059915286,0.9930452040796117,0.11719798479474873,0.00861785376013668,-0.04051739452433393,0.9922442772309539,23.523271700440745,23.828083072281586
89.044378,1786095474.419,-0.05703047662973404,0.08041799813508987,0.36100003123283386,-0.0547932952489513,0.07876980663197046,0.3597209119473871,0.11167532788319816,-0.0012180010816178733,-0.03706706907874022,0.993052450782665,0.11635735310935758,0.007118881326312528,-0.039991907646355976,0.9923764080372183,24.03241763303358,23.868665459415777
89.107134,1786095474.486,-0.05703047662973404,0.07963718473911285,0.36100003123283386,-0.0548262327899131,0.07877382221662124,0.35972522002362173,0.11462243218004504,0.011109378162737157,-0.038668670746040634,0.9925940830272476,0.11612341756351016,0.007657289603353551,-0.039813424303301564,0.9924069775321747,23.843580828458606,23.862025919083525
89.266172,1786095474.552,-0.05703047662973404,0.08002759516239166,0.36100003123283386,-0.05485024305281419,0.07879626636320039,0.35972898348722976,0.11093312879919649,-0.020779573666200007,-0.042291671206018386,0.9927101615273584,0.11516832355960017,0.0023844979421572855,-0.040275517186378826,0.992526298963108,24.169923494752886,23.950590695380328
89.338302,1786095474.719,-0.05703047662973404,0.08041799813508987,0.36100003123283386,-0.05488517699178906,0.07887395059486695,0.35973699396224734,0.11338170665964221,-0.014058272480114632,-0.04295616864331392,0.9925229071136388,0.11462359506154259,-0.002660374685790858,-0.041099192694765994,0.9925548902814076,23.839663883027573,23.900836599533044
89.403039,1786095474.786,-0.05804101377725601,0.08097387850284576,0.36000001430511475,-0.05501482553609314,0.07894598813585292,0.3597470234313776,0.11140021100319175,0.01808616031445025,-0.03954827778206474,0.9928236588226517,0.11405510247263427,0.0010223794674874384,-0.04082521064096667,0.9926347215951606,24.18437994194744,23.988807287166907
89.472356,1786095474.819,-0.05765150487422943,0.08136320859193802,0.36000001430511475,-0.055038990158071566,0.07900050052826119,0.35975109346069406,0.11298431916766659,0.01667007177787953,-0.03895805001035843,0.9926927634814962,0.11393695039209241,0.002769608905823913,-0.0406172291812369,0.9926534850064737,23.92539953419836,23.98074043831476
89.545908,1786095474.919,-0.058430518954992294,0.08136320859193802,0.36000001430511475,-0.05521945181310229,0.07910040174294006,0.3597587279777384,0.11171215718489212,0.008932290640860763,-0.038516656283919294,0.9929537125715939,0.11343519732810357,0.004160785596403308,-0.04014321372598734,0.9927253730322927,23.921377543662828,23.96385937190464
89.725067,1786095475.019,-0.058430518954992294,0.08175253123044968,0.36000001430511475,-0.05533021447419844,0.07921994944448603,0.35976360832503324,0.11022272609903516,0.014991860664772061,-0.03875705229790593,0.9930378067638123,0.11277651647742934,0.006385665599943364,-0.03985890387400319,0.9928000545870376,23.921377543662828,23.952493763685105
89.78681,1786095475.153,-0.05804101377725601,0.08175253123044968,0.36000001430511475,-0.05534515361597902,0.07930857847020031,0.3597675469061539,0.11074479644250108,0.0023760847665376503,-0.03735336876155951,0.9931438315391453,0.1123624257637582,0.0055679946028286235,-0.03934802931036717,0.9928723056375262,23.898365148970495,23.934663920050625
89.856237,1786095475.219,-0.05804101377725601,0.08175253123044968,0.36000001430511475,-0.05535197602835844,0.07934049845571543,0.35976904967271073,0.1133935532476465,0.021092750887512005,-0.03967875917322804,0.9925334221135043,0.11250525280320363,0.00769426619870064,-0.039393887865459096,0.992840111980874,24.063107176573414,23.966866672415144
89.929606,1786095475.286,-0.058430518954992294,0.08214185386896133,0.36000001430511475,-0.055403248586114895,0.07940768185085942,0.35977026089659664,0.10854320695993823,0.0026949544402388934,-0.03762351053727208,0.9933758507726412,0.11198705769292985,0.007040070491078687,-0.03916231331484632,0.9929127099259989,23.924454851394877,23.95842191552905
90.115238,1786095475.486,-0.05804101377725601,0.08253118395805359,0.36000001430511475,-0.05543946207576795,0.07959348182219579,0.3597726420446842,0.11059448605128146,-0.01842446922390155,-0.04265478804030214,0.9927789117654078,0.11156326590976415,-0.0008540114009058185,-0.0402478346658595,0.99294159957612,23.740833280443873,23.8496281037188
90.18436,1786095475.553,-0.058430518954992294,0.08253118395805359,0.36000001430511475,-0.055483099359154874,0.07963841867055445,0.3597733430260287,0.1112936182482056,-0.021325478816215437,-0.04257066510480092,0.9926463080891486,0.11152247906429309,-0.004196208912926092,-0.040628227444697955,0.9929221901180451,23.486201562979264,23.72294612935296
90.257252,1786095475.62,-0.058430518954992294,0.08253118395805359,0.36000001430511475,-0.05551529126907158,0.07967146467482633,0.35977397591262045,0.1125051803205934,0.013263127797610042,-0.04641597605073545,0.9924778239383046,0.11170140124626125,-0.001066939816123246,-0.04166662559471007,0.9928673380218531,24.209570502779933,23.91558997549543
90.425017,1786095475.686,-0.058430518954992294,0.08292050659656525,0.36000001430511475,-0.055539279998436976,0.07974449818490321,0.35977455251563684,0.11214715310464575,0.007206535206559284,-0.04546934720635198,0.9926246120087231,0.1117756540222816,0.0002993524497610175,-0.042294853611264664,0.9928329461263882,23.527653721225683,23.78193892300998
90.493056,1786095475.853,-0.058430518954992294,0.08292050659656525,0.36000001430511475,-0.05557618880071637,0.07984023032887673,0.3597758624641819,0.11270826075501512,0.008666012514788919,-0.04589001563343169,0.9925300270771844,0.11202186175990884,0.002499996109792439,-0.043240815182315505,0.992761343128178,24.21656112051146,24.022521169293036
90.571085,1786095475.953,-0.05804101377725601,0.0833098366856575,0.36000001430511475,-0.05562262849352897,0.07994625033650869,0.35977661339268924,0.1147195983382645,-0.002422600289697484,-0.04407934430366557,0.9924165235276479,0.11243953655205544,0.0017382967542598176,-0.04337065755295274,0.9927100860814186,23.855855030428256,23.967831070466826
90.653479,1786095476.02,-0.058268215507268906,0.08269017189741135,0.359000027179718,-0.055630516127850596,0.07997823390883628,0.359747149340547,0.11403604250423628,0.0022780559825979186,-0.037617504159763636,0.9927615599184441,0.11261219184805607,0.0017966065933881844,-0.042749255307786296,0.9927173654281238,23.849599434080726,23.94065413026502
90.718102,1786095476.087,-0.05804101377725601,0.08292050659656525,0.36000001430511475,-0.05565424099198164,0.07998955189086157,0.3597504094464336,0.1154038409296047,0.01092519635110168,-0.04613321135021682,0.9921866358674162,0.11294583639947407,0.002885631973207004,-0.04315318295520579,0.9926594148896051,23.901397009014307,23.93346473449305
90.866781,1786095476.187,-0.05804101377725601,0.08292050659656525,0.36000001430511475,-0.05567862913758041,0.08000341329545503,0.3597536574674886,0.11494203524048831,0.007011684039869871,-0.045423536282491433,0.9923083528688512,0.11324082066816073,0.0034949695736701506,-0.04348853872674375,0.9926092124907431,23.661598699178846,23.829685043571594
90.947167,1786095476.32,-0.05804101377725601,0.08292050659656525,0.36000001430511475,-0.055700586687766104,0.0800189221169128,0.3597564474079916,0.11609596147427807,0.009999776562900223,-0.04628446940028847,0.9921086029716649,0.11373162961426654,0.00461210976101688,-0.043968888639739745,0.9925273707564047,23.897114583585907,23.853184784375237
91.017772,1786095476.387,-0.05804101377725601,0.08292050659656525,0.36000001430511475,-0.05570979412083623,0.08002621129704866,0.35975758305658995,0.11554714319512596,0.007831074213914093,-0.04577310771877231,0.9922158810389333,0.1138987568723423,0.004908291804135111,-0.04413492711433368,0.9924994156487513,23.516533150092908,23.737551282624928
91.077998,1786095476.454,-0.05787979066371918,0.08307842165231705,0.359000027179718,-0.05573001325103555,0.08005126075924007,0.35973018900439047,0.1156983607138907,-0.010737114130815737,-0.04348007812495944,0.9922741992587067,0.1141247241177367,0.0029572727842655114,-0.0440538616919009,0.992484790388629,23.7030134152763,23.730490180889156
91.139871,1786095476.52,-0.05804101377725601,0.0833098366856575,0.36000001430511475,-0.055736762139797766,0.08009908226795821,0.3597339800637397,0.11370377016941444,-0.002728951602527832,-0.05166203123928282,0.992166840808865,0.11407154037406259,0.0022311139364210794,-0.045025704398935024,0.9924491884981674,23.89016944158912,23.771653187330124
91.202428,1786095476.554,-0.05765150487422943,0.08292050659656525,0.36000001430511475,-0.05575444446636773,0.08011098909458701,0.3597356289955673,0.11856406963376653,-0.004757393631150948,-0.05223591553553848,0.9915600525060909,0.11444421015605391,0.0016522260512350348,-0.045623175912465716,0.9923801281416778,23.97569835895291,23.807555991664607
91.401913,1786095476.687,-0.05726199969649315,0.0833098366856575,0.36000001430511475,-0.055818046640489415,0.08017277568031277,0.35973958563188796,0.11812740507165789,-0.008286364464660903,-0.051517138947888515,0.9916265611255173,0.11529573155045653,-0.000641417489350038,-0.04698400472536431,0.9922192228382881,23.860281841243648,23.82466034197216
91.464443,1786095476.821,-0.05671451613306999,0.08269017189741135,0.359000027179718,-0.05586676290214254,0.0802492160743291,0.3597006156370127,0.12065894186146878,-0.01655766547509668,-0.050299146276355663,0.9912806158433418,0.11653985388745701,-0.004324636072200216,-0.0477523946800652,0.9920279576609988,23.150180009348613,23.43044395656426
91.532004,1786095476.887,-0.05710294097661972,0.08346666395664215,0.359000027179718,-0.055874510349988374,0.08031613054622808,0.3596868961072064,0.12048670467839012,-0.014758516036023895,-0.05050878871899095,0.9913193241646695,0.11708336739746547,-0.005759079316362492,-0.0481317082707747,0.9919383331352988,23.523464463826844,23.446457642391017
91.614563,1786095476.987,-0.05749136209487915,0.08230192959308624,0.359000027179718,-0.05590315668508218,0.08039578024078785,0.359673561428607,0.11869463259055828,-0.02050442734097595,-0.050216487109980064,0.991448161567686,0.11740276399661236,-0.008663079812892304,-0.04854313234326635,0.9918594186458156,23.143177950220906,23.314078763556147
91.780518,1786095477.087,-0.05710294097661972,0.08269017189741135,0.359000027179718,-0.0559183530060564,0.08041409879357547,0.3596646745314687,0.12360956766054512,-0.008758899895004824,-0.05145507735290049,0.990957280345631,0.11847350494632894,-0.008679633195162613,-0.04904545213185661,0.9917072331179759,23.832760000042832,23.554994212593723
91.861058,1786095477.221,-0.056943878531455994,0.08245983719825745,0.3580000102519989,-0.055938848972613676,0.08045619503428061,0.3595570913989859,0.12438373637089269,0.009976786102861509,-0.04647491192761414,0.9910949664017038,0.11985383441706082,-0.004335771157730966,-0.048448607830662925,0.9915992092893511,23.74229572710039,23.63169520276967
91.932465,1786095477.288,-0.05655653402209282,0.08245983719825745,0.3580000102519989,-0.055952275491726385,0.08047212922197054,0.3595192095503359,0.1248215530138246,-0.014019934798037327,-0.0432072972199286,0.991138815100299,0.12055583263566129,-0.005702228942761415,-0.04770949666158833,0.9915430296920577,23.52525451294921,23.60609969630913
91.995477,1786095477.354,-0.056943878531455994,0.082846999168396,0.3580000102519989,-0.055954585777340804,0.08050079670221427,0.3594923903916643,0.11956460374871632,-0.020112459254122608,-0.04264203022760027,0.9917063334330543,0.1204043890783883,-0.00793081042539671,-0.04692656067110113,0.9915834726538346,23.218284685460198,23.466260792961048
92.16302,1786095477.521,-0.056943878531455994,0.0820726752281189,0.3580000102519989,-0.05596006537311178,0.08056493935002093,0.35945616825015425,0.12445009767541505,0.008812524813529078,-0.04633317920248802,0.9911043078808509,0.12154429736961728,-0.0032284509836529186,-0.046761310186899864,0.9914786637899863,23.55602873486806,23.50087726100115
92.230399,1786095477.588,-0.05655653402209282,0.08245983719825745,0.3580000102519989,-0.055969709234327626,0.0805762190217203,0.35944511772873333,0.12269876999137136,0.017584230559239186,-0.04690367094439965,0.9911790213327679,0.12174066927774772,0.0002454054911381652,-0.04678648539887557,0.9914586093246514,23.86493785084798,23.62653490603423
92.296078,1786095477.654,-0.056169189512729645,0.0820726752281189,0.3580000102519989,-0.055974824769482914,0.08059634268323099,0.35943659529919814,0.12678643117889507,0.019158388581726932,-0.04763515756154346,0.9906003476579028,0.12266728664003221,0.0037055262490522413,-0.04694309418383546,0.9913300922356979,24.249760692451286,23.900061679779242
92.365432,1786095477.721,-0.05655653402209282,0.0820726752281189,0.3580000102519989,-0.055977722214650416,0.08061148286842289,0.3594296447964011,0.12446939119057816,0.009397923115422006,-0.04640630821728073,0.9910930855653298,0.12296136190073567,0.004633493931289999,-0.04685570411578188,0.9912938904307438,24.053574245586518,23.946861256567118
92.559199,1786095477.855,-0.05655653402209282,0.08245983719825745,0.3580000102519989,-0.055981950947114854,0.08064324296124842,0.35941942054135906,0.11944243430907307,-0.006397037946496033,-0.051393238713604975,0.9914894441225082,0.12210719226460005,0.0019505678471337723,-0.047960050434681,0.9913555681210615,24.25463977703634,24.09739695260232
92.634328,1786095477.988,-0.056169189512729645,0.08168551325798035,0.3580000102519989,-0.05598705795697166,0.08068457950169881,0.35941123984946505,0.1264142075612171,-0.008282705658828316,-0.051589745739927764,0.9906004961881093,0.12304759990329925,-0.00028038691872549757,-0.048751928113991726,0.9912025317998242,23.90468466662262,24.023035546614054
92.701974,1786095478.055,-0.05578184872865677,0.08168551325798035,0.3580000102519989,-0.05598205586424038,0.0806996284989958,0.3594074697258645,0.1265304079196118,-0.009474153384834356,-0.05143601660187396,0.9905829760729128,0.12350080899341043,-0.0014748366148211074,-0.04910093035135275,0.9911278795763766,23.786580301112895,23.956078765750643
92.771509,1786095478.155,-0.05655653402209282,0.08168551325798035,0.3580000102519989,-0.05599317329443589,0.08071439321294048,0.3594023266721725,0.1218247563609445,-0.013023994142024523,-0.05145545599757391,0.9911313940957913,0.12320116388080725,-0.0035484975939939147,-0.049524196880259455,0.9911388577321572,23.95815109414266,23.95661943062576
92.838178,1786095478.188,-0.05578184872865677,0.0820726752281189,0.3580000102519989,-0.05599041602624244,0.08072262198919093,0.3594006732143628,0.12639393284181935,-0.007122128881533027,-0.051730576009521245,0.9906047630244343,0.12342352852001075,-0.003797265566280907,-0.04967783065976042,0.9911025812310396,24.068918546606213,23.973267376461713
93.009119,1786095478.255,-0.05578184872865677,0.0820726752281189,0.3580000102519989,-0.055986424233687875,0.08073510475727827,0.359397444758108,0.12523888169792802,-0.011659577246109366,-0.05058967932473957,0.9907673597345213,0.12366027117657817,-0.004820615612716137,-0.04979670001525517,0.9910626557716925,23.881956616171767,23.953074113056488
93.08415,1786095478.455,-0.0556260347366333,0.08222950249910355,0.3570000231266022,-0.05597249199763776,0.08077413495387306,0.35922701033788135,0.12365342766919236,-0.0017233376758115794,-0.044628017148465954,0.9913199281858057,0.12365905761303622,-0.004087478843576785,-0.048573391487846174,0.9911268110722904,23.789228381169387,23.87602459719297
93.149109,1786095478.522,-0.05523977056145668,0.08184342831373215,0.3570000231266022,-0.05595498062236963,0.08078643492994432,0.359186202669908,0.1294187960947897,0.007226949495158706,-0.045944348908796194,0.9904986942049527,0.12434034199290228,-0.0027513313565233535,-0.04826333952991881,0.9910613298813926,23.829544459819054,23.867207155197043
93.22933,1786095478.588,-0.0556260347366333,0.08184342831373215,0.3570000231266022,-0.055953856797148635,0.08079556253341016,0.359156858112467,0.1257928279681951,0.0108978319986746,-0.04618617749670943,0.9909209043600479,0.12453834246383907,-0.0009039096482368281,-0.04798273414127541,0.9910535007899599,24.31786304880653,24.04317072785645
93.406185,1786095478.655,-0.0556260347366333,0.08184342831373215,0.3570000231266022,-0.055952852592748334,0.08080268798485538,0.3591347776335292,0.12567004789211228,-0.020798843656718878,-0.04957738446147206,0.9906142186115122,0.12472942247096763,-0.00420250948346286,-0.048248453491429526,0.9910080710164704,22.867895376512944,23.390126395629316
93.470224,1786095478.855,-0.0556260347366333,0.08107126504182816,0.3570000231266022,-0.055950399292621224,0.08081945582464137,0.3590987198575225,0.13020005368816545,0.005442313995452825,-0.04597481951479804,0.9904063020844301,0.12632789181495868,-0.0013873542816800117,-0.04758544701255882,0.9908455804161919,23.53643399575694,23.456679241800114
93.535075,1786095478.889,-0.05485351011157036,0.08107126504182816,0.3570000231266022,-0.05593064930749644,0.08082182934801033,0.3590932885444974,0.1285914790868547,-0.008825283303199408,-0.05130225443515978,0.9903304623057616,0.12649704472186135,-0.0019421103263718795,-0.04786278475436977,0.9908097091367608,24.21557612697146,23.693459361397192
93.604749,1786095478.955,-0.05523977056145668,0.08068518340587616,0.3570000231266022,-0.05592276828611814,0.0808181221681138,0.3590845998583308,0.12785599042023002,-0.020484107867938067,-0.05046183142980506,0.9902963448419198,0.12671887996230702,-0.004927848285471358,-0.04828243176090307,0.9907506490311412,23.99997857054052,23.79350026250757
93.779482,1786095479.089,-0.05523977056145668,0.08107126504182816,0.3570000231266022,-0.05591291142601902,0.08082074897812966,0.3590710994153802,0.12533880187169955,-0.012638031453364824,-0.05062022749756591,0.9907411657312143,0.1264036125161885,-0.006693380734359322,-0.04881803278711383,0.9907543212482085,23.8690617903291,23.819947516015652
93.843214,1786095479.222,-0.05523977056145668,0.08107126504182816,0.3570000231266022,-0.05590636573574691,0.08082263154354495,0.35905992098940975,0.12666361518636124,-0.011341731208213052,-0.05134778589912005,0.9905509066193318,0.1264523207450392,-0.007559389032239583,-0.04928943327785556,0.9907185362063238,23.490283966640153,23.664156114065463
93.902993,1786095479.289,-0.05508503317832947,0.08084417134523392,0.35600000619888306,-0.05589834204147762,0.0808228819557253,0.3589428632781848,0.12791038628680754,-0.0036445839100458714,-0.044963441278384406,0.9907592740098312,0.12660412411027255,-0.007152392194703183,-0.048839756976526726,0.9907244405901359,23.385260335421354,23.573989310501297
93.966957,1786095479.322,-0.05523977056145668,0.08107126504182816,0.3570000231266022,-0.055897546019125825,0.08082337720983969,0.35892887939924595,0.12613400492428686,-0.0012511921916732404,-0.052635342979602984,0.9906150453073479,0.12657516898828816,-0.00678665651640402,-0.049075070922257824,0.99071908495945,23.678777416207023,23.58789436623118
94.028323,1786095479.389,-0.05508503317832947,0.08045917004346848,0.35600000619888306,-0.0558914033206505,0.0808150082333099,0.35884231166194047,0.13146510634923317,0.00016194284488398554,-0.0528538901507202,0.9899107868303262,0.12718240624550675,-0.005924656174891638,-0.04954409770107981,0.9906234987995177,23.678777416207023,23.60782853495952
94.200678,1786095479.489,-0.055470217019319534,0.08045917004346848,0.35600000619888306,-0.05588445817836348,0.08080708613049059,0.35876186033355784,0.12706053822424015,-0.006832457776826778,-0.0523688738592682,0.9904879798349935,0.12716490397253175,-0.006055551322600099,-0.049951416754620885,0.9906044990106003,24.366640508037545,24.023693382721458
94.263279,1786095479.623,-0.05508503317832947,0.08084417134523392,0.35600000619888306,-0.05587154115432033,0.08080752749722833,0.3586994607399487,0.12828088510207739,-0.004530160784277973,-0.052007027432154164,0.990362944207005,0.12733291295605878,-0.005825996804951713,-0.05026079276048676,0.9905686446432881,23.631103856705014,23.84638786154948
94.326533,1786095479.689,-0.05508503317832947,0.08045917004346848,0.35600000619888306,-0.05586659720884997,0.08080287798565051,0.35867629552765234,0.12812355042687018,0.011840604996757185,-0.0544263168551279,0.9901928761271256,0.1274327543745629,-0.0036459880572919626,-0.05077572892353433,0.9905399665010404,23.525946675901984,23.7478037157409
94.394152,1786095479.756,-0.05493030324578285,0.08061708509922028,0.35500001907348633,-0.05585649878160624,0.08080206246877261,0.35852123649321677,0.12899083280785595,0.015562946547928662,-0.047291827080909773,0.9903951952819801,0.1276802937927319,-0.0006341024130909131,-0.050230737530852554,0.990542383494133,23.50551982913105,23.67872534053674
94.595637,1786095479.889,-0.05493030324578285,0.08138491958379745,0.35500001907348633,-0.05584398800261258,0.08082748821362727,0.35835508733001586,0.12489325524138394,-0.00578612336981052,-0.05176633815125442,0.9908019185518213,0.12708161282601463,-0.0017415364325268625,-0.050560972113275315,0.9906012410810687,23.311882360012802,23.50511717850018
94.669688,1786095480.023,-0.055314403027296066,0.08100099861621857,0.35500001907348633,-0.055833060732058834,0.0808283206939799,0.3582604943291337,0.12634542327544235,-0.02136703697467213,-0.050078294425057436,0.9904910136774334,0.12691560072367217,-0.0062834676282840195,-0.05045100294673856,0.9906097337646051,24.23250605684056,23.93921796508444
94.734393,1786095480.09,-0.055314403027296066,0.08100099861621857,0.35500001907348633,-0.055828925552075026,0.08082872037098418,0.3582255550934458,0.12499868229727068,-0.008586575497532657,-0.051420381690718185,0.9907863263549573,0.12669489011002616,-0.006548723906294729,-0.050562673624746396,0.9906305744681642,23.617163711531628,23.845487621470365
94.804635,1786095480.19,-0.055314403027296066,0.08100099861621857,0.35500001907348633,-0.05582454900333092,0.08082929365064627,0.35819001508449794,0.12463140934776866,0.011195877443960204,-0.0542034441632849,0.9906581906859128,0.12630957629600723,-0.003207766419390082,-0.05124947717086538,0.9906609370820244,24.32937538611538,24.086726187920593
94.978443,1786095480.223,-0.055314403027296066,0.08100099861621857,0.35500001907348633,-0.05582326518720724,0.08082948071012924,0.35817976613325164,0.12221680953865069,0.005724906861021608,-0.05355353907470106,0.9910410159827898,0.12597640933707616,-0.0024795720122600764,-0.05143750389866158,0.9906957046469156,24.32937538611538,24.14120841329022
95.045958,1786095480.423,-0.05493030324578285,0.08100099861621857,0.35500001907348633,-0.05579795570089565,0.08083057617013116,0.3581415793588248,0.1241458366872385,-0.0349991767410874,-0.06332549348694406,0.9896225294198321,0.12534325834714732,-0.01403616546565956,-0.055669141673491296,0.9904509075725447,24.32937538611538,24.240930467166123
95.123255,1786095480.49,-0.05477556586265564,0.08077282458543777,0.3540000021457672,-0.05578457502225557,0.08082997238227738,0.35797953820000694,0.1244167427983738,-0.014773748569407961,-0.05856712705973886,0.99038987378336,0.12521964873036,-0.014134633498107476,-0.056056025721337846,0.9904433217948658,24.267173397461526,24.24651420801614
95.205334,1786095480.557,-0.0551585853099823,0.08115565776824951,0.3540000021457672,-0.05577929096080324,0.08083332567713637,0.3578663357323816,0.12160154189419713,-0.014191199282875527,-0.058736362084309775,0.990737964671269,0.1247819072877138,-0.014141494615314635,-0.05638047096169319,0.9904800534275403,24.2700162715647,24.251292672916772
95.415896,1786095480.657,-0.05477556586265564,0.08153849095106125,0.3540000021457672,-0.05576363951218959,0.08085340654255076,0.3577608447449213,0.11983196514633211,-0.021277563589672952,-0.06498221453343918,0.9904367103511389,0.1239250881604058,-0.015378802732609685,-0.057872330480203536,0.9904831438826898,24.662279137536807,24.437779033518282
95.474825,1786095480.857,-0.05477556586265564,0.08077282458543777,0.3540000021457672,-0.05574660957297885,0.08085055621286771,0.3576571333014758,0.12010480851609832,-0.014985954580914817,-0.06612058288598421,0.9904434989717625,0.12300094781941369,-0.015283791271460553,-0.059870086487048085,0.9904810676150906,24.032814276086317,24.211075070061717
95.543844,1786095480.924,-0.053856972604990005,0.08130816370248795,0.3530000150203705,-0.05567575660565715,0.08085726172377207,0.3574585608570236,0.12533228120334153,0.004215411693142328,-0.06070822974540389,0.9902467169517922,0.12332705767034927,-0.012580311022769316,-0.05998768815641737,0.990471428104109,24.394518562240908,24.26305920836883
95.610978,1786095480.957,-0.0534750372171402,0.08168992400169373,0.3530000150203705,-0.0556235208617913,0.08086914949285218,0.35737823296820664,0.12428334588885898,0.021760385049018605,-0.06291135842015494,0.9900112608242996,0.1234474096307413,-0.008532981541672924,-0.06033604100733241,0.9904784134129481,24.86445791690765,24.444682708309465
95.682517,1786095481.057,-0.0534750372171402,0.08130816370248795,0.3530000150203705,-0.05552813700748903,0.08087334753989589,0.35722872142467577,0.12416309063154155,0.006365793551040442,-0.06875673047813992,0.989856310588181,0.12364378861943903,-0.0045193873694029316,-0.06260638189546167,0.9903394517131973,24.6720084668882,24.53774444651855
95.87581,1786095481.124,-0.05332355201244354,0.08221985399723053,0.35200002789497375,-0.05546773790735103,0.08092403610689722,0.35695837850586887,0.12404396434824423,0.0027667522254364195,-0.06001533701188667,0.9904562581529001,0.12371518721100469,-0.0032292650308785816,-0.06214786435606908,0.9903644618304345,24.437740051544484,24.51775382502624
95.943992,1786095481.324,-0.053704407066106796,0.08221985399723053,0.35200002789497375,-0.05544320499828155,0.08099187305469242,0.3566097830488991,0.11903945995005098,0.017651365259817847,-0.06257419841062213,0.990758550794558,0.12215374917119616,0.003771773657201445,-0.06229398614324936,0.9905471692843729,24.400410721138424,24.46762991513365
96.002369,1786095481.391,-0.05332355201244354,0.08221985399723053,0.35200002789497375,-0.05540546275332061,0.08100840603808324,0.3565262665535217,0.1202455740998554,0.0037953846774211345,-0.06791242588870762,0.9904112778913907,0.12190009778877474,0.003774922975785713,-0.06304169582315898,0.9905311003211128,23.764532713557333,24.148742999328036
96.069797,1786095481.424,-0.05317206308245659,0.0816066786646843,0.35100001096725464,-0.05538150596066928,0.08101407192349674,0.3563690254240171,0.1226839914584081,0.002902488136960058,-0.060918343317757855,0.9905701233380036,0.12195236624512698,0.0037167762998868135,-0.06290018692980734,0.9905338825226254,24.37364033594276,24.18298147555718
96.131443,1786095481.491,-0.052792295813560486,0.08198627084493637,0.35100001096725464,-0.05530547159525729,0.08101800028620744,0.35615029871514853,0.12349876161577415,0.022652594651345316,-0.06300054491704601,0.9900837576564355,0.12219697579815172,0.006676578890050622,-0.06291737105784148,0.9904871159279562,24.54343269330137,24.299385319666786
96.311464,1786095481.557,-0.052792295813560486,0.0816066786646843,0.35100001096725464,-0.05525215552205575,0.0810265266228403,0.3559994183463921,0.12529113735049907,0.016018220375449244,-0.0628610732652406,0.9899969863516576,0.12266404192976267,0.008084456375646663,-0.06290927758379429,0.9904194046849288,24.239235728831446,24.285436385069033
96.381806,1786095481.758,-0.052792295813560486,0.08198627084493637,0.35100001096725464,-0.055174279530824974,0.08104159205411594,0.35578807265296697,0.12287947386008304,0.02192080210943137,-0.06256985215679543,0.99020458842596,0.12272870856491129,0.012082784454047318,-0.06281243538344787,0.9903768315015383,24.669482810308427,24.499440323582455
96.458683,1786095481.824,-0.05294270068407059,0.08260052651166916,0.35200002789497375,-0.05516836837640572,0.08108248218152142,0.35567727528117604,0.12229398418658113,-0.011576910035823123,-0.058295088206889736,0.9907127935364243,0.12266256522026389,0.0082184809949804,-0.06207702375602558,0.9904709964382166,24.498027403475728,24.49918582809284
96.529566,1786095481.891,-0.05256184935569763,0.08298119902610779,0.35200002789497375,-0.055125555447747214,0.08114498485487345,0.3555975926828111,0.11877087479702841,-0.018004237347390185,-0.05698243230969224,0.9911217529373264,0.12188521887704393,0.002932599728546181,-0.06105362349231708,0.9906603092567026,23.529742074753692,23.986916835770614
96.591258,1786095481.958,-0.05256184935569763,0.0818391814827919,0.35200002789497375,-0.055094215427880795,0.08116002641596314,0.3555402037426695,0.1205371780360004,-0.014275246135879719,-0.058388098833308186,0.9908873982312568,0.1216141667904323,-0.000565771255667512,-0.06051321715199453,0.9907309548452955,24.154192468649402,24.02245025996268
96.752476,1786095482.091,-0.052180998027324677,0.08107782900333405,0.35200002789497375,-0.054990075675587044,0.08115469161849555,0.35547272107105893,0.12336118096770408,0.014048544004258697,-0.054391108714423764,0.9907705409096647,0.12212110191067968,0.003648357885940932,-0.05874944053056547,0.9907682015437329,23.533845992457774,23.74008739629054
96.832765,1786095482.191,-0.05294270068407059,0.08145850896835327,0.35200002789497375,-0.054940359142918005,0.0811591231006343,0.3554377077162677,0.12097849442753718,0.021504514633129912,-0.06270799050696758,0.9904390277361943,0.12186091332832096,0.007771503831941461,-0.05966523334337404,0.9907217477481043,24.307412160762414,23.99443402542135
96.901651,1786095482.258,-0.05294270068407059,0.08145850896835327,0.35200002789497375,-0.05491597307786908,0.08116138209541318,0.355419155640416,0.12055505740535581,0.007304037687227524,-0.06031170938492668,0.9908459148013494,0.12168106405899329,0.007707116944913787,-0.059754286182072694,0.9907389889777931,23.937514078336857,23.980644809633798
96.964168,1786095482.325,-0.05256184935569763,0.08031648397445679,0.35200002789497375,-0.05489481819572251,0.08112230750621395,0.3554040347647151,0.12135360462726968,0.006658406891783513,-0.060580653795768685,0.9907365707630403,0.12164340180941796,0.007586464399489656,-0.059849364890822356,0.9907388060817609,23.653506682919875,23.864334699111403
97.150081,1786095482.391,-0.052180998027324677,0.07955513894557953,0.35200002789497375,-0.05483912802895736,0.08103023599962238,0.3553914833663017,0.12082768173942063,0.006084946661474694,-0.06019900765814729,0.9908277974636049,0.12156316771179995,0.0074387460877486525,-0.059883770847743635,0.9907476950775962,23.321750151309004,23.631720634970954
97.219339,1786095482.591,-0.052180998027324677,0.07955513894557953,0.35200002789497375,-0.05475762276917433,0.08091178044049038,0.35536300374811103,0.11849146487640307,0.01140129639246798,-0.061203985342690684,0.9910014406499049,0.12094354823105112,0.008238422495551888,-0.06015032595533183,0.9908010520904464,24.233461015275687,23.99218670690843
97.294824,1786095482.658,-0.051419295370578766,0.0791744664311409,0.35200002789497375,-0.05464025644690981,0.08085241393550992,0.3553542155155106,0.12170412873013678,0.0047051883536199605,-0.06036076167327313,0.9907181964124903,0.12100355046148906,0.007959956866591728,-0.060166939943103764,0.9907949935280652,23.755387832186727,23.91854570587954
97.367649,1786095482.725,-0.05127321556210518,0.0785699412226677,0.35100001096725464,-0.054536784515103943,0.08074781496809463,0.35519089007061977,0.12339992910620248,0.009112873538233418,-0.060713358331600846,0.9904561076355475,0.12118696791088074,0.00804818715630368,-0.06020877110974224,0.9907693219783901,23.899587354109887,23.914805386028817
97.441926,1786095482.825,-0.050893448293209076,0.0785699412226677,0.35100001096725464,-0.05436763172565874,0.08065356149897471,0.3550416164993405,0.12288172433311836,0.018479795044238596,-0.06187746454597201,0.990318008713062,0.12141154513355236,0.009425661535099376,-0.06042950617344662,0.9907162400993246,24.438120394482237,24.167623275589882
97.606142,1786095482.892,-0.05013390630483627,0.07819034904241562,0.35100001096725464,-0.0541589060480238,0.08056777419847502,0.35497000451055344,0.12428288509456953,0.008854625156696314,-0.06101384987866784,0.9903295765596863,0.12166167876710689,0.009375928421185774,-0.06048042350364825,0.9906829191313582,24.273298162725222,24.194999866098357
97.680554,1786095483.059,-0.05074845254421234,0.07796759158372879,0.3500000238418579,-0.05407177451597147,0.08041849427128948,0.35456395788894557,0.12262243486213387,0.018707773919426973,-0.055009593504311415,0.9907510798812947,0.12184853266940958,0.011180063353712572,-0.059423349274755885,0.990705206825264,25.0433374535634,24.754056451212218
97.759602,1786095483.125,-0.05074845254421234,0.07796759158372879,0.3500000238418579,-0.05404562091772162,0.08037604963581269,0.35445063576246166,0.12215713586628354,0.015119731871550844,-0.0542700821205578,0.9909105842868502,0.12187757800940133,0.011548099384574427,-0.058942073623400565,0.9907261626383649,24.576775290644445,24.719320694916558
97.833282,1786095483.192,-0.05074845254421234,0.07834610342979431,0.3500000238418579,-0.054025010249543565,0.08036577438453772,0.3543684487855584,0.1213601930097592,0.029199827333316206,-0.05599436613825798,0.9905976502077487,0.12181126857746073,0.013887211583655867,-0.05855258070564686,0.9907273870720893,24.49845958042792,24.667141400262786
97.896331,1786095483.259,-0.050893448293209076,0.07819034904241562,0.35100001096725464,-0.05401080326694701,0.08035322032711868,0.3542780587996895,0.1179300889403837,0.023420866560399288,-0.06282829959510172,0.9907555510326759,0.12127264001026092,0.015212616307560583,-0.05914739632044703,0.9907386681655929,24.322052979578142,24.560994657465997
98.060581,1786095483.325,-0.05074845254421234,0.07796759158372879,0.3500000238418579,-0.05399229137061164,0.0803229424175881,0.35418935331315615,0.12061908471948182,0.006516795555427502,-0.05353234647204452,0.9912329976641819,0.12118191022572201,0.013995043088522334,-0.05836150731899522,0.9908143205800218,23.790998733849637,24.20516284247998
98.13276,1786095483.492,-0.050369761884212494,0.07796759158372879,0.3500000238418579,-0.05387284067523914,0.0802800268512229,0.3540719574439932,0.12151421606746694,0.009067007388958263,-0.06124692284098012,0.9906568018809686,0.12125727990481339,0.012882507635734607,-0.05901309873412181,0.9907815941189551,24.202656973816314,24.204159953924748
98.213906,1786095483.559,-0.05074845254421234,0.07721056789159775,0.3500000238418579,-0.053847869036127066,0.08017896355453995,0.3540365827689588,0.12191317314946028,0.02321611772488227,-0.0636813472171646,0.9902236495393458,0.12133721145720568,0.014128818587396693,-0.059576489314521724,0.9907211007756271,24.568648091223416,24.327401592479276
98.401447,1786095483.693,-0.05074845254421234,0.07796759158372879,0.3500000238418579,-0.05381513983180651,0.08015056087507667,0.3539909275355323,0.11850440227724016,0.013649233947658872,-0.061831540540634645,0.9909325232567191,0.12084877453446115,0.014046121807338151,-0.05996545756209137,0.9907585094537728,24.387105577598362,24.346939232239023
98.471866,1786095483.826,-0.050369761884212494,0.07758907973766327,0.3500000238418579,-0.0537398268735857,0.08009769688333362,0.3539589096664598,0.12389615673956293,0.013712640587778374,-0.061800141351445716,0.9902739259226294,0.12129465887370525,0.013997349914130755,-0.06023389291866599,0.9906884263318894,24.346738902802212,24.346878003354988
98.552178,1786095483.926,-0.050369761884212494,0.07796759158372879,0.3500000238418579,-0.05370140855111146,0.08006892039854901,0.35393942256671235,0.12361978165413094,0.037207804032107376,-0.057028467670759767,0.9899906478235128,0.12171513201906116,0.01814596897104335,-0.05966348929146765,0.990604067472596,25.288387389754362,24.9033672728423
98.623275,1786095483.993,-0.050369761884212494,0.07758907973766327,0.3500000238418579,-0.053681338147219704,0.08004140372710628,0.35392781205837615,0.12337047156889963,0.0114629409546668,-0.06118813476234287,0.9904061489580133,0.12192044229220077,0.017318454667310728,-0.05985244811505222,0.9905822335040365,23.865511640722715,24.384071681802343
98.682832,1786095484.059,-0.050369761884212494,0.07796759158372879,0.3500000238418579,-0.05366542680729703,0.08002154444700603,0.3539173680008833,0.12033783085054205,0.017500247357811485,-0.061944006772861056,0.9906439763272805,0.12175059558415846,0.01733797513563895,-0.0600769885357971,0.9905891895945405,24.50626669254486,24.408249964530054
98.875931,1786095484.226,-0.04999107867479324,0.07758907973766327,0.3500000238418579,-0.05354800143943687,0.07997332788673336,0.3538940884014377,0.12395371583744483,0.013783354436099007,-0.06180842225418629,0.9902652242753085,0.12216479777527663,0.016670017191916773,-0.060402454375448014,0.9905298663931184,24.04204360532477,24.206791840412237
98.950896,1786095484.326,-0.050369761884212494,0.07796759158372879,0.3500000238418579,-0.05351251085913815,0.0799417647150162,0.35388085209669395,0.12082933246188823,0.020024072666828954,-0.06258724055903483,0.9904959092544773,0.12201147483959308,0.017055384588421693,-0.060653522322690584,0.990526861873952,24.394103803171824,24.267899150019872
99.014597,1786095484.393,-0.050369761884212494,0.07796759158372879,0.3500000238418579,-0.05349392755591136,0.0799257818317795,0.3538722103539499,0.12082721076107052,0.009612248606727946,-0.060983921230023955,0.9907519120182573,0.12190237258430084,0.016367883170507684,-0.06068418697592964,0.9905500156023952,24.04204360532477,24.196953165203197
99.08684,1786095484.46,-0.04999107867479324,0.07758907973766327,0.3500000238418579,-0.05344727566756094,0.07989822519631004,0.35386373273818367,0.12211799362988976,0.011226930952801778,-0.061853318502724006,0.9905227501897126,0.1219227830301573,0.01588471143749428,-0.06079414400628348,0.9905486272643417,24.2229474726575,24.201575687602016
99.28213,1786095484.526,-0.05013390630483627,0.07819034904241562,0.35100001096725464,-0.05343162631348652,0.07986905297538381,0.35375664632769604,0.12008053781656473,0.033359695693401525,-0.06404097151772269,0.990134611609954,0.12168437337557927,0.01816746044830834,-0.06121932479386231,0.9905125193195871,24.21177233241133,24.20342590294367
99.371459,1786095484.727,-0.04975413531064987,0.07781075686216354,0.35100001096725464,-0.05330197138350844,0.07984396433979461,0.35361094467329357,0.12350517467586906,0.032944741278848305,-0.06437583778334686,0.9897054447460846,0.12218816167553723,0.022233655506724473,-0.062089215910285524,0.9903134084605777,24.405329747257756,24.301870799567688
99.432294,1786095484.793,-0.05013390630483627,0.07819034904241562,0.35100001096725464,-0.053273569746653836,0.0798200762868845,0.35357601320812676,0.11985854901252517,0.026731253394776677,-0.06289530949653341,0.9904360395118361,0.12194028936314459,0.02271252603355969,-0.06217511545934093,0.9903277043528698,24.361034692679237,24.313354379333735
99.491754,1786095484.86,-0.049612388014793396,0.07721056789159775,0.3500000238418579,-0.05321400248050726,0.0797450785558657,0.3534680641475546,0.12403438251924781,0.043914041371701566,-0.058194558636347975,0.989596090467517,0.12226090293003511,0.025921958208635968,-0.06157455531266712,0.9902468873141737,24.536685921229573,24.376923858700376
99.550927,1786095484.927,-0.04923370108008385,0.07796759158372879,0.3500000238418579,-0.053111772930955786,0.07972583456666184,0.3533916543549195,0.12368456934405321,0.0388894774112174,-0.057241526791150625,0.9899056235134117,0.12248891647036682,0.027985072808101214,-0.060886064619569316,0.9902051242934377,24.230000809342513,24.337713028131645
99.717478,1786095485.027,-0.04975413531064987,0.07781075686216354,0.35100001096725464,-0.053091269622904294,0.07971888959194195,0.35331545350809446,0.12054567418779918,0.027327021316666616,-0.06331655385383866,0.9903095416831251,0.12214769344741475,0.02786951256798499,-0.061313002583935634,0.9902241902563488,23.570810694653424,23.911051266409793
99.786669,1786095485.16,-0.05013390630483627,0.07743116468191147,0.35100001096725464,-0.05301049728097082,0.07966193198579516,0.3532573354086646,0.11859471198452076,0.025497857204577992,-0.063435828555217,0.9905862149367901,0.12150771820689282,0.027442231136115196,-0.06169560029620822,0.9902910942094333,23.739211640526197,23.83170109921987
99.847419,1786095485.227,-0.04937436804175377,0.0785699412226677,0.35100001096725464,-0.05293254385158578,0.07962304144501867,0.35323553652793444,0.11933262879924313,0.016398202612873156,-0.06097668527969252,0.9908444209396501,0.12125415586916304,0.026150885241449155,-0.06161193414886186,0.9903623228172513,23.739450369820354,23.80696957398997
99.912261,1786095485.294,-0.04975413531064987,0.07743116468191147,0.35100001096725464,-0.05292522936407696,0.07958007945297245,0.3532189260278601,0.11834136452441839,0.010069434801821752,-0.0609166441520891,0.9910515074356722,0.12084012356487982,0.023854467320889965,-0.06151363973132809,0.9904770068268447,23.062253472875458,23.444078745095023
99.974306,1786095485.327,-0.05013390630483627,0.0770515725016594,0.35100001096725464,-0.052899468489455856,0.07953897277047116,0.35321177779391666,0.11907406182843751,0.01819774199334281,-0.06256816029998133,0.9907448891125792,0.12070262118391063,0.02341357109228234,-0.061595917172333405,0.9904991796643443,24.045487683537793,23.594081043058104
100.137337,1786095485.394,-0.04999107867479324,0.07721056789159775,0.3500000238418579,-0.05287462526988894,0.07949709076106236,0.353099583946404,0.12001263505154426,0.020052401822644672,-0.05518687618868921,0.9910344480923265,0.12060762899368221,0.022949043411848464,-0.060710214493345106,0.9905763025083809,24.045487683537793,23.751823571974406
100.207016,1786095485.561,-0.04999107867479324,0.07721056789159775,0.3500000238418579,-0.052837155867550424,0.07944139813076025,0.352961258765873,0.1196804027621536,0.03738206035899859,-0.05759135869038086,0.9904354689540359,0.12037280338365725,0.026643906682312316,-0.05991315403485468,0.9905609039407215,24.1069258889065,23.931201771225943
100.270186,1786095485.627,-0.050369761884212494,0.07721056789159775,0.3500000238418579,-0.052792969101123785,0.07942461117272523,0.3529213611687597,0.12079957425782775,0.016736902874850242,-0.05508531310048406,0.9910060278433764,0.12042894822404926,0.025359955326635642,-0.05928778659623972,0.9906254082426914,24.03558891979382,23.95405272913237
100.353153,1786095485.727,-0.049612388014793396,0.07758907973766327,0.3500000238418579,-0.05271591381244822,0.07939504783615975,0.3528812533846346,0.12280403134042482,0.030474744745838136,-0.05677911797953269,0.9903366051907212,0.12081312262106664,0.026186677410283424,-0.05888248685882721,0.9905812940239064,24.230000809342513,24.059417854124586
100.530101,1786095485.894,-0.04999107867479324,0.07758907973766327,0.3500000238418579,-0.05268376381243346,0.07936656129704284,0.35284138827883693,0.12148493266914683,0.029381721130206716,-0.05603011901370664,0.9905749599909689,0.12094276700050717,0.026802447919201812,-0.05833287944144573,0.9905815216688979,23.567654452104925,23.777563865069883
100.594383,1786095485.961,-0.04999107867479324,0.07758907973766327,0.3500000238418579,-0.05267305028466614,0.07935745688929344,0.35282842041685303,0.11946061948466685,0.029625517465491302,-0.05633743443360291,0.9907964385224046,0.12081561019214027,0.027044788699307,-0.05816162747812183,0.9906005213138175,23.926438525404528,23.81309075863401
100.665843,1786095486.028,-0.049612388014793396,0.07758907973766327,0.3500000238418579,-0.05262819571333032,0.07934997873430548,0.352817572372818,0.12225668976807635,0.01651174873719015,-0.05444714325998848,0.9908663747203346,0.12097130899539077,0.025912307108171512,-0.05776255308264473,0.9906351408069715,24.22972917175182,23.963542925435746
100.740446,1786095486.094,-0.04999107867479324,0.07758907973766327,0.3500000238418579,-0.05260952065400656,0.0793437236069088,0.3528083365861919,0.11799686905719463,0.0327621809157498,-0.056103563762920416,0.9908863550011389,0.12064293107973481,0.026669409386787968,-0.05757937284636297,0.9906657567545523,24.19388721057549,24.03182589238922
100.906944,1786095486.261,-0.04999107867479324,0.07721056789159775,0.3500000238418579,-0.05257977010888369,0.07928610752450621,0.352789515922612,0.11588725855152282,0.0051157502563391145,-0.06053817498352833,0.991402593185226,0.11941434917674745,0.021076416529594074,-0.05835007878893287,0.9909042669109313,23.574767928252115,23.777335555684353
100.9705,1786095486.328,-0.05074845254421234,0.07683205604553223,0.3500000238418579,-0.05252287413005274,0.07923198248706756,0.3527824803891818,0.12101997988925785,0.006205368383167234,-0.06059196143003865,0.9907796284143581,0.11964667812590962,0.01894048873216632,-0.05867294601854275,0.990900305633986,23.554250576248815,23.709584336521157
101.032664,1786095486.395,-0.05150582268834114,0.07796759158372879,0.3500000238418579,-0.05247316748968334,0.07919516823181556,0.3527758101413898,0.11711765863049285,0.013532657592817686,-0.0611554840679585,0.9911409223636166,0.11930832076312868,0.018216400274873125,-0.05900551215213184,0.9909349307060341,24.515394281430368,24.101356103154718
101.087307,1786095486.461,-0.051736269146203995,0.07774481922388077,0.3490000069141388,-0.052441518304380055,0.07917615447807298,0.3526336697492303,0.11445455364816914,0.03191148876894118,-0.05580220183965326,0.9913465218093997,0.1185883468993135,0.02025280921943704,-0.058530078822508436,0.9910100189056819,24.38955332123711,24.209852853456994
101.155188,1786095486.528,-0.051736269146203995,0.07774481922388077,0.3490000069141388,-0.0524191976453022,0.07916182330274694,0.3525327412419592,0.11389356051421697,0.04177546807619115,-0.056938453213530776,0.9909798583654766,0.1177476824130001,0.02412702857198958,-0.05824573658279196,0.9910402635355345,24.950252395860485,24.582908005405116
101.234068,1786095486.595,-0.053020577877759933,0.07721056789159775,0.3500000238418579,-0.05245929441087187,0.07913041798742328,0.352481352979085,0.11373572016882777,0.03151795594489575,-0.0635977691294836,0.9909723145338051,0.11706865749249609,0.025379629165413177,-0.05915307420766206,0.9910356793113523,23.932157487076203,24.341050555878585
101.435528,1786095486.795,-0.05339926853775978,0.07758907973766327,0.3500000238418579,-0.05256336176487502,0.07910926288653398,0.35240699205261317,0.11468416745518213,0.005253645291603886,-0.06023017694503842,0.9915605209625035,0.11629846389107791,0.018835365694901136,-0.05950604705328278,0.9912511925136874,25.021963450843387,24.79730414921506
101.502186,1786095486.862,-0.05415663868188858,0.07758907973766327,0.3500000238418579,-0.05265094776571999,0.07910335062242668,0.3523881095607753,0.11283815550674374,0.01929039025756682,-0.05448947748045749,0.9919306066199658,0.11585003429878991,0.018894406218374037,-0.058855705128609194,0.991341402817636,23.73859325874265,24.248990975523107
101.575774,1786095486.928,-0.05400190129876137,0.0773673951625824,0.3490000069141388,-0.05269715250959829,0.07908788958188562,0.3522739474268358,0.11669626002954786,-0.0036420778141527084,-0.051955965759342984,0.9918010363910322,0.11599723007033352,0.015095387085518185,-0.05769467236804735,0.9914575617166335,23.871648758683385,24.0954188179942
101.638887,1786095486.995,-0.05437951162457466,0.0784996747970581,0.3490000069141388,-0.05276182843126569,0.0790656362325645,0.35219242938941375,0.11711160113715575,0.012899357474373251,-0.053287050040423736,0.9916042404880233,0.11616431510505933,0.014766517657884415,-0.05703464734159825,0.9914811399391575,24.425018343524563,24.186757116430265
101.831098,1786095487.195,-0.05475711449980736,0.07887711375951767,0.3490000069141388,-0.052914419878016886,0.07905136135130927,0.3520777040178991,0.11636112939067483,0.01407619676161232,-0.05313678118394812,0.9916846427857317,0.11621340397524879,0.014594960748184059,-0.05606592015357102,0.9915331786957902,23.768115621088626,23.9323622272784
101.897718,1786095487.262,-0.05551232770085335,0.07812225073575974,0.3490000069141388,-0.05303402716639085,0.07904000403183044,0.35204900790429206,0.11639827411633222,0.023291988015077935,-0.05451676354098943,0.9914317160400209,0.11623414677912781,0.015549977032693962,-0.05589603190556661,0.9915258216274666,23.821420365570678,23.901935735605587
101.964104,1786095487.329,-0.05551232770085335,0.0784996747970581,0.3490000069141388,-0.0531168794588397,0.07903522251166091,0.35202707095970087,0.11526205817847551,0.05388388411419491,-0.058389383555894576,0.9901524452654714,0.11605791795957145,0.02303361747179961,-0.05638916426323883,0.991372923928602,25.064979797329375,24.548088991987505
102.029554,1786095487.395,-0.05551232770085335,0.07812225073575974,0.3490000069141388,-0.05317460176733149,0.07902508819575628,0.3520100522407041,0.11836842932563614,0.05675951669220353,-0.059149761043085655,0.9895800007944761,0.1166115086871103,0.03094124529921797,-0.05704207671910496,0.9910552945545577,24.879665499487373,24.691331378710885
102.087675,1786095487.462,-0.05551232770085335,0.07774481922388077,0.3490000069141388,-0.05321653087627725,0.0789966784449187,0.3519960821140516,0.11701392270193631,0.023733113292842504,-0.06320205070025148,0.9908329738228423,0.1166970547865361,0.029424791659977682,-0.058338642822653455,0.9910159341774107,24.76858264612778,24.717161694522346
102.152164,1786095487.529,-0.055889930576086044,0.07812225073575974,0.3490000069141388,-0.0532881680293043,0.07899446035035063,0.3519844279125456,0.11650423443106661,0.042312289081442654,-0.06438502995892166,0.9901974557983413,0.11666002138430855,0.03202829618668711,-0.059560850810025386,0.9908668592221542,25.047982319068957,24.85058518562822
102.336965,1786095487.696,-0.05626753717660904,0.07887711375951767,0.3490000069141388,-0.053458062975345895,0.07898852399437695,0.35196239969719645,0.11244787655494337,0.006798406321383237,-0.07479620125136469,0.9908152123419074,0.11517160224380014,0.02304519804596325,-0.06499341472843995,0.9909491797895366,25.227266375724287,25.06893925840682
102.394309,1786095487.762,-0.05648283660411835,0.07827475666999817,0.34800001978874207,-0.05353308151316156,0.07898086825190968,0.35181175747392357,0.11550675448169882,-0.004320737056891172,-0.06678043581436321,0.9910498949562698,0.11524959978520223,0.017267205273161487,-0.0653748897027394,0.9910325409227287,24.723472651559383,24.964622905113547
102.464005,1786095487.829,-0.056106314063072205,0.07827475666999817,0.34800001978874207,-0.05354531022372844,0.07897500768082354,0.35170484613391256,0.11840662486946307,0.02046608881014343,-0.06229264244719599,0.9907979799599832,0.11582768631294417,0.017852735176719783,-0.06481089157996145,0.9909918139231578,24.929882741723016,24.95786090941131
102.538115,1786095487.896,-0.056106314063072205,0.07789840549230576,0.34800001978874207,-0.05355547260118226,0.07895335541019612,0.351628887688624,0.12093768363952286,0.022293003217191805,-0.06251983688178822,0.9904384729400103,0.11666845239293677,0.018583016024587253,-0.06443434831024748,0.9909043134881897,25.329336038537466,25.097775254569363
102.646924,1786095487.963,-0.05648283660411835,0.07789840549230576,0.34800001978874207,-0.0536056641430559,0.07893769583530766,0.3515740119817408,0.11858676945971498,0.016839362956076378,-0.06186693114766222,0.9908713825692577,0.11693962750652417,0.01833663224369295,-0.06407159395987516,0.9909004603309234,25.0309949315126,25.086136553487883
102.773491,1786095488.129,-0.05648283660411835,0.07789840549230576,0.34800001978874207,-0.05367259859446407,0.07891638423819416,0.35149953258984384,0.11850008485407566,0.018225842606419643,-0.062032805434689496,0.9908468497203616,0.11727077766710028,0.018313135893476457,-0.06363905519690842,0.9908896328112154,25.329336038537466,25.207693514938043
102.838411,1786095488.196,-0.05648283660411835,0.07827475666999817,0.34800001978874207,-0.053693210871560954,0.07890899485435769,0.35147634971531705,0.11788211155043288,0.017778179235054876,-0.061641202623303984,0.9909531302027611,0.11732485575609213,0.018265836760086467,-0.06346241065763572,0.9908954333645844,24.720357820721862,25.017230835629004
102.915871,1786095488.296,-0.05648283660411835,0.07865110039710999,0.34800001978874207,-0.05371530953818591,0.07890144926300956,0.35145107106725626,0.11902140465528499,0.030972363069260718,-0.06288788841421047,0.9904139192532536,0.11757928407178553,0.020162403434009196,-0.06337733089841663,0.9908339433896698,24.707914829241922,24.88729385077506
102.974437,1786095488.329,-0.056906942278146744,0.0774507150053978,0.3460000157356262,-0.05375163717958076,0.07887361339396226,0.35121462859048747,0.12035276773780919,0.026101573529094688,-0.048971104276652376,0.9911789697643305,0.11779922235365319,0.020631272061962184,-0.062241052035703154,0.9908701959729481,24.886126100284784,24.887169065135176
103.040592,1786095488.396,-0.05669597163796425,0.07804982364177704,0.34700000286102295,-0.0537785347353968,0.07886847955874957,0.3510991121392477,0.12260699427533375,0.023722384838222362,-0.05547031232031605,0.9906199159432654,0.11849091771976508,0.021075724755629376,-0.06126804722175303,0.9908390094427983,24.131323894625048,24.521776830245294
103.194452,1786095488.53,-0.05761241167783737,0.07827475666999817,0.34800001978874207,-0.054011092310397364,0.07886108809208324,0.3509991291692522,0.11486891065359413,0.04295475481852749,-0.06393057856416955,0.9903902783893768,0.11755928848467699,0.026738578635767576,-0.06195998865363298,0.9907703174346499,24.458429477162895,24.494860778848345
103.257431,1786095488.63,-0.05669597163796425,0.07767456024885178,0.34700000286102295,-0.054063513844733194,0.0788283248374016,0.35085167636273,0.12275955613153548,0.021233045588141628,-0.05516814690159545,0.9906743787546362,0.1185448763894131,0.02569633582312814,-0.06067446713030932,0.9907600212188301,24.59744271458131,24.520717741953955
103.320914,1786095488.696,-0.05761241167783737,0.07827475666999817,0.34800001978874207,-0.054160199153050904,0.0788215447261364,0.3507888835676696,0.11589118249252565,0.01637687248580145,-0.06879340146215168,0.9907413889524022,0.11816494233481763,0.024358212965429806,-0.06184102988634021,0.9907670820564927,24.340432890384392,24.466210185975658
103.385146,1786095488.763,-0.05707141011953354,0.07767456024885178,0.34700000286102295,-0.05417098516004029,0.07880229192034324,0.3506974447912877,0.12207658085169475,0.010837705819098329,-0.061618411502768686,0.9905468307475492,0.11877628851329919,0.022250750141754625,-0.061807131249715826,0.9907456666227792,24.428856460060402,24.45782048700974
103.455626,1786095488.83,-0.05761241167783737,0.07827475666999817,0.34800001978874207,-0.05424213140526573,0.07879505135064231,0.3506357380456001,0.11729560081608335,-0.004213008799023554,-0.06637047757431529,0.9908677774015112,0.1184939646895795,0.017085513442924832,-0.06270154252914169,0.9908258081655941,24.73241464315885,24.541365535604704
103.517373,1786095488.897,-0.05707141011953354,0.07804982364177704,0.34700000286102295,-0.05426700932961619,0.07879344020552315,0.3505493479910018,0.12556412591300337,0.016874160321013458,-0.05461343287269915,0.9904374215199178,0.11978514705807396,0.017047093120375268,-0.06122616767344726,0.9907634791172127,24.61058397362278,24.55550502415104
103.694205,1786095489.063,-0.057446856051683426,0.07692402601242065,0.34700000286102295,-0.054332705823673375,0.07865895706133555,0.35043869177902676,0.12646269842225008,0.03672919701850599,-0.05807279627531581,0.9895886530912248,0.12189177633203986,0.023240328674296117,-0.0602369744628621,0.9904412092059232,24.599321908706393,24.571225165972734
103.771546,1786095489.13,-0.057988934218883514,0.07827475666999817,0.34800001978874207,-0.05442812375074262,0.07864709625827737,0.35036381794944577,0.1235306569056117,0.015047296683158927,-0.047355831294845725,0.9910959493961071,0.12216699982886998,0.0218748186525327,-0.058090498647171224,0.990566610798413,24.72803547127915,24.611106756660707
103.850593,1786095489.23,-0.058322202414274216,0.07948163151741028,0.3500000238418579,-0.05458484767913936,0.07871525175482898,0.35032275785564343,0.11976036911433618,0.05214860836259531,-0.05084860722233926,0.9901274644100075,0.12154272410764466,0.029875503103964935,-0.056182630266981476,0.9905444627007217,25.548251507117694,25.16230302693924
104.034718,1786095489.297,-0.05680745095014572,0.0798601359128952,0.3500000238418579,-0.0546707556408165,0.07877662898846444,0.3503043143410973,0.11954841166534581,0.0328494390732901,-0.04898796486816834,0.9910748059147394,0.12119479903979313,0.030395319415818568,-0.05492567057512758,0.9906417697408014,25.45748032785696,25.2787219673424
104.107543,1786095489.464,-0.05642876774072647,0.0798601359128952,0.3500000238418579,-0.05479485811311755,0.07884901089321811,0.3502827145752752,0.11486455406358881,0.012195729799769888,-0.053343134804010296,0.9918729295447604,0.11927776966355072,0.02487119992310495,-0.0544473980961751,0.99105485111523,24.327848582779758,24.666764406191998
104.172285,1786095489.53,-0.05718614161014557,0.08061715960502625,0.3500000238418579,-0.05481904754361524,0.07893078603216444,0.35027664193736047,0.10871404265268167,0.008456274914222609,-0.04560369573431023,0.9929904588061552,0.11742531246683796,0.021987294084709938,-0.052895041973049076,0.9914282472400953,24.1021720203166,24.420605951323257
104.33026,1786095489.597,-0.05718614161014557,0.08099567145109177,0.3500000238418579,-0.05483765720706038,0.07902791043610405,0.3502722034973192,0.10892000301596542,0.003720168992131492,-0.0450804051204319,0.9930208207081309,0.11575334324215072,0.01838779766992166,-0.05135680119377198,0.9917789730561232,24.056560539776147,24.276253444364485
104.42621,1786095489.797,-0.058488838374614716,0.08122708648443222,0.35100001096725464,-0.05518502143737805,0.07920016477279757,0.3503353747377414,0.10733119683222851,0.023059248673442254,-0.04681182655254115,0.9928529287522864,0.113063611350088,0.019880720496817317,-0.04990516072376575,0.9921344927347999,25.354844701821726,25.02887304680599
104.4962,1786095489.864,-0.05924837663769722,0.08084749430418015,0.35100001096725464,-0.05539205778461764,0.07921084711433327,0.35035033747051847,0.11233183562235723,0.022926495816165755,-0.047855234215723484,0.9922528967221317,0.1129754539675739,0.02024801137305586,-0.0496580066004532,0.9921495084999672,24.94500887239352,25.013456188730466
104.561495,1786095489.931,-0.05962814390659332,0.08122708648443222,0.35100001096725464,-0.05560352706253017,0.0792491180461669,0.3503610914717814,0.11227924503108869,0.022818758384765873,-0.04783810490739434,0.9922621584641307,0.1129003706118469,0.02052547555251723,-0.04946161425893984,0.9921621641062264,24.836657592647537,24.972557097767734
104.733452,1786095489.997,-0.06000791862607002,0.08046790212392807,0.35100001096725464,-0.05581798672930512,0.07927070542504451,0.3503688720999174,0.11575536092584801,0.032510996399377476,-0.04953227780603863,0.9915090947567711,0.11325597852707112,0.022014596294198694,-0.049470802338572435,0.9920892503166522,24.82752669871636,24.94094281920488
104.798315,1786095490.164,-0.060387685894966125,0.08198627084493637,0.35100001096725464,-0.05619653318723576,0.07947937734556121,0.35037997561159856,0.11477801497673873,0.011435452273071196,-0.04627260681860262,0.9922469871798658,0.11360907071505123,0.019569327769600152,-0.0487320435106403,0.9921366883636475,24.656719464990946,24.807296330615888
104.870311,1786095490.231,-0.06076745688915253,0.08198627084493637,0.35100001096725464,-0.056373449079601116,0.07953843222920103,0.35038347732617386,0.11127753370029601,0.014741576183729586,-0.04640281928887142,0.9925959776199192,0.11336095665683432,0.019055222466706146,-0.04848406963758953,0.9921872237607019,24.589870291938745,24.74797876704311
104.940594,1786095490.297,-0.06076745688915253,0.0816066786646843,0.35100001096725464,-0.056495804913726314,0.07954548986585741,0.35038627758526614,0.1153974574475032,0.014057964141136308,-0.053971538388389445,0.9917524255089316,0.11358522016751016,0.018505778715923394,-0.04908761337644249,0.9921422983255075,24.221951963194005,24.53867660342697
105.135786,1786095490.364,-0.060973018407821655,0.08137418329715729,0.3500000238418579,-0.05662088371004023,0.07956322909370557,0.35037229690712823,0.11669630580483074,0.025083739928542154,-0.048002921602711225,0.9916897184706044,0.11393898796994867,0.019253165545098008,-0.04896451351595762,0.9920935938977847,24.376673068867095,24.493183801071037
105.191194,1786095490.564,-0.060973018407821655,0.08137418329715729,0.3500000238418579,-0.05679436270179204,0.07959254824566404,0.350353500343099,0.11529898921242338,0.002939159132092292,-0.06089048964855616,0.9914584472889163,0.1143191204626263,0.014750129962221754,-0.05225894006575927,0.9919589585995746,25.267269328689647,25.00471535375023
105.257862,1786095490.631,-0.061754170805215836,0.08128553628921509,0.34800001978874207,-0.05698279589971533,0.0796056571125929,0.3501639052036846,0.12146387188624534,0.018733093771463528,-0.0472609956836441,0.9912930935455678,0.11518690067239772,0.015233647723469433,-0.05165255567025429,0.9918830210177285,24.02063320698018,24.498443326998768
105.321001,1786095490.698,-0.06213069707155228,0.0816618800163269,0.34800001978874207,-0.05719234786174027,0.0796302506662138,0.3500370321748045,0.12234795863700104,0.040019248125917256,-0.04964765587536973,0.990436543683075,0.11641652961460865,0.01947134362754567,-0.05131228706013423,0.9916829672866664,24.991396521315114,24.66632839370084
105.386624,1786095490.764,-0.06250721961259842,0.08203823119401932,0.34800001978874207,-0.05741646672332732,0.07968415945913944,0.34995122360918385,0.120315313916084,0.039815803230153615,-0.04982243726989772,0.9906849407328745,0.11715539824630983,0.023307429500400552,-0.05103310978408978,0.9915276083385663,25.349523302640414,24.95917079962168
105.462499,1786095490.831,-0.061754170805215836,0.0816618800163269,0.34800001978874207,-0.057433920614626106,0.07969002093101638,0.3498906456228839,0.12091031993618045,0.029939549164593012,-0.048626644589043554,0.9910195595268352,0.11780313097560192,0.02445064563299801,-0.050618565843498886,0.9914445768939493,24.873885892566463,24.941285963114787
105.624087,1786095490.931,-0.06250721961259842,0.0816618800163269,0.34800001978874207,-0.057635748241483646,0.07969775354467154,0.34983454304004147,0.11705694477167523,0.051929027701810244,-0.05119877417665874,0.9904442100822606,0.11761880386277451,0.031554998189244086,-0.05077220958017485,0.9912579289980553,25.6889013455965,25.356903154213995
105.693332,1786095491.065,-0.06213069707155228,0.08241457492113113,0.34800001978874207,-0.057682177539617976,0.07982224609357876,0.34979124536427475,0.12201663878718506,0.03305502127019966,-0.04851647544570502,0.9907903194108381,0.11868987566803908,0.03192030047312655,-0.05022311147465097,0.9911465315004717,24.427505296603435,24.791949734411467
105.755983,1786095491.131,-0.06250721961259842,0.08203823119401932,0.34800001978874207,-0.05776800990264494,0.07982989706925162,0.34977522674195854,0.12019658641315614,0.029126345196532937,-0.048260580367713746,0.9911485019979037,0.11887262256370154,0.031581612406103875,-0.0499852307022156,0.9911475057095713,24.911827333381712,24.816702594961345
105.818173,1786095491.198,-0.06250721961259842,0.0816618800163269,0.34800001978874207,-0.05783142422705593,0.07985718780740361,0.3497627640819201,0.12068383683646627,0.03265184151783627,-0.04895587007370651,0.9909453020006954,0.11906639307219373,0.03169609933370972,-0.04987513686022092,0.9911261383148866,25.464850079393287,25.09720384871432
105.883303,1786095491.231,-0.06250721961259842,0.0816618800163269,0.34800001978874207,-0.057857975044366794,0.0798685701646462,0.34975738255965727,0.12053922267897314,0.00883710734124077,-0.053745908089625316,0.9912131852903339,0.119206111123939,0.029570405667202513,-0.05023634368733913,0.9911568008909144,24.308661239976196,24.833627716479683
106.07238,1786095491.365,-0.06288374215364456,0.0816618800163269,0.34800001978874207,-0.058033277594402286,0.0798966663835421,0.3497422683911253,0.11890167627224442,0.037123841571893926,-0.05716334271556524,0.9905637607020449,0.11913284584625519,0.03141731595088893,-0.0519303074708948,0.9910214732612975,24.975722812474118,24.881029348602738
106.141408,1786095491.498,-0.0632602646946907,0.08203823119401932,0.34800001978874207,-0.058248691609640954,0.0799373773995965,0.34973085746879085,0.11842386969783862,0.037404554189672215,-0.04873613692040274,0.9910607828835408,0.11899057522768955,0.032622660926329046,-0.051287517237024016,0.9910330950965923,24.547240183137436,24.715176613502514
106.201136,1786095491.565,-0.0632602646946907,0.0816618800163269,0.34800001978874207,-0.05832694365349198,0.07995568032836305,0.3497257478975739,0.11829051504678376,0.03568867005024511,-0.05668324613491051,0.99071725658112,0.11891296404195387,0.03296363973616704,-0.05188757837983851,0.9909998913460977,25.572820312302966,25.13592133132923
106.258874,1786095491.632,-0.06363678723573685,0.0816618800163269,0.34800001978874207,-0.05846051088119013,0.07996951175510751,0.34972108856806916,0.11745993861880608,0.03821188330680779,-0.05667798638498195,0.9907222722101069,0.11874892989935662,0.03355734353519462,-0.05242954745915885,0.9909711090116837,25.69145227526061,25.391244950608126
106.440759,1786095491.698,-0.06401331722736359,0.08241457492113113,0.34800001978874207,-0.058635011477706445,0.08003048362782436,0.3497168088026598,0.11236084253003312,0.001147425893015549,-0.06663236473229596,0.9914302055363976,0.1175515019312022,0.027425747444264747,-0.05512322441823044,0.9911563463453077,25.264112478111535,25.365054895257536
106.515307,1786095491.865,-0.06345392018556595,0.08142721652984619,0.34700000286102295,-0.05866733915245423,0.08008389286431034,0.3495388161360379,0.11548039599282765,0.02588264935764366,-0.055340697459745423,0.9914291572312356,0.1170047844768725,0.02701837046690463,-0.05518067609885357,0.9912290255294722,25.08632716653504,25.24593888035417
106.593501,1786095491.965,-0.06420480459928513,0.08180248737335205,0.34700000286102295,-0.05888086183187342,0.08009862556465905,0.34947208438512345,0.11131251451290666,0.02962841557373732,-0.05514552752129488,0.9918118026610703,0.11610971639254666,0.027428992571652117,-0.055175292008528984,0.9913232930167233,25.032569122318545,25.17862942879689
106.662724,1786095492.032,-0.06420480459928513,0.08067668229341507,0.34700000286102295,-0.058982867047254285,0.08012161723634735,0.3494395130936148,0.11532492772335405,0.04110202014666209,-0.05025229984442169,0.9912040614050232,0.1160060207876069,0.029260826718806438,-0.054516536870195954,0.9913195016584905,25.868038918286462,25.508768972265102
106.824001,1786095492.132,-0.06420480459928513,0.08142721652984619,0.34700000286102295,-0.05908082364342243,0.0801261666596454,0.3494071361260689,0.11085826199920963,0.027856328158696535,-0.047623109626047086,0.9923036380854275,0.1151183411310942,0.029018621820293643,-0.053327280108043044,0.99149477473114,25.211794136764038,25.41515513130091
106.903365,1786095492.266,-0.06458024680614471,0.08142721652984619,0.34700000286102295,-0.059279074148010244,0.08013195402164285,0.34937927642153604,0.11084837173597581,0.039295652881045764,-0.04916033861223534,0.9918426040736835,0.11424261395681957,0.031129866422218454,-0.05247200225696216,0.9915776548268891,25.506556018219907,25.45396372386399
106.984878,1786095492.332,-0.06382936239242554,0.08142721652984619,0.34700000286102295,-0.059360314317666175,0.08013475014631379,0.34936818267884634,0.11555016021097628,0.04027936913418456,-0.04914188619352618,0.9912672737050852,0.11440212588210234,0.0322420823582883,-0.05206752153959763,0.991545044322032,25.34630177970887,25.432806593808277
107.063399,1786095492.432,-0.06401331722736359,0.0816618800163269,0.34800001978874207,-0.05940276518641644,0.08015673143821678,0.3493040223678546,0.1138278231826158,0.03508597602168067,-0.04861817511982281,0.9916897065131469,0.11431679925775007,0.03266538314286432,-0.05155421927701257,0.9915678517511198,25.900539499016567,25.66084679466128
107.250152,1786095492.499,-0.06288374215364456,0.08128553628921509,0.34800001978874207,-0.05955908291449341,0.08016869398468307,0.3492736799009999,0.11591422018602737,0.053018918756611945,-0.04363062664371783,0.9908830688992629,0.11455993997854592,0.03571977718925648,-0.05036711670301019,0.9914954721150708,24.829956711267677,25.26578948039063
107.319306,1786095492.699,-0.06288374215364456,0.08128553628921509,0.34800001978874207,-0.05976402807530711,0.08018808310078587,0.3492305951681249,0.11116489844124261,0.026263060496629725,-0.04732566322169238,0.9923270119313116,0.11363145696978574,0.03313040995486826,-0.04953475742455764,0.9917341255245966,24.79121692789692,24.97258018014518
107.37952,1786095492.733,-0.061351705342531204,0.08175269514322281,0.3500000238418579,-0.05982989034423146,0.08020327827864146,0.34926676841676957,0.10782481740837735,0.02994113036589239,-0.055284171612422585,0.9921799221070696,0.11322153165046552,0.032905185534527016,-0.049941053230833594,0.9917681305314544,25.53515056107518,25.127420214982244
107.449607,1786095492.799,-0.061351705342531204,0.08137418329715729,0.3500000238418579,-0.059916020988256546,0.0802079725651825,0.3493136474062592,0.10416613927313942,0.009813700180059169,-0.0534189031347297,0.9930757914205679,0.11166208117632757,0.028917046989561875,-0.05054418166122435,0.9920386432599145,24.947957598363885,25.078611970298738
107.52512,1786095492.899,-0.061351705342531204,0.08099567145109177,0.3500000238418579,-0.05999348763210452,0.08022591684512437,0.3493553965092976,0.10477264784904423,0.009345181107264514,-0.05366761750481239,0.9930030950022913,0.10999466319023127,0.02416846869454386,-0.0513042344543818,0.9923129217730051,25.61800848865157,25.344446733852312
107.698073,1786095492.999,-0.060940586030483246,0.08145850896835327,0.35200002789497375,-0.06004386086940312,0.08024197199358742,0.34967602966333794,0.10419134106015655,0.0023254725014198326,-0.052058202711436616,0.9931911699950752,0.10855740915465821,0.01874017375349757,-0.05149410009235242,0.9925786882967997,24.2472482704911,24.67384037951292
107.770003,1786095493.133,-0.05975477024912834,0.08192133158445358,0.3540000021457672,-0.060015000216687014,0.08030362276482926,0.3504475289441242,0.10623610457518835,0.04399510251114321,-0.04162766248844972,0.9924945635898825,0.10786168924475999,0.026403242424809126,-0.04850494318018285,0.9926308454152586,24.726594761954292,24.694577755801564
107.850351,1786095493.233,-0.058605726808309555,0.08115565776824951,0.3540000021457672,-0.05987791266789716,0.0803241869401602,0.3507726638079358,0.1039922113266759,0.02228214423500853,-0.03905980019600714,0.9935609986509767,0.10702256595623709,0.025508635850550833,-0.0464544702386602,0.9928431205724458,23.68738415409956,24.06350457436084
107.930132,1786095493.3,-0.05953947454690933,0.08100099861621857,0.35500001907348633,-0.059872363504659076,0.08033618207979591,0.35110511127816874,0.09771149088458278,0.013499297537506949,-0.04554435152831527,0.9940804522567432,0.10547167251024984,0.023506484153270557,-0.04630346021481927,0.9930655371488718,23.84949943550661,23.97519322012323
108.10137,1786095493.467,-0.05937175452709198,0.08077282458543777,0.3540000021457672,-0.059856018045424654,0.08035269853339624,0.3512222173491465,0.09848301172612627,0.02385471810930931,-0.039158005718367694,0.994081837382334,0.10361592797243674,0.023599236504847392,-0.04440547463826675,0.993345342430793,24.439316698260672,24.191767000742338
108.171901,1786095493.533,-0.060520805418491364,0.0800071507692337,0.3540000021457672,-0.05987938881954382,0.08033947384072251,0.3512561996717171,0.09625463359990244,0.022693579193713988,-0.039230019678698165,0.9943244201617176,0.10267442772285755,0.023483454181751767,-0.04374340916155033,0.9934752153055467,24.276511570709122,24.209223714456975
108.239342,1786095493.6,-0.06128683686256409,0.08038998395204544,0.3540000021457672,-0.05995298054862578,0.08034021052332355,0.35128194396243073,0.09522489288121758,0.02007119636793398,-0.038547977896338445,0.9945066215225637,0.1016829398831664,0.023029174016362973,-0.043051775721336547,0.9936180259476376,24.757481072505755,24.419242971555782
108.29872,1786095493.667,-0.06184406206011772,0.08061708509922028,0.35500001907348633,-0.06006035195596773,0.08034092434610797,0.3514404126809651,0.08972782957306767,-0.006971867298844334,-0.04345505415200938,0.9949934512021272,0.09936965939199813,0.017205074009437698,-0.04313360979062759,0.9939663716278725,24.80118978209375,24.553173867053772
108.475614,1786095493.733,-0.06184406206011772,0.08023316413164139,0.35500001907348633,-0.0601331068220511,0.0803391699764719,0.35154947351350135,0.09346351467299945,0.015839221910158196,-0.0234681573286403,0.9952200440434512,0.09816972155051529,0.01692737785473817,-0.039128304038836506,0.994256076407231,24.814467367671384,24.634143587704425
108.55126,1786095493.9,-0.061459966003894806,0.0798492431640625,0.35500001907348633,-0.06017234870587106,0.08031680939830076,0.3516876393555411,0.09085501143011551,0.012252033682878808,-0.023115519989092108,0.995520430380161,0.0957771703229301,0.015396448204738143,-0.03388426629921043,0.9947067605706595,24.80820198928156,24.712194874007213
108.627936,1786095494.0,-0.062403444200754166,0.07968917489051819,0.35600000619888306,-0.060294994549896154,0.08030057037461534,0.35195098998174124,0.08939764462016234,0.019484173480108877,-0.031145310884376793,0.9953182394239943,0.09453228399573996,0.016194511416726662,-0.033349755577720595,0.9948312313580774,24.607436094464827,24.679608574856335
108.699523,1786095494.067,-0.06163308769464493,0.07968917489051819,0.35600000619888306,-0.06030143777801216,0.08029263660054085,0.35207384258775176,0.09544888526412046,0.01897550911287208,-0.0313321484425395,0.994760140350285,0.09464497308641578,0.01653622926546474,-0.033101870843369394,0.9948231744073016,24.93271649872274,24.757975008847282
108.853979,1786095494.2,-0.062403444200754166,0.07930417358875275,0.35600000619888306,-0.06039251644799143,0.08025631792475249,0.35220932094784946,0.09700599063764151,-0.017220076586582138,-0.027997737522854706,0.9947408875864927,0.09531291456027051,0.00714750125974115,-0.0316858436647757,0.9949172673418729,24.146142206402626,24.413854189315163
108.925426,1786095494.3,-0.062403444200754166,0.08007416874170303,0.35600000619888306,-0.06043604674798816,0.08025191085616837,0.3522753046027081,0.09161342537347825,0.002992699106750675,-0.02932086560483707,0.9953583831382431,0.09461761420646099,0.006366346998347822,-0.031241275944557622,0.995002994661388,23.88245398788297,24.143658652376352
109.000328,1786095494.367,-0.06278862804174423,0.08007416874170303,0.35600000619888306,-0.06049431328196802,0.08024974867293158,0.3523084416990444,0.09211480178259523,0.001976603655613104,-0.029387734424745477,0.99531267318161,0.0943070896274581,0.005821458267217852,-0.031011245219206753,0.9950430071808936,24.675027090969476,24.344685285819434
109.089161,1786095494.434,-0.06222815439105034,0.07946532964706421,0.35500001907348633,-0.06050564675188557,0.08023619211528385,0.35239819754672674,0.09493208070621315,-0.003515492933450467,-0.021889350870486896,0.9952368550655127,0.09439465863092654,0.004527658956529238,-0.02974750401425964,0.9950800142356623,24.683270791776835,24.457288881581217
109.273044,1786095494.634,-0.06278862804174423,0.08007416874170303,0.35600000619888306,-0.06059257630602489,0.08023171627575088,0.35251464691114726,0.09061913803607595,-0.0056612682656585,-0.029036240845101736,0.9954461404721041,0.0933983530292752,0.0018360606480291824,-0.029559949936030235,0.9951882163151325,24.185339313370694,24.31369509604158
109.336046,1786095494.701,-0.062403444200754166,0.08007416874170303,0.35600000619888306,-0.060608006066953456,0.0802305712200745,0.3525440239556472,0.0929032887828288,-0.006554124476237257,-0.028754251235910414,0.9952382706777039,0.09334229983797034,0.0008804015308194646,-0.02946828493264792,0.9951974980561553,24.35231296302478,24.32142555576661
109.412906,1786095494.767,-0.06278862804174423,0.07930417358875275,0.35600000619888306,-0.060633317298164735,0.08020638761181792,0.3525664340103094,0.09167825069155412,-0.006703376024378658,-0.029269737101754827,0.9953358456269956,0.09315078553963566,6.283543289830152e-06,-0.029445490595428947,0.9952165061922256,24.17723097655493,24.28476906150634
109.490547,1786095494.834,-0.062403444200754166,0.07968917489051819,0.35600000619888306,-0.06065003838649298,0.08020358923342429,0.35258448958354727,0.09335471367514601,-0.004182451373964026,-0.029137903462097686,0.9951976623349601,0.09317290889053668,-0.00044650472107833584,-0.02941226655124662,0.9952153175362246,24.023181438442887,24.20367939626285
109.657088,1786095494.968,-0.062403444200754166,0.07968917489051819,0.35600000619888306,-0.060671307053941984,0.08019959218089562,0.352610467611182,0.09255897832694107,0.005334502992864532,-0.02986380108818709,0.9952449607978214,0.09306928942771332,0.0005313113314357622,-0.029488710739411162,0.9952227092528672,24.35231296302478,24.261369604702722
109.728626,1786095495.101,-0.062018267810344696,0.08007416874170303,0.35600000619888306,-0.0607112698684846,0.08019662331321784,0.3526308380582618,0.09464973185398311,-0.013376266719261632,-0.020768314242959468,0.9952040900599887,0.09337969804435116,-0.0021827188509565693,-0.027787569194907845,0.99524033214586,23.95080739576441,24.116292269349394
109.788904,1786095495.168,-0.06278862804174423,0.07968917489051819,0.35600000619888306,-0.06075484563357131,0.08019193564535597,0.35264013493869467,0.09391701716314194,0.017540617994371083,-0.023698639934440185,0.9951433540313734,0.09346150823762094,0.0007325712257953905,-0.027183886982529354,0.9952514486831303,24.514040695306974,24.261024688764575
109.850228,1786095495.234,-0.062403444200754166,0.07968917489051819,0.35600000619888306,-0.06075946262433874,0.08018839112488482,0.3526486291129541,0.09176757042661061,-0.00728321137956174,-0.021386046801801874,0.9955241357456828,0.09321607015564637,-0.00043161466979092295,-0.026341994537522926,0.9952972808650185,23.942594614008605,24.15748280696265
109.917718,1786095495.268,-0.06278862804174423,0.08007416874170303,0.35600000619888306,-0.0607781129124412,0.08018754641085311,0.3526528594214749,0.09120369090790072,0.01646729478266719,-0.023567742399504196,0.9954171369257752,0.09301136285143095,0.0012980968748359607,-0.026058390927697104,0.9953231443040408,24.343684195059495,24.19006527472804
110.116415,1786095495.368,-0.06278862804174423,0.08007416874170303,0.35600000619888306,-0.06081360001718589,0.08018590723220759,0.352664517334171,0.08922980461250898,-0.008980138701523073,-0.0282635055980259,0.9955694718747784,0.09217503581759541,-0.0009777382305877801,-0.02654693693427616,0.995388400042609,25.026852645869695,24.668101671970064
110.190973,1786095495.568,-0.06278862804174423,0.07968917489051819,0.35600000619888306,-0.06085123075070734,0.0801747359516004,0.3526863756947403,0.09024890166486388,-0.009971423086472595,-0.028487360596244866,0.995461790706291,0.09163761314983664,-0.0034909598966238312,-0.02708940891253661,0.9954177640468199,24.842234113785942,24.763365141235486
110.249302,1786095495.635,-0.06278862804174423,0.08007416874170303,0.35600000619888306,-0.06086125828455623,0.08017349487093291,0.3526935795018794,0.09120743337039511,-0.006016122190339899,-0.021383684389801476,0.9955841242274273,0.09158925150182598,-0.0037759043380688005,-0.026445631901579527,0.9954384863511613,23.942594614008605,24.372055245125026
110.317041,1786095495.702,-0.06278862804174423,0.07930417358875275,0.35600000619888306,-0.06086948172627931,0.08015356906292054,0.35270069560660516,0.09081489476170938,0.01196400977906792,-0.023029459517756517,0.9955295883868777,0.09148271354599796,-0.0015813839807939773,-0.02596973555878455,0.9954667172648078,25.040702665485924,24.65629376313702
110.51091,1786095495.735,-0.06278862804174423,0.07968917489051819,0.35600000619888306,-0.0608731710744409,0.08015290158924535,0.3527041823618255,0.09029297033946691,0.012835524000438752,-0.022981193093221997,0.9955673224824739,0.0913738830003585,-0.0002525057179204211,-0.02569450080702731,0.9954850789311596,24.725737804194388,24.665326402059204
110.589714,1786095495.968,-0.0631738007068634,0.08007416874170303,0.35600000619888306,-0.060958731967250386,0.08015024566030354,0.3527283295550625,0.09119109443862135,-0.006329083085977876,-0.021355300983761732,0.9955842898129069,0.09131912598816182,-0.002090716531667735,-0.02438201221018418,0.9955209508662913,25.371358619425095,25.141266176827763
110.657369,1786095496.035,-0.06278862804174423,0.07968917489051819,0.35600000619888306,-0.06097704528579188,0.08014529481078428,0.35273524161255276,0.09655758986279375,-0.0019270723821752202,-0.021714298108737345,0.9950886430311459,0.09188967547888854,-0.002072901499820812,-0.024091576592414475,0.9954755579907768,26.007268005776716,25.58947413171362
110.721048,1786095496.102,-0.0631738007068634,0.07853417098522186,0.35600000619888306,-0.06100054150014983,0.08006673336765653,0.3527421271989915,0.0992589068779892,-0.002813173578162425,-0.014490925097640142,0.9949521438489493,0.09281602732215526,-0.002165899764871385,-0.022885886521898317,0.9954178671032825,25.58000762450056,25.58667572920773
110.879511,1786095496.169,-0.06489630788564682,0.07914086431264877,0.3570000231266022,-0.06126341357694489,0.08005384924115047,0.3529032938055145,0.0916178072673841,-0.0057830467651277,-0.02146645708010754,0.9955460436273436,0.09267947116510265,-0.0025783670277231404,-0.022724047260819474,0.9954333153577467,24.6151166604502,25.110477319329377
110.94463,1786095496.302,-0.0643293485045433,0.07930417358875275,0.35600000619888306,-0.061403046955645635,0.08004803192413286,0.35296734351988374,0.09275238714295757,-0.008976687005847517,-0.013795579603430787,0.995553160686604,0.09269446037813742,-0.003817076174438456,-0.020995751685774246,0.9954658936175732,24.304152436068325,24.60563762272824
111.025413,1786095496.402,-0.0643293485045433,0.07930417358875275,0.35600000619888306,-0.06146952495038307,0.0800444612548783,0.35300023426682475,0.09968414118070205,0.03376396356468691,-0.017909526525337727,0.9942848262047985,0.09440650558088862,0.005319953071007907,-0.020248203549204827,0.9953135787561415,25.381818893818647,25.001390371819845
111.099106,1786095496.469,-0.06394416093826294,0.07968917489051819,0.35600000619888306,-0.061486643481245794,0.08003898840526298,0.35301751305592655,0.0992583951801878,-0.0055792128919370755,-0.014213893536582619,0.994944525388371,0.09526200165173136,0.003401008368519982,-0.0191860066508863,0.995261514041498,25.45960408987881,25.17767095988045
111.169836,1786095496.535,-0.06355898827314377,0.07968917489051819,0.35600000619888306,-0.06152657311436479,0.08003501070529997,0.3530312933373802,0.09859828354581748,0.003007422216417619,-0.014986456942555189,0.9950099195494182,0.09577298480872086,0.0033407544328751954,-0.018543067243784045,0.995224863735749,24.999133149729886,25.132114122062774
111.343192,1786095496.669,-0.06355898827314377,0.07930417358875275,0.35600000619888306,-0.061573392784574285,0.08002354962793265,0.3530520491807951,0.0954400577737949,-0.003993513472158179,-0.014236886837971783,0.99532535297532,0.09569941296195433,0.0017067778157855208,-0.017583811964992695,0.995253494756489,25.433824179841682,25.274705092823524
111.407775,1786095496.769,-0.06412378698587418,0.07914086431264877,0.3570000231266022,-0.061627441691191935,0.08000927911798947,0.3532412463726275,0.09436440452315423,-0.004171943742181178,-0.02158554825442646,0.9952949402820042,0.09548593198049377,0.0007652344982779509,-0.018224801008868686,0.9952636373535237,25.47131261198502,25.3466701333583
111.486651,1786095496.836,-0.0645100474357605,0.07914086431264877,0.3570000231266022,-0.06169833139758255,0.08000206930998426,0.35333062112757496,0.09171427794190845,-0.009207606479694647,-0.021150813810667763,0.9955181335765089,0.09501307539427649,-0.0004867619106632816,-0.01859225826414017,0.9953022689111098,25.32401585182284,25.342532239282377
111.562324,1786095496.936,-0.0643293485045433,0.07930417358875275,0.35600000619888306,-0.0617386430559417,0.079998378843577,0.35341147604619877,0.09453491446592242,0.018893903538979056,-0.01633693456277127,0.9952081565808594,0.09492019276373813,0.0033954117710088367,-0.018141056123905656,0.9953137848273325,24.927413720700805,25.157161845073283
111.737181,1786095497.036,-0.06394416093826294,0.0789191722869873,0.35600000619888306,-0.061769507209330624,0.07997672566410863,0.3534632141388985,0.09793117206464302,0.010481815511281559,-0.015640878130738955,0.9950150652190811,0.09545824719226607,0.004660675562162312,-0.017694747207413198,0.9952652395555419,24.766192121712468,24.981938908608626
111.812683,1786095497.169,-0.0645100474357605,0.07914086431264877,0.3570000231266022,-0.061845562314421364,0.07997314508513088,0.35362805417326115,0.09386996320409487,-0.006394092661136046,-0.021257544582259823,0.995336959218051,0.09512900142991795,0.00236159280915235,-0.018435926750503324,0.9952914209271576,25.417018511768195,25.19814349752973
111.886355,1786095497.269,-0.06448302417993546,0.07958422601222992,0.359000027179718,-0.06187962050683533,0.07996377133798958,0.354206897020104,0.09300207142256604,0.01195754991255995,-0.022738262444560765,0.9953344177371758,0.09477893344988589,0.003944397263595646,-0.019145712968752688,0.9953064036663519,24.92883847163874,25.09277199828551
111.955842,1786095497.303,-0.06314137578010559,0.07858821749687195,0.3580000102519989,-0.06191394002134159,0.07994069689399372,0.3542515050872333,0.09910641234131576,0.00968978201977863,-0.015655370953493123,0.9949064963691567,0.09508779236846188,0.004354195659286815,-0.018896804678398736,0.9952799925124585,24.63177255364199,24.969959301192517
112.144529,1786095497.503,-0.06314137578010559,0.07936254143714905,0.3580000102519989,-0.062001042098099,0.07993003913821735,0.3543765827381175,0.09971532092906132,0.00411921294631383,-0.022296504725803117,0.9947576351723717,0.09618465708867774,0.0042985252694378645,-0.019702483352410628,0.9951592066453435,24.7566684396642,24.859310172404363
112.210889,1786095497.569,-0.06120465695858002,0.07936254143714905,0.3580000102519989,-0.06193544219526603,0.07992722217188902,0.35440769205703687,0.10942827057669534,-0.008493235421798487,-0.02113340335127289,0.9937337157475618,0.09794230313490367,0.0026027651562183364,-0.019892573720005954,0.9949898574261782,24.38646694572163,24.67249045708538
112.281972,1786095497.636,-0.06042996793985367,0.0789753794670105,0.3580000102519989,-0.06180659815046952,0.07991367708243335,0.3544319913303696,0.11003302144000136,-0.005861015090786895,-0.021542928711558273,0.9936771532632812,0.09976333684749625,0.0013290109155790237,-0.02014123328773098,0.9948064339723022,23.406694877072944,23.925278206034577
112.357692,1786095497.736,-0.05943349376320839,0.07997246831655502,0.359000027179718,-0.061523744277204265,0.07991594847618738,0.3546740116833483,0.11124818341120177,-0.005104072288255819,-0.028886580630253858,0.9933596305433777,0.10216121799925296,-1.2940738332589749e-05,-0.021965983313909983,0.9945253043268932,24.07508509949379,23.983274549168193
112.53683,1786095497.803,-0.057421062141656876,0.08041799813508987,0.36100003123283386,-0.06102196434357281,0.07993346847944392,0.35525672614664183,0.11689632623324067,-0.012397192878361706,-0.03546842676881285,0.9924331459722886,0.10486844628891785,-0.0022846721251469767,-0.024443748557521433,0.9941830276174934,24.03210701244536,23.997231845982185
112.607406,1786095497.97,-0.05624929815530777,0.07963718473911285,0.36100003123283386,-0.060074868278010424,0.07992935850058659,0.35589981823872074,0.1202929571123451,-0.029605175206623747,-0.04115386566928861,0.9914431387682435,0.11039862615454449,-0.012053158437957527,-0.030421840592688546,0.9933485673870033,24.23140329071194,24.086358221675333
112.678638,1786095498.036,-0.056093480437994,0.0805845558643341,0.36000001430511475,-0.05979534462376312,0.07995121307566663,0.35592082903241484,0.12813504539840712,-0.038286798653965455,-0.03260735205415453,0.9904808386746284,0.114342548988293,-0.01787328888699164,-0.030909291965805497,0.9927995480989074,23.584588370848223,23.866814142248835
112.744084,1786095498.103,-0.055703967809677124,0.08136320859193802,0.36000001430511475,-0.05953101583632528,0.08002388936185098,0.35593830773679097,0.1283933394421595,-0.028138569017027576,-0.03323354569651877,0.9907668256259905,0.11743525404317266,-0.020131010069471208,-0.03142120240477346,0.9923791672444745,23.895747546496025,23.873968446110837
112.807906,1786095498.17,-0.05531446263194084,0.08136320859193802,0.36000001430511475,-0.05927839047129406,0.08007392804348706,0.35595308712844864,0.12601700709721034,-0.03670841719540199,-0.03226026640633516,0.990823637808799,0.11931944083698247,-0.02376448278442808,-0.03160602487021824,0.9920681325333667,23.713839503997626,23.82330393388107
112.991401,1786095498.237,-0.05492495745420456,0.08136320859193802,0.36000001430511475,-0.059032068496818746,0.08010896738729056,0.35596597042752937,0.1251920155999333,-0.011446590255770541,-0.035460184757026565,0.9914325544879693,0.12054362027440989,-0.021201281347783128,-0.03240867617131255,0.9919523269740205,23.998108331819633,23.86338117668074
113.053768,1786095498.437,-0.0544467531144619,0.08142373710870743,0.3620000183582306,-0.058554366772179324,0.08016520989244325,0.3567291781561237,0.12676933375964253,0.03474259662904087,-0.03417755818710074,0.9907342643282181,0.12338175014365557,0.0038683997454962444,-0.033214337668575504,0.9917957385410241,24.616926701450303,24.350275842420416
113.118999,1786095498.47,-0.053271736949682236,0.08103225380182266,0.3620000183582306,-0.05834421598402484,0.0801688677552522,0.3568323590074493,0.12736129753055364,0.020067410444235458,-0.03229935951470669,0.9911272119684416,0.12390457965982765,0.005988688309934685,-0.03309510772594139,0.9917240062619519,25.006808074837434,24.562514093958608
113.208575,1786095498.537,-0.05224063619971275,0.08125609159469604,0.3630000054836273,-0.057798413387723256,0.08017520819285344,0.35721628463523236,0.1250278433843462,-0.01646140359822344,-0.04205204067168538,0.9911249600557857,0.12418209279172203,0.0005752496573943994,-0.035256814308326535,0.9916327112205042,24.76972082583529,24.633779472817444
113.382062,1786095498.703,-0.053026143461465836,0.08086352050304413,0.3630000054836273,-0.05748052712316642,0.08019254556481725,0.35766035083447195,0.11735195584938786,0.0065929039322548755,-0.037702593782332275,0.992352541437844,0.12190888116616543,0.0025791416862514806,-0.03607161180098317,0.9918822568949679,24.606918939111267,24.623288469470786
113.443377,1786095498.804,-0.053271736949682236,0.0806407630443573,0.3620000183582306,-0.0574150067088233,0.08020207270253371,0.35775768942229674,0.11977683600254557,-0.001087827704504869,-0.029679762244790426,0.9923565074615056,0.12148582681675432,0.0018505437250983601,-0.0348017500856919,0.9919811528257703,24.728251413839327,24.65872667742655
113.508914,1786095498.87,-0.05405507981777191,0.08103225380182266,0.3620000183582306,-0.05733277033737316,0.08020860305526376,0.35780470316707536,0.11811600891442446,0.007425286757192219,-0.030361781866734727,0.9925077509806046,0.12103202723832765,0.002602009864968648,-0.034203381763024975,0.9920557477295396,24.00136020896529,24.369044249566095
113.576278,1786095498.937,-0.05405507981777191,0.07985778152942657,0.3620000183582306,-0.057273083249984175,0.0801945768221031,0.3578405965092475,0.12576524790475324,0.00495477733507834,-0.030549892744571937,0.9915771561781317,0.12164166253992519,0.002904910546142672,-0.033733112250662625,0.9919964438278628,23.788275063066962,24.106761000344477
113.652475,1786095499.004,-0.054296351969242096,0.08080840855836868,0.36100003123283386,-0.057207128768872025,0.08020045493053769,0.3579735344492445,0.12187634143000707,-0.005918081119901828,-0.028967922757468696,0.9921048297264821,0.12167365245628275,0.001728815335697627,-0.03309810461469339,0.9920166576053033,24.335149611844166,24.15783589191069
113.818646,1786095499.137,-0.05390575900673866,0.08041799813508987,0.36100003123283386,-0.05719300645164595,0.08020437135511053,0.3581160110850909,0.11998443205501692,-0.016278679471435815,-0.04274945899333501,0.9917213441359819,0.12126723577372654,-0.002653820512676596,-0.03544835304227858,0.9919831798125792,23.850411824729214,24.002060216058318
113.879197,1786095499.237,-0.054467253386974335,0.08107126504182816,0.3570000231266022,-0.057112809225200664,0.080228214835865,0.3579162820349906,0.1184744900979031,-0.034156175852478037,-0.04039648005966989,0.9915469102599055,0.1205888955138867,-0.010436191010849926,-0.03667408220137256,0.9919699672321803,24.454606387048422,24.1982362722491
113.942182,1786095499.304,-0.054467253386974335,0.08145733922719955,0.3570000231266022,-0.05707392590850969,0.08026207895117489,0.357830415814059,0.12177048965902261,0.013472494454542643,-0.046017310235481015,0.9913994386220246,0.1208413909474953,-0.0054605452039141545,-0.03862072373524335,0.991905227518293,23.837716718455095,24.06706004031674
114.010594,1786095499.371,-0.05469985678792,0.0816141664981842,0.35600000619888306,-0.057027875863046876,0.08029685669597492,0.35764809837087386,0.11761387787385717,0.013035080930210908,-0.04661177153935101,0.9918792291154098,0.12015266272890292,-0.0014895945286427575,-0.040337814142596004,0.9919344633076785,24.306081052607006,24.13437241977506
114.201519,1786095499.437,-0.05469985678792,0.08238416910171509,0.35600000619888306,-0.05699487016910684,0.08039123176022657,0.35752936414205005,0.11768660642482578,-0.018029364689695845,-0.04242742718850372,0.9919802004572765,0.11963947531281671,-0.004950498491735712,-0.04077600364840693,0.9919673412154365,23.68523977409979,23.957000532143667
114.268629,1786095499.638,-0.05377801135182381,0.08215275406837463,0.35500001907348633,-0.05682889806627476,0.08047674973611488,0.3571469172688345,0.1174787069525952,0.011644902477770233,-0.038452306709548335,0.9922623492644194,0.11888104115600465,0.0009043180427817519,-0.039957515919940165,0.992103763315133,23.534060067529488,23.70351727239029
114.327937,1786095499.704,-0.05431468039751053,0.08199916779994965,0.35600000619888306,-0.05680232757114546,0.08048702247270524,0.3571410755723784,0.11642514071333915,-0.008943390187039853,-0.05116374612415626,0.9918404475843805,0.11848319945597581,-0.0006983660372962977,-0.04178193377348778,0.9920763648740459,24.80117684356162,24.29618099853495
114.391892,1786095499.771,-0.05469985678792,0.08199916779994965,0.35600000619888306,-0.05675587442171871,0.08049525920179816,0.35713621150846325,0.11641051894078604,-0.00971183990140063,-0.051075080541213895,0.9918395068726467,0.11813893782836991,-0.002201622434252375,-0.04333232428889639,0.9920487154868773,24.425765556860036,24.34223713092756
114.576488,1786095499.871,-0.05477556586265564,0.08192133158445358,0.3540000021457672,-0.05670645687554502,0.08050069317575133,0.35684562729270075,0.11919198238313296,-0.026788576496368666,-0.048960560569246823,0.9913014208673476,0.11840737453299272,-0.008305154408738535,-0.044732042049997915,0.9919222562683468,23.93972812769201,24.192737443363065
114.643135,1786095500.004,-0.054691143333911896,0.08122708648443222,0.35100001096725464,-0.056675470362863155,0.08053156664650393,0.35568584338349074,0.11851871033066667,-0.010262524008129447,-0.043433178687994,0.9919483630167423,0.11843250906704408,-0.00874603830028309,-0.04443950635866184,0.9919286153170161,23.335231383405905,23.68060129693354
114.710379,1786095500.071,-0.0554506815969944,0.08388423174619675,0.35100001096725464,-0.056634697224471515,0.08079925564844972,0.35530537875178086,0.11470544956101424,-0.024594468175481336,-0.05588339816842558,0.9915214661243196,0.11784150272703142,-0.01127275230026331,-0.04626501721573067,0.9918900410189831,24.004525136642748,23.7820255110037
114.779465,1786095500.138,-0.05642876774072647,0.08288822323083878,0.3500000238418579,-0.056622808224245334,0.08084942699006986,0.35482289278859563,0.12095110015048254,0.007111287244844982,-0.0529289929031454,0.9912208546415718,0.1184050286973399,-0.00796168703323444,-0.047466694697851475,0.9917982524753851,23.919625060494443,23.814114703547524
114.931443,1786095500.238,-0.05680745095014572,0.08288822323083878,0.3500000238418579,-0.05663580780023738,0.0808967611601212,0.3544128874306226,0.12151442432157745,0.007779725609683292,-0.05329764487751089,0.9911271773096247,0.11914118149185039,-0.004250863395365634,-0.04884258760334185,0.9916661286286478,24.3826941048132,24.09280217334927
115.00312,1786095500.371,-0.056050077080726624,0.0832667350769043,0.3500000238418579,-0.056628035122795115,0.0809896147633889,0.3541272052968977,0.1179187442211853,0.003254202498195077,-0.05221254916191133,0.9916443060076605,0.11885327526997956,-0.0024787468854245705,-0.04963862869340428,0.9916671625666118,24.413153787913934,24.24719488315743
115.077692,1786095500.438,-0.055671390146017075,0.08364524692296982,0.3500000238418579,-0.056615836221781166,0.08106488677953623,0.35402590176752813,0.12042852040896813,0.018277065141130384,-0.05427615426939804,0.9910686249900449,0.11912122115942086,0.001001949063214003,-0.05041792409448067,0.9915982874619975,24.274665640646525,24.25291995077744
115.281244,1786095500.505,-0.056050077080726624,0.08364524692296982,0.3500000238418579,-0.05661101533186198,0.08111833753049427,0.35395342803202773,0.11585907612723986,0.0038394401953722565,-0.052597661101802785,0.9918646173871455,0.11864189590459391,0.0014190317664210478,-0.050738396738063574,0.9916388969687808,23.801660403094488,24.081324999044874
115.358145,1786095500.738,-0.055729787796735764,0.08279092609882355,0.34800001978874207,-0.05659198260694002,0.08118917177410792,0.35304720746712637,0.11685401562257604,0.0010027019020229188,-0.05991819167382728,0.9913394695704962,0.11813202041229774,0.0013000663555684765,-0.05336223884458356,0.9915622053337214,23.606622870774903,23.78475073489203
115.434874,1786095500.805,-0.055194202810525894,0.08480460941791534,0.34700000286102295,-0.05655785061025241,0.08142444498353577,0.3526295645191384,0.11834630397278662,0.018218578276734305,-0.053814878999646015,0.9913456483688264,0.11816299196241532,0.0035890814581741822,-0.05342437328736229,0.9915495258249228,24.375674080004462,24.035566649431814
115.509301,1786095500.872,-0.05487608537077904,0.0839427262544632,0.3450000286102295,-0.05650873834870398,0.08146780556031133,0.3517680686923841,0.12224373723839525,0.014725149748471191,-0.047114184725337314,0.9912718558844198,0.11876501560000802,0.005228348051528508,-0.052496120885083895,0.9915198902383152,24.14577610874485,24.065176463268408
115.688237,1786095501.039,-0.05578386411070824,0.08418603986501694,0.3460000157356262,-0.05648787956463338,0.08157147651764317,0.35127648832536995,0.12002720308337865,0.03236823875406792,-0.05568578503335911,0.99067898987773,0.11916001203030258,0.013519153084138164,-0.05347463528574646,0.9913418115937016,24.08255599868562,24.071786453711358
115.761453,1786095501.139,-0.055729787796735764,0.08467266708612442,0.34800001978874207,-0.05648075611920621,0.08168900352593152,0.3510684772896878,0.12040909948479499,0.0033244874479888653,-0.05244526648582775,0.9913324823527672,0.11939950999237095,0.011572560672051504,-0.053278514182086074,0.9913481894771496,24.37030277100857,24.19426503121646
115.828698,1786095501.205,-0.05497674643993378,0.08504901081323624,0.34800001978874207,-0.05644142547891207,0.08179586173289914,0.3509726568548081,0.11815687128065551,0.03470032268136615,-0.04086010656892062,0.991546919245959,0.1191822648857711,0.01572961578870951,-0.05104942029474308,0.9914343768557796,24.356887926514567,24.23844593478398
116.015349,1786095501.272,-0.05437951162457466,0.08529339730739594,0.3490000069141388,-0.056358236493022226,0.08190821057972796,0.35085945333197244,0.11418940916975596,-0.000668633449792523,-0.04337050535683068,0.9925116276537342,0.1182223302549014,0.01256650838441555,-0.04956941515956173,0.9916695198385723,23.447840343417617,23.85574766991907
116.091443,1786095501.472,-0.05475711449980736,0.08491597324609756,0.3490000069141388,-0.05630755606492266,0.08197004301664125,0.35071531451390203,0.11416833459124777,-0.03411221741202761,-0.040054080061693066,0.9920673458340955,0.11655662688772415,-0.006988222041624913,-0.04559631953664926,0.992112238169636,23.866535013868297,23.860730535410855
116.165932,1786095501.539,-0.055889930576086044,0.08416111767292023,0.3490000069141388,-0.056292246618169076,0.08202710702943505,0.35068096540117877,0.1150874834184942,0.0030129544030768926,-0.04427326577911343,0.9923636789017497,0.11629223689588493,-0.005182339303414957,-0.045357763350638736,0.992165274690121,22.724743789072225,23.212829944868965
116.225379,1786095501.606,-0.05513472110033035,0.0845385417342186,0.3490000069141388,-0.05628657719359811,0.08204057302148389,0.35065611714275485,0.11575901883704504,-0.010472501849296833,-0.042698895518629196,0.9923038751231351,0.11620749454187672,-0.00602583109328719,-0.04493393289632072,0.9921897244208912,23.40632269824795,23.264274976127723
116.284493,1786095501.672,-0.05453532934188843,0.0851592868566513,0.3500000238418579,-0.05624200854164691,0.0821096508237569,0.35062613161368283,0.11376915556232255,0.02282334705890379,-0.0461857269989008,0.9921706268043051,0.11572607735783227,-0.0002377565658742895,-0.04518812698936467,0.9922527156276154,23.550912198928373,23.318794584065635
116.447267,1786095501.772,-0.053246695548295975,0.0856708288192749,0.3490000069141388,-0.05599974753503397,0.08226981731634582,0.3506116301395517,0.11061941389819206,0.05984401865071766,-0.05093977913994423,0.9907508150901148,0.11395828930852521,0.021133865707870292,-0.04725306894941479,0.992136087184101,24.5002073956744,24.02585102630899
116.502862,1786095501.872,-0.05099506303668022,0.08630356192588806,0.3440000116825104,-0.05529301373066036,0.08250106607207008,0.34929274959082335,0.10421109672479013,0.033759326415669366,-0.05556837124121765,0.9924275849234415,0.11093595065560459,0.025054522713281537,-0.049836422459477316,0.992260962015632,23.753777872388387,23.935577836538272
116.566268,1786095501.939,-0.05136725679039955,0.08741962909698486,0.3440000116825104,-0.05505583902295997,0.08282648175170622,0.34873362847182454,0.09923051060073208,0.027376459492537156,-0.05481873796425347,0.9931760877103203,0.10842695008442635,0.025552884145686888,-0.05090573015874547,0.9924712858537679,22.93779914693916,23.42311599233708
116.635107,1786095502.006,-0.0515165850520134,0.08767376095056534,0.3450000286102295,-0.05491868390076335,0.08310061269573928,0.3485676674308684,0.09903775289671848,0.03646232756188144,-0.04875321569394818,0.9932195860581073,0.10649801902704498,0.02779676539410568,-0.05046396611325969,0.9926423826842474,24.12016086238993,23.713947385422003
116.698512,1786095502.073,-0.05022584646940231,0.08831282705068588,0.3490000069141388,-0.05458297847552068,0.08342607041730858,0.3486139079266418,0.10116973515420062,0.009819619316342515,-0.05260461496848771,0.9934289175624637,0.10538502838036631,0.024031842882370234,-0.05091386698121928,0.9928364641117716,23.337057212012333,23.57505069486406
116.880072,1786095502.14,-0.04871542006731033,0.08793541043996811,0.3490000069141388,-0.05399638640713479,0.08357199264311473,0.34864412461719213,0.09789814778207183,0.016089581708992863,-0.046204518701704465,0.9939930686241294,0.10392057248692443,0.022477327689732755,-0.04999253194165665,0.993074031028896,24.087492162678043,23.77623202206943
116.945653,1786095502.307,-0.048509903252124786,0.08817975223064423,0.3530000150203705,-0.053276566902402164,0.08382904702918512,0.3498049776692756,0.09527050561385991,-0.033803670114796264,-0.049112002554861624,0.9936643567381799,0.10034992171553181,-0.0010127755742779642,-0.04964461188765365,0.9937123728765014,24.254722111938083,24.048811546408142
117.004494,1786095502.374,-0.049273766577243805,0.08627097308635712,0.3530000150203705,-0.053218102139177596,0.08396284049305171,0.35010387773269175,0.09021537604778142,-0.028163638665776217,-0.04872891574610905,0.9943306734441362,0.09788510338040611,-0.007637059215587968,-0.04942505370168881,0.9939403130617703,22.500573416448038,23.092072444016473
117.072959,1786095502.441,-0.04923370108008385,0.08478077501058578,0.3500000238418579,-0.05316873191434239,0.08403509322994203,0.3500996303692745,0.09617166762347727,-0.0015951680482040004,-0.052613736752895365,0.9939719616218128,0.0975257335090304,-0.00636846582846978,-0.0500947895588003,0.993951048093203,23.18226528183214,23.12467760807231
117.149404,1786095502.507,-0.04918713495135307,0.08593041449785233,0.34700000286102295,-0.05312517967433481,0.08408263554144577,0.3497170473063323,0.09811589700580242,0.00028043520102387923,-0.059634455105578105,0.9933865933638855,0.09764105582468915,-0.005080945572807147,-0.05194271761806349,0.9938522839416208,23.204298369123954,23.148803197642838
117.351537,1786095502.608,-0.05054282769560814,0.08605696260929108,0.3460000157356262,-0.052976942298286145,0.08411972542724566,0.34914513349066145,0.09862755013454164,-0.013348187426413725,-0.05845352092575371,0.9933164743113195,0.09787032687428454,-0.006994234699628442,-0.05344999140354571,0.9937381839385302,22.83660020081575,22.994386245458692
117.430764,1786095502.808,-0.0509810596704483,0.08718054741621017,0.3490000069141388,-0.052816177121866335,0.08432235071159445,0.34913699202461246,0.10207194207977659,0.011973526472556202,-0.053413088307821335,0.9932698501924311,0.09921813858976769,-0.0009281135899922655,-0.05344038441648506,0.9936292190215443,23.62733445205121,23.36700406366858
117.498158,1786095502.875,-0.04947063326835632,0.08680311590433121,0.3490000069141388,-0.05269008955682254,0.08433047456459399,0.3491350161407908,0.09989026658828401,-0.003194416566884503,-0.051622476238027716,0.9936532847481424,0.09929782770848283,-0.0011966569902097692,-0.05322499829528164,0.9936325321671445,24.329133267463618,23.860482146806294
117.5603,1786095502.942,-0.04819931462407112,0.0865544006228447,0.34800001978874207,-0.052374780411019735,0.08435365579353889,0.34910140731178047,0.09452250807959708,0.03535639048618495,-0.06352302559445801,0.9928646666779197,0.09835539514789558,0.006106178797650823,-0.055288689228624135,0.9935955372631124,24.742451955311655,24.339369960283598
117.739393,1786095503.042,-0.04703725129365921,0.08767376095056534,0.3450000286102295,-0.05177423334578996,0.08451083282923434,0.3484915982941682,0.09236582266480765,0.008227349206524345,-0.053969544584647776,0.9942274155271583,0.0970285971185209,0.006576206289734554,-0.054996598255148445,0.9937391906493415,24.05879223603829,24.26189466386139
117.812026,1786095503.175,-0.04713568463921547,0.08827832341194153,0.34300002455711365,-0.05139856248466076,0.08476548483419225,0.3474185328357837,0.08263191338363182,-0.0030673540436999287,-0.06687910980789273,0.9943287901398784,0.09318662686885419,0.004000151446805739,-0.058173466407718206,0.9939396858800426,24.841463298439457,24.61734081243361
117.873924,1786095503.242,-0.047229789197444916,0.0881323590874672,0.3410000205039978,-0.05128358676400207,0.08483437688069845,0.3465276049330691,0.09192772604697927,-0.02653954157878636,-0.06493937224457466,0.9932914093301622,0.09293565250423683,-0.0022687250257838218,-0.05956702613645528,0.9938861035237528,23.042471703247887,23.679882667180294
117.933086,1786095503.309,-0.048108357936143875,0.08876067399978638,0.34200000762939453,-0.05123255513470348,0.08498071966448893,0.3462045949886864,0.08783758956247065,-0.020123344095410618,-0.07314945221272177,0.9932415449039832,0.09182486856680067,-0.006173785049010181,-0.06254031422241703,0.9937901121402948,24.556769213977937,24.050772284809824
117.995275,1786095503.375,-0.04699826240539551,0.08839081227779388,0.34200000762939453,-0.0510970624565142,0.08502760913067824,0.3459887964636677,0.09320695824917098,0.04374937314393492,-0.04943013823562435,0.9934561473550089,0.09224292019774959,0.00802499038741971,-0.05882814851788005,0.9939648344607729,24.680605064571207,24.306864343865858
118.162686,1786095503.442,-0.04662822559475899,0.08839081227779388,0.34200000762939453,-0.05093339939516407,0.08506283165072573,0.3458380614789242,0.09060829041559823,-0.002859368098485096,-0.04533609838808106,0.9948500389028421,0.091811879237802,0.005136897231075163,-0.05524956975140941,0.9942291869382757,24.271037117878556,24.299692312412596
118.232293,1786095503.609,-0.04639345780014992,0.08902020752429962,0.34300002455711365,-0.050660200020649374,0.08527289321187922,0.34577051047562435,0.08230354423057022,0.027744945281797932,-0.06210113501156063,0.9942835579695928,0.08804895209917245,0.01410137810722933,-0.0579704997280176,0.9943278907538491,24.564282467119494,24.428452061313962
118.305034,1786095503.676,-0.04713568463921547,0.08902020752429962,0.34300002455711365,-0.050614488036562266,0.08533354113322072,0.3457498654685333,0.07791251163968108,0.038600515434498495,-0.055545307273021205,0.9946629376719197,0.08573272867530139,0.019713748186259723,-0.05741864220198286,0.9944668757148307,23.97034571230789,24.249039561533493
118.367884,1786095503.742,-0.04713568463921547,0.08753644675016403,0.34300002455711365,-0.050580871642071534,0.0854319074223469,0.3457339117707957,0.08279158990954932,0.0069557271337595625,-0.05333422669731961,0.9951143807436854,0.08510953591172982,0.017004921055792134,-0.056552230726576176,0.9946200504497305,23.11469984471946,23.608534007526313
118.522608,1786095503.809,-0.04764530062675476,0.08779165148735046,0.3440000116825104,-0.05050490137302821,0.08548837000388822,0.3456639901235284,0.08100618735702476,0.003798053561541705,-0.05999266141684134,0.9948992174964992,0.08426903841113813,0.014295474222861215,-0.0572590604622065,0.9946938064434658,23.248628963861915,23.441680499828685
118.589135,1786095503.942,-0.04801749438047409,0.08779165148735046,0.3440000116825104,-0.05038212213275768,0.08555200159361831,0.34558877315608827,0.08967594795066434,0.005410183901676677,-0.045591785462653266,0.9949122289768214,0.08583418365251447,0.011727273681849134,-0.05388772266569723,0.9947819245013463,23.005877301825475,23.18217073469107
118.665563,1786095504.042,-0.0469009093940258,0.08890771865844727,0.3440000116825104,-0.050263625914746354,0.08569979026418112,0.34555294225389044,0.08978386857458868,0.005608209448070029,-0.045595531815925926,0.9949012274638073,0.08666374364036485,0.010443536023432017,-0.0521484616537332,0.9948170012825039,24.086163033738575,23.66313401569152
118.730444,1786095504.109,-0.045784320682287216,0.08965176343917847,0.3440000116825104,-0.05001483838342615,0.08588814307279737,0.3455352825027228,0.08700486287066941,0.011636779068572897,-0.07628395601414364,0.9932147286788479,0.08673088637720845,0.010665426879202005,-0.056629552082904995,0.99456377163488,24.614777802592194,24.159539374851057
118.789903,1786095504.176,-0.046258196234703064,0.09097982197999954,0.34200000762939453,-0.04992547606923149,0.08628826273653167,0.3453041603667035,0.08698859667314085,-0.023046006796159747,-0.07167150840935328,0.9933604886957791,0.08680262872327242,0.0026811178343690133,-0.060199700852413274,0.9944013833815638,22.86983337825993,23.45201790988054
118.953158,1786095504.243,-0.04736829176545143,0.09060996025800705,0.34200000762939453,-0.04985639339460465,0.08648176223606265,0.34514727077972246,0.09479893459893486,-0.00679792521976344,-0.0740418914268296,0.9927158448043181,0.08865225506085621,0.0004917848611811929,-0.0633987538640157,0.9940428229350913,23.259741211527412,23.38341481697764
119.023313,1786095504.409,-0.04819488525390625,0.09008007496595383,0.3400000035762787,-0.04972009486439322,0.08657127735432026,0.3443202622439726,0.09702004986275048,-0.029477032306127835,-0.0645608981189996,0.9927487622380201,0.09185700050831909,-0.01094939259269087,-0.0638496941889082,0.9936627289032475,23.13239392179474,23.24951813438225
119.082787,1786095504.443,-0.05040209740400314,0.09008007496595383,0.3400000035762787,-0.049761173679960996,0.08658697373114216,0.34418429645530596,0.10192685462736911,0.035003318443561075,-0.06354490856599758,0.9921429980597801,0.09253466294486928,-0.01337445987016439,-0.06394412245130432,0.9935640941483309,23.052193478770757,23.209288151518148
119.149189,1786095504.509,-0.05003422498703003,0.090815469622612,0.3400000035762787,-0.049780224303666666,0.08672547162657392,0.3440033649967343,0.10405994253315139,-0.007795487128097226,-0.05876651474503607,0.9928027273759649,0.09498451175804037,-0.012189507362233684,-0.06284524320108144,0.9934182572528802,23.192160861228437,23.20550741967495
119.219047,1786095504.576,-0.04893062263727188,0.09191855788230896,0.3400000035762787,-0.04976922198822607,0.08704645436743232,0.34387580822829067,0.10156588749742426,-0.006945295175436279,-0.05889532607212295,0.9930596527594125,0.0962581307874575,-0.011175247690932031,-0.062081669651164795,0.9933556021836665,23.364474350676854,23.243735488254227
119.400045,1786095504.643,-0.04782702028751373,0.09155085682868958,0.3400000035762787,-0.04970274836426547,0.08719161020671976,0.3437857657587351,0.09983773158960209,-0.009394999069853926,-0.059028752782286295,0.9932068101299385,0.09685481690709583,-0.010878600659133786,-0.06157303037434086,0.9933325537905785,24.284139160653,23.798224525415467
119.470294,1786095504.843,-0.0484783872961998,0.09208939224481583,0.34200000762939453,-0.04969330841235505,0.08757626947040079,0.3435979149242509,0.09596416289725726,0.011623606747599142,-0.06080041757186105,0.9934581422630211,0.09656646368503063,-0.0034566863567326144,-0.061321633819328036,0.9934297290883372,23.990550630658483,23.908561524232752
119.53384,1786095504.91,-0.04995851591229439,0.08950038254261017,0.34200000762939453,-0.04970774263120778,0.08771859558594348,0.3435538797822045,0.10871417693927547,0.05466096410908188,-0.058496901345974385,0.9908438420195188,0.09975070512878892,0.011619186422613483,-0.06060969183471883,0.9930968012177293,23.03765809232537,23.489318571776465
119.596504,1786095504.976,-0.05047570914030075,0.09050396829843521,0.34300002455711365,-0.049751033511759864,0.0877712289987266,0.34352392459503756,0.10499849712794972,0.030868990396747797,-0.0626481865252974,0.9920169483218767,0.10105623558344162,0.01639476677141419,-0.06111764517570248,0.9928662962959272,24.29085470119027,23.860300897530614
119.780137,1786095505.076,-0.050104595720767975,0.09087490290403366,0.34300002455711365,-0.04976424049807927,0.08778708722286756,0.3434968874353917,0.1029213767822224,0.014540812494815526,-0.06059647227057168,0.9927355249620134,0.10153391338800768,0.015920034211551658,-0.06098422988214702,0.9928334908978952,23.756682924461632,23.833273355365154
119.848297,1786095505.21,-0.0497334823012352,0.09087490290403366,0.34300002455711365,-0.049763971080629334,0.08780446731885745,0.34347708408882827,0.09891586288679727,0.004494937443535573,-0.059937562193736214,0.993278881404921,0.10084716233879891,0.012917333401371559,-0.06070994836299644,0.9929638938631011,23.646386010354224,23.76264322449084
119.907234,1786095505.276,-0.04966636002063751,0.090815469622612,0.3400000035762787,-0.04976368542294012,0.08781573925392172,0.3431621492245454,0.10746736850809148,-0.0016734320504205248,-0.05997831750018504,0.9923963753263944,0.10193113432523965,0.010532428704149258,-0.06059141887189164,0.9928886099456742,23.344943943190415,23.614445546682262
119.971386,1786095505.343,-0.04966636002063751,0.09302164614200592,0.3400000035762787,-0.049763421375707446,0.08821486905890887,0.34295038559568125,0.10120234327342484,-0.012541876750807443,-0.05800004370570421,0.9930945483556296,0.10179503194930639,0.006088279952416765,-0.06009480910719707,0.9929699483045951,23.529758999647814,23.59575560979747
120.03479,1786095505.41,-0.049298495054244995,0.09375704079866409,0.3400000035762787,-0.04975599467387147,0.08865580360951245,0.3428068574869665,0.09567813318669943,0.051943073087095934,-0.06502170831827253,0.991927310560381,0.1002178053758736,0.018072610672937937,-0.06139489908350308,0.9929050501410668,23.729177239889356,23.629973193440165
120.200119,1786095505.477,-0.04796769097447395,0.09477034956216812,0.3410000205039978,-0.049652240387449004,0.08920750870027802,0.34279817274239066,0.1007201518494145,0.026507493954938843,-0.06271607920224549,0.9925822369885315,0.10033234035744218,0.019985074938623705,-0.06169482992141918,0.9928382376898379,23.58250914734472,23.620408031774428
120.266486,1786095505.643,-0.047783806920051575,0.09550892561674118,0.3450000286102295,-0.04949929844964852,0.09012457184567312,0.34325962146945277,0.08956404224231201,0.03380584199291782,-0.06227964413947846,0.9934569408435512,0.09664554603562704,0.024722113229565176,-0.06189738254634868,0.9930846739240572,23.426436716596964,23.532860213718557
120.321567,1786095505.71,-0.043178949505090714,0.09374400228261948,0.3440000116825104,-0.048457430502299496,0.09019871872171852,0.34328721004796575,0.0878914606744086,0.016975244531261476,-0.047058534413827714,0.9948730705735508,0.09500429758902054,0.023268031983315104,-0.05911254157788072,0.9934477789775583,23.42615502460608,23.50847127704588
120.382534,1786095505.743,-0.042681269347667694,0.09428902715444565,0.3460000157356262,-0.04797350955681129,0.09021957729990858,0.34343866199884354,0.07561966042368502,0.0005781365508438346,-0.06066305123824786,0.9952895693867192,0.09229969416329667,0.020097529524228434,-0.059332468882252,0.9937587805401878,23.65802637562896,23.532746985634965
120.452033,1786095505.81,-0.0416782982647419,0.09418626874685287,0.34700000286102295,-0.04706520704570242,0.09023585930246825,0.3438268550310393,0.07546661721981224,0.02026377623932979,-0.06267017377278279,0.9949706620685909,0.08833147966013656,0.02013728080692471,-0.06012136738000323,0.9940711548008586,23.802510898998072,23.619458361962423
120.606282,1786095505.877,-0.03980109095573425,0.09531206637620926,0.34700000286102295,-0.04590964922657649,0.0904564790113128,0.3440800649079204,0.07004159089554728,0.004938607613709581,-0.060517261255484754,0.9956944545340172,0.083918056362616,0.016467007134034838,-0.06022012769657926,0.9945150243774983,23.025611265850646,23.365276462246204
120.66913,1786095506.044,-0.03889767825603485,0.09699369966983795,0.3490000069141388,-0.04432952334562879,0.09138789211626329,0.3450221952730227,0.0655911122137688,-0.0018985169490781508,-0.06007591211815123,0.9960346813314921,0.07699239884696096,0.009521398206810526,-0.06017036072258942,0.9951688505909393,23.387696982246585,23.373652339073764
120.730221,1786095506.11,-0.037764858454465866,0.09435169398784637,0.3490000069141388,-0.043607372871508863,0.09154092089823854,0.34527118215129826,0.06583513723214254,0.012602762229330593,-0.04702510825254208,0.9966421345115068,0.07478539700450781,0.010131673480040322,-0.057569368171038436,0.9954849378246562,24.326212073401045,23.861907691394048
120.79311,1786095506.177,-0.037327781319618225,0.09478206932544708,0.35200002789497375,-0.04300965111158926,0.09161532715367893,0.3461993704068643,0.06617321478085382,0.008998908847106194,-0.04640352765269295,0.9966879340628713,0.07311031773236171,0.009911354128564013,-0.055396977099500325,0.9957348148119803,22.52289709720219,23.10870796573134
120.853863,1786095506.21,-0.03694692999124527,0.0936400517821312,0.35200002789497375,-0.042713740313313375,0.09168267880493472,0.3465557314129831,0.06156142708200257,0.003121101622994335,-0.04658632332977664,0.9970106137343272,0.07172094452664445,0.009094009140793512,-0.05433701847707339,0.9959020501720917,23.807664131264257,23.29304043093238
120.915306,1786095506.277,-0.036773841828107834,0.09417209029197693,0.3540000021457672,-0.04227179504111806,0.09175514064071569,0.3476297772195113,0.06479758326812207,0.0064470468388169375,-0.061579354724377894,0.9959757486311592,0.07035194265420597,0.00857045166305289,-0.05577019572739274,0.9959251160562218,23.089172369510035,23.223690425137008
121.076718,1786095506.344,-0.03656608238816261,0.09325937926769257,0.35200002789497375,-0.041923922399532514,0.09183450810641297,0.3478172540148127,0.06545177188799411,-0.0017136304775075095,-0.04679720435264298,0.996756314598551,0.06940435768728859,0.006579446327508865,-0.054033813840377545,0.9961024510470304,24.03226977414278,23.600697015834754
121.132986,1786095506.51,-0.03656608238816261,0.09402073174715042,0.35200002789497375,-0.04152061419960383,0.09188024754039101,0.3480428829384867,0.06431464194892023,0.006310133086856724,-0.046771062396765685,0.9968130600938604,0.06794674971991997,0.00650234313988269,-0.05195352099980903,0.9963141022749362,22.875087929699284,23.15706003484502
121.20014,1786095506.577,-0.03656608238816261,0.09478206932544708,0.35200002789497375,-0.04140569739048203,0.09195339751974997,0.3481083374623623,0.05845925452896631,-0.019410463437598332,-0.05257569409377521,0.9967153785608072,0.06618092214381066,0.001669056765054809,-0.052072582314361376,0.9964465595127638,23.332973242297214,23.201487231757902
121.26487,1786095506.644,-0.03618523105978966,0.09440140426158905,0.35200002789497375,-0.04124621232822543,0.09196473012303824,0.3481562308042162,0.06315575299746928,-0.013467580104310102,-0.052204859545958666,0.996546350045618,0.0656138235471422,-0.0011744483907834883,-0.05209837822159923,0.9964834197402288,22.20009307729863,22.66045642731354
121.346184,1786095506.711,-0.03618523105978966,0.09516274929046631,0.35200002789497375,-0.04113339259743888,0.09206461543928415,0.3481919963007032,0.05988470145519975,0.0015670013029315585,-0.053462054285954734,0.9967713758882044,0.06466131340406779,-0.0007185729396444346,-0.05232529821232292,0.9965342248858203,23.27490717887423,22.873806031583875
121.546409,1786095506.777,-0.0360824279487133,0.09565158188343048,0.35100001096725464,-0.0410330389926204,0.09220610094662272,0.3482838981487224,0.06076156919388191,-0.015577227817075576,-0.05256195300667778,0.9966456856770894,0.06399187559464706,-0.00327339128929441,-0.05236686809343444,0.9965701359630597,23.945207635964508,23.42217408154662
121.62217,1786095506.977,-0.0357026569545269,0.09451279789209366,0.35100001096725464,-0.040744184968190864,0.09228111705081818,0.34841061036519705,0.06399303986484306,0.006763577602758978,-0.04665355312963592,0.9968362908959767,0.06399312309926283,-0.0002570383960922975,-0.05065058661134368,0.9966641019938425,23.27490717887423,23.363011123092946
121.682864,1786095507.044,-0.036462198942899704,0.0937536209821701,0.35100001096725464,-0.04066700391687435,0.09233339751115388,0.34844171963280995,0.062468785910563956,0.0047335865538981545,-0.0538057588490879,0.9965842584848864,0.06381020793240559,0.0003422304077432886,-0.051029556093178066,0.9966564727361702,23.14513849973367,23.307554533135686
121.762835,1786095507.144,-0.03684196621179581,0.09413321316242218,0.35100001096725464,-0.040532477517713904,0.09236269564737602,0.3484729501646431,0.06485233364520386,0.004670985544385144,-0.05347935712066578,0.9964498557763837,0.06396476223033197,0.0009837818694640058,-0.05139271656200088,0.9966274780731406,23.135368796243544,23.254442440937254
121.964926,1786095507.277,-0.03722173720598221,0.09413321316242218,0.35100001096725464,-0.04037470833510481,0.0923869538570221,0.34850008984763137,0.06855020070681202,-0.040216798672489604,-0.06566014307007571,0.994671918121553,0.06532318677538869,-0.011106818157416813,-0.05558992414251085,0.996252618663437,22.488842736567705,22.802866765260646
122.039335,1786095507.411,-0.03760150447487831,0.09451279789209366,0.35100001096725464,-0.04023986568023886,0.09243006689790821,0.3485195920345879,0.060115272728804243,-0.029924289911541998,-0.06746714654267984,0.9954591277372566,0.06384676466627444,-0.016454638034663804,-0.058967947898864004,0.9960801256171085,23.939333020789356,23.55354861489836
122.121408,1786095507.478,-0.03711569309234619,0.09348651766777039,0.3500000238418579,-0.040228383917997275,0.09246530826154885,0.3485773776441634,0.06516171971897265,0.029673252308774812,-0.04803283941732134,0.9962762140682652,0.06418556446132459,-0.005042324658744676,-0.056274072100012694,0.9963373008605569,23.502718387622497,23.540632040607704
122.194678,1786095507.578,-0.03722173720598221,0.09413321316242218,0.35100001096725464,-0.040207982195972526,0.09247327141879412,0.3486163006405553,0.06325335121040933,-0.012219978987159003,-0.052731846264147224,0.9965284933526891,0.06393688023486269,-0.006960265459399825,-0.05532792782626145,0.9963947262270207,23.52022610640914,23.534253460884564
122.385488,1786095507.611,-0.03684196621179581,0.09413321316242218,0.35100001096725464,-0.04018052615561444,0.09247573982668313,0.34862731262459307,0.06547040480297403,-0.006927345678233411,-0.05272089635242614,0.9964367240645969,0.0640885710125536,-0.006957012549968099,-0.05507011645945963,0.9963992860872041,23.248943761742282,23.484422353890043
122.447698,1786095507.811,-0.037009645253419876,0.09359684586524963,0.3490000069141388,-0.04013720339647528,0.09252154901576735,0.348672092051856,0.06360445524542656,0.0036798445473505866,-0.061204470913306656,0.9960898276547462,0.06393918756723314,-0.0036521283412030473,-0.05697702373538758,0.9963192565729515,23.162178232704356,23.317850821095533
122.505443,1786095507.878,-0.037009645253419876,0.09472913295030594,0.3490000069141388,-0.0401250867402443,0.09259763561095022,0.34868251150289664,0.06372621224718719,0.007047917275771451,-0.061738028838107535,0.9960309797038871,0.06390996590245843,-0.0021575404723942143,-0.05764252678472721,0.9962872077786247,23.595841597220762,23.4117385774994
122.56682,1786095507.945,-0.036150556057691574,0.09558674693107605,0.34800001978874207,-0.03998940866170816,0.09276062510565508,0.3486433051749822,0.06504930342876714,-0.02522608746025924,-0.05912602074548776,0.9958093925574731,0.06411245177066888,-0.006207240881775087,-0.05790518526586473,0.9962419651911454,24.70730860956602,24.179734370948207
122.623801,1786095508.011,-0.036150556057691574,0.09558674693107605,0.34800001978874207,-0.03989498147285948,0.09287132276575509,0.348616756884703,0.06156227676234031,-0.007455513233073612,-0.06066461385944293,0.9962300467399852,0.06373270628963765,-0.006393157934277534,-0.05831621706094433,0.9962411798898533,23.672198813218262,24.064571624755544
122.808532,1786095508.111,-0.035942792892456055,0.09466320276260376,0.3460000157356262,-0.03976224737249539,0.09289243105432728,0.34829893812713447,0.06494516701867949,0.026623925883639588,-0.06317049501043595,0.9955314060398069,0.06405329116377509,0.0021504342572043157,-0.05957866450166506,0.99616411010425,24.34703570964307,24.20938650936469
122.883594,1786095508.245,-0.03706587105989456,0.09541158378124237,0.3460000157356262,-0.039644350471932537,0.09299120785837961,0.3480852110577517,0.06436822078593513,0.026728472821552485,-0.0628096555161562,0.9955889051548448,0.06415290298218032,0.009599892906087357,-0.06056181014278607,0.9960544735341434,23.082214899222038,23.49961570650703
122.940742,1786095508.311,-0.03658546879887581,0.09550892561674118,0.3450000286102295,-0.039628174936189815,0.09303670195692809,0.34787496969116777,0.06600359683688607,0.04243692072300697,-0.05747794794869442,0.9952582169787649,0.0645698029558835,0.0168905581014884,-0.0598829090972263,0.9959716295112586,24.365864887056777,23.920262741966198
123.003824,1786095508.378,-0.03658546879887581,0.09550892561674118,0.3450000286102295,-0.039614780940197124,0.09307028228670089,0.3477306117327258,0.06798442871144367,0.030189639186371554,-0.05546462156628151,0.9956858836465868,0.06529685447735326,0.019718148416647718,-0.05894465376826287,0.995928231957766,22.64858114888041,23.205718460305363
123.068554,1786095508.445,-0.03695874661207199,0.09513583034276962,0.3450000286102295,-0.03957715124402574,0.09308623918471179,0.34763108307495655,0.06819118614407611,0.003060608609984745,-0.06107358829899636,0.9957964709816385,0.06590641874876141,0.016219496559007465,-0.059393283636193415,0.9959245502335987,22.7490360951471,22.993064228472768
123.250762,1786095508.545,-0.03706587105989456,0.09503739327192307,0.3460000157356262,-0.03952892568141295,0.0931115099742778,0.3476008496135044,0.0696213841123607,0.0044702199791081644,-0.06838604419863581,0.9952166743812524,0.06685471320166153,0.013225312302380289,-0.06168658790632869,0.9957661890773872,22.851032647498453,22.930099484625202
123.318558,1786095508.678,-0.03781459480524063,0.09503739327192307,0.3460000157356262,-0.03943353712703425,0.09313323488656351,0.3475762824037141,0.06383854372797382,0.0072673586496017715,-0.06861771012952228,0.995571913871384,0.06608843318417218,0.01171060633404947,-0.06344938217812464,0.995725542807738,22.514606768579025,22.699406589825053
123.387708,1786095508.745,-0.03695874661207199,0.09550892561674118,0.3450000286102295,-0.03939802119705417,0.0931731668849592,0.3474884678678615,0.06566056068036712,0.011242935520864908,-0.06230961225070601,0.9958312102927787,0.0660364840915959,0.011653819699924088,-0.06331098952006192,0.995738464588575,23.50874941033457,23.06920542201592
123.463806,1786095508.812,-0.03695874661207199,0.09513583034276962,0.3450000286102295,-0.03937179107214366,0.09318379546555446,0.347426689826727,0.06210396546164881,0.0561410875429147,-0.06450068333879966,0.9943997876167638,0.06519643431607358,0.021285576921830168,-0.06357923993907327,0.9956174111657272,24.066419042681243,23.607607352400265
123.535164,1786095508.912,-0.03658546879887581,0.09513583034276962,0.3450000286102295,-0.03929253869149503,0.09319582942232695,0.34736854895557867,0.0667189930190092,0.0013726430283186124,-0.06200673135851424,0.9958422852479599,0.06561389558410599,0.015860538218070666,-0.06315329149044784,0.9957182944024046,23.30292726652618,23.52744913717786
123.693765,1786095509.012,-0.036212190985679626,0.09476272016763687,0.3450000286102295,-0.03918179677273318,0.0932312280254038,0.34733058983789133,0.06606879901813234,0.012944646927043413,-0.06278619286254451,0.9957536060181069,0.06571027940846876,0.015243048522890133,-0.06307559724613535,0.9957265074727262,23.68562459515966,23.595329548761526
123.772407,1786095509.145,-0.03658546879887581,0.09513583034276962,0.3450000286102295,-0.039162297441164624,0.09325204809514685,0.3472990859078003,0.06126399172273598,0.030983928053233453,-0.07806858464414183,0.9945813267964814,0.06453688738769983,0.019409031582696495,-0.06704597536724315,0.9954713038789135,23.871274090155065,23.733329359392904
123.845565,1786095509.212,-0.03563115373253822,0.09532619267702103,0.34300002455711365,-0.03903029449411316,0.09327589053779076,0.34698086130602707,0.0630805203989595,0.05335391844742693,-0.06537858720456076,0.9944344360829614,0.06423637937945642,0.02655995320980968,-0.06670126627658104,0.9953487818482584,23.71909861332081,23.730256620733407
123.920768,1786095509.279,-0.035527270287275314,0.09578799456357956,0.34200000762939453,-0.03892226434934727,0.09333954912707901,0.3465524334648241,0.06230880704748815,0.007407838080227806,-0.07051715765385987,0.9955350656685663,0.06382478353020497,0.0224505353461293,-0.06752236852052947,0.9954210667950385,23.943066627319798,23.797765169238435
124.093591,1786095509.345,-0.03589729964733124,0.09652770310640335,0.34200000762939453,-0.038894882965439526,0.09347963711891374,0.34627002317607597,0.05931509260910335,0.03414926966372621,-0.07096449658126548,0.9951279251408711,0.06292275425614126,0.024793064575168344,-0.0682124376901321,0.995375855790245,22.481299897440298,23.035242984204377
124.153917,1786095509.512,-0.03589729964733124,0.09689756482839584,0.34200000762939453,-0.03885359863069149,0.09374225870957913,0.3459378710405116,0.0625638531101835,0.008604389442087133,-0.07681217584346535,0.9950435258864453,0.06280853808650919,0.019537479049470105,-0.07100730707865953,0.9953046452203788,23.253772947478165,23.127139260566807
124.215792,1786095509.579,-0.03589729964733124,0.09578799456357956,0.34200000762939453,-0.03884016030211711,0.09378510927962541,0.3458439314937003,0.06235874285342769,0.025136122644293185,-0.07009715838932382,0.9952717975075417,0.06274350484655959,0.02034856086378888,-0.07087560157740304,0.9953018827327634,23.893541317318682,23.455389224659967
124.281905,1786095509.646,-0.03589729964733124,0.09615784138441086,0.34200000762939453,-0.03882891122415538,0.0937905514338919,0.34577662472000437,0.05977049556954967,0.04452790776470526,-0.06381197520265536,0.9951747510413456,0.062198229586243284,0.02480893673515808,-0.06957628828550837,0.9953265981590262,24.6863618234987,24.15747381537352
124.342272,1786095509.712,-0.036373380571603775,0.09532619267702103,0.34300002455711365,-0.038784536019023236,0.09383899386935543,0.34570108699119795,0.06259964357314078,0.02626173746380549,-0.07037413772289566,0.995208061919545,0.06225828955396176,0.025026269020686876,-0.0696956532804669,0.995309051076362,22.82012330544044,23.442672587943626
124.407435,1786095509.779,-0.03674449399113655,0.09458431601524353,0.34300002455711365,-0.03872976683937587,0.09387550683607794,0.3456465613416374,0.06793691823458416,0.012232003291610167,-0.06238757836144511,0.9956619623659709,0.0631937246905855,0.022921516136005075,-0.06849436999821598,0.99538418640056,23.22543274776335,23.36973985871759
124.469561,1786095509.846,-0.03722381591796875,0.09374400228261948,0.3440000116825104,-0.03867479960624569,0.09386711552785729,0.3455646512919011,0.07108260698507723,0.03586499994324885,-0.05671826240985932,0.9952105322355075,0.06463147849358652,0.02527825875107439,-0.06635263369539342,0.9953798820671089,23.272095026128138,23.343130179516603
124.639754,1786095509.912,-0.03733202442526817,0.09476272016763687,0.3450000286102295,-0.03863446026220183,0.09387645930066146,0.34552579836865316,0.06509956186784942,0.01939606267662071,-0.0628611898095195,0.995707944436013,0.06470721067970463,0.024329235746267764,-0.0657894940704131,0.9954359887225366,23.592910141672437,23.413019368789612
124.695282,1786095510.079,-0.03695874661207199,0.09364341199398041,0.3450000286102295,-0.03860659430267251,0.09385766429175432,0.3454806538261028,0.06674443141338973,0.00046944387828372667,-0.0619797803679707,0.9958430937267609,0.06534095684473973,0.016955964875474766,-0.06461608519282197,0.995624334851308,23.043717024443545,23.212782103334334
124.758428,1786095510.112,-0.03658546879887581,0.09513583034276962,0.3450000286102295,-0.038592179292586015,0.09388241387521251,0.3454732939574558,0.062062722499428354,0.02553043716301919,-0.06321672677693208,0.9957409606468115,0.0650518148232124,0.017712889833312026,-0.0644927884748738,0.9956380844246039,22.927536086286775,23.15137556274091
124.825,1786095510.179,-0.036212190985679626,0.09438961744308472,0.3450000286102295,-0.03853462029959778,0.09388400848734992,0.3454627244251889,0.06470539739931214,0.028851055220282407,-0.06348823700507285,0.9954647517225615,0.06499645431740053,0.019510739633486134,-0.06433120040831196,0.9956185457388517,23.649773076775563,23.34565781878041
124.901567,1786095510.279,-0.036150556057691574,0.09483405202627182,0.34800001978874207,-0.03847212764404402,0.09390603102708882,0.34582697071027013,0.061965347225447893,0.016027037352614935,-0.06995246402073588,0.9954948933040065,0.06441808446580406,0.018845783814247626,-0.0654045575053226,0.9955990109897237,23.316896482394913,23.338602347412817
125.068131,1786095510.379,-0.03577403351664543,0.0944577008485794,0.34800001978874207,-0.03837836891146249,0.09391081433362604,0.3460319501349412,0.0625631459212242,-0.0318491778527748,-0.06702410094875465,0.9952784798912077,0.06389079333054064,0.003969719708269665,-0.06589743625016196,0.9957709253380959,22.581416300597667,22.923658413614756
125.129236,1786095510.513,-0.03539750725030899,0.09332866221666336,0.34800001978874207,-0.038237119406817704,0.09387113785008888,0.3461738344807507,0.06838405503905241,-0.02553705813861128,-0.05937038866852011,0.9955634769452875,0.06542722145296678,-0.006075449627657993,-0.06368220931653393,0.9958046715201387,21.37973427554729,21.78602101534881
125.186813,1786095510.546,-0.03652707859873772,0.09370499849319458,0.34800001978874207,-0.03820998013690108,0.09386998705520772,0.3462026388996365,0.057013992069130846,-0.019477802822933835,-0.06046441098089209,0.9963503775832404,0.0643710487431886,-0.007759524388152352,-0.06327881050043628,0.9958875187523044,23.27198390916428,22.365527673476826
125.255644,1786095510.613,-0.035499222576618195,0.09359684586524963,0.3490000069141388,-0.03815993155373584,0.09386605235608791,0.34636284545560325,0.061849139814245946,-0.019433047158569045,-0.06763330062671644,0.9956017161640025,0.06384338975746533,-0.010206069386173307,-0.06419223616392661,0.9958409584608556,23.243281933852806,22.792943134128173
125.465442,1786095510.713,-0.03522225469350815,0.09348651766777039,0.3500000238418579,-0.03806916046816525,0.09385862538173666,0.34670961177704424,0.05975131934716801,0.0033481996313837006,-0.062452580692147375,0.996252098898864,0.06281437571023092,-0.006793779140026866,-0.06375548377253014,0.9959635721541532,24.573635033595487,24.079533218987017
125.526475,1786095510.913,-0.0348435677587986,0.09310800582170486,0.3500000238418579,-0.03789159328389353,0.09382446771982847,0.3470002876402724,0.05600978312603252,0.00854782756496982,-0.06207112843975478,0.996462249085388,0.06058999324412896,-0.00177446961312407,-0.06320638857797134,0.996157947525993,24.273154182844504,24.2113335488006
125.589725,1786095510.946,-0.0348435677587986,0.08970142155885696,0.3500000238418579,-0.03786698397105897,0.09351831071463122,0.3470400133348113,0.058787957099366926,0.03152262380316787,-0.055938488398108326,0.996203385762356,0.0603780449316515,0.0022103886944948537,-0.06234045095239595,0.9962245098606551,24.804317961435622,24.432714360217354
125.656431,1786095511.013,-0.0348435677587986,0.08894439041614532,0.3500000238418579,-0.037830385049735224,0.09294462370110738,0.3470974817875346,0.05769768819082827,0.012125606839790479,-0.05541845834904805,0.9967209945167281,0.05982500782590209,0.00425903307617583,-0.06091105992070829,0.9963396367982269,24.799322817099657,24.607272115080278
125.830075,1786095511.146,-0.03466182202100754,0.08945264667272568,0.35200002789497375,-0.03775144493990836,0.09254861026685035,0.34769095709473385,0.055392387895028136,0.0492401499939911,-0.056900828656426726,0.995625123573159,0.05821292910191529,0.02076427872748223,-0.05945422160216791,0.996315861134401,25.31935983109886,25.075230838405496
125.906501,1786095511.28,-0.034378357231616974,0.08894326537847519,0.3530000150203705,-0.037646276327896404,0.09221742895726545,0.3483211889346582,0.0566078147681593,0.04868414177922458,-0.06398997330997813,0.9951536026976852,0.057670254823275806,0.03029713386400063,-0.06100796136329912,0.9960091636318109,26.377983518314675,26.031609088058843
125.984555,1786095511.346,-0.03428097069263458,0.08907196670770645,0.35200002789497375,-0.03759523787603707,0.09212260537212892,0.348360023566187,0.05488846630486392,0.048211680361646865,-0.05620995874863564,0.9957426026242339,0.05709496304489855,0.03401359166683058,-0.06001459148362394,0.9959826753442439,25.783915728937973,25.951842520426858
126.062674,1786095511.413,-0.03390011936426163,0.0898333266377449,0.35200002789497375,-0.03750228814234824,0.0921005573656399,0.3483897916952863,0.055912943778970325,0.042017577608180416,-0.05649481371829481,0.9959501001118707,0.05687251197260826,0.03552241268802381,-0.0593515291179395,0.9959824654932986,25.537194311621338,25.869206219032286
126.240628,1786095511.513,-0.03428097069263458,0.08907196670770645,0.35200002789497375,-0.037481812692040324,0.0920035926669082,0.34842117867653133,0.05298885910424681,0.02556461602525233,-0.06345118891826594,0.9962492548770966,0.0559938898147204,0.03326833390193491,-0.06028039069191709,0.9960543041224389,25.746849329158753,25.826659106878004
126.310396,1786095511.68,-0.03428097069263458,0.08907196670770645,0.35200002789497375,-0.03745672655930608,0.09191920060482323,0.3484560277299128,0.052754188128690926,0.09037826275103085,-0.05881861398396188,0.9927684200789195,0.05472603400623992,0.05602005216320048,-0.05972211293340833,0.9951382236575728,25.566558585403186,25.72552148623815
126.387214,1786095511.747,-0.03351926803588867,0.08907196670770645,0.35200002789497375,-0.037337553755562455,0.09189382607361354,0.34846803614011235,0.055360688273051094,0.007599324746307553,-0.054861200292472836,0.9969291314631163,0.05424543928102749,0.06450587279075107,-0.059505739661489795,0.9946635067398676,26.1702668181112,25.914792753976247
126.461979,1786095511.813,-0.03208675608038902,0.08894326537847519,0.3530000150203705,-0.036970725442403686,0.09185996313702201,0.3486415497540602,0.0593515186181909,-0.029419162266898672,-0.05979483879794225,0.9960102847773995,0.053873808301469595,0.07101742833376912,-0.05933669780277498,0.9942501163921564,23.982816185562857,24.660119018614093
126.522286,1786095511.88,-0.031704820692539215,0.08970677107572556,0.3530000150203705,-0.03663313249340269,0.09181008043853323,0.34876464912590555,0.056427704087502174,-0.03255396948568943,-0.05937471476812165,0.9961078237461757,0.053601088965153906,0.07576851007110645,-0.05921170750558949,0.9939215410874376,23.568840430801192,23.962652876029804
126.693838,1786095512.014,-0.031704820692539215,0.09008853137493134,0.3530000150203705,-0.03628374820858312,0.09172872057120808,0.3489018664578468,0.052375664888977984,-0.017258683137226147,-0.05996385863542937,0.9966761074899692,0.053069264340773456,0.031070128671370083,-0.059637904212630224,0.9963240540445657,23.937427022740515,23.947181203740442
126.757481,1786095512.114,-0.031704820692539215,0.08970677107572556,0.3530000150203705,-0.036123857264945713,0.09171779146720488,0.34896861690571024,0.05064337827997654,-0.02574802235795211,-0.060300745228755843,0.9965621444274824,0.05207053868312385,0.00720056889789516,-0.059940022280852275,0.9968169363216934,23.91207448315794,23.930759142586936
126.822509,1786095512.18,-0.031322889029979706,0.09008853137493134,0.3530000150203705,-0.03597698857501097,0.09169023302253757,0.3490019308284524,0.052948020854955605,-0.016856072610513206,-0.05218633723666019,0.9970902497314442,0.052343632600244494,-0.0001887775873816562,-0.05756228779669476,0.9969687515227563,23.209596962306236,23.550132621720397
126.901012,1786095512.28,-0.031704820692539215,0.08932501077651978,0.3530000150203705,-0.03592609637271656,0.09163010703833123,0.3490374575763644,0.052863425035246416,-0.004803426675955883,-0.05343673811342971,0.9971594157432944,0.05250929998860154,-0.0016576045662810583,-0.05624938138331583,0.9970336167129988,23.774521150006812,23.62254225241484
126.970562,1786095512.347,-0.031322889029979706,0.09047028422355652,0.3530000150203705,-0.03583350707945901,0.09159205170318135,0.3490565868923208,0.053123396253334364,-0.014613171467462497,-0.052595244827536775,0.997094830099778,0.052645498477593144,-0.004513720520796631,-0.055444694650670694,0.9970626678660675,23.565347093184474,23.603948450014663
127.125034,1786095512.447,-0.031704820692539215,0.08970677107572556,0.3530000150203705,-0.035813884506221735,0.09157154305731274,0.34907877595393744,0.049953550333489825,-0.009099839036209534,-0.052950396224008024,0.9973054152456585,0.05200556471586461,-0.005604234198533599,-0.05485176733463132,0.9971235116162389,24.115823731616917,23.820434781523826
127.188658,1786095512.547,-0.031704820692539215,0.08932501077651978,0.3530000150203705,-0.03579692283235741,0.0915135940418442,0.3490970706451453,0.05281100156544651,-0.003825647346879551,-0.053488548310033586,0.9971636464170346,0.05215479793240093,-0.005274745038941918,-0.05459924809453972,0.9971313736037571,23.782197681719296,23.808361610252508
127.250347,1786095512.614,-0.031704820692539215,0.08970677107572556,0.3530000150203705,-0.035786400607226196,0.09150404316975567,0.3491080993178105,0.05313218263105172,-0.015634526375111833,-0.05255421498161555,0.9970810334378809,0.052289349733994725,-0.006697278576192533,-0.05431880891502049,0.9971311033972023,23.67079109474637,23.7702189487455
127.317911,1786095512.681,-0.031704820692539215,0.08932501077651978,0.3530000150203705,-0.0357764746935513,0.09147383318884303,0.3491182609646951,0.05281447767302689,-0.019388595705613926,-0.060205984623642454,0.99659919361807,0.05236883897857172,-0.008602637923784677,-0.05520329740280188,0.9970637368195909,23.451584733271897,23.65898197182496
127.379306,1786095512.747,-0.03208675608038902,0.08894326537847519,0.3530000150203705,-0.035717031650272325,0.09141341527909268,0.3491276731406802,0.053100268752668864,-0.00454510423266245,-0.05376334370791183,0.9971304861246865,0.05246498639189179,-0.008069595312595898,-0.05501418588397263,0.9970735911586032,23.90160397557371,23.72766447862304
127.57745,1786095512.814,-0.032560668885707855,0.08919522911310196,0.3540000021457672,-0.035625204076434096,0.09139424627736142,0.3493132149488746,0.050192809022462884,-0.01997277989145788,-0.06044192142195966,0.9967088562467294,0.05213545884339375,-0.009798980278981184,-0.05580333084410599,0.9970315251702848,23.653754790475137,23.710295274823984
127.643538,1786095513.014,-0.03246869146823883,0.08856150507926941,0.3530000150203705,-0.035513461932329404,0.09123547602760747,0.34940901103342553,0.05305162784478429,-0.004604076456208634,-0.053767200905972375,0.9971325966839819,0.05236520275351807,-0.00849719294965765,-0.055293254511252485,0.9970598473803431,23.772258051302003,23.73597371973964
127.71386,1786095513.081,-0.031704820692539215,0.08894326537847519,0.3530000150203705,-0.03542647910844163,0.09122679756632554,0.3494336642349868,0.06173859803536522,-0.026642682412768397,-0.059512776909308146,0.9959602112388942,0.0537221220306632,-0.011121480158049346,-0.055904940205340835,0.9969277225276935,23.98570151880647,23.81080471883229
127.780346,1786095513.148,-0.031145423650741577,0.08957810699939728,0.35100001096725464,-0.0352701634728443,0.09118355879934385,0.3495496173324611,0.06915251754063753,-0.038183741871735406,-0.043366757753216745,0.9959313507950426,0.056877753259383684,-0.01664829427513169,-0.053349918348416854,0.9968157009668892,23.526621808294284,23.718018153637132
127.902234,1786095513.214,-0.030765652656555176,0.08995770663022995,0.35100001096725464,-0.035092812672005085,0.09114400258679888,0.34962689061620866,0.07268673293127802,0.02655511671090607,-0.04840351806001151,0.9958255690991578,0.06108660721538198,-0.005182114405770242,-0.052047889609532896,0.9967610492472072,24.82732409768507,24.32631879841867
128.034718,1786095513.414,-0.03017708845436573,0.0908520296216011,0.3530000150203705,-0.03464705800417276,0.09111486530741725,0.34985770401760563,0.08711099679645795,0.02902046435554506,-0.03354711664221953,0.9952105696035937,0.07330857568853294,0.010857285521348105,-0.043385342539132135,0.9963060193205644,25.82362806805842,25.506621882646893
128.092014,1786095513.448,-0.029795154929161072,0.09047028422355652,0.3530000150203705,-0.0345398054039684,0.09111021157836038,0.3498902847892621,0.09312310081297272,0.020894398958870825,-0.03290900895547155,0.9948912047639646,0.07636007542487902,0.012401997780393133,-0.04177518958538644,0.9961275836293596,24.685391551687353,25.31578537864765
128.161701,1786095513.514,-0.029031286016106606,0.09047028422355652,0.3530000150203705,-0.03422916332811496,0.0911035079439639,0.3499361929936459,0.09599875089519896,0.021811866225677767,-0.03303294336762356,0.9945940412906091,0.08143728515554773,0.014833460747398379,-0.03951906045283667,0.9957842039767826,24.87722747818579,25.214707976965865
128.233834,1786095513.614,-0.029413221403956413,0.09008853137493134,0.3530000150203705,-0.03405150735095176,0.09108975976884537,0.34998193160617974,0.09664684697151432,0.01820605945661132,-0.032875533112715044,0.9946090315757653,0.08601814218504757,0.015849131383381218,-0.037520421863301866,0.9954606482391081,24.26115000776167,24.705336171529076
128.42571,1786095513.681,-0.029413221403956413,0.09047028422355652,0.3530000150203705,-0.033966438396870954,0.091082823425297,0.3500051989157133,0.09591649405641817,-0.008870820885176578,-0.037730912992915575,0.994634461955481,0.0883932642821791,0.009932453898331218,-0.03757323593685087,0.9953271970213273,23.315923106515253,23.87553858889739
128.498619,1786095513.881,-0.029031286016106606,0.09123378992080688,0.3530000150203705,-0.03370942184856407,0.09109295065876531,0.3500458947624893,0.09907564048636898,-0.0039874511820002095,-0.030316698711088497,0.9946099815880333,0.09248242853090637,0.0046093132590714425,-0.034799629318531096,0.9950953423886568,24.439887701907377,24.144665415752904
128.563789,1786095513.948,-0.029413221403956413,0.0908520296216011,0.3530000150203705,-0.03368867382638099,0.09109214308378565,0.3500572869837526,0.099605104451336,-0.0035678025610044167,-0.03053502056192158,0.9945520129542784,0.09367975793097569,0.0032357848680673457,-0.03408360153343478,0.9950135379766405,24.234179671316877,24.16713564341567
128.735862,1786095514.048,-0.029031286016106606,0.09008853137493134,0.3530000150203705,-0.033601193181203685,0.09105446212617253,0.3500712301956029,0.10409676486363181,0.022710162939588326,-0.025840196521974213,0.9939720299323764,0.09623222898341668,0.007998734463412953,-0.032069292884352875,0.9948100013599404,24.234179671316877,24.187244334300622
128.790936,1786095514.148,-0.028347497805953026,0.0907265692949295,0.3540000021457672,-0.03336955047620223,0.09105055739972294,0.3502676458313195,0.10373809473104392,-0.023771461775428344,-0.02848427298147291,0.9939124566577023,0.09831910104408514,-0.0007895445886925995,-0.03108097002984931,0.9946691431281203,24.21605575898177,24.1955684900628
128.854959,1786095514.215,-0.028267420828342438,0.08970677107572556,0.3530000150203705,-0.03324339417612444,0.09100402578914922,0.3503106785762662,0.10800489095567214,-0.01910022793735447,-0.0213629726973328,0.9937372631736858,0.10043059257934521,-0.004772992654722241,-0.02896824747474256,0.9945108120345004,23.436486050573116,23.819958739382116
128.920753,1786095514.281,-0.028730513527989388,0.0907265692949295,0.3540000021457672,-0.033230148410773604,0.09099962202120973,0.3504154640852176,0.10234498546083251,-0.017497460661085228,-0.028807848694319856,0.9941777761924881,0.10081868180554851,-0.007343667317197267,-0.028936230477531077,0.9944568158120678,23.88640766976391,23.83638920795564
129.109691,1786095514.415,-0.028347497805953026,0.09034373611211777,0.3540000021457672,-0.03310989302705268,0.09099267309140308,0.3505338210643924,0.10703932179998166,-0.01843850920548568,-0.029128268867790137,0.993656957364887,0.10256814094248615,-0.010461090083733375,-0.028990662126299967,0.9942484013400982,23.25100736267062,23.488297446831965
129.179375,1786095514.548,-0.028649356216192245,0.09008853137493134,0.3530000150203705,-0.03306542432255782,0.09097295791349931,0.35064046773754687,0.10672611429761367,-0.018669031956657034,-0.021163896126132974,0.9938878675552371,0.10357382979108287,-0.012443775939909349,-0.027100573257238438,0.9941746190443076,23.249415758883984,23.369719029772014
129.241039,1786095514.615,-0.028730513527989388,0.0907265692949295,0.3540000021457672,-0.033034372600150116,0.09096826021751749,0.35072173910358967,0.10454007267911936,0.02133860518374234,-0.03300380065509752,0.9937438232640117,0.103778862000518,-0.005620133279406212,-0.028295733676621717,0.994181931720498,24.599259563285496,24.056537171679437
129.308715,1786095514.682,-0.0291135273873806,0.0907265692949295,0.3540000021457672,-0.032957643638650745,0.09096485227290332,0.3507799260929768,0.10172159750715656,0.020349973072324393,-0.032868778911409505,0.9940614863123008,0.1033238158445152,0.00020357714920844037,-0.029323006167812964,0.9942154238116382,24.300446930479104,24.154815126866254
129.486843,1786095514.748,-0.028649356216192245,0.09008853137493134,0.3530000150203705,-0.032928805680661435,0.0909501334870943,0.3508399585613901,0.10745937767783088,0.003584027848236636,-0.023821231701515566,0.9939175950820567,0.10412931420741395,0.0008616108715722499,-0.02825217546089056,0.9941620381663779,23.791438998239286,24.06005871417442
129.553977,1786095514.915,-0.027964482083916664,0.0907265692949295,0.3540000021457672,-0.032669673279901966,0.0909440934541162,0.3509551556483898,0.10888160021242232,-0.0052327767696568285,-0.030326137245963135,0.9935782508600922,0.10549697147743144,-0.0008914026308788841,-0.028848926190430745,0.9940006709595818,24.97533341834256,24.693666738105033
129.61408,1786095514.982,-0.027964482083916664,0.09110940247774124,0.3540000021457672,-0.03259478681666306,0.09094776517590378,0.3509891943260701,0.10701770737750281,-0.038950940472688725,-0.02675251436502838,0.9931335950007456,0.1058317959497623,-0.008950336454079307,-0.02840853219569923,0.9939378641252644,24.54405295889808,24.659488541629557
129.680592,1786095515.049,-0.028730513527989388,0.09149224311113358,0.3540000021457672,-0.032516333858855856,0.09096406593199609,0.3510148064646754,0.10247882569387554,-0.0439657136348889,-0.025921547755321815,0.9934249743543535,0.10500680993741146,-0.017695573195162784,-0.027790781929308735,0.9939256053628062,23.06708604809819,23.69776771691287
129.748912,1786095515.115,-0.028187345713377,0.09021399915218353,0.35200002789497375,-0.03247722084795039,0.09094283177304344,0.35108032250603516,0.10735125262675971,0.0025382098648200845,-0.01578049628248522,0.9940926727359106,0.10559531306542916,-0.012664747136490935,-0.024805507991812577,0.9940190746720362,24.29142799247077,23.873238404737293
129.909628,1786095515.215,-0.028649356216192245,0.09123378992080688,0.3530000150203705,-0.032405884873896715,0.09095059436466077,0.351116131605796,0.10241210672950925,-0.047257926977878104,-0.033463543554229924,0.9930552049034189,0.10454085737512647,-0.024289978202467498,-0.02771818544148598,0.9938374657327165,23.274506583069744,23.529349361386327
129.976813,1786095515.349,-0.02971075102686882,0.09059466421604156,0.35200002789497375,-0.03221387943950874,0.0909425016525661,0.3511764137305107,0.09956203005922828,-0.0036206774438068013,-0.030617386380473437,0.9945536026361587,0.10282187898860166,-0.017132365689000454,-0.02872377944934985,0.9941373585884884,22.761718690239032,23.025465441388462
130.044047,1786095515.415,-0.030091602355241776,0.09059466421604156,0.35200002789497375,-0.03212962206400096,0.09093949883789873,0.35119735569417415,0.0995303165575763,-0.0036465497276096897,-0.030615224075174505,0.9945567489167522,0.10216884949488213,-0.014450522340447258,-0.029100406853207122,0.9942363274986276,23.06602068739458,23.03796835808768
130.124181,1786095515.482,-0.02971075102686882,0.09097534418106079,0.35200002789497375,-0.032091575298465166,0.09093990768225062,0.35121252510966094,0.10122761592489257,-0.003785264204309478,-0.030214961759186816,0.9943971528694946,0.1019938034811325,-0.012456980287900904,-0.02930900823458717,0.9942751478991435,22.74664368734982,22.920255826284187
130.199569,1786095515.549,-0.03047245368361473,0.09097534418106079,0.35200002789497375,-0.03202896175775355,0.09094021481493479,0.35122353539553836,0.09618770732173713,-0.006347624347427693,-0.03021441028445489,0.9948842757006939,0.10100294554491432,-0.011413883508645913,-0.029463753716083774,0.9943842393519017,23.255248171715984,23.00799066881333
130.367953,1786095515.682,-0.02971075102686882,0.09097534418106079,0.35200002789497375,-0.032013926761231666,0.090940609287114,0.3512366920784024,0.09823912175520222,0.002472071399536072,-0.030870517645530463,0.9946808407524794,0.10030034879692057,-0.00787436864466295,-0.029822925247912895,0.9944789728693721,23.265023013346323,23.103154226639735
130.443797,1786095515.816,-0.030091602355241776,0.09059466421604156,0.35200002789497375,-0.03196740538320803,0.09093311275465664,0.3512452601922009,0.09744871353554906,-0.04957905530638227,-0.026005351362943845,0.9936646251153772,0.09941178593417534,-0.021151538347115334,-0.028613398756434174,0.9944099670933177,23.0539725945269,23.084126579534292
130.506713,1786095515.882,-0.03047245368361473,0.08945264667272568,0.35200002789497375,-0.03193340690057044,0.09086209523039462,0.3512486863765541,0.0937587872015598,-0.0009796786960937726,-0.030946184860867344,0.9951133923803368,0.09827616656314118,-0.017087316786100155,-0.02908451947037864,0.9945873060812119,23.380980679767333,23.174165383172543
130.573027,1786095515.949,-0.030853306874632835,0.09021399915218353,0.35200002789497375,-0.03190049635678682,0.09085677564436927,0.35125159130732364,0.0965818355318036,-0.020286400342900655,-0.028868501324690293,0.9946994624697961,0.0979865313347438,-0.017634369068516974,-0.029047607974275892,0.99460741258826,23.2474990068664,23.18879202847352
130.643967,1786095516.016,-0.03047245368361473,0.09059466421604156,0.35200002789497375,-0.03188837351758715,0.09085368456993542,0.3512540939544091,0.09839558536119843,-0.00451390292150235,-0.03018265569711108,0.9946793155368779,0.09805780388476346,-0.015387235241136873,-0.029242383581657764,0.994631983746448,23.253089791016507,23.20135764105936
130.795974,1786095516.149,-0.030385883525013924,0.09033729135990143,0.35100001096725464,-0.03187910303996096,0.09084944750646508,0.3512390943253145,0.09683932662464266,-0.02872573852809734,-0.028132476753320042,0.9944875768538415,0.09775136510287266,-0.018760359313992562,-0.0289622242832544,0.9946124416593134,22.314273138463605,22.639754751734685
130.858607,1786095516.216,-0.030765652656555176,0.09033729135990143,0.35100001096725464,-0.0318605307071194,0.0908476324741284,0.35123374980333416,0.09701148930396598,0.00220182657401376,-0.023437626838982987,0.9950048243857519,0.09762466117735519,-0.015076806706503887,-0.027992240419728708,0.9947153109839144,23.690638294993402,23.172431598997747
130.93362,1786095516.283,-0.030765652656555176,0.08957810699939728,0.35100001096725464,-0.031846948463766706,0.09080899501391922,0.35122990712065005,0.10167734803238636,-0.0011852514194840781,-0.023489989225544395,0.9945393569298088,0.0983542718197184,-0.012581810029220814,-0.027184003386953863,0.9947005404799274,22.749333537313603,23.029287563534204
131.002161,1786095516.383,-0.03047245368361473,0.09059466421604156,0.35200002789497375,-0.03183634498131814,0.0908036469055299,0.35125827219996864,0.09894441397813242,-0.0041068363779545244,-0.030395288473343746,0.9946201603004591,0.09848003892412323,-0.010785498945962908,-0.02786487070903342,0.9946903558024269,23.249280234516046,23.115503405512456
131.177958,1786095516.483,-0.030385883525013924,0.09033729135990143,0.35100001096725464,-0.03182172162204607,0.09080158145735374,0.3512507313013501,0.09956773450750456,-0.02560133069784903,-0.028337325231801762,0.9942976587070139,0.09870732359675129,-0.013857241333956345,-0.027963323858377152,0.9946270123266159,23.69456523572985,23.41303160349569
131.257911,1786095516.616,-0.030385883525013924,0.08995770663022995,0.35100001096725464,-0.031808517926352683,0.09078104236997986,0.351244928271249,0.10316695753532018,-0.012124749185908503,-0.0299656297276079,0.9941386373967729,0.09962027024262742,-0.013502692347077544,-0.028373186497159707,0.9945292561529617,24.085948011814946,23.818456129054745
131.327083,1786095516.683,-0.030385883525013924,0.09033729135990143,0.35100001096725464,-0.03180297155500895,0.0907771392565763,0.35124273802993905,0.09902315058611968,-0.026313136069323777,-0.028105891660289303,0.9943400290505134,0.09954266270163582,-0.015187880461182763,-0.028338293755805752,0.9945137141821498,22.81220665323385,23.31362971101717
131.392844,1786095516.75,-0.030765652656555176,0.08995770663022995,0.35100001096725464,-0.031787671842370364,0.09076784473302621,0.3512410570310468,0.09756501363709527,0.0026785118905589484,-0.023620847944833732,0.9949451991091833,0.09923161478190887,-0.012357456515428444,-0.027591508531275833,0.9946049912167205,24.14008536964863,23.701874805090963
131.566251,1786095516.916,-0.03012617491185665,0.08956518024206161,0.34800001978874207,-0.03173827948667166,0.09071963680863405,0.35069284434096554,0.100815902368456,-0.04758197985136396,-0.04148798221040341,0.9929002247734501,0.09979324385857749,-0.02448802278613024,-0.0323808457642152,0.994179624639231,22.543503049261876,22.898503347095172
131.633149,1786095517.016,-0.03291752189397812,0.08699146658182144,0.33800002932548523,-0.031873101575710314,0.0902576084293745,0.3461290112098884,0.10002754442021797,-0.05004743323005861,-0.034329981314055,0.9931320139675897,0.09985931613028172,-0.031015965273086924,-0.03288056985972091,0.9939743432331999,22.857347624959097,22.88342872193526
131.698595,1786095517.05,-0.03661239519715309,0.09020452201366425,0.33500000834465027,-0.032373624652783935,0.09025589312560811,0.34409357673126323,0.09246485904132927,-0.005769426529453479,-0.03805892383416109,0.9949715985276031,0.09988223010061455,-0.0333842090213315,-0.03306153893408354,0.9938893144316715,21.86273359807236,22.452477150118717
131.755019,1786095517.116,-0.036175232380628586,0.09055931121110916,0.33100003004074097,-0.03285948740655302,0.09027293097583027,0.33999850816054733,0.09315453254185443,0.029213199623365937,-0.03334936369046365,0.9946640849935797,0.09991534379320227,-0.03691456098834698,-0.03333099035235315,0.9937521241958959,22.198209384158176,22.34312951387021
131.93351,1786095517.283,-0.037397753447294235,0.0904664397239685,0.3230000138282776,-0.033802441869738374,0.0902856189761829,0.33117497954405106,0.08916551230505414,0.015544542222371541,-0.03226777578433592,0.9953726283500094,0.09541122422875511,-0.01477658154868626,-0.03289372541388526,0.99478457655781,22.13289787705722,22.22409142229339
132.014243,1786095517.383,-0.038446176797151566,0.0904664397239685,0.3230000138282776,-0.034402869376403605,0.090290375585049,0.32884708661650064,0.08451429617320429,0.046975069187730686,-0.03459753162253462,0.9947128668227748,0.09137913230030084,0.008315210239208351,-0.03354620548362046,0.9952162395963868,23.166920496395917,22.753499538421337
132.092548,1786095517.45,-0.037048280239105225,0.09151437133550644,0.3230000138282776,-0.03445117603572864,0.09035129219063617,0.32792036225134374,0.09621040572988653,0.053636364347443025,-0.03538194414843408,0.9932848615966902,0.09293139579766015,0.02268506046404544,-0.034135753710156536,0.9948285751954862,23.39349562517319,23.052533437636924
132.172382,1786095517.517,-0.03646186366677284,0.09179769456386566,0.3240000009536743,-0.034475661876331,0.09041757908937229,0.32757716365471856,0.08988616515625023,0.04536018096432738,-0.041696139671686026,0.9940444473125264,0.09202318971795306,0.029491286856435647,-0.0364067219235496,0.9946539836307229,23.058815289345308,23.054223515117513
132.346313,1786095517.65,-0.03611131012439728,0.09179769456386566,0.3240000009536743,-0.03453141271275613,0.09048809017795145,0.3272353406144907,0.09075162824069773,0.05264308174853858,-0.041822519017563564,0.9936013913127861,0.0915340844831119,0.03851177591956923,-0.03851883825520275,0.9943111452623011,23.527920983616372,23.318240603266084
132.411039,1786095517.783,-0.03716297820210457,0.09144729375839233,0.3240000009536743,-0.03465048909798213,0.09049870261237884,0.32705377037378736,0.09141391956469462,0.03311714229000421,-0.033002882497336954,0.9947148133727728,0.09149853576439178,0.03689031673531453,-0.036860908018601826,0.994438734133071,22.93881682502438,23.149369286209314
132.474866,1786095517.85,-0.03611131012439728,0.09179769456386566,0.3240000009536743,-0.034687419833832306,0.09052121303524072,0.3269889041058323,0.09086430494199632,0.024273179866071488,-0.031862681078170065,0.9950574156203791,0.09138733132793243,0.034654004750168145,-0.03597530229419567,0.9945618297785086,22.35670232876138,22.776440594280597
132.538168,1786095517.917,-0.036926042288541794,0.09137807041406631,0.32500001788139343,-0.03472194697033208,0.09052699854535119,0.3269393679102326,0.08989257943651137,0.010970583684156193,-0.037875157765762744,0.9951705596932106,0.09108989161520574,0.029876705014286055,-0.03636030159520167,0.9947300853050166,22.30538357095065,22.576826013902334
132.602002,1786095517.95,-0.036926042288541794,0.09102660417556763,0.32500001788139343,-0.0347363302533767,0.09053220763209077,0.3269190298899787,0.08840811063476077,0.019641311389520136,-0.03922867286040442,0.995117749860037,0.09078118128186762,0.028696518019230375,-0.036691312312990235,0.9947808977756817,22.224015692646603,22.483110351445568
132.763861,1786095518.084,-0.03727767989039421,0.09102660417556763,0.32500001788139343,-0.034826066680686135,0.0905443374270792,0.32687169857680054,0.08837004372595261,0.019602923724826634,-0.039224880372797435,0.9951220374974376,0.09011575874958745,0.026183898996824488,-0.0373917782437061,0.9948846206360231,22.642465836043428,22.532795140383133
132.832806,1786095518.184,-0.036926042288541794,0.09067512303590775,0.32500001788139343,-0.03483723426027267,0.09054811991295056,0.3268480403001799,0.0874885433980561,0.042545975681428747,-0.041256934462706236,0.9944010559558663,0.08954040349024288,0.029781762106193654,-0.038242464439389376,0.99480303412397,22.74924282586829,22.600817470986733
132.900974,1786095518.284,-0.036926042288541794,0.09067512303590775,0.32500001788139343,-0.03484658272936282,0.09055054943017003,0.32683142157771183,0.0891807649572132,0.05163579453996431,-0.04194678391120958,0.9937912271716727,0.08946031275245729,0.03488984956071797,-0.03910976324234741,0.9946104650862018,22.62079182954077,22.606331861906348
132.974306,1786095518.351,-0.03657440096139908,0.09102660417556763,0.32500001788139343,-0.03487351540668121,0.09055408186825853,0.32682248746368275,0.09402976498107808,0.006099716708173944,-0.038000138143862945,0.994825203869871,0.09042349366201628,0.028863432560391387,-0.038880154517337305,0.9947255036639481,22.80530484740315,22.657975659038442
133.144595,1786095518.451,-0.03657440096139908,0.09032364934682846,0.32500001788139343,-0.03489984991081626,0.09054687075733017,0.3268121480820266,0.09223101534150523,0.025769427910366564,-0.03241093268133847,0.9948763279106471,0.09084412782747464,0.02814431322763604,-0.03737645065504485,0.9947654210961704,22.540365377688317,22.618409971574888
133.224596,1786095518.584,-0.03633422031998634,0.09130667895078659,0.32600000500679016,-0.03493760921903,0.09057559131026019,0.3267638413533881,0.09000053900387164,0.022676050677142977,-0.03901871594469925,0.9949187100013384,0.09065448570834339,0.026913395846328167,-0.03774626126262967,0.9948028212191942,22.67590931024533,22.63684701000263
133.289892,1786095518.651,-0.03622276708483696,0.08997217565774918,0.32500001788139343,-0.034955799932057066,0.09055275093442934,0.3267319836117275,0.09246529208021441,0.03419635925431532,-0.0333655097472319,0.9945690129566563,0.09088808225395369,0.027851476665702528,-0.03718222798493673,0.9947769265889789,23.161746510274686,22.849652600540274
133.460026,1786095518.718,-0.03622276708483696,0.09067512303590775,0.32500001788139343,-0.03496924731903378,0.09055301221035601,0.326708798503265,0.0897956300561697,0.023314421398914417,-0.032143048969683,0.9951683309775196,0.0907523810593519,0.027286995719810348,-0.036555291065317845,0.9948281941580542,23.293812017305402,23.027070581225153
133.546189,1786095518.918,-0.035871125757694244,0.09032364934682846,0.32500001788139343,-0.035005845585390466,0.09054613205563895,0.32667291992684366,0.09053813525267178,0.03295984013430687,-0.0404760586960347,0.9945240990924881,0.09070253403419054,0.028617257651024176,-0.03747477293773,0.9947611493607784,22.94436382684587,22.99484857418154
133.624849,1786095518.985,-0.03657440096139908,0.09067512303590775,0.32500001788139343,-0.03503629493428601,0.09054733081265978,0.3266634718967098,0.08835508339642478,0.05172751061531409,-0.034515458084545536,0.9941460290303268,0.09036131618119547,0.03200813836346047,-0.037041976594105075,0.9947050837240702,23.539820795728417,23.23058988241482
133.69754,1786095519.052,-0.035871125757694244,0.09032364934682846,0.32500001788139343,-0.035049309602413356,0.09054510088007954,0.32665582094220086,0.09332406848749973,0.055894647736002834,-0.03513430345094215,0.9934445064101094,0.09090640399534658,0.03637239047379723,-0.03669515771057114,0.9945182453451785,23.429293357865685,23.296468957333104
133.756917,1786095519.119,-0.03657440096139908,0.09067512303590775,0.32500001788139343,-0.03507719273849719,0.09054633526774335,0.32664942889923754,0.08840088410369994,0.021005872590566764,-0.03935345569938482,0.9950855955800534,0.09044198189215674,0.033514202024545366,-0.03719041698381939,0.9946426087085987,23.548145381899523,23.38278869787534
133.917497,1786095519.185,-0.03657440096139908,0.09032364934682846,0.32500001788139343,-0.03509724605430439,0.09054417150413543,0.3266439934676024,0.08696272607263186,0.06643568149172177,-0.043576864875884365,0.9930381872548184,0.08965699507691301,0.041031155478500905,-0.03865171257894264,0.9943762429928585,23.186641738701887,23.334864464245722
133.991541,1786095519.352,-0.03716297820210457,0.09039612114429474,0.3240000009536743,-0.035209233481629826,0.09054268558288857,0.3264684545489406,0.08941281497660325,0.04455497008595923,-0.04142210871361243,0.9941350069624934,0.0895816762344303,0.04212097908882384,-0.039508537379507616,0.9943037875205749,22.554723142794316,22.845349885828128
134.069137,1786095519.419,-0.036349330097436905,0.09081574529409409,0.3230000138282776,-0.03522905528815961,0.09054707716859241,0.3262785306587533,0.09343650571120068,0.049217501528477356,-0.03467900563986368,0.9938031110394078,0.09015338642855714,0.04317277699337443,-0.0387931193424323,0.99423516943117,23.227066864102476,22.974076646297988
134.135218,1786095519.486,-0.036698803305625916,0.09011712670326233,0.3230000138282776,-0.03523512192861777,0.09053943687811504,0.3261482219075799,0.09179121589198769,0.0030153862070252803,-0.0449335152510553,0.9947593977129727,0.09053089982207571,0.03423908814590842,-0.04016564879487407,0.9944941235006011,23.468231698074653,23.167814452714058
134.331948,1786095519.586,-0.03693357855081558,0.09053458273410797,0.32200002670288086,-0.03526251991957436,0.09053939486680442,0.3258139640073411,0.09062115138510467,0.0010797585610993917,-0.037509953944790814,0.9951781973084757,0.09056953690709976,0.023982267366804776,-0.039348618185033366,0.9948234497051771,21.784753713170492,22.252515630261005
134.39614,1786095519.752,-0.036471493542194366,0.08924776315689087,0.3150000274181366,-0.03529095977517021,0.09044015291337229,0.32210065315681624,0.10023125069783147,0.13178441219280215,0.0020764057910745252,0.9861958495276366,0.0959256512513541,0.08208381033513727,-0.01710371887569593,0.991850785306686,22.07388104658444,22.14854716505271
134.457634,1786095519.819,-0.037255894392728806,0.0900350958108902,0.31300002336502075,-0.035340652020733485,0.09043643768496638,0.32043747755501045,0.0969463704265717,0.03760411582204087,-0.03413616212419763,0.9939929849701088,0.09747307033569601,0.09960817500529931,-0.010356909680104082,0.9901868240152079,21.672757328941294,21.932581153347037
134.523157,1786095519.886,-0.03903678432106972,0.09080512821674347,0.3110000193119049,-0.035630785031056156,0.09044918248864985,0.31865747586060506,0.09277901896311144,0.007387814214880697,-0.0385679015409587,0.9949120517975928,0.09843527567100535,0.11069095026269835,-0.006081070442987382,0.9889494580694107,22.38787254568503,22.071529467230334
134.588309,1786095519.953,-0.0389934666454792,0.08959610760211945,0.30800002813339233,-0.03581800389690997,0.09042967806384299,0.3163529301204163,0.09918425143296947,0.0786835210491075,-0.02303529664222211,0.9916858186399566,0.09870507734913087,0.0998011601803949,-0.01185895081747601,0.9900284851546736,22.468595924004383,22.19411286514651
134.751917,1786095520.053,-0.03960366174578667,0.08905325829982758,0.3050000071525574,-0.036114067805025254,0.0903654060257442,0.3131117114173046,0.09747283356428843,-0.042279150330311606,-0.025892241360329873,0.9940025714260672,0.09889405664826295,0.09177363304312354,-0.0161118314326509,0.9907259836733878,23.504449691793496,23.034169159610837
134.814331,1786095520.186,-0.03979509696364403,0.08794809877872467,0.2990000247955322,-0.03636873068490069,0.0901444243034326,0.30763288879118195,0.09882560043388554,-0.13881582414544685,-0.008517228740848433,0.9853380762359071,0.0990016768811114,0.0870349407846454,-0.018619808832976203,0.9910988294697783,23.246381996475968,23.146061992816513
134.875181,1786095520.253,,,,,,,,,,,,,,,23.592225816727293,23.341523293511802
134.9442,1786095520.32,,,,,,,,,,,,,,,,
135.002709,1786095520.386,,,,,,,,,,,,,,,,
135.167963,1786095520.553,,,,,,,,,,,,,,,,
135.236276,1786095520.62,,,,,,,,,,,,,,,22.783345660350957,22.970502466461483
135.298775,1786095520.653,,,,,,,,,,,,,,,,
135.367518,1786095520.72,,,,,,,,,,,,,,,23.8061931540679,23.46019517615093
135.436357,1786095520.82,,,,,,,,,,,,,,,23.452243022552494,23.457336212906963
135.614091,1786095520.853,,,,,,,,,,,,,,,24.355425311157177,23.813925434732607
135.690699,1786095521.053,,,,,,,,,,,,,,,24.278969682078067,24.123160907344623
135.761372,1786095521.12,,,,,,,,,,,,,,,24.307481218355168,24.18908409048977
135.82226,1786095521.187,,,,,,,,,,,,,,,,
136.001587,1786095521.287,,,,,,,,,,,,,,,,
136.081266,1786095521.454,,,,,,,,,,,,,,,,
136.154228,1786095521.52,,,,,,,,,,,,,,,,
136.355776,1786095521.587,-0.020452819764614105,0.0729936733841896,0.30000001192092896,-0.025503397477481374,0.07904296693768398,0.3047448800895184,0.09272573039281569,0.06208047848480677,-0.013446645131297329,0.993663494775233,0.09505937632717255,0.07133466508651212,-0.015365123272599781,0.992793530154232,23.65165557853786,23.810178664691673
136.41618,1786095521.787,-0.019803641363978386,0.0729936733841896,0.30000001192092896,-0.024613486610059368,0.07839679780694142,0.3045536161332467,0.09738305021623046,0.07275525979615645,-0.014787106738980644,0.9924739569262596,0.0954418856475155,0.07156852204274071,-0.01526999470657556,0.9927414670387883,23.37716547635342,23.566775209135137
136.478977,1786095521.854,,,,,,,,,,,,,,,,
136.540981,1786095521.921,-0.01590856723487377,0.0736425518989563,0.30000001192092896,-0.02264112560178534,0.07835834814343977,0.30447660717317404,0.09177817357912293,-0.010417124407256291,-0.006532189541524119,0.995703560741528,0.09416471306887227,0.04134729625403575,-0.01205517486945711,0.9946245928308854,20.214963509532712,20.75555012955224
136.603711,1786095521.987,,,,,,,,,,,,,,,,
136.767831,1786095522.021,,,,,,,,,,,,,,,20.17327336691403,20.33705963130579
136.83627,1786095522.221,,,,,,,,,,,,,,,,
136.899018,1786095522.254,0.0019244132563471794,0.07290612906217575,0.2970000207424164,-0.006980086340464231,0.07797208945397198,0.30285950405676837,0.0664214166613242,-0.15193792215818397,0.010234160319042148,0.9861025936389787,0.07518616390633061,-0.09341046522786345,0.003454808139927376,0.9927787215909097,125.09620151093864,20.215803305358047
136.961581,1786095522.321,0.003554909722879529,0.07339707762002945,0.2990000247955322,-0.004484876242511363,0.07792200922836572,0.3027147532709551,0.08342275153983068,-0.07948831760293185,0.006675751497515298,0.9933165085873296,0.0720712941495012,-0.11445656170302666,0.005889573779618908,0.9907929839090666,22.152736696998783,21.414572274313002
137.142002,1786095522.454,0.005477573722600937,0.07282932102680206,0.2980000078678131,-0.0014049019228385587,0.07778828745947747,0.3026154109431851,0.06191460059520146,0.04153021498071436,0.004774995074205106,0.9972056071336711,0.069466930389492,-0.13184283517037698,0.00790351769045479,0.98880197552625,22.602251939347212,22.271353744209264
137.216325,1786095522.588,0.011319090612232685,0.0711335837841034,0.2990000247955322,0.0032773575964411984,0.07710686751535592,0.3024361705139249,0.04998150625537578,0.10148002408260164,0.0022348369451210015,0.993578713161905,0.06829438710328947,-0.1396093661678283,0.008803912682902966,0.9878094921035508,21.49301971747327,21.919247049754468
137.27416,1786095522.655,0.014554165303707123,0.06919344514608383,0.2990000247955322,0.0060493777592349664,0.07630348179367494,0.3023721728628337,0.04506525066921211,0.10891576528015362,-0.004942833851558067,0.993016640167261,0.06788450088218212,-0.14231547648966597,0.009117749587186957,0.987448665163897,22.213359838047563,22.044170774018923
137.338966,1786095522.721,0.015201179310679436,0.06790002435445786,0.2990000247955322,0.007887911028776791,0.07535696138180545,0.3023261960355448,0.05034526954844805,0.09058165531647049,-0.004585094000830812,0.9946050947321885,0.0675978366116844,-0.14420535829616407,0.00933695950430839,0.9871920625244665,23.420284496655853,22.908027774006932
137.395954,1786095522.755,,,,,,,,,,,,,,,23.05116144656188,22.957640563719902
137.581593,1786095522.821,0.018947986885905266,0.06662169098854065,0.3020000159740448,0.011141717404038248,0.07401626309830785,0.3022813164006074,0.05139770084471603,0.12493222627932425,0.008365663482125387,0.9907977749567631,0.0673337143441827,-0.14594466354087984,0.009538728457730352,0.9869525514207688,22.644610841480308,22.86594086391378
137.650775,1786095523.022,0.02025499939918518,0.06662169098854065,0.3020000159740448,0.014036111646171905,0.07297131775743039,0.30224564265421877,0.04420481373152758,0.031758351398113435,-0.016372716380368014,0.998383331049634,0.05330793854240616,-0.03672725091311141,-0.006432617888824642,0.9978817535939923,24.23325968425151,23.94205439488684
137.713634,1786095523.088,0.021046973764896393,0.0644327849149704,0.30400002002716064,0.014885245477575576,0.07206031917837141,0.3024166326247902,0.03542250344452339,0.06540358195243103,-0.03884512926186965,0.9964731173745447,0.04917084851159851,-0.012819519771903197,-0.014039216163228927,0.9986094271430597,23.648062825358522,23.861163282701177
137.772645,1786095523.155,0.022033726796507835,0.06311773508787155,0.30400002002716064,0.015739995294963817,0.07099731239670452,0.30253089006932493,0.03126592345534285,0.06250954676232166,-0.03885018110222675,0.9967977036602652,0.04307882751950479,0.01295522709242917,-0.02254219228667026,0.9987333108880666,23.287371350660464,23.69056008741835
137.836918,1786095523.188,0.023928258568048477,0.05996096879243851,0.30300000309944153,0.016460402349685058,0.06978555215242921,0.30253568365798683,0.03499086540945869,0.06422151408757876,-0.04055831897237188,0.9964969940889593,0.041790668748342225,0.021178558004152446,-0.02543571757221344,0.9985780054447514,23.938295208518525,23.757217181209587
137.892442,1786095523.255,0.02540619671344757,0.060686592012643814,0.3050000071525574,0.01791064163241874,0.06859984018879588,0.3027388120410615,0.029013313850248534,0.08804987427369151,-0.025026959583444884,0.995378871864288,0.03629792081218111,0.0500621004364183,-0.025273742873136343,0.9977662476581322,23.11384639418357,23.51595740914034
138.079518,1786095523.388,0.027411028742790222,0.05880912393331528,0.30900001525878906,0.020245357734133593,0.06651022082809346,0.3042848058137433,0.017021587070254952,0.091359841110474,-0.016365691296752454,0.9955379496303784,0.025993224383025093,0.07217332882530476,-0.020513984037846454,0.9968422840907898,24.815719780521505,24.436847147921114
138.146054,1786095523.522,0.029270904138684273,0.05448108911514282,0.3110000193119049,0.022257912172906832,0.06307978790864016,0.30581911839098486,-0.012015791320845667,0.051268440543777404,-0.006755012625790156,0.9985897744156849,0.007687064569290106,0.06211996558128316,-0.013890171167403733,0.9979424242206703,23.987350221253962,24.28511685131456
138.22474,1786095523.589,0.03263581171631813,0.051117755472660065,0.3110000193119049,0.024176990573179492,0.060564838393806754,0.3063106972449364,-0.016222584665580856,0.03666334513785516,-0.014146860960012431,0.9990958378429211,4.693770303146761e-05,0.05399267877806523,-0.013974049550524621,0.9984435459125269,24.704480904842956,24.477400132698456
138.298259,1786095523.655,0.03398177772760391,0.04842708632349968,0.3110000193119049,0.0258663323991544,0.05787213604244925,0.30663218108798274,-0.01578279338585723,-0.01086067713403542,-0.015204285989315934,0.9997008446593834,-0.005712696689045847,0.03042362243337522,-0.014428888220314103,0.9994166175721195,23.724850127303128,24.176442614850234
138.471177,1786095523.822,0.03521627560257912,0.04738452658057213,0.31300002336502075,0.028234235735637735,0.05476093987116374,0.3077900953688362,-0.019353166536270748,0.032850093073051555,-0.0067559129495770075,0.9992500607807481,-0.012076839570908186,0.03155664265540745,-0.010849510164659263,0.9993701098089158,23.189850119425536,23.52405200430274
138.529531,1786095523.889,0.036570895463228226,0.04366106539964676,0.31300002336502075,0.029301446100398525,0.05248219889390594,0.30810059186234184,-0.021593210608379522,0.01628292507023592,-0.007000951103023465,0.9996097169848002,-0.014427218140207606,0.027785903712807765,-0.009899478364860029,0.999460754236854,23.733969261447847,23.574200939329945
138.59698,1786095523.956,0.03589358553290367,0.04366106539964676,0.31300002336502075,0.029782528322925137,0.051121300988210945,0.30831257113867616,-0.031670844085350265,-0.015026964647890792,-0.00047620939385386695,0.9993852716510314,-0.01952072517807913,0.01515431434402438,-0.007120092959836377,0.999669241460158,22.666632148116967,23.09249820369314
138.673941,1786095524.056,0.035668522119522095,0.043121401220560074,0.3140000104904175,0.03012854155247892,0.049818183237386814,0.3087876896792835,-0.03151548541577921,0.018873818795881136,0.0005952194105720807,0.9993248715292347,-0.02340845874627289,0.016360094272885043,-0.004619879560130784,0.9995814364459537,23.508248443803758,23.229324092277984
138.851391,1786095524.156,0.035328786820173264,0.04278182610869408,0.3140000104904175,0.03024593316898017,0.04896936969734629,0.30906966632101934,-0.035167724516696586,-0.018883213258958552,-0.007773937833907083,0.9991727684939623,-0.027330099460675043,0.0046200400786214095,-0.005671481781946182,0.9995996974727126,23.190034977491923,23.21472050080363
138.916583,1786095524.289,0.035328786820173264,0.04176308587193489,0.3140000104904175,0.030338922798620823,0.04797768432262162,0.30927447019193643,-0.038953720745021916,0.000870209715793393,3.392366665980371e-05,0.9992406362955594,-0.03108513949211346,0.0034089151362816476,-0.0038287157301194388,0.9995035939586248,22.822567836399056,23.00544255856756
138.980638,1786095524.356,0.035328786820173264,0.04176308587193489,0.3140000104904175,0.030374741751494974,0.04764147004427272,0.30934883433104254,-0.03342274154743798,0.04195065631037699,0.0014041285794604151,0.998559508094292,-0.031665332601167204,0.012903176614178523,-0.0025402772004844447,0.9994120080008372,23.329704519251624,23.10213870660412
139.041458,1786095524.423,0.035668522119522095,0.04244224354624748,0.3140000104904175,0.03047018210956777,0.04756165811332723,0.3094034199032257,-0.03635212726659195,0.004966120342055695,0.0001806506730964594,0.9993266872536107,-0.03268562990535926,0.011175832978208644,-0.0019481061448521648,0.999401298396886,23.520440913021655,23.248624162606735
139.106627,1786095524.489,0.036347996443510056,0.04278182610869408,0.3140000104904175,0.030687658591131605,0.047536967733437685,0.3094438635134631,-0.031351717512560315,0.03344097648070712,0.0010495358641134796,0.9989482816319869,-0.03238816240151802,0.016165570177642433,-0.0012764707119874749,0.9993438106575765,24.14035392621336,23.69602435658824
139.299708,1786095524.556,0.036570895463228226,0.04264557734131813,0.31300002336502075,0.030894123199010203,0.04751287910919995,0.3095623691664444,-0.03393697750937707,0.006620162953123196,0.00022480274802162085,0.9994020234438826,-0.032703323815510804,0.01422489192721816,-0.0009712367477629929,0.9993633982492338,23.523046305865197,23.665554413242596
139.36638,1786095524.723,0.036570895463228226,0.04366106539964676,0.31300002336502075,0.031148555741102448,0.04727058373387204,0.30970919100201916,-0.03857666512513228,-0.011181316711880138,-0.0004316862852889269,0.9991929907236955,-0.03474548606604239,0.005403151713863474,-0.0007839414606981631,0.9993812798853987,23.4792804709985,23.595767804198047
139.427913,1786095524.79,0.036570895463228226,0.04264557734131813,0.31300002336502075,0.0312227442653766,0.047169081178868116,0.30975212906931016,-0.036352349220945955,0.003414301986313456,0.0001242007158607031,0.9993331945964002,-0.03498222171386517,0.005110161207871203,-0.0006501562980414114,0.9993746583304881,23.472023430765702,23.57195753813169
139.493989,1786095524.856,0.03724820539355278,0.042984072118997574,0.31300002336502075,0.0314277206294036,0.047153389303576626,0.30978369197562794,-0.03361241506782092,-0.002675303017184904,-8.997455872021457e-05,0.9994313584292087,-0.03479173477081449,0.004026776544085447,-0.0005722053866018588,0.9993863081127823,24.007790046276323,23.748580902999684
139.553801,1786095524.923,0.0369095504283905,0.042984072118997574,0.31300002336502075,0.031499002878531815,0.04713962459172427,0.309808060354772,-0.0361529904141225,0.03690154672663123,0.0013358862313703529,0.998663833600314,-0.035067665772330496,0.010617765235960384,-0.00018972659008534298,0.9993285174968716,24.509625759336966,24.132164413913145
139.746432,1786095525.123,0.036570895463228226,0.04230707883834839,0.31300002336502075,0.03157562184105481,0.04688658542736422,0.3098508807131976,-0.03310054089515161,0.009353801979406886,-0.0068578233303987525,0.9993847261391118,-0.0344563913404747,0.0102249311127721,-0.0022624418167567716,0.9993513342346408,22.785412403542107,23.16171580068056
139.828493,1786095525.19,0.03623224049806595,0.04264557734131813,0.31300002336502075,0.031652773854675714,0.046873219646432304,0.30986289355979524,-0.030701612815618264,0.010241901729185354,-0.006854615889366148,0.9994526145148148,-0.033992764905246366,0.01022704635724973,-0.0028295514020302867,0.9993657454084399,22.900546250146643,23.067621187865512
139.897844,1786095525.257,0.03611648082733154,0.042846739292144775,0.31200000643730164,0.03172647913983724,0.046832021888001535,0.30994617189749907,-0.026171985919645875,0.01704823620485782,0.0004464040548388959,0.9995119736745253,-0.03296024866999601,0.011127865328692865,-0.0023969751999305833,0.999391838635242,23.091723464060003,23.07290479761638
139.955228,1786095525.323,0.03577890619635582,0.04352157190442085,0.31200000643730164,0.03182429036233861,0.04672730937288624,0.31000374789359847,-0.02840249831019909,0.02949135674920992,0.0008383315069187943,0.9991610756865553,-0.032237172999269814,0.014044730261574143,-0.001883184949399355,0.999379789591195,24.173968651284078,23.663045607272373
140.132073,1786095525.39,0.03611648082733154,0.042846739292144775,0.31200000643730164,0.031848726737483075,0.04670656695749415,0.3100452445134008,-0.02378561718598628,0.03526960468736719,0.0008396697311265021,0.9990943871101574,-0.030641215161265847,0.018056604953561897,-0.0013686670222247345,0.9993664001263872,24.16630923030069,23.89867336238179
140.196987,1786095525.557,0.03577890619635582,0.04318415746092796,0.31200000643730164,0.03196827083940883,0.04662743734332536,0.3100994230697232,-0.026048336345562337,0.016798347546521392,0.0004377793868376513,0.9995194385516187,-0.02940104392603243,0.01771687443967218,-0.0008808621999354251,0.9994102836462777,23.986135608372585,23.943463490664413
140.272686,1786095525.624,0.035441335290670395,0.04352157190442085,0.31200000643730164,0.03204319411194226,0.04656751282584916,0.31011576335277696,-0.028684064350485726,0.011945772222014832,0.00034281885111271264,0.9995170861238902,-0.029313575715201767,0.017012412039535036,-0.0007314854126092169,0.999425213332382,23.191738915923672,23.6089875423338
140.33248,1786095525.69,0.03611648082733154,0.042509328573942184,0.31200000643730164,0.032095690165880784,0.046460333694297015,0.3101282039097911,-0.026399265423985987,0.04575055523975482,0.0012094703474372322,0.9986032759118141,-0.028798323965861117,0.022112067584719463,-0.0003871730547692803,0.9993405641226176,23.600739060776228,23.60737866927419
140.398865,1786095525.757,0.03577890619635582,0.04352157190442085,0.31200000643730164,0.03212066221334172,0.04639737947885422,0.310138205004664,-0.030911789366934152,0.026247269039598824,0.000812018259556332,0.999177102806326,-0.029127431058346056,0.022755945926267358,-0.0002004612927987331,0.9993166262502652,23.28954038861228,23.497944311349293
140.466066,1786095525.824,0.03679162636399269,0.04419640079140663,0.31200000643730164,0.03228508130736299,0.046310384358901106,0.31014636823997316,-0.023636569073151703,0.04062625621532821,-0.006239925245217158,0.9988753091559079,-0.028155067861675705,0.025923864978695314,-0.0012708827787198396,0.9992665461403346,23.15206213198813,23.37380251068946
140.634571,1786095525.924,0.03768317773938179,0.04472741484642029,0.3110000193119049,0.03267513598320793,0.04621421547426633,0.3101899024162208,-0.021837815697835865,0.011424354739598125,0.00024955876431103914,0.9996962196811362,-0.02670245505491455,0.02258892700595938,-0.0009211435279230357,0.9993877479563978,23.41794703085268,23.384408781074825
140.711144,1786095526.091,0.03756200894713402,0.045589350163936615,0.3100000023841858,0.03294460801052464,0.046151858050458364,0.3101709568060946,-0.028142603084538906,-0.02085282538962406,-0.007862493138793399,0.9993554596671488,-0.027237528102669932,0.006635039009611032,-0.0034713591447731234,0.9996009418692469,23.490701033282214,23.426021798950817
140.791188,1786095526.157,0.03667370602488518,0.04741808772087097,0.3110000193119049,0.033017573714863885,0.04626585952213752,0.31017869059927505,-0.02908775601137622,-0.011411981418903332,-0.014566317143880632,0.9994055690935393,-0.027611703675740337,0.0029952661937021983,-0.005709295768989233,0.999597932241946,22.65220303326545,23.04977751167973
140.866401,1786095526.224,0.03689119219779968,0.04760086536407471,0.3100000023841858,0.033043676358893874,0.046362583477934115,0.3101728001774302,-0.030700217631117035,0.015743272042317763,-0.00675357961139942,0.9993818265233945,-0.028213785968012068,0.0054788854857815445,-0.005912821692503422,0.9995694086129374,23.947781668644783,23.472233694583736
141.038642,1786095526.291,0.03689119219779968,0.045924603939056396,0.3100000023841858,0.033064333645083425,0.04635780918964499,0.3101686492472235,-0.03543047107389974,-0.020393385301621696,-0.007993163890246985,0.9991320737952739,-0.029807734020141488,-0.00022886318384117166,-0.006372167941959028,0.9995353130780058,22.102811031456035,22.661625035001105
141.104543,1786095526.491,0.03701019659638405,0.045736417174339294,0.3110000193119049,0.033104386495225346,0.046338981423233436,0.3102055809859329,-0.027676576973225175,0.0014439898700620967,-0.014616137345247464,0.9995090247263428,-0.02909274851767059,0.0003325596467533888,-0.009138972809362262,0.9995348821145557,22.140325111413517,22.30307389577995
141.170626,1786095526.558,0.035549554973840714,0.045924603939056396,0.3100000023841858,0.0332330597842463,0.04633764904802998,0.31019962118672395,-0.029238898575869733,0.019398763920702153,0.0005675480796061726,0.9993840366233574,-0.029119194098510347,0.0036574869508105277,-0.007446573676995561,0.9995415168289564,22.815203426100947,22.466186805360564
141.237414,1786095526.591,0.03588496521115303,0.04625985398888588,0.3100000023841858,0.033273793386956275,0.0463369758494939,0.3101971844598977,-0.026800867383560262,0.02989049090044888,0.0008017376925925012,0.9991934894092792,-0.028819291589431008,0.007065372575557928,-0.006375419420299883,0.9995393353789871,23.8735632267719,23.08266771093917
141.417227,1786095526.724,0.035549554973840714,0.04659511148929596,0.3100000023841858,0.03339312993748359,0.04634696289104107,0.3101916209567243,-0.028237233309658553,0.0038869135248461705,-0.0071284168861709485,0.9995682749222103,-0.02865758557881603,0.006182174815843095,-0.00658466356139442,0.9995484809198214,23.560707862764165,23.365919400266073
141.484957,1786095526.858,0.03576920926570892,0.04611063376069069,0.30900001525878906,0.033438754291977006,0.04634408912846609,0.3101082328246007,-0.024966008653953046,0.039372479296891284,0.008273096207202717,0.9988784020915924,-0.027500183923094862,0.016626188066623818,-0.001910711066500387,0.9994816951489355,23.620478029358576,23.49771968537269
141.562333,1786095526.925,0.03543487936258316,0.047113146632909775,0.30900001525878906,0.033477815316998796,0.046371226349816656,0.31007899232205177,-0.026553817847005997,0.006571173692608245,0.00017455507267745621,0.9996257719589747,-0.027334624482090567,0.014865023449158809,-0.001545458906073797,0.9995146126690939,23.559035564789365,23.51469889770008
141.636486,1786095526.991,0.035100553184747696,0.047113146632909775,0.30900001525878906,0.03352020169124576,0.046390081754846234,0.31005837735005054,-0.02909255135398498,0.026572444251166193,0.0007736612073835471,0.9992231633176698,-0.027633343347795106,0.016852712244998472,-0.0011517641982154584,0.9994753913251901,24.20606907541699,23.84659738785146
141.710329,1786095527.058,0.03543487936258316,0.047113146632909775,0.30900001525878906,0.03353414928629725,0.0464037401126655,0.310043210403177,-0.0313677092791928,-0.010038208307037303,-0.00031504652715874583,0.9994574537889276,-0.02840488029644736,0.011309956864702266,-0.0009793378654153987,0.99953203477848,22.526255459261865,23.10984635827633
141.897529,1786095527.125,0.03543487936258316,0.047113146632909775,0.30900001525878906,0.0335450867325286,0.046413653920025395,0.31003200789503577,-0.030768461179842582,0.00013817467307448698,-0.007290811259008581,0.9994999383569615,-0.028868543147270633,0.009120344768212057,-0.0022164531698695656,0.9995391507405845,23.195737384243383,23.13104542810849
141.965962,1786095527.325,0.03476622700691223,0.047113146632909775,0.30900001525878906,0.03361197052493378,0.04642887668113601,0.31001390175178556,-0.03063156879809691,-0.0004050220574872312,-0.007272238212247189,0.9995042058448202,-0.02943173894026937,0.0060796232394976805,-0.0038304704467842115,0.9995409638530949,23.499505696933234,23.315707647652395
142.035706,1786095527.392,0.03543487936258316,0.04644480347633362,0.30900001525878906,0.03363858867764606,0.046429238154127035,0.3100090244986689,-0.021926843689124634,0.041374555905015035,0.0009082100303899025,0.9989026653303296,-0.027892870932695928,0.01333242679423378,-0.0028572151509831,0.9995179190332154,23.481834519395342,23.352328484823126
142.098108,1786095527.458,0.03543487936258316,0.047447316348552704,0.30900001525878906,0.033658003054369924,0.046453387695848315,0.3100050309737582,-0.025635272489311845,-0.004257631306010105,-0.007337011721066534,0.9996353703421392,-0.02742838890042567,0.00970783548962956,-0.0037804890874926244,0.9995694819844655,23.43592899701259,23.36714493915267
142.157512,1786095527.525,0.03543487936258316,0.04677897319197655,0.30900001525878906,0.03367285565607285,0.04645696514038978,0.3100015632661574,-0.02425533508828406,0.023026534804804745,0.0005588290293988175,0.9994404159952478,-0.026791424933011142,0.01238351996865752,-0.0029088488068812783,0.9995601065378027,23.073534243392622,23.263941145751435
142.333221,1786095527.625,0.03476622700691223,0.04778148606419563,0.30900001525878906,0.03370446161545772,0.04651217898420744,0.30999718979246615,-0.026554092593209795,0.00453163154105239,0.00012037704847295962,0.9996370991472323,-0.026737458635085795,0.010592648017526102,-0.0022179262045840323,0.9995839058913788,23.051607250636113,23.180715158752335
142.391199,1786095527.758,0.035100553184747696,0.047113146632909775,0.30900001525878906,0.03371049979277703,0.04651999169576837,0.3099921499117758,-0.026801629769952238,0.028949569615548027,0.0007765003909433767,0.9992211927836057,-0.02675529446129306,0.015438027208604169,-0.0014276685795152338,0.999521777299836,24.492142242151154,24.08720716151133
142.453628,1786095527.825,0.03476622700691223,0.04778148606419563,0.30900001525878906,0.033725701992712284,0.04654931506354265,0.30998975032191334,-0.021823773249325815,0.037617847042844606,0.0008217411216527278,0.999053524715544,-0.025851798231886113,0.019506860121046087,-0.0010151368679198578,0.9994749303677083,23.276377866197443,23.75431320541968
142.515968,1786095527.892,0.03376324474811554,0.04844982549548149,0.30900001525878906,0.0337274298834344,0.046626361382623,0.3099874498132039,-0.02182531297172979,0.03569752528339646,0.0007797927729930528,0.9991239834602903,-0.02509139394726709,0.02256714272142122,-0.0006759363971749337,0.9994301822184285,24.98747168204752,24.486388969670628
142.579824,1786095527.959,0.03209161013364792,0.05045485123991966,0.30900001525878906,0.03358304579470589,0.046990165403069765,0.3099852201393542,-0.029929795319437236,0.014878009994028031,0.014647538186112268,0.9993339290726801,-0.02603724301380397,0.021065567592781758,0.002317618928605057,0.999436307365675,24.0983116841339,24.405587227079927
142.732212,1786095528.092,0.031052885577082634,0.05195694789290428,0.31200000643730164,0.03322281121250319,0.04782272411078211,0.31028620951297753,-0.030046725771145533,-0.047952986143470835,0.005707994223271137,0.9983812519234847,-0.027699803867193364,-0.007281106964039814,0.0037120288895932272,0.9995828765983441,116.05046591324322,24.30669383159552
142.809801,1786095528.159,0.025651715695858,0.05634334310889244,0.31200000643730164,0.03165786899467295,0.04944582627419988,0.310387607514641,-0.030410665859958334,0.0007046615343674164,0.014366570646192718,0.9994339880662174,-0.028341855451243975,-0.005391207650337398,0.0062337398145205225,0.9995643123869401,23.807698887574894,24.14927790678501
142.87962,1786095528.259,0.023626279085874557,0.058705251663923264,0.31200000643730164,0.029627817290703382,0.05175078491132864,0.3104772302962645,-0.02014005255068607,-0.033258569412668595,0.006483983765862585,0.9992227998791873,-0.025801453287404574,-0.014031942847071393,0.006311890525127346,0.9995486729650505,22.646437349761666,23.155636760858307
142.945173,1786095528.326,0.019849153235554695,0.06457110494375229,0.3110000193119049,0.027366976566531306,0.05524910682402516,0.3104839719064396,-0.014976892315551478,-0.01804945594299187,0.006838917665353255,0.9997015249772788,-0.023518171027532116,-0.014879640800916218,0.006423143325927455,0.9995920343575023,22.951089850666186,23.07148941809674
143.115806,1786095528.426,0.016147751361131668,0.06726177036762238,0.3110000193119049,0.023851428030143798,0.05912126528534996,0.31049068837322696,-0.013565958031909056,-0.12973388519363235,0.019927351879239434,0.99125576137661,-0.021479548637186745,-0.0156363869995408,0.006522437059710289,0.9996257250625084,111.14520864044583,23.019426965830142
143.186932,1786095528.559,0.009508777409791946,0.07334384322166443,0.3140000104904175,0.017884855041166034,0.06495033454121792,0.31099679164034805,-0.006328158800444142,-0.1477948332295906,0.02105311593396765,0.9887736889634072,-0.013915254133737015,-0.08207506806101687,0.013838157026801664,0.9964329151103323,105.56014770225353,22.990314558205313
143.249952,1786095528.626,0.0006756170187145472,0.07877708971500397,0.3140000104904175,0.011553730151585716,0.06923546839114965,0.3111677654740959,0.017408478422757747,0.00970768603272352,0.021381955326978053,0.9995726675421299,-0.011000799884729335,-0.10742791526764726,0.01662405285763508,0.9940130111269823,114.30758152354252,22.980682704054207
143.325885,1786095528.692,-0.003061489434912801,0.07979582250118256,0.3140000104904175,0.006407211744907635,0.07197826069683401,0.3112835997776339,0.020162236073082318,0.01129384615836083,0.021323309239891928,0.9995055026154406,-0.009250994073230191,-0.12258477996806971,0.01828802874345066,0.9922464103404536,23.220758674684074,23.046235571526402
143.512255,1786095528.759,-0.004054708406329155,0.08131206780672073,0.31200000643730164,0.0032823496625284396,0.07417460924000133,0.3113161381701192,0.026658996961081247,-0.009778674284845244,0.014504916029403448,0.9994915121306635,-0.008230709951554638,-0.1314002077110922,0.019255287186868624,0.9911082053653507,22.833270756569508,22.9800499664036
143.577051,1786095528.959,-0.00459341611713171,0.0806049257516861,0.30300000309944153,0.0003148988442185079,0.07588045907497803,0.3079027066102219,0.03182662878696183,0.012707348731299084,-0.00040466979823262206,0.9994125400607261,0.01774943807607637,-0.038202033387124114,0.006544148116993324,0.9990909549277761,24.061119247185758,23.748519553109546
143.637218,1786095528.993,-0.005865782964974642,0.08365359902381897,0.30100002884864807,-0.0003127041391809628,0.0767021289537063,0.3070446562396893,0.03303331858355036,0.01804027039030782,-0.007928692055501646,0.9992599683515252,0.01993284885501193,-0.030190246285775543,0.004481749149333346,0.9993353513662417,22.66897776999637,23.335228085658088
143.707836,1786095529.059,-0.006109175737947226,0.0838266909122467,0.2970000207424164,-0.0011321829266881691,0.0777330210999767,0.30448075674672703,0.04221473402210346,0.0303722339440792,-0.016259056622465004,0.998514439912832,0.0290069729464789,-0.005573453694870105,-0.0039520025100105455,0.9995558582743409,22.812499904979102,23.106201373767924
143.781357,1786095529.159,-0.007611975539475679,0.08523265272378922,0.2930000126361847,-0.0023322304688509236,0.07911950563593394,0.30058263896778914,0.03899095604323296,0.003897430352198654,-0.022456542774357748,0.9989795889156633,0.0334564462977292,-0.0013548236546125309,-0.012195483090210731,0.9993648487145166,23.268994155677145,23.14704079059765
143.977248,1786095529.293,-0.00818972010165453,0.08622438460588455,0.29100000858306885,-0.0033103644908076615,0.08041921204292657,0.2974278599955005,0.041614607184474996,0.04127121205229925,-0.009193165700589763,0.9982386474330762,0.03726735081853529,0.01851546161766755,-0.01079879387382044,0.9990754267295958,24.42165745755303,24.00933128296723
144.040723,1786095529.426,-0.008504572324454784,0.08811260759830475,0.29100000858306885,-0.0039010186875122,0.08186277806750006,0.2960721912498957,0.03400936591116005,-0.006799818659984374,-0.021916654324458277,0.9991580384302248,0.03596448440022962,0.008366660108619833,-0.015257665019695298,0.9992015605064873,24.79117454075014,24.516789285152186
144.102435,1786095529.46,-0.0075600165873765945,0.08748320490121841,0.29100000858306885,-0.0039240001429302045,0.0820524138616121,0.29580099868445503,0.03886050124955162,-0.015744724621470585,-0.021528711471089017,0.9988886222555657,0.036449180610623626,0.004344680860468888,-0.016304489973319375,0.9991930467070639,22.371128495000306,23.37211908432657
144.169853,1786095529.526,-0.0075600165873765945,0.08779790252447128,0.29100000858306885,-0.003957434029780202,0.0823782126855792,0.2954531351515099,0.04515803570076262,0.02741168766790857,-0.015943820772374405,0.9984764122251581,0.038839350908560895,0.010669903590012738,-0.01620658210292077,0.9990570577674344,23.955978141773436,23.486744531908936
144.254787,1786095529.626,-0.007901930250227451,0.08778383582830429,0.29200002551078796,-0.004058991738325456,0.08266713333111035,0.29536756835649347,0.034583370337678374,-0.016124127892623148,-0.0217234650791559,0.9990355819793126,0.03740511187796764,0.0016204333742926877,-0.01807144302919277,0.9991354536537671,23.727918078939833,23.572947462136412
144.422062,1786095529.727,-0.008789116516709328,0.08686894923448563,0.2900000214576721,-0.004330282938689988,0.08272865172662633,0.2948161026205032,0.03151484686252838,0.007894611957943462,-0.014955618815756213,0.9993602048286208,0.035769815185885824,0.003362663389063662,-0.017206391637551815,0.9992062614412074,21.383448258058618,21.889533088764136
144.493114,1786095529.86,-0.0090401079505682,0.08533547818660736,0.2880000174045563,-0.004596487896901028,0.08296625201136695,0.29368739983007874,0.04638395190309474,0.04017502511869203,-0.024130089515692402,0.9978237495382282,0.039483796694770534,0.0162228171555166,-0.019627998637255673,0.9988956860811846,22.8720729084834,22.193247060981854
144.552604,1786095529.927,-0.008416896685957909,0.08564692735671997,0.2880000174045563,-0.004617571838672246,0.08303056710878591,0.2933104629494594,0.05432469176038652,0.07605920629525889,-0.02632737393316967,0.9952741805073902,0.04399434211081276,0.03435043904424004,-0.02166485349805523,0.9982059804081582,23.370496585295662,22.662969804799346
144.618152,1786095529.993,-0.007404140196740627,0.08413834869861603,0.2850000262260437,-0.0047293199594781645,0.08310621675577574,0.2921608613765686,0.04242256385781777,0.04194065186282756,-0.016742044317747614,0.9980786601010528,0.043588744207644047,0.03631108961069249,-0.020393582907916822,0.9981811598732281,23.21005555004086,22.812264586164247
144.784974,1786095530.06,-0.003371632657945156,0.08416000753641129,0.28300002217292786,-0.004521635258791322,0.08315847593217279,0.2906996822098095,0.04293755404971761,0.05203727627733774,-0.009749486458247943,0.9976740128136364,0.04342790469591283,0.040232162538487964,-0.017741168038308466,0.9980884936456467,22.58368101046408,22.72027359869145
144.851699,1786095530.227,0.0008860095986165106,0.08089090138673782,0.27400001883506775,-0.002728018275320384,0.08266730652039354,0.28321315125331226,0.02827707386546486,0.1312932969822834,-0.011501286245951464,0.9908734518977778,0.0356887310664494,0.08707157756444936,-0.014553627322964002,0.9954562003358305,22.02665126413644,22.259114286247353
144.921627,1786095530.294,0.007563957944512367,0.08436030149459839,0.26900002360343933,0.00015623866000507528,0.08275508252646252,0.2790361655466433,0.023059004818118355,0.06504734533663835,-0.03232452379203036,0.9970918966289279,0.03191994874132964,0.08050192649174984,-0.01986309799960279,0.9960451867467288,22.44077695672786,22.293922835316522
144.987796,1786095530.36,,,,,,,,,,,,,,,,
145.049503,1786095530.427,,,,,,,,,,,,,,,,
145.202825,1786095530.527,,,,,,,,,,,,,,,,
145.264028,1786095530.627,,,,,,,,,,,,,,,,
145.334599,1786095530.694,,,,,,,,,,,,,,,,
145.397409,1786095530.761,,,,,,,,,,,,,,,21.874688373210876,21.983848924913346
145.467218,1786095530.827,,,,,,,,,,,,,,,21.975050793650798,21.98207735482858
145.545131,1786095530.894,,,,,,,,,,,,,,,22.78176960019967,22.367276531775566
145.711982,1786095531.028,,,,,,,,,,,,,,,24.324880067340818,23.881724193036497
145.783371,1786095531.161,,,,,,,,,,,,,,,22.32469978707969,22.91042882356941
145.847932,1786095531.228,,,,,,,,,,,,,,,22.92718299122617,22.914599806893982
145.909896,1786095531.261,,,,,,,,,,,,,,,22.52527724203489,22.83155202226125
145.97042,1786095531.328,,,,,,,,,,,,,,,22.773297365760595,22.821088202108925
146.030685,1786095531.394,,,,,,,,,,,,,,,23.066049885079774,22.899527966146408
146.203532,1786095531.461,0.025509513914585114,0.08584850281476974,0.26200002431869507,0.01889094633330233,0.08348915955875827,0.2683654893797219,0.00395556350361459,0.15151746187052775,-0.0006063423303333401,0.9884464803997536,0.012166311700217588,0.13077109459822722,-0.0062590306231841775,0.9913181760730774,25.07207369776734,24.4068565790877
146.264235,1786095531.628,0.02657410502433777,0.08488808572292328,0.2670000195503235,0.02051888212560135,0.08355307486523712,0.2681262141869306,-0.002867615089923613,0.0683792378778917,-0.034749776140215786,0.9970499032992981,0.0061086597300479255,0.10567939391295962,-0.017756388477401398,0.9942229431303282,23.39044837594518,23.97808205113911
146.349169,1786095531.695,,,,,,,,,,,,,,,22.55040343484758,23.246758693569923
146.51894,1786095531.795,,,,,,,,,,,,,,,22.41213143935526,22.782831780428936
146.600441,1786095531.962,,,,,,,,,,,,,,,21.69969780978363,22.015067274124387
146.662173,1786095532.028,,,,,,,,,,,,,,,23.439022368783846,22.813260449029904
146.72806,1786095532.095,,,,,,,,,,,,,,,23.791231334112723,23.36628979078629
146.797179,1786095532.162,,,,,,,,,,,,,,,22.67593278673046,23.142146157274897
146.989415,1786095532.295,,,,,,,,,,,,,,,20.64992959273131,21.19081563646217
147.056646,1786095532.429,,,,,,,,,,,,,,,22.84207436923746,22.25737737085814
147.116866,1786095532.495,,,,,,,,,,,,,,,23.11466278263238,22.674327677430117
147.176841,1786095532.562,,,,,,,,,,,,,,,21.524333998164483,22.05617206438144
147.235714,1786095532.595,,,,,,,,,,,,,,,20.579850298596508,21.317444061933422
147.302433,1786095532.662,,,,,,,,,,,,,,,23.388061895040384,22.57326246876299
147.476688,1786095532.729,,,,,,,,,,,,,,,19.838336147073942,20.602759505554147
147.548772,1786095532.929,,,,,,,,,,,,,,,22.500160462119332,21.89849601373775
147.609445,1786095532.996,,,,,,,,,,,,,,,22.18268383105875,21.95972044461812
147.673601,1786095533.029,,,,,,,,,,,,,,,22.25856789549971,22.00330991570751
147.73578,1786095533.096,,,,,,,,,,,,,,,23.667016734806023,23.031339558056956
147.891006,1786095533.229,0.025262629613280296,0.07335307449102402,0.27800002694129944,0.021060521375597822,0.0775929789739756,0.274030232965397,-0.017316190398407576,0.01866816596402165,-0.02079041379524257,0.9994595578730779,-0.010692128670943723,0.0433419183664551,-0.019947826788218485,0.9988039050300248,22.194127995668897,22.612089547215824
147.954121,1786095533.329,0.025747323408722878,0.0729723647236824,0.2800000011920929,0.021195524605715634,0.07727623640729586,0.27483244282067926,-0.015960032854215368,0.019131892407369934,-0.021673909308650798,0.999454596117045,-0.011718751955770828,0.03862828058487068,-0.02028500644800415,0.9989790014334936,23.34088317751479,23.041469102107616
148.018629,1786095533.396,0.026846574619412422,0.0716637670993805,0.28200000524520874,0.021492828312964236,0.07684112348913877,0.2757579948754715,-0.00963341398898107,0.03553388554631963,-0.021407121456328955,0.9990927261590147,-0.01146100538385465,0.03824583262095517,-0.020423721102792048,0.9989938804912853,23.07972610270357,23.054144138773434
148.090692,1786095533.463,0.027247972786426544,0.07069368660449982,0.28300002217292786,0.021791036044151106,0.07630326409840654,0.27665961833991976,-0.01221907176203258,0.050157518094269236,-0.021266879134715994,0.998440102117181,-0.011563583290791137,0.03985647507840887,-0.020537877587754997,0.9989273950192734,23.340852505132013,23.167518152813223
148.247718,1786095533.529,0.027860363945364952,0.0697755292057991,0.28300002217292786,0.022141153279165014,0.07570340201266498,0.27723405821398717,-0.009232440853672273,0.006617293747467302,-0.022289787946720478,0.9996870204282104,-0.011107356578120247,0.03334027147755262,-0.02088330999383384,0.9991641207986559,22.995109225885713,23.13679256907317
148.332438,1786095533.696,0.02887519635260105,0.07076174765825272,0.28700000047683716,0.02298658536396885,0.07540539311272641,0.27993892839829354,-0.00702851560435548,0.03493186299903095,-0.029007730031372785,0.9989439005841335,-0.009912524062610652,0.03380683579578867,-0.02326361107666543,0.9991084246065881,23.29746225612831,23.217097496309083
148.407099,1786095533.763,0.03042781539261341,0.07045137137174606,0.28700000047683716,0.023656667083265463,0.0752597109102938,0.2806316681567639,-0.006570504695053911,0.025609482716397767,-0.028948670079014756,0.9992311831421731,-0.009430354395230324,0.03262422799445169,-0.024084096896683272,0.9991329663465307,22.89038725210916,23.114875216072523
148.48339,1786095533.863,0.03042781539261341,0.06983061134815216,0.28700000047683716,0.02422668432744675,0.07495683255599773,0.28121544737496734,-0.008782882977168447,0.02101352731198616,-0.029325388374309154,0.9993104193558745,-0.009304875238199417,0.030372352274863058,-0.02510113024923598,0.9991801002693679,23.32009109788856,23.192676320820894
148.662591,1786095533.93,0.03011729195713997,0.0682787224650383,0.28700000047683716,0.0244115778348815,0.07442653867789874,0.28148148633957837,-0.0007675555580041838,0.03809578559058753,-0.02155035962427853,0.9990413925252375,-0.008059477119018764,0.031499373958443835,-0.024583346691664378,0.999168901304595,22.532563567355105,22.898545759732627
148.72394,1786095534.097,0.030738340690732002,0.06734758615493774,0.28700000047683716,0.024891381282565857,0.07341086501498736,0.28180033844740493,0.007535608702441895,0.049565464161389704,-0.014900838898624915,0.9986312854923317,-0.003391436453335804,0.0369098968219583,-0.021686466968926732,0.9990775019115289,22.499589499832876,22.673111080097296
148.790337,1786095534.163,0.029806766659021378,0.06579568982124329,0.28700000047683716,0.024963688895596147,0.07268993288429819,0.28189096638325856,0.0059680945466122175,-0.0008738481923239492,-0.014442138285460376,0.9998775139378638,-0.001358886952771571,0.02870773867082332,-0.020115804208161683,0.9993844973721157,21.443401783811975,21.956557874395386
148.854343,1786095534.23,0.028254149481654167,0.06548530608415604,0.28700000047683716,0.025176339813922553,0.07211400517613266,0.28195800574378443,0.007131865445524829,0.04300019473425226,-0.0075701424030420825,0.9990209270541238,0.0005406781454361467,0.0319064383259428,-0.01730975039471607,0.9993408124367624,21.944874976104504,21.952207977274966
149.054334,1786095534.33,0.02629905194044113,0.06587573885917664,0.28600001335144043,0.025330649666829585,0.07175025927135181,0.28211859034020204,0.005419344686232483,0.02364524821033046,-0.014565638742139005,0.9995996073970203,0.001769880361755313,0.02982530212553208,-0.0166185243876468,0.9994154008838382,22.471130323350554,22.147069895395337
149.127564,1786095534.497,0.024492209777235985,0.06426657736301422,0.28300002217292786,0.025163607855534318,0.07073652297637614,0.28228307896886035,0.013960436943136874,0.04462018220198734,-0.015286996185916245,0.9987894939817048,0.005564445748460747,0.03443161432971202,-0.016204724597975444,0.9992601802227817,21.48421128136477,21.714516334433245
149.195371,1786095534.564,0.02104940637946129,0.06525936722755432,0.28200000524520874,0.024480652572632263,0.07069358531278389,0.2822567311262109,0.020768914315254575,0.03294223002795827,-0.022633638688025128,0.9989850750029706,0.008117439256020079,0.03418220215410839,-0.017284474206079307,0.9992331715807077,21.478876561096822,21.62637203265801
149.256441,1786095534.63,0.02104940637946129,0.06525936722755432,0.28200000524520874,0.02406137586887885,0.07066058563750148,0.2822394723977309,0.02863170623576643,0.04639955812018384,-0.02280383836352832,0.9982521181345775,0.012128518347336628,0.03657240513763394,-0.018364369514680217,0.9990886387891094,21.54994990150332,21.604094151383638
149.317372,1786095534.697,0.01968831941485405,0.06509934365749359,0.2800000011920929,0.023488523710769142,0.07060037236650606,0.28198786955137556,0.026129676728339907,0.10013523576473186,0.00454433508733472,0.9946202911518687,0.016252641417984062,0.05528602814310306,-0.011635448777512622,0.9982704658913056,21.987705683891143,21.727117388946667
149.478431,1786095534.797,0.019150571897625923,0.06563573330640793,0.281000018119812,0.022872665888958303,0.0704980342441742,0.2819243351116592,0.025542068194469063,0.1229651326656026,-0.0031658663532759834,0.992077192657463,0.0202720303095969,0.08453269740622728,-0.007986305645355027,0.9961824565703279,22.8863585919026,22.447807321817834
149.553245,1786095534.93,0.019150571897625923,0.06563573330640793,0.281000018119812,0.02246858595297158,0.0704160442464192,0.28187889355268153,0.027859125239457626,0.09922037199666686,-0.00277900057491021,0.9946715357732622,0.023363211164116677,0.09051849483471178,-0.005865513580892241,0.9956034141199956,22.25994603885592,22.386452496113776
149.616028,1786095534.997,0.01854250766336918,0.0653318464756012,0.281000018119812,0.022224004426604004,0.07037159895746462,0.28186254557654106,0.034326957521268,0.10935745374603226,0.01015349240086028,0.9933576968492182,0.026250392996671975,0.09548312586469512,-0.001649942525317548,0.9950834976183105,21.846423941869855,22.19005210979114
149.730345,1786095535.031,0.01841053180396557,0.06456512212753296,0.27900001406669617,0.022109749095685097,0.07025308810640556,0.2817201389272391,0.03847677467456299,0.051624594557672175,-0.009097483771487455,0.99788359783916,0.027582319705358828,0.09777256380264833,0.0002954901029996461,0.99482644420659,22.51502332773929,22.269868099672937
149.850704,1786095535.231,0.017742972820997238,0.06403306126594543,0.27800002694129944,0.02160490126666261,0.06971323008969298,0.2810746426198947,0.045660795517027036,0.09368399992346474,0.010043212349394228,0.9945036620328743,0.035218497484884426,0.09605115891045406,0.004412056056864421,0.994743366938537,22.96110147692338,22.72906167239782
149.912139,1786095535.297,0.015995586290955544,0.06396166980266571,0.27900001406669617,0.02111605947377978,0.06957071641566509,0.2810485339639158,0.03628885472646577,0.055964798850613826,-0.016318604974741302,0.9976395959683688,0.03550259404113881,0.08568921519353363,-0.0009555108382495398,0.9956887120053658,20.792166366722764,21.462450996320904
149.982395,1786095535.331,0.015995586290955544,0.06365993618965149,0.27900001406669617,0.02091575101311558,0.06946821584307879,0.2810371301935376,0.04054235588708663,0.08510864827985612,-0.003465961676288786,0.9955404675234246,0.03621480412410265,0.0856073451484335,-0.0013102506971559517,0.9956697010866609,22.24328165926559,21.58996594226312
150.051898,1786095535.431,0.015995586290955544,0.06365993618965149,0.27900001406669617,0.02057355648994528,0.06928218773002622,0.28101432086356315,0.044726845996845184,0.09913666929535273,-0.004460574768526766,0.9940581136537908,0.03865161351164929,0.08948125929387045,-0.0022117877788412547,0.9952357836226301,22.874375095199888,22.30067362961063
150.238896,1786095535.598,0.015391850844025612,0.06335821002721786,0.27900001406669617,0.020092040690665443,0.0690051264832851,0.2809906046338167,0.042540929858923694,0.060297892205180684,-0.024076971091349902,0.9969828147693505,0.040141559376513,0.07836185826132142,-0.010553841205437689,0.9960605859165721,22.312117926296363,22.305287822873435
150.300046,1786095535.664,0.015693718567490578,0.06426339596509933,0.27900001406669617,0.020013813986071022,0.06889772180301855,0.28098280009406873,0.04601724147999969,0.08362108300191008,-0.025300575194053997,0.9951129628635179,0.04130297912866055,0.07940236907871594,-0.013466756677557963,0.9958955638842721,22.754608588600647,22.468903456738435
150.3624,1786095535.731,0.0156374704092741,0.06373241543769836,0.27800002694129944,0.019946363370973146,0.06886285078706518,0.2808662485390969,0.046789985120119115,0.11409689743530767,-0.012635048593039782,0.9922867281361509,0.04263752863674343,0.08781995188298634,-0.013266728362739462,0.9951350115042532,23.55735624332965,23.06675512397964
150.429702,1786095535.798,0.015581219457089901,0.0632035955786705,0.2770000100135803,0.019887224548281107,0.06872431279360107,0.28062527703395335,0.04758298573417524,0.0819523295793959,-0.011238275555525194,0.9954362743579669,0.043680246489273704,0.08658352779846591,-0.012839203527460465,0.9952037397605522,22.918942338178468,23.03043482828825
150.602764,1786095535.898,0.015035896562039852,0.06403306126594543,0.27800002694129944,0.019699542740377638,0.06862202507261186,0.28058992818870143,0.042484233970545876,0.07372009007043115,-0.017544542498928256,0.9962191662543171,0.043380279787572244,0.0833504498745402,-0.014022632879481784,0.9954768804941635,22.83307340109009,22.983074957926817
150.684652,1786095536.031,0.014981810003519058,0.06380271911621094,0.2770000100135803,0.01954373437163131,0.06859864591589765,0.2803582156434147,0.042304603761809806,0.0685822931309658,-0.02457964359866328,0.9964449963194242,0.04308235687034187,0.07924315010107934,-0.01696118597219421,0.995779469490595,23.051135073296777,23.01181293966188
150.748651,1786095536.131,0.014133538119494915,0.06463435292243958,0.27800002694129944,0.019246586653140423,0.06843233607519283,0.2803081272084853,0.03943704310994373,0.10218869782530055,-0.025805401112558093,0.9936479612724688,0.04219419827762869,0.0848538338008733,-0.01912300761320929,0.9953159232629744,23.362376977948493,23.17143709112323
150.81449,1786095536.198,0.014082697220146656,0.06380271911621094,0.2770000100135803,0.019096580299705148,0.06836886655120564,0.28020995655489694,0.044338000395109246,0.08605062968842438,-0.018296974631268743,0.9951354940763251,0.042512843603889655,0.08503174643409783,-0.019000244795032168,0.995289531204266,22.57131245617922,22.92418220413964
151.000089,1786095536.231,0.013782992959022522,0.06410229206085205,0.2770000100135803,0.01899826647618409,0.0683574203763373,0.28016984381854604,0.043727087314566655,0.10762167823874795,-0.01917050570029227,0.9930448166720647,0.042647728388734776,0.08752327165973464,-0.019019488712069002,0.9950673882860339,23.52659897748726,23.102090393675947
151.075079,1786095536.431,0.014031858183443546,0.06357239186763763,0.2760000228881836,0.01882239595442631,0.0681781453225633,0.2797652293447203,0.050712113524888476,0.10305459700264934,-0.012493067822246321,0.9933035562378951,0.045456361515255096,0.0929326772248685,-0.01674862972032307,0.9944931976158029,23.012235395042264,23.065687155589764
151.154015,1786095536.498,0.012837368994951248,0.06357239186763763,0.2760000228881836,0.018517121238356995,0.06813344657595086,0.27966996498566166,0.04247274641777383,0.0967146983231831,-0.011398052797688503,0.9943401919526377,0.04503362166966271,0.0934690157893027,-0.015990317566304653,0.9944746481187047,22.744909563976243,22.962870188018634
151.219923,1786095536.598,0.012538746930658817,0.06327390670776367,0.2760000228881836,0.01815246274382861,0.06801645432347703,0.2795804341850426,0.05043084163201028,0.09084861273551777,-0.026554991581605496,0.9942324135726112,0.04605951818841356,0.09297224346014397,-0.017997617093534243,0.9944399270489864,22.2818925694936,22.603882544743037
151.374694,1786095536.732,0.011941501870751381,0.06327390670776367,0.2760000228881836,0.017673883793757932,0.06792405376814631,0.2795098319853458,0.054905878566596907,0.05584354767322482,-0.039507631983787504,0.9961455665198395,0.04886115677462997,0.08127305228489523,-0.024790310127523668,0.9951847661890343,22.085693803628057,22.31244742252943
151.446203,1786095536.798,0.011600694619119167,0.06304465234279633,0.2750000059604645,0.017427813423357016,0.067847351397509,0.2793179104086904,0.05883842445976727,0.05847726262317681,-0.03245348068026453,0.9960247091086285,0.05097659741134192,0.07645067699549744,-0.026414380439665854,0.9954189876676457,21.928635896671047,22.160842905214725
151.521967,1786095536.898,0.01155851036310196,0.06281540542840958,0.27400001883506775,0.017188259902707795,0.06771415872113376,0.278874077954117,0.05797575489476904,0.09497083740175072,-0.02734659041286967,0.9934140707078708,0.05287189331867139,0.08146344718111075,-0.026667581279053797,0.9949156294776932,21.792140851923552,21.986788799714397
151.591702,1786095536.965,,,,,,,,,,,,,,,,
151.649126,1786095537.032,,,,,,,,,,,,,,,,
151.80918,1786095537.132,0.010372677817940712,0.05955588445067406,0.27400001883506775,0.016386205086598563,0.06595995222788509,0.2784690345206163,0.06035021587159594,0.09890512936034136,-0.04219785686313752,0.9923683629109828,0.05574691602420495,0.08816585045092812,-0.032632181247745584,0.9940091573597646,22.097317333822893,22.034384977018036
151.871958,1786095537.232,0.008593927137553692,0.05748165026307106,0.27400001883506775,0.015536022190947725,0.06470533054695177,0.2783600384415164,0.06100303369026835,0.09545937212175593,-0.03482089740745119,0.9929519843670407,0.05674035794804185,0.08954444739970424,-0.03304592604978308,0.9938160244689769,22.04464442469931,22.03716917245189
151.937905,1786095537.299,0.008001010864973068,0.056296370923519135,0.27400001883506775,0.014975022469260756,0.06376010704501939,0.2783065905713303,0.06560685380726998,0.11555887013095427,-0.03628606708206902,0.9904671673524995,0.05837874541972692,0.09434700319849389,-0.03364537204951484,0.9932565398779571,22.554228105340346,22.242235337097267
152.016435,1786095537.365,0.008001010864973068,0.055407412350177765,0.27400001883506775,0.01460130885106371,0.06285495645502402,0.2782671213709148,0.06808134022605271,0.08797320098662731,-0.03434021405478465,0.9932000788964239,0.06007930201870192,0.09323117499405388,-0.03376744372711524,0.993256354232033,22.62571838917146,22.38366486726607
152.087218,1786095537.466,0.008297468535602093,0.055407412350177765,0.27400001883506775,0.014360155151670162,0.06208674113573859,0.27822532747701384,0.0723468540436568,0.12230377321200149,-0.02979262172076403,0.9894039212875076,0.06346279736534277,0.10124461261084058,-0.03267660479541974,0.9922974560417307,22.081579151842462,22.267127169129484
152.247387,1786095537.566,0.008236902765929699,0.050002310425043106,0.2720000147819519,0.014191432039759743,0.05906627839177401,0.2776378310113979,0.074767428660968,0.07001981988689601,-0.005262959949010011,0.9947257700929482,0.06706127149592798,0.09136089725058744,-0.02398792293194936,0.9932676134216437,22.64073530797511,22.433523827221393
152.314346,1786095537.666,0.007462167646735907,0.05133460834622383,0.2760000228881836,0.013833487952318318,0.05810927900751821,0.27744298233308967,0.06861389364703292,0.06437130303273714,-0.032403676057065414,0.995036919276089,0.06754668531561137,0.08303084142828458,-0.02658986560129875,0.9938995440797272,21.7315702151022,22.06329699726495
152.37845,1786095537.766,0.006566300522536039,0.05043915659189224,0.2760000228881836,0.01330044703950502,0.05721856243531841,0.27733099324796695,0.0712280923763201,0.08025384000307169,-0.026905640986910295,0.9938621466301427,0.06844173271853869,0.08235594230972441,-0.026666679824366612,0.9938924067402398,21.775136690398796,21.939441175019397
152.446922,1786095537.832,0.006566300522536039,0.048946745693683624,0.2760000228881836,0.013056818058998578,0.05635294190699877,0.27727997158596607,0.07729534509377296,0.07218246836981403,-0.033901141293609924,0.9938137821070233,0.07002974911487303,0.0805339645198372,-0.02796377529226619,0.9938954381971119,21.869676813954264,21.92231333547123
152.620573,1786095537.933,0.00594742875546217,0.048769399523735046,0.2750000059604645,0.012613113253415733,0.05554462799310745,0.27724278046357653,0.07678462881888815,0.07056705606267356,-0.027004722910585345,0.9941806457160165,0.07154110995660325,0.07830626265023327,-0.027749673808032158,0.9939718076582845,22.444745998345777,22.170958736349775
152.693602,1786095538.066,0.00596905592828989,0.048349779099226,0.2760000228881836,0.01230628794174195,0.054822928001093396,0.2771816135121928,0.08115086042036074,0.05597112138253578,-0.03328507405149281,0.9945722071672842,0.0742288182932016,0.07207476095584592,-0.029297002508005498,0.9942016882966949,22.113172336046926,22.152531721068502
152.758774,1786095538.133,0.00596905592828989,0.04864826425909996,0.2760000228881836,0.012195531493415537,0.054648693899871856,0.2771596095094461,0.0818991233218733,0.07420921797192931,-0.03461726923664234,0.9932709450284455,0.07543009186770055,0.07240936003842789,-0.030130092677100373,0.9940620520545611,21.99591332306396,22.1130139423076
152.838361,1786095538.199,0.00596905592828989,0.048946745693683624,0.2760000228881836,0.012115663059852282,0.05459317867986647,0.2771438013971328,0.08738498808927524,-0.007375825195177338,-0.03442039195137094,0.9955524585260394,0.07637645011932123,0.07267287365618047,-0.030786433037581377,0.9939504448625928,21.25403673910379,21.688091828665552
153.029735,1786095538.333,0.00596905592828989,0.048051297664642334,0.2760000228881836,0.012017396188810035,0.054198546925342116,0.2771245068940846,0.08962465454182762,0.07052442451238236,-0.03529031918322423,0.9928485887673919,0.07950413915705339,0.07216720526763824,-0.03184981611072683,0.9937084962676265,22.93965215924142,22.52121226043009
153.103414,1786095538.466,0.00594742875546217,0.047282394021749496,0.2750000059604645,0.011945870706777178,0.05368268617302961,0.27701492582564485,0.08919897734620279,0.09399991237429868,-0.030173056847307502,0.9911090482658833,0.08198386605125746,0.07774563713602017,-0.03142345333428932,0.9930996063810275,22.533154072334103,22.52606856864424
153.184508,1786095538.533,0.006267677992582321,0.048051297664642334,0.2760000228881836,0.011882527555548144,0.05366227577757007,0.2769935304510963,0.08310774120244585,0.060131422583764534,-0.03373835774872803,0.9941524222103465,0.08217331047817963,0.07480665456332061,-0.03181062263359751,0.9932973350239915,23.203552224235278,22.852395337828924
153.256785,1786095538.633,0.00594742875546217,0.04698498919606209,0.2750000059604645,0.011822257096367469,0.05332353302400841,0.27692831115056243,0.08354581749089884,0.06294225900804594,-0.02689570380427936,0.99415038577049,0.08246685686172758,0.07228017065124585,-0.030764018410384078,0.9934930143796783,22.30607992722599,22.619469094651144
153.425822,1786095538.733,0.006267677992582321,0.047454334795475006,0.2760000228881836,0.011743950006428463,0.05325810130536089,0.27689883862561937,0.08475681744457778,0.07226079825351486,-0.03488967157162518,0.9931653285078248,0.08286976587345135,0.07227688049031407,-0.03148971884690973,0.9934369894752313,23.310614017924472,23.005928023033874
153.490889,1786095538.867,0.006566300522536039,0.047155849635601044,0.2760000228881836,0.011595684330309868,0.053096104045987885,0.27687625040035124,0.09045425631228524,0.04874193929968919,-0.033325730062880025,0.9941487044623016,0.08478315679312437,0.06635864747875983,-0.0319535640533195,0.993673646613048,22.884077636476107,22.96516785597596
153.554414,1786095538.933,0.00596905592828989,0.047454334795475006,0.2760000228881836,0.011511027868216292,0.05306781532648308,0.276867933246139,0.0828404367113955,0.0673485304541659,-0.03434329650324419,0.9936911871786022,0.084542928893128,0.06648111402372621,-0.03224914473082711,0.9936763795705652,22.782129141778107,22.92593792626202
153.629649,1786095539.0,0.006244968622922897,0.047282394021749496,0.2750000059604645,0.011495564230061322,0.05303109782537544,0.2768065655281548,0.08833501671109578,0.07610162052846056,-0.021220383194897247,0.9929527498892655,0.08509415159465591,0.06787746073906291,-0.030649940667537793,0.9935855357366467,23.415563395063042,23.136300727372582
153.688559,1786095539.067,0.00718949967995286,0.04762626811861992,0.2770000100135803,0.011338484184544377,0.05296757225154145,0.2768165003780027,0.08553261617149038,0.06300001351883032,-0.03414206944302907,0.993755246004586,0.08515292884028569,0.06722575337284784,-0.031116712755399234,0.993610299353158,22.242994775007443,22.708299365140206
153.751992,1786095539.133,0.007462167646735907,0.04685736820101738,0.2760000228881836,0.01120012612013906,0.05282680820000679,0.27681432028048514,0.0873427642903863,0.060723319855900564,-0.03402444471068647,0.9937435570175644,0.08543388717654385,0.06639247735277064,-0.03148952364903341,0.9936304643946986,22.282380995370563,22.538187191875537
153.92352,1786095539.167,0.008059412240982056,0.047454334795475006,0.2760000228881836,0.011111284058928394,0.052799315059257036,0.2768132432076604,0.08710438883020369,0.04025299793554473,-0.03255586370325176,0.9948530732436086,0.08562136626563005,0.06350635807340896,-0.03160841814193522,0.9937991909966638,22.52106783628098,22.535711211937297
153.987038,1786095539.367,0.0077607897110283375,0.047454334795475006,0.2760000228881836,0.010926159917537252,0.05271045031705734,0.27680762929507596,0.08050415596304193,0.09122184337066912,-0.014434466547213436,0.9924662726461956,0.08366409015936335,0.07417531261036608,-0.025006544732498755,0.9934148256078636,21.73062652724993,21.984319174832585
154.052319,1786095539.434,0.010260091163218021,0.04706495627760887,0.27900001406669617,0.010861530860480334,0.0526319756826273,0.2770313364452499,0.08722477161530676,0.08294532412176095,-0.03583502113671535,0.9920825387452018,0.08429200266744229,0.07571987534821936,-0.02691263441304152,0.9931953830302032,23.224088778456395,22.66968095613381
154.129197,1786095539.5,0.010260091163218021,0.04766840860247612,0.27900001406669617,0.010819345040262145,0.052554038590183295,0.2771767132509752,0.08145293991825346,0.06379784731393483,-0.026444157856732185,0.994281630008334,0.08380751412926697,0.07368238150859652,-0.02683282818307275,0.9933917689222073,22.89689999438881,22.756664227223656
154.202353,1786095539.567,0.011895984411239624,0.046961087733507156,0.28200000524520874,0.010930747863720218,0.05245232770766281,0.2778749629930315,0.08349458027596462,0.10589377191011896,-0.037623431425586495,0.9901513225476963,0.08374619994960467,0.08087143278734216,-0.029241329808896994,0.9927695251083862,23.546310037192658,23.1720518640746
154.372951,1786095539.7,0.013162953779101372,0.0471276193857193,0.28300002217292786,0.011301527033604087,0.052387081984005344,0.2788740931339067,0.08274582048561664,0.1641575740390906,-0.028095400306722213,0.9825558857181446,0.08336568221104257,0.11871434645465051,-0.028747174832417437,0.9890048872045513,24.630033736037873,24.26002155254799
154.44621,1786095539.801,0.014901622198522091,0.04841448739171028,0.28700000047683716,0.011847056547720915,0.05215469311995696,0.28079170058470904,0.08274803594180709,0.08039038275411564,-0.02825977262680278,0.9929207088985009,0.08314910653656007,0.10439751686652676,-0.02856982944450417,0.9906417866210708,23.314279882040193,23.85465218778718
154.518345,1786095539.867,0.01750696823000908,0.04875187203288078,0.289000004529953,0.01270666446316614,0.05201836409493822,0.2822550512288911,0.08500729987748919,0.0657722061921829,-0.012837947590772858,0.9941242190801954,0.08373478625353979,0.09256540752179493,-0.023748070670634926,0.9918952364240997,22.459592852562302,23.095336921107673
154.597791,1786095539.967,0.019584303721785545,0.048942163586616516,0.29200002551078796,0.014162734522674837,0.05187390423759483,0.2847738136706215,0.08243446706363476,0.11902999937783175,-0.017129890495841002,0.9893144013606839,0.08327046423751892,0.102171747641078,-0.021349826995222962,0.9910454826378605,24.4417241864672,23.960623615945536
154.778738,1786095540.101,0.023217517882585526,0.04927738010883331,0.2939999997615814,0.01677741593102268,0.051733823149568786,0.2872674130942049,0.08366078894372851,0.08957106877294953,-0.007550731709421013,0.992431802434221,0.0834139662147986,0.09765192187259332,-0.016396473298915134,0.9915832633007998,21.89821062107587,22.414640445418712
154.839938,1786095540.201,0.025849927216768265,0.04880693182349205,0.29500001668930054,0.018950308291746626,0.0517206077168089,0.2886589534254213,0.09492348388540893,0.04658651341714786,-0.01171904918231898,0.9943248427254308,0.08745892637896685,0.07985248991456596,-0.014768449416044802,0.9928526622580656,22.454517893537194,22.432593081073087
154.899055,1786095540.268,0.026667866855859756,0.04913782700896263,0.2970000207424164,0.020125156938042423,0.05168223553245418,0.2899226415638948,0.09904865921311322,0.0732691444832198,-0.014373103472896895,0.9922773853471312,0.09023637679836889,0.07827690939922594,-0.014673993782999934,0.9927309784950124,21.351198263806012,21.78806878168323
154.965351,1786095540.334,0.025876928120851517,0.048822011798620224,0.2990000247955322,0.020631394503810505,0.05166893666783765,0.2914267686468355,0.09485428990108223,0.055616241187460995,-0.01934528206674584,0.9937480855152868,0.09135645602549168,0.07280716333535665,-0.01580310562687542,0.9930273796638575,22.07700101082825,21.873482238693644
155.026455,1786095540.401,0.026200436055660248,0.04785194247961044,0.2990000247955322,0.021051606720185714,0.05152186376142318,0.29237141999707333,0.10234765543412147,0.06453970647709303,-0.006654528214711428,0.9926304956877099,0.09390488260617373,0.07089370415108559,-0.013684142153285997,0.992959566139522,21.393106362865932,21.633451227133797
155.090133,1786095540.468,0.02684744819998741,0.046235159039497375,0.2990000247955322,0.02149156926905799,0.051089724724722174,0.2929790286296903,0.11350074618694946,0.1180783928925771,0.0007895341264857619,0.986496046815584,0.09976854414368194,0.08496630239623383,-0.009378044247208924,0.9913319410483348,22.20798492788107,21.801728057161988
155.290585,1786095540.534,0.027116820216178894,0.04604585841298103,0.3020000159740448,0.02184839944986173,0.05076166879078151,0.29436407026273115,0.10479530632761176,0.051372423320731705,-0.019734669962668244,0.992969969684543,0.10401792047822861,0.0951892813685494,-0.006244261039926831,0.9899900414327355,21.38321273865449,21.6125338411183
155.352803,1786095540.735,0.026790067553520203,0.045392658561468124,0.3020000159740448,0.022179269643007433,0.05009013763950788,0.29587966824933565,0.10170130536904395,0.046979758717081654,-0.019000551889464704,0.9935233896517047,0.10287961149508992,0.0708525348088334,-0.01269363445233351,0.992085971826118,23.09065068220773,22.701041305743274
155.41159,1786095540.768,0.0255674347281456,0.043249186128377914,0.30300000309944153,0.02224088702445666,0.04966733560115137,0.2962536379384182,0.09056482672439617,0.08182129800404846,-0.0144418600870262,0.9924186213642605,0.1026909196964203,0.0669450383389101,-0.013727269913091845,0.992363088246655,21.809357511147173,22.403451126493355
155.475,1786095540.835,0.025239598006010056,0.04226614162325859,0.30300000309944153,0.022354264384933795,0.048808079952561007,0.29675236616532347,0.09339546298152201,0.0668253934595582,-0.013277844494783102,0.99329519938889,0.10040022265076365,0.06691608725868245,-0.013616588353568087,0.9926009374765243,21.46762315970461,21.91407797842654
155.539068,1786095540.901,0.024502793326973915,0.04212665185332298,0.3020000159740448,0.02246648538928455,0.04821615446323173,0.2968520156940622,0.09140565655619982,0.03713337333698391,-0.003410861362927896,0.9951153121919635,0.09802487555064278,0.05902295633109241,-0.010910847960035653,0.993372220165237,21.797222620558514,21.87407557020289
155.720031,1786095540.968,0.023600421845912933,0.04226614162325859,0.30300000309944153,0.022544210521697323,0.04785367039860551,0.29715413331911067,0.0857872347180628,0.03370110958813481,-0.002903496506745767,0.9957391000056149,0.09466607925122703,0.05206066811248711,-0.008708546463542237,0.9941087372583415,22.79499549369749,22.31419981986963
155.785934,1786095541.168,0.02327258698642254,0.041610777378082275,0.30300000309944153,0.022624440043515607,0.04711027768884065,0.29754606354705343,0.08771861787110098,0.03253887720552976,0.010873308651630938,0.9955543363915169,0.09164888600166785,0.04356117030288258,-0.00017853813811838959,0.9948381145998728,22.8219396266539,22.627248584964157
155.849623,1786095541.235,0.023349395021796227,0.041748110204935074,0.30400002002716064,0.022643462376631805,0.04696738057967322,0.2978813346455709,0.08121516560658566,0.03122818820513146,0.004323341650399965,0.9961978748491154,0.08951726390658317,0.04104003523341014,0.0007421079695123017,0.9951390979388164,22.84280672070346,22.695250446951633
155.912299,1786095541.268,0.023349395021796227,0.04043305292725563,0.30400002002716064,0.02265126112784936,0.04671770681860631,0.29801616043983264,0.08348653322041884,0.07995258597213448,0.013771944887080445,0.9932008438887029,0.08851572479279941,0.039855748992771896,0.0011745110219669797,0.995276396917203,21.976426487431766,22.465765472463488
156.084508,1786095541.335,0.023349395021796227,0.04043305292725563,0.30400002002716064,0.022662650548393014,0.046376624099018104,0.2982062932700977,0.08168246766362537,0.05816790377931744,0.01588161143117603,0.9948327718087346,0.08694442753627227,0.04408131494841411,0.004566566077195893,0.9952269342552337,21.767794710408808,22.130074637024805
156.147739,1786095541.502,0.022362641990184784,0.03977552801370621,0.30400002002716064,0.022638804245467804,0.04569689519784153,0.29844302844058335,0.07989613494761251,0.06006216034045605,0.015939339708217586,0.9948643535504407,0.08444046549650282,0.049770651466920786,0.008614049184229512,0.9951474705770718,21.05225059001197,21.356148614394392
156.211261,1786095541.569,0.022766202688217163,0.03924667835235596,0.3050000071525574,0.022640063023632983,0.04537385530457895,0.29875455097112563,0.08194600707559706,0.032443207928003495,0.0044361375132699376,0.9960986953448286,0.08396702275115257,0.046468488521485225,0.007817762324086422,0.9953537568407927,21.96437622104039,21.55576464179293
156.294893,1786095541.669,0.022436203435063362,0.03924667835235596,0.3050000071525574,0.022634827117499534,0.04508465169187939,0.2990345275869483,0.08453664421898803,0.021542895587690656,0.005105530643795945,0.99617437880661,0.08412353373990968,0.03984840585572438,0.007097580059018072,0.99563294440229,20.917558693872685,21.191666143965275
156.362485,1786095541.735,0.022840846329927444,0.03904443234205246,0.3060000240802765,0.0226360856307488,0.04490207465087238,0.29942470767069995,0.08535729117210827,0.03321961306136204,0.004128785604430421,0.9957879007505795,0.08433638334820122,0.038706700980968664,0.006586210486106268,0.9956634911325954,21.31568279826184,21.221290742133156
156.540628,1786095541.835,0.02250976487994194,0.03937536105513573,0.3060000240802765,0.022634169069253942,0.044824863885093554,0.29977592330937997,0.08143095915898994,0.006270585509491724,0.006532995934383628,0.9966378472704799,0.08355140900532373,0.029848096739742598,0.006572364619925879,0.9960346666645408,21.277843528685697,21.2390856427235
156.61694,1786095541.969,0.02250976487994194,0.03937536105513573,0.3060000240802765,0.02263255657911961,0.044759013034883215,0.3000323845269327,0.08178206736568594,-0.043256139483137085,0.010472719688241238,0.995656025943067,0.08285741498948063,-0.0010675036535485634,0.00822716341346412,0.9965268802191833,20.78779877010046,20.990156200847938
156.693574,1786095542.069,0.021516522392630577,0.03937536105513573,0.3060000240802765,0.022573981012131376,0.04472255548202307,0.3001546011122664,0.07783683281668381,0.001979648824690411,0.020156938731571403,0.9967603554859965,0.08136274880723321,-0.00015943214798356463,0.011782544549040708,0.9966148951986776,20.233088275556796,20.554226413650305
156.755482,1786095542.136,0.021185440942645073,0.0397062823176384,0.3060000240802765,0.022521773897416723,0.04465969102005767,0.30021523669771943,0.07073815941994321,-0.018977931082563387,0.021693099317328546,0.99707841235066,0.07890757980015904,-0.004515336074870036,0.01407712167372326,0.9967723111300774,19.53452177784893,19.967963516741676
156.819056,1786095542.169,0.02125467360019684,0.03917202726006508,0.3070000112056732,0.022503513926318542,0.04461480005843707,0.3003873954882383,0.0785622026617317,0.0031706180345826107,0.013331377129911389,0.9968150289186233,0.07886460072513447,-0.0035531576828688673,0.013983809081752153,0.9967809202159273,20.750499255531448,20.145667310293486
156.99755,1786095542.302,0.02184760384261608,0.03871350735425949,0.3060000240802765,0.022498132895196993,0.04435397799414813,0.3004236394934911,0.08365067152338775,0.026547884394764586,0.025145755611646933,0.9958240135498682,0.08054852641420442,0.006977641464826774,0.01789063263560707,0.9965656890922878,21.381635558378985,20.930209115320537
157.069228,1786095542.436,0.022323645651340485,0.03863344341516495,0.30800002813339233,0.022492429220102396,0.04417758333571205,0.30122220962919044,0.08446295031372107,0.03306511927361983,0.010909053460884824,0.9958181061139182,0.08184179655741355,0.015553011061159883,0.015597300835421721,0.9964019010368436,21.313215322434825,21.125906867817996
157.144078,1786095542.503,0.021990399807691574,0.03896653652191162,0.30800002813339233,0.022490378433157918,0.04415273363416508,0.3014959120150062,0.07963321417952533,0.034980476123417766,0.010871589613306561,0.9961509554424454,0.0813892627463196,0.019558010383049922,0.014623730547147972,0.9963831685874424,21.401622040398838,21.21930336342362
157.219548,1786095542.569,0.022656887769699097,0.03863344341516495,0.30800002813339233,0.022494476669341224,0.0440847423013131,0.301684799750001,0.08018189238317106,0.022099237557766115,0.012009392857122565,0.9964628755334654,0.08118220668674758,0.019994014249473578,0.014175219386725592,0.9963978883292558,21.727525947832024,21.431636186860683
157.413544,1786095542.736,0.022323645651340485,0.03896653652191162,0.30800002813339233,0.022492384129818244,0.04401487929632342,0.30192545426397843,0.07936969102763064,0.013802075957082311,0.012561772890259266,0.9966705356873489,0.08071039902301438,0.01838112096978399,0.013754982620341794,0.9964731638807711,21.15719135824106,21.308647445855716
157.4807,1786095542.836,0.02184760384261608,0.03871350735425949,0.3060000240802765,0.022477522035510854,0.04395071746059043,0.302253230962273,0.07855167876982962,0.0039303959375186276,0.020183864079084034,0.9966979469132325,0.0803065906896598,0.01566783690795514,0.014962502780536747,0.9965347429412442,20.52218534619037,20.881361294323987
157.540289,1786095542.903,0.022178685292601585,0.03805164992809296,0.3060000240802765,0.022476098232010217,0.04377312137867511,0.30240381191316335,0.08434712434126988,0.034971762552089065,0.01770568812893471,0.9956651279658436,0.08097006421637765,0.018827621829101002,0.015411870444682183,0.9964195118555499,21.649743054570546,21.233757628042532
157.607259,1786095542.97,0.022915489971637726,0.03784399479627609,0.3070000112056732,0.022489484555360345,0.043599318512082146,0.30245538117285925,0.08696446165148572,0.03599131564489644,0.017539033200276402,0.9954065450469051,0.08204673251435146,0.021905167821796082,0.015793605954088394,0.9962625453751558,21.808069607259824,21.490046218700854
157.681361,1786095543.036,0.023247651755809784,0.03784399479627609,0.3070000112056732,0.02251492742513228,0.043477435243078386,0.30249372574851147,0.08770509009732348,0.05797481587264661,0.02256622361702605,0.9942019429910703,0.0833671017502076,0.030260293323422168,0.017363843698041913,0.9959079967174583,21.010533155487252,21.32451245628403
157.861786,1786095543.136,0.022915489971637726,0.038176000118255615,0.3070000112056732,0.022521784271369805,0.04344977229220964,0.30253449587227316,0.08236981092944022,0.031835432082053194,0.01807241202157714,0.9959292682893296,0.0831286768994372,0.03063692434892987,0.01753327064612063,0.9959134432087142,21.415341841981395,21.35508015654225
157.924721,1786095543.303,0.022915489971637726,0.038176000118255615,0.3070000112056732,0.022528319345483497,0.043413315981742855,0.30257926262823104,0.08493702496480529,0.026860112071924576,0.004629943800988978,0.9960134536189816,0.0836442266649406,0.029564000536555262,0.013866038393397033,0.9959605143765347,21.917676399283046,21.691738089783442
157.98796,1786095543.37,0.02210620604455471,0.03825714439153671,0.3050000071525574,0.02251644333192062,0.043389493082313595,0.30274853848354344,0.08394303741839139,0.03360772605880594,0.017808697982162756,0.995744413739947,0.0836823657866814,0.03007816767074323,0.014367328220324313,0.9959348097971694,21.682967272941454,21.689902872331267
158.049522,1786095543.403,0.02210620604455471,0.03825714439153671,0.3050000071525574,0.02251158368535337,0.04337888263221894,0.30281591741357394,0.08356795131226542,0.033807124990165714,0.017711734525940475,0.9957709426737922,0.08367456951955037,0.030334478536241175,0.01459719672987011,0.9959243483695344,21.910684709367665,21.733862990963267
158.110677,1786095543.47,0.02210620604455471,0.03825714439153671,0.3050000071525574,0.022504512955647513,0.04336059414249817,0.3029093727588818,0.08530692743987857,0.027814864352286264,0.018058448182519293,0.9958026681532193,0.08386879625131366,0.03003485682355984,0.015008855840799452,0.9959109732487608,22.060684321537035,21.850804501019795
158.292435,1786095543.537,0.02177620492875576,0.03825714439153671,0.3050000071525574,0.02248647083415732,0.043344591666600124,0.30297436006323675,0.0846312766963867,0.02806614062331112,0.01844173347605263,0.995846243765397,0.08395205488929962,0.029820078625777634,0.015383420754352133,0.9959046971254383,21.277068645271815,21.61539094981375
158.362171,1786095543.737,0.021704809740185738,0.03780294582247734,0.30400002002716064,0.022454894814116746,0.04314846297898784,0.303080898884153,0.0853191530208903,0.08274589102758251,0.020651318143042576,0.992696974259922,0.08449561918318592,0.04978868007955478,0.017375112064842338,0.9950274785931894,22.69168059535713,22.380711682839237
158.438964,1786095543.804,0.02269155904650688,0.036816660314798355,0.30400002002716064,0.022461876507919285,0.04287005751298505,0.30310589041151126,0.0838087650036363,0.05136905749281918,0.016301386468438712,0.9950234045689936,0.08439954450116516,0.0500097981325049,0.01722489475492986,0.9950271553979939,21.73481181968879,22.12181447213078
158.50715,1786095543.87,0.02269155904650688,0.036487895995378494,0.30400002002716064,0.02246677102120295,0.04259673006032012,0.30312348284738344,0.08411228645612018,0.04019383605323921,0.010436651660006662,0.9955906061793555,0.0843586688170717,0.04858794821364113,0.016241458732632903,0.9951176017446562,21.982657979739116,22.089836498723432
158.57414,1786095543.937,0.02269155904650688,0.03615913167595863,0.30400002002716064,0.022470349966201942,0.04232052825978296,0.30313640427100647,0.08404169257630838,0.03385809058639364,0.010971322408417852,0.9958264174520394,0.08430904484147088,0.04621778380217241,0.015393428240970352,0.9952481820055361,21.897893590051364,22.039611405703333
158.7519,1786095544.004,0.02302047796547413,0.03550160303711891,0.30400002002716064,0.022483377155231313,0.04195494834127565,0.30314592989769884,0.08688464344152713,0.05770339136534451,0.015765762159807496,0.994420845569167,0.08472366604717815,0.04806364391719423,0.015453396874962026,0.9951246047957775,21.98879585343497,22.030204893467058
158.820719,1786095544.204,0.02302047796547413,0.03583036735653877,0.30400002002716064,0.02250183208449897,0.0416332979252552,0.30316123931923844,0.08355495757073722,0.025795780725397524,0.011598958454542988,0.9961017071187506,0.08434846523593517,0.04082663720002127,0.014201114384754337,0.9954982925437448,21.596300821358422,21.78196631577088
158.886821,1786095544.237,0.02302047796547413,0.03451531380414963,0.30400002002716064,0.022504433426830145,0.04138507049729652,0.3031634749222882,0.08579958128849437,0.02815582847034843,0.01132831215701189,0.9958500642755116,0.08447810467667458,0.03970004185609308,0.013945720150523866,0.9955364751712238,22.609006855732385,22.076531575453977
158.951381,1786095544.304,0.02269155904650688,0.03484407812356949,0.30400002002716064,0.022506034292694377,0.04113342231204315,0.3031671743953843,0.0849241871045142,0.052780778491979916,0.009079821698086124,0.9949470481911834,0.08455484183889406,0.041916751348131984,0.013121521816166852,0.9954502952650355,21.046801805154505,21.55602206095715
159.133546,1786095544.404,0.023349395021796227,0.03418654948472977,0.30400002002716064,0.022529850243099742,0.04068034295957157,0.30317155187195466,0.09007146627301307,0.05736385491727359,-0.012078550922524819,0.9942085433751168,0.08601413843764734,0.04598581829270071,0.006490490722106988,0.995210905303477,22.248358093980443,21.906757408479812
159.200569,1786095544.571,0.02302047796547413,0.03254273533821106,0.30400002002716064,0.02253243140584953,0.03952593575229246,0.30317730445559904,0.0841857323632828,0.04312078086540859,-0.03144022575015747,0.995020036445897,0.08535022041200332,0.04493045574169559,-0.007583587738162688,0.9953085366957746,22.74073338351464,22.452893773071587
159.285361,1786095544.637,0.02327258698642254,0.031124955043196678,0.30300000309944153,0.022540736674695205,0.03876905604483058,0.303170583954725,0.0896879150976271,0.08661092069118739,-0.014749725455126343,0.9920872299860855,0.08645112818365376,0.05537668381841644,-0.009379587469720443,0.9946716285608767,22.248308410714486,22.408474169907606
159.36623,1786095544.738,0.022793302312493324,0.0296174343675375,0.30100002884864807,0.022545171398071866,0.037456248107127124,0.30291125493076987,0.08387909842650428,0.018363839310483052,-0.008499643301047546,0.9962704564106528,0.0855860693091553,0.04274356360526822,-0.009080498696712085,0.9953720696573467,21.83023643685075,22.135741016515155
159.531595,1786095544.804,0.0226169154047966,0.02817581780254841,0.30300000309944153,0.022546256768216765,0.03638081512445369,0.3029125263331764,0.08120561656725293,0.06022313476536228,-0.018786443825292563,0.9946988948447488,0.08450962399882304,0.0470539314510975,-0.011473361596211989,0.9952449009968629,22.03369533934626,22.113060179737786
159.597388,1786095544.971,0.0226169154047966,0.027520453557372093,0.30300000309944153,0.022547754284833587,0.034863152435328705,0.30291429466762887,0.08454440585852553,0.03471123110328061,0.004031360768923344,0.9958067694104487,0.08452633287010566,0.042499399018022174,-0.005749843265512844,0.9954978851996931,21.720446645875537,21.90517326919734
159.663186,1786095545.038,0.0226169154047966,0.027192771434783936,0.30300000309944153,0.022548217103947193,0.03435345674446485,0.3029148438446392,0.07636509183726672,0.02615939609143254,0.004858854981603552,0.9967248618716628,0.08286349890891681,0.03916555278199122,-0.003584559250857841,0.9957845404297208,21.764025375289446,21.86939596677137
159.743313,1786095545.104,0.022944750264286995,0.026209725067019463,0.30300000309944153,0.02255250208400371,0.033705914183133796,0.302915275802722,0.08381649858157944,0.04757115828335158,0.002912991324372041,0.9953407928677737,0.08304246180642261,0.040738039530797764,-0.002369317122374917,0.9957101726951922,22.230496017990838,21.99708514703361
159.816092,1786095545.171,0.022944750264286995,0.025554362684488297,0.30300000309944153,0.022555780266307612,0.03305532371424718,0.3029156356948873,0.08376736786343403,0.03420723770513013,0.004037609361511756,0.9958898486682454,0.08316927249591953,0.03960036232417704,-0.0012529913291727988,0.9957475148997472,21.596350249042022,21.853560518438442
159.877347,1786095545.238,0.022542273625731468,0.02481682412326336,0.3020000159740448,0.022555611689242114,0.032381188585641554,0.3028822753614062,0.08172270142178396,0.034436667265838265,0.011088448237118105,0.9959982742633848,0.082918240729265,0.03870092349911937,0.0008979209871634525,0.9958041964224592,21.89976967233783,21.86275261418103
160.035802,1786095545.305,0.0226169154047966,0.024571316316723824,0.30300000309944153,0.022556022064562233,0.03185337611216934,0.3028839241723553,0.08457090754514962,0.045226271887387585,0.0031378225334321966,0.9953856036722184,0.08317942882542799,0.039731222858127066,0.0012515416119516089,0.9957414554963889,22.048559790077277,21.91348572458665
160.11249,1786095545.471,0.0226169154047966,0.024243634194135666,0.30300000309944153,0.022556674787260787,0.031089485854682252,0.3028861877560963,0.08144482343838068,0.014227861101288623,0.0057521778413889115,0.996559692719736,0.08264937010151664,0.031852738914263996,0.0026424705442830497,0.9960660128700833,22.430415444245597,22.20895433852595
160.191879,1786095545.538,0.0226169154047966,0.023260587826371193,0.30300000309944153,0.02255689693045654,0.03058473605208254,0.30288689723087775,0.08754959461386509,-0.026833880735494725,0.00942657032347079,0.9957540615531315,0.08397607982912425,0.01631339388492241,0.004440964427047307,0.9963243292379473,21.762106704993247,22.041096567049202
160.267291,1786095545.638,0.021704809740185738,0.023008592426776886,0.30400002002716064,0.022517224572780162,0.030045691529233726,0.3029453795916966,0.08480596738585777,0.00956017725863345,0.0061677729330796675,0.9963325295721194,0.08420868518224629,0.014424039646898534,0.004924118145327548,0.9963315700511717,21.980296467140896,22.02347176297944
160.448818,1786095545.705,0.02137589082121849,0.023008592426776886,0.30400002002716064,0.022477677290943052,0.02979630251240601,0.302972876057302,0.08669739871113855,0.013958878007687352,0.0057312273271739695,0.9961204062837045,0.08463308045670878,0.014344731733305591,0.005061741589039528,0.9962960650007575,21.975850740030825,22.013676054019843
160.514608,1786095545.872,0.02137589082121849,0.023008592426776886,0.30400002002716064,0.022428877961251575,0.029489283083456445,0.30300784650340334,0.0841808307217463,0.036190345522014465,0.003863284172220854,0.9957855801654283,0.08449820711454101,0.0210690967316651,0.004693139288093802,0.9961898014941543,22.92758805546529,22.62260689882632
160.57829,1786095545.938,0.021046973764896393,0.023666121065616608,0.30400002002716064,0.022394291763241817,0.02940591130297726,0.3030181116076891,0.08414864097396002,0.026408149580914572,0.004689838418563423,0.9960921750890102,0.08445115662782719,0.021789909356739336,0.004692701514702463,0.9961782875303704,22.62337689822033,22.62280158863806
160.63617,1786095546.005,0.020649904385209084,0.023260587826371193,0.30300000309944153,0.022337348742080796,0.029355284144675534,0.30301752723000347,0.07807071493523243,0.0003616016013934333,0.013651051552287767,0.9968542930164369,0.08333134437357614,0.01801806442654404,0.006270145841822375,0.9963392603276936,21.754552135334023,22.205476648949258
160.701638,1786095546.072,0.020977739244699478,0.02358826994895935,0.30300000309944153,0.02232100585643819,0.029298526853205425,0.30301711498346795,0.08623774810311272,0.0011414978218543472,0.013806284779077471,0.9961782643108742,0.08388186291891248,0.014834824522242277,0.007691987852119125,0.9963355832135726,22.359134680792987,22.238144834167617
160.882873,1786095546.139,0.020649904385209084,0.023915952071547508,0.30300000309944153,0.02228600866409641,0.029193929749940815,0.30301681939291525,0.08260444812675513,0.008147493363427691,0.012990428824032155,0.9964644360239531,0.08366216710293523,0.013682453216770718,0.008605126678944211,0.9963630784329831,22.131631947054796,22.20879620385766
160.944355,1786095546.305,0.020977739244699478,0.022932905703783035,0.30300000309944153,0.022276177842990297,0.028914007144875336,0.303016425592722,0.08826037535944178,0.015222884133873661,0.012485820401149187,0.9959028437698968,0.08484375545284108,0.014078240208475222,0.009602107827327934,0.9962485331675843,22.50870015373076,22.352523380246698
161.011981,1786095546.372,0.021305574104189873,0.022932905703783035,0.30300000309944153,0.022263116506625606,0.028831910671902553,0.30301630439788035,0.08582028730319756,0.0005301781295451247,0.013795889429238376,0.9962149720984944,0.08498208595869354,0.012173634359778286,0.010191846054819823,0.9962559781334206,22.20724768354394,22.312689246041373
161.076303,1786095546.439,0.020977739244699478,0.023260587826371193,0.30300000309944153,0.022255206901204753,0.02879872978180341,0.3030162094983658,0.08365883531054194,0.03568941459255928,0.010798118536771893,0.995796598506236,0.0847510645893957,0.0163407959054474,0.010299681677472234,0.9962149125552595,22.705149878947378,22.452951516590584
161.155425,1786095546.506,0.020649904385209084,0.023915952071547508,0.30300000309944153,0.022228084585687688,0.02866002081747706,0.3030161329703431,0.08072537709591432,0.0059539698425820214,0.01325217905632771,0.9966304949609435,0.08406161642500062,0.014560013864872982,0.01080601735127807,0.9962955789469682,21.895867035516325,22.219670846144297
161.344344,1786095546.639,0.021046973764896393,0.023666121065616608,0.30400002002716064,0.022215713458823234,0.028565808615506897,0.30307053716456317,0.08367613512740672,0.009021894195789965,0.006129898073018323,0.9964333064409652,0.08397229035933235,0.013271072325925243,0.009717690714621615,0.996332323865036,22.28921895240153,22.240547693144073
161.42477,1786095546.772,0.020977739244699478,0.024243634194135666,0.30300000309944153,0.022209984892109513,0.02837804561626476,0.30306836486622923,0.08258489085766374,0.025738297170766783,0.018321941195508055,0.9960831201920879,0.08366180452814423,0.016076605615128584,0.011653939720486511,0.9962963569661296,22.37949165542192,22.29002280688066
161.488895,1786095546.873,0.020977739244699478,0.024571316316723824,0.30300000309944153,0.022205819716179038,0.028237566413407765,0.3030672886697031,0.07857851900370179,0.049507638163077565,0.016589636319691913,0.9955396496782432,0.08242007189899644,0.024304436410233,0.012869687524398103,0.9962181474265412,22.562211894119347,22.39240642815743
161.558813,1786095546.939,0.021888768300414085,0.02416362427175045,0.3020000159740448,0.022194941055300385,0.028224210405001712,0.303021494383883,0.08674951566779614,0.01310447595966701,0.012875370962287696,0.9960607506893386,0.0831637455332679,0.02238304034773864,0.012870794564813902,0.9962013519268781,24.362551901329397,23.705227962543184
161.747064,1786095547.006,0.021164946258068085,0.025385688990354538,0.30100002884864807,0.022189664250462156,0.028092989120775725,0.30288946126993266,0.08222972351276528,0.008385247939226452,0.020474766297223206,0.9963677755392765,0.08299697571748095,0.019860706176048102,0.014241464192496342,0.9962500866095794,26.97580619581948,26.311243194060083
161.823628,1786095547.173,0.02181628905236721,0.02571120858192444,0.30100002884864807,0.022174115699305608,0.027911296732224176,0.30273714987308137,0.08532547953908627,0.032689190794865854,0.018462510525544394,0.9956455770261303,0.08367495783028377,0.023587448214001237,0.015467849725072435,0.9960938105137158,30.566835832228808,30.19655642976763
161.906061,1786095547.273,0.0204454492777586,0.028221288695931435,0.30000001192092896,0.022083121365113787,0.027952500635890606,0.30252983908047715,0.088348387999824,0.01795424755314702,0.012387441892656918,0.9958507712584195,0.08449699501879268,0.02259716046642338,0.014926341598314788,0.9960556362463592,38.90587475936295,37.71006205822873
161.977977,1786095547.34,0.0204454492777586,0.02887016348540783,0.30000001192092896,0.022040343012414212,0.028033689026241225,0.30243426530082307,0.09715649371408484,0.05157931114029583,0.015761199357670435,0.9938067090668514,0.08688058620554817,0.02804095196390996,0.015084250241831746,0.9957097640116721,44.91866454977226,43.53498355879843
162.171268,1786095547.473,0.020770039409399033,0.029194600880146027,0.30000001192092896,0.02202486028194172,0.028163066784871387,0.3023308686478095,0.09424382869397886,-0.030532524405988016,0.023403799878748577,0.9948055728923785,0.0897621771188863,0.005421560249155865,0.0183050604119908,0.9957802383089633,46.63370184387065,46.302523489248266
162.239998,1786095547.606,0.021743807941675186,0.029843473806977272,0.30000001192092896,0.022010097419887287,0.0283259673485254,0.30227165220250357,0.09707614102007928,7.026478788332769e-05,0.027371896622428407,0.9949004961214968,0.09204850961201581,0.0037500152934956906,0.021137689112039434,0.9955230822851412,51.43272497265754,50.88442911287681
162.306665,1786095547.673,0.021094629541039467,0.030492350459098816,0.30000001192092896,0.022002741592728366,0.028454048383068732,0.3022494612654865,0.0960436579042717,-0.008869343185184474,0.027998096570013963,0.9949437457043924,0.0927946755461593,0.0013980935062533342,0.022416682678323037,0.9954319092045072,54.77953694057633,54.03187868533259
162.380877,1786095547.74,0.020770039409399033,0.030492350459098816,0.30000001192092896,0.021980460108036705,0.028541532091721507,0.3022325696894618,0.09282342615103095,-0.031738559687642325,0.0300143055614091,0.9947238897544405,0.0928108461218565,-0.0062554691955285175,0.024173838417791155,0.9953706050931179,54.41078376293043,54.338053472437835
162.536707,1786095547.84,0.020377298817038536,0.030714066699147224,0.2990000247955322,0.021923066963099074,0.028651014921345367,0.3020593028811447,0.08981914735523282,-0.028485594616991166,0.03628834222087982,0.9948890631053072,0.09192760032470983,-0.012865782354620695,0.027777597464308513,0.9952950281308827,54.65850985958236,54.61152719388186
162.599912,1786095547.973,0.020700806751847267,0.030067354440689087,0.2990000247955322,0.021910610053685633,0.028658062840806287,0.30193335382168973,0.09086013874760618,-0.009020410099967608,0.03467112268788204,0.995219061634149,0.09162858528482085,-0.01178658617624239,0.029712577455670932,0.9952800819296813,54.59827936418582,54.60076890316122
162.663144,1786095548.04,0.0204454492777586,0.029843473806977272,0.30000001192092896,0.021890693800696987,0.028670648802466368,0.30188510957725767,0.09162710589187645,0.0015827860737469518,0.026906456457383883,0.9954285563791259,0.09162953116305377,-0.009543123291597653,0.02924204808168408,0.9953179695156059,54.59827936418582,54.599238958948746
162.731308,1786095548.107,0.020120859146118164,0.029519036412239075,0.30000001192092896,0.02185190846558098,0.028687491021481725,0.301850625006068,0.09053940419220198,0.02715713854565961,0.02472546634256246,0.9952154326720801,0.0913939991908338,-0.001245429623031682,0.028224239047483633,0.9954139732529127,54.1005772732739,54.390300931254345
162.911557,1786095548.24,0.020377298817038536,0.030067354440689087,0.2990000247955322,0.02183519902155195,0.028709113459467986,0.3017317673061239,0.09123172883332524,0.0007467965601575678,0.03377741579700963,0.9952563991912116,0.09134898332813629,-0.0006888277781278814,0.029775834958643266,0.9953734416859451,54.13012497597164,54.259415878156105
162.991088,1786095548.374,0.0204454492777586,0.03016791306436062,0.30000001192092896,0.021829277835274004,0.028732663184953343,0.3016649442535776,0.09259980285866483,0.02313931203977844,0.025027001458847217,0.9951198409974755,0.09170561709772244,0.006000998860488357,0.028444356255025467,0.9953617364569725,54.397836029936514,54.3328681002522
163.067971,1786095548.44,0.020120859146118164,0.030492350459098816,0.30000001192092896,0.02180560030259813,0.028764238197906508,0.30164101618144623,0.09178983259383423,0.02174738571757784,0.024937523535442256,0.9952285153505027,0.0917217860420955,0.008706792342343679,0.02784230824990122,0.9953572783697685,55.28447682459133,54.865434310668164
163.127037,1786095548.507,0.020120859146118164,0.030492350459098816,0.30000001192092896,0.02178782394380767,0.028787554280206865,0.3016230963888708,0.08956951646075494,-0.01160381879405734,0.02139544011373914,0.9956831264276405,0.09130787699684706,0.004770082885124639,0.0265936414392675,0.9954561246697905,55.05238460777143,54.945817220765754
163.327086,1786095548.607,0.019730282947421074,0.030714066699147224,0.2990000247955322,0.021728039250917618,0.028833624269294155,0.3015138934188557,0.08874438415206168,0.01629703648745421,0.0253597481342789,0.9955981739927829,0.09071409414794193,0.00744529366071096,0.026307616207524812,0.9955015972135361,55.659208570012815,55.379253991154286
163.391494,1786095548.774,0.019730282947421074,0.031037423759698868,0.2990000247955322,0.02167537894168334,0.028925406519999763,0.3014216620823342,0.08827273037282858,-0.0018427599242366525,0.026973767073160702,0.9957293533878925,0.09006608190351506,0.004976906691086147,0.026484894853404987,0.9955711333877362,54.629310987382446,54.97400981903297
163.456237,1786095548.841,0.019730282947421074,0.03136077895760536,0.2990000247955322,0.02165942972041498,0.028984646914301256,0.30139442124102345,0.0876090426819599,-0.012321958171173611,0.027782339587078243,0.995691200420214,0.08969323965546948,0.0023394196134225533,0.02668324367598745,0.9956091875745757,54.96917481989107,54.97277496515807
163.523659,1786095548.874,0.019986720755696297,0.030933616682887077,0.2980000078678131,0.021652671168339452,0.028986847184498087,0.3013071115633708,0.08828218872413092,-0.011876630387894467,0.034892441293605664,0.9954133404497242,0.08955164173290762,0.0009017262331686397,0.02751379980850205,0.9956016679238937,54.6008851457192,54.8987985253105
163.595513,1786095548.974,0.019730282947421074,0.031037423759698868,0.2990000247955322,0.021633721109898127,0.029003826011679022,0.30129693646853045,0.08922471671159456,-0.00944762658968404,0.028011627397350074,0.9955727201014046,0.08948018007115822,-0.0013867375221976509,0.02762413518028561,0.9956044804484454,54.58985487184684,54.78334244407829
163.655029,1786095549.041,0.01940677873790264,0.031037423759698868,0.2990000247955322,0.02159571801589206,0.029013057673507935,0.3012907233750091,0.08575155247429635,-0.03641225535286267,0.023315872339991904,0.9953779126569924,0.08867751382795497,-0.009017058866931996,0.026688560833771167,0.9956619466020107,54.61387972255488,54.74212927659751
163.839535,1786095549.141,0.01979627087712288,0.03146566450595856,0.30000001192092896,0.021581359430200397,0.02907557660271997,0.3012267051856619,0.08880414945010984,-0.012478579062927406,0.021290060309330828,0.9957433612317171,0.08870785389342353,-0.009837404874973844,0.02540932127521893,0.9956849444052479,55.25685730639045,54.99845792499895
163.907035,1786095549.274,0.020120859146118164,0.030816787853837013,0.30000001192092896,0.021543934445450108,0.029117419606891317,0.301179849433131,0.09183837255158148,-0.007070842953008299,0.020991631006329493,0.995527532484514,0.0894266097085694,-0.009202500817450218,0.024395528065142173,0.995652074604959,54.614295598570514,54.82243495832044
163.970206,1786095549.341,0.019730282947421074,0.031037423759698868,0.2990000247955322,0.021528107297848136,0.029123297870321314,0.3011230887481965,0.08861860426251833,-0.003257074046289201,0.027217154180234418,0.9956883854728594,0.08932588726773326,-0.008459810717051717,0.024748068730873287,0.9956590031534672,55.25685730639045,54.994658967642806
164.036457,1786095549.408,0.020053790882229805,0.031684134155511856,0.2990000247955322,0.021514327781965402,0.029190285066584446,0.3010826069395546,0.0919850003318224,-0.007583067290210474,0.027368045164434588,0.9953553370069929,0.08962613678522123,-0.008360842716825842,0.025043852328075135,0.9956254603888909,55.26009484225673,55.08633713759454
164.223712,1786095549.541,0.020053790882229805,0.031037423759698868,0.2990000247955322,0.021496860005175655,0.029216512513781837,0.3010359385628093,0.09069403668804735,-0.01907882012115691,0.02877250917556765,0.9952802284019077,0.08983435842643712,-0.010441594412753028,0.025767946247048475,0.9955685682555667,55.195660298696986,55.13014343663059
164.297101,1786095549.675,0.019730282947421074,0.03136077895760536,0.2990000247955322,0.021464845880327803,0.029252750305421932,0.3010069137534131,0.08979658802225071,0.026822817048725637,0.024636293847256806,0.9952940079647845,0.08983639411036236,-9.352941271834059e-05,0.02545724298357487,0.9956311276397357,54.945583983527285,55.05792128708927
164.360411,1786095549.741,0.01940677873790264,0.031684134155511856,0.2990000247955322,0.021426570391623496,0.02929692297416407,0.30099565228268776,0.08364517972673893,-0.0016147702654192534,0.0201403027969672,0.9962907430206898,0.08890721840302053,-0.00032193489117719385,0.024659049380180438,0.9957345701327384,56.9769857662439,56.33746704181366
164.422748,1786095549.775,0.019730282947421074,0.03297756239771843,0.2990000247955322,0.02142474716647394,0.029427059676193867,0.3009905101463991,0.08397774569706766,-0.06406143721580183,0.025364581722870285,0.9940827473020082,0.08845347352356007,-0.00043345966579453547,0.02426929643901101,0.995784513027136,56.799854993169646,56.5386386624142
164.486639,1786095549.842,0.020053790882229805,0.033300913870334625,0.2990000247955322,0.021405635094864626,0.029658331710479095,0.30098217297526886,0.09043908879927684,-0.008267964918278524,0.02037845182803005,0.9956591438209963,0.08875223079846192,-0.0016104550552932038,0.023684891855396448,0.9957707938379241,57.66975371788486,57.2850200634677
164.559681,1786095549.942,0.019986720755696297,0.03254499286413193,0.2980000078678131,0.021390309447423494,0.02972255547237244,0.30083057293076987,0.08915334386703636,-0.019139766884824803,0.028379920750465037,0.9954295207090845,0.08884105256689445,-0.005384176517832339,0.024696288071956653,0.9957250480817975,57.657768074578804,57.52856241035591
164.736566,1786095549.975,0.020053790882229805,0.03233084827661514,0.2990000247955322,0.021384176478005713,0.02972717975818366,0.300814536489784,0.09004081946674282,0.00067953378347727,0.01991135654613326,0.9957387844932462,0.08894576971867381,-0.004856032188756645,0.024279574027795035,0.9957286634849692,56.98488719703754,57.44957969575722
164.811064,1786095550.175,0.019986720755696297,0.03286726772785187,0.2980000078678131,0.02136871712148155,0.029864714930195237,0.3006670228501457,0.08686646593649863,-0.011711635058945739,0.027586892133208477,0.9957690586086615,0.08837218739583494,-0.00674902628417479,0.025192939280872267,0.9957460132732048,57.33441429821711,57.38204578658231
164.889381,1786095550.242,0.019730282947421074,0.03394762799143791,0.2990000247955322,0.0213516990123261,0.030065214774028785,0.3006219717287692,0.08848388516970715,-0.021100972640685837,0.02160255702666694,0.9956197469660798,0.08838852137684239,-0.008701769309353267,0.024704773400463478,0.9957416445398546,58.63726267663967,58.156190727460015
164.971445,1786095550.342,0.019598308950662613,0.033720552921295166,0.2970000207424164,0.021321996064347672,0.030197464488734973,0.3003642984880344,0.08640143812189345,-0.018726883994778933,0.04073437561757108,0.9952511270776644,0.08798009120785652,-0.010775845024362534,0.028021425554646658,0.9956697165350333,58.489099070592324,58.35134181671957
165.051862,1786095550.409,0.01966429501771927,0.03351181373000145,0.2980000078678131,0.021311630818544498,0.030232072151200388,0.3003532355761472,0.08637878507801432,0.018883079772869977,0.031077442407993133,0.9955984769775993,0.08766951695702538,-0.004908954752846058,0.028628003278458033,0.9957260644314002,57.632778421714455,58.11579564628105
165.21127,1786095550.542,0.019986720755696297,0.03318953886628151,0.2980000078678131,0.021288082397609973,0.030271408647094065,0.30033691009331903,0.0894230987965437,0.014277405784768316,0.031830418747705494,0.9953825845010683,0.08818859878392378,0.0007322616594497515,0.029570750819779845,0.9956645045060835,57.93687055210647,58.052082599851026
165.278501,1786095550.642,0.019986720755696297,0.03318953886628151,0.2980000078678131,0.02127574931244859,0.030292949622346424,0.30032658470815754,0.08926014808565826,0.021200976485054236,0.031074643528513107,0.9952976997307802,0.08844945053511087,0.005650112896146761,0.029933217121567164,0.9956147716044851,57.612459550715315,57.87970642305065
165.33769,1786095550.709,0.019919652491807938,0.03404174745082855,0.2970000207424164,0.021272181361348303,0.030408509913480486,0.30020257558531255,0.08868635479541345,0.021403765515099652,0.0375392574656728,0.9951218083449898,0.08849527912403063,0.008562016443336144,0.03133974467414277,0.9955466326852517,57.577357683598564,57.793451473667325
165.40427,1786095550.776,0.020562339574098587,0.03404174745082855,0.2970000207424164,0.021253919192114296,0.030490220098746496,0.3001157290103723,0.09442619349900948,-0.012232290680062478,0.03419075955460221,0.9948693668050522,0.08969729605721105,0.004359880383052811,0.031917129135267515,0.9954479812581033,57.91884698165577,57.828992729633924
165.47511,1786095550.842,0.019730282947421074,0.034270983189344406,0.2990000247955322,0.021230218102916937,0.03058269351556815,0.3000547628577079,0.09102933076586633,-0.018293701784227255,0.02147236178621972,0.9954486119808846,0.08999391930234435,-0.0006030454404187246,0.029630495795117492,0.9955012629543649,58.262069578066445,57.99996051642241
165.541401,1786095550.909,0.020240996032953262,0.03436293825507164,0.2970000207424164,0.021219154410731574,0.030663918940046032,0.29994648166148324,0.09219505922580841,-0.005706022253847015,0.03343832842011679,0.9951629969793172,0.09041739920433614,-0.0015840782280025553,0.03036264388163137,0.9954397492936519,57.93802335397913,57.988512068218114
165.719569,1786095550.976,0.020240996032953262,0.03436293825507164,0.2970000207424164,0.021210829882216536,0.03072244663184218,0.2998704555687526,0.09003466682653931,-0.007563918271222418,0.03361359845100381,0.9953424897536501,0.09035249277966347,-0.002602827014279908,0.03091658604570817,0.9954264498431379,58.22440731173419,58.06592645571229
165.79575,1786095551.176,0.01985258050262928,0.035527683794498444,0.29600000381469727,0.021177839326752462,0.031184049754503375,0.2994915749397922,0.09005284058379441,0.021263123243193825,0.03731465047149827,0.9950105438400764,0.09025687221154999,0.005505761828270286,0.03309252982667012,0.9953533383050208,58.7251863026624,58.495648924915294
165.875597,1786095551.243,0.021133629605174065,0.03520757332444191,0.29600000381469727,0.021175918999094313,0.0312386623264039,0.29940241178915306,0.09280265284451006,-0.04491988423698312,0.03723507002984355,0.9939735515520672,0.09089926179615121,-0.006793598194006716,0.0341108863565658,0.995252540142683,57.91959529946297,58.26515152493417
165.946874,1786095551.309,0.021133629605174065,0.03520757332444191,0.29600000381469727,0.02117459868502035,0.03127869448313806,0.2993394450931838,0.10060878019255148,0.030790845647434974,0.036012872597416895,0.993797197711769,0.09143466007050301,-0.017252817306502473,0.034972851927355685,0.9950472063479439,59.0869650567693,58.66862720234445
166.119244,1786095551.376,0.01953231915831566,0.035527683794498444,0.29600000381469727,0.021111164319818992,0.03136127318949955,0.29929303307918437,0.08749574517068677,-0.012069948650007673,0.033989575770025926,0.9955116873525826,0.09050981620690747,-0.016035493930063347,0.0347420295686254,0.9951602019203056,58.3955891899986,58.60352845222833
166.181494,1786095551.543,0.01953231915831566,0.035527683794498444,0.29600000381469727,0.02103375878328935,0.031469992538686785,0.2992290058620454,0.08852625090800989,-0.00947533850077058,0.03990978830436302,0.9952288830505115,0.08986509594508542,-0.013900948795877192,0.03642389940916362,0.9951905986820746,58.91518870650447,58.77578681480071
166.255575,1786095551.61,0.01953231915831566,0.035527683794498444,0.29600000381469727,0.021011308643964527,0.03150294875626196,0.2992090391329684,0.08837660746621574,0.02116867208385119,0.03754683362107796,0.9951541075933918,0.08954942318529396,-0.006242062728432175,0.03667301987984065,0.9952874092808409,58.74407379320546,58.7694040017443
166.315983,1786095551.676,0.018571535125374794,0.03616790845990181,0.29600000381469727,0.020902746403591316,0.031638350506347675,0.2991932633781004,0.08491805227265677,-0.05742532656971821,0.044229607087896715,0.9937479550285524,0.08927942359651338,0.00020979906280898175,0.03688119609705648,0.9953235242277146,59.10680971040319,58.89194072798813
166.383422,1786095551.743,0.018891798332333565,0.036488018929958344,0.29600000381469727,0.02085951637756151,0.03179734771198143,0.29918005673012527,0.09411632157219904,0.025264989989242835,0.03665073245510558,0.9945654941254829,0.09047801249624106,0.006390508082743628,0.036826578243384214,0.9951968115885713,59.07085636359573,58.94629013010103
166.561058,1786095551.877,0.01818961463868618,0.03732184320688248,0.29500001668930054,0.02069394789455441,0.03223775470382696,0.2989290937828545,0.09135605798569137,0.05028001878126305,0.034807685419815576,0.9939388388710777,0.09084375121223238,0.023630956460851237,0.03604208513672935,0.994932137817164,57.689207399600335,58.087039134161586
166.63221,1786095552.01,0.01794297620654106,0.04185105487704277,0.29100000858306885,0.02055856880271808,0.034500547238482136,0.29726674215358273,0.0851692292272177,0.02139133387386376,0.05083760211989762,0.9948387565020965,0.08900795633429993,0.022906061363008382,0.04083631637730445,0.9949297921596068,58.48698018783801,58.239887535004556
166.706815,1786095552.077,0.017313271760940552,0.04625691473484039,0.29100000858306885,0.02042651755972046,0.037027426570714214,0.2967248047796181,0.08115300788459703,-0.03482195003411712,0.03576624703106243,0.9954508509617224,0.08679316659510758,0.006408543760482381,0.039400951234066305,0.9954262613780666,59.59321959284473,59.0076796603086
166.766034,1786095552.143,0.016368716955184937,0.047515735030174255,0.29100000858306885,0.020179085835386922,0.03904114351231555,0.29636771902032977,0.09215373750893298,-0.002772084680848666,0.033654836166813105,0.9951720234272273,0.08814039068223167,0.004103388960327427,0.03795865111731378,0.995376097028042,60.01949271559682,59.59191534046028
166.945375,1786095552.21,0.015109309926629066,0.049089252948760986,0.29100000858306885,0.019743894384973888,0.04091314438590378,0.29612113986180383,0.09210947261932663,-0.009159922115178113,0.03425784523208,0.995117249835761,0.08907050985077017,0.0010007468566511446,0.03709361160452821,0.9953338669807157,58.87946705087455,59.373021285487226
167.029101,1786095552.377,0.014330332167446613,0.04982902109622955,0.2880000174045563,0.01896912806062512,0.043119133066694605,0.2944747520247164,0.08873118356502989,0.06074854521474816,0.03533482796846417,0.9935732691904909,0.08895799090360546,0.027751294133053342,0.03632258383408877,0.994985935293535,58.52149259090948,58.8786932944557
167.104519,1786095552.477,0.014641938731074333,0.05200924351811409,0.2880000174045563,0.018772818604720007,0.04476875079447891,0.29391452211289437,0.09532041553768415,0.048017849008051706,0.02891123835369005,0.993867418147521,0.09088015993107801,0.033860422939998774,0.03409099805826367,0.9947020016771946,59.15757781833374,58.99995071765055
167.173976,1786095552.544,0.014330332167446613,0.052943624556064606,0.2880000174045563,0.018624118381194047,0.04579046562512215,0.2936582849916404,0.09098329167276836,0.06102508076581356,0.021211033708311407,0.9937545331735291,0.0909132693707806,0.04057056832988323,0.03091363998687285,0.9945517348536819,59.43599561225757,59.177092675820376
167.337852,1786095552.61,0.014641938731074333,0.05387800186872482,0.2880000174045563,0.018572067644964847,0.04674918200660812,0.2934820863291592,0.09083050006510378,0.054547590363642574,0.021809007503050475,0.9941321581335025,0.0908963299674817,0.04381278803219209,0.028803079939049587,0.9944790995236218,60.01952375481701,59.6134493435634
167.412662,1786095552.777,0.01448941882699728,0.053008563816547394,0.2850000262260437,0.01845757590651627,0.04738364417364113,0.29186586555452776,0.09545365909568097,0.010332740076740753,0.032549073020815306,0.9948479237015262,0.09269648103269021,0.030686175226218672,0.030276425925444002,0.9947608049613349,59.68078221913033,59.64794553807002
167.489724,1786095552.844,0.01418105885386467,0.05331677570939064,0.2850000262260437,0.018372696415044316,0.04763339736307263,0.29143421760345306,0.09526541142077,0.07120032221543153,0.026812870278576872,0.9925402185758895,0.09337257535087815,0.04112095020817151,0.029389592959585365,0.9943474651508855,58.63374424523845,59.1317546359421
167.571599,1786095552.944,0.014081542380154133,0.05386078357696533,0.28300002217292786,0.01826967312658486,0.04802919335660738,0.29027286016607373,0.09452091979518598,-0.014260307993247085,0.028312606433986382,0.99501800770334,0.0938418837467115,0.02013045464697186,0.028991731728318572,0.9949612782123574,59.00087604089374,59.081355156354746
167.730733,1786095553.044,0.01306992955505848,0.05530347675085068,0.281000018119812,0.01795061291596722,0.04876685021599607,0.2887515521981674,0.09017221995235739,0.013877728971008444,0.03226398936872443,0.9953066936263845,0.09272502942468143,0.018226512767900774,0.029988392658138074,0.9950731427670505,59.82340418674568,59.473315598934875
167.795445,1786095553.178,0.013677994720637798,0.05591125786304474,0.281000018119812,0.017889319710802896,0.04952623825964819,0.28777168474287546,0.09194263407935842,0.004997085019157258,0.02638064028543973,0.9954022518549929,0.09248934791786019,0.01421048101482552,0.028893693468350926,0.9951929145792856,58.27448631123286,58.666352648467864
167.861974,1786095553.244,0.01459009014070034,0.05682292953133583,0.281000018119812,0.017786801800478827,0.050039081031101704,0.2874431693247316,0.09469215078451042,0.04441858151491495,0.01593893792957169,0.9943874176867302,0.09298709116648846,0.020918654330300365,0.026020172118406935,0.995107412001505,59.50943139520559,59.0342470514573
167.93648,1786095553.311,0.01459009014070034,0.05712681636214256,0.281000018119812,0.01771329872523374,0.05047756210113687,0.28721298580565363,0.0951982883693178,0.05952652615135884,0.02117724909215871,0.9934512583397298,0.09358818506585975,0.031175983557995376,0.02473775706077503,0.994815235629648,59.549022032042245,59.23747339739724
168.102566,1786095553.378,0.01459009014070034,0.057734597474336624,0.281000018119812,0.017660530902453297,0.05095015455130297,0.2870514348370211,0.09276325498395688,0.05696650296826933,0.0214692471685623,0.9938253707218199,0.09337431581249978,0.03805831951392957,0.02386743903670821,0.9946170855239479,59.223461649620276,59.234961673712064
168.165535,1786095553.544,0.01459009014070034,0.057734597474336624,0.281000018119812,0.017590020379613488,0.05149395733435274,0.2868465836060515,0.09256388193141443,0.016420795738643384,0.02543820904729481,0.9952462925073186,0.0930651410990679,0.029666272021717323,0.024478148813915607,0.9949168870047326,59.90944753816964,59.653119770918835
168.229742,1786095553.611,0.015198154374957085,0.05682292953133583,0.281000018119812,0.017520495920847378,0.0515611783550729,0.28678539861734814,0.0903332871477988,0.02594470840846036,0.024516900938099717,0.9952716668865162,0.09259166235006522,0.0290211098299516,0.02448490487958875,0.9949799237575233,59.00419352794248,59.37761483028356
168.299966,1786095553.678,0.015667689964175224,0.05742957815527916,0.2840000092983246,0.017450653949101818,0.051660296512467306,0.2865142857387888,0.0928135900084084,0.007687050728825745,0.01270626444139815,0.9955727485245811,0.09264057822791306,0.024744212266677525,0.022124011540573734,0.9951462080208375,59.19697819557519,59.32580746128923
168.373525,1786095553.745,0.015612523071467876,0.05692131072282791,0.28300002217292786,0.017403834967049524,0.051714539394478086,0.28638146428479494,0.09053782529135684,0.035874007226877086,0.023425167255728987,0.9949709640668107,0.09224629837414791,0.026836231798761344,0.0223687749735219,0.9951231456484643,58.9397090482931,59.183334046341535
168.55104,1786095553.911,0.015667689964175224,0.05742957815527916,0.2840000092983246,0.01734044046077871,0.051868803354481526,0.2861368943468466,0.09050689920242547,0.00472301938357845,0.02637034078530972,0.995535433528878,0.09168842184180857,0.01968012846473207,0.023665244618888432,0.9953119521240054,59.614875804705626,59.41419907679272
168.620833,1786095553.978,0.015974968671798706,0.058658111840486526,0.2840000092983246,0.017309965370436296,0.052218109202089344,0.2860683646553944,0.08822871246431951,0.009751377604276305,0.025847773975410583,0.9957170770415777,0.09114063438574739,0.018106200664319106,0.02401143966052171,0.9953838460748174,59.32808184718532,59.3943886097718
168.684672,1786095554.045,0.014591097831726074,0.0598984956741333,0.28700000047683716,0.017207806296888617,0.05281962067075209,0.2861796288054105,0.08858735799501602,0.017323902551659214,0.0117060141421277,0.9958489502111993,0.09073039322072737,0.017980401596941982,0.02202984283982307,0.9954694304341432,59.26656014554481,59.36268075178585
168.738795,1786095554.112,0.011796383187174797,0.060519251972436905,0.28700000047683716,0.016576192575491814,0.0534132052988694,0.28625153362556366,0.08933052895828225,0.08141342792196796,0.019542575443668237,0.9924766990187007,0.09037834530027412,0.03560729800814962,0.021347894257596953,0.9950417792435198,60.04022905878013,59.673299589202315
168.805452,1786095554.178,0.009967849589884281,0.061664506793022156,0.2880000174045563,0.015664811734601037,0.0541698611988083,0.28641673261995976,0.09158559141476594,0.041371016467918055,0.016489157822818474,0.9948007972030949,0.09066299939760673,0.03696423485245849,0.020204284600863,0.9949902777242444,60.280346506812144,59.95595879075918
169.005182,1786095554.245,0.008098214864730835,0.06197596713900566,0.2880000174045563,0.014486138600239857,0.054777052682486053,0.2865274192744762,0.08962485468880958,0.04032943030742547,0.016676205957627897,0.9950190081741891,0.09045490749056159,0.03763943394303647,0.019496521806061585,0.9949980242999417,60.29166496836244,60.093654726384585
169.073447,1786095554.445,0.00778660923242569,0.06228742375969887,0.2880000174045563,0.013064398527904203,0.05568121289576103,0.2866648434546953,0.09220980580017611,0.04622468767043856,0.016103062126489712,0.9945357315623279,0.09101507937371502,0.04037599686363481,0.018415181611414335,0.9948602491255155,60.937785793238334,60.68951973933267
169.146275,1786095554.512,0.006899373605847359,0.061151862144470215,0.2900000214576721,0.012518437899677666,0.05575459009516382,0.2869662394524484,0.08212289922181724,0.04933590498782322,0.002795594459649091,0.9953963946860833,0.08955069482869857,0.04185520691267778,0.015838979827153266,0.9949763521953822,59.47215486386951,60.03656668220553
169.21129,1786095554.579,0.0047029852867126465,0.06052461639046669,0.2900000214576721,0.011494487740707571,0.05590939685147954,0.28716613564429994,0.07920807530827477,0.029110284692058102,0.017894179876140042,0.9962722873078758,0.08773442138308578,0.03961569761619605,0.016200565495971778,0.995223999652625,59.842318648695745,59.96911415697336
169.274494,1786095554.645,0.0031341358553618193,0.061151862144470215,0.2900000214576721,0.01032038754581319,0.055926577196451596,0.2873003746044552,0.0825647595875159,0.04967985277435221,0.022917743674028563,0.995082785363844,0.08684135572015556,0.04135689912818278,0.017362579024115903,0.9952119003914786,60.02416320826569,59.980602982430945
169.466713,1786095554.712,0.0021928264759480953,0.059897370636463165,0.2900000214576721,0.009245626287053048,0.05610822996056303,0.2873945547238898,0.08381801076721075,0.039587603405731024,0.02415387179207598,0.9954014030556066,0.08635826577411009,0.041074152278870714,0.01844857013428555,0.9952461073558945,58.945898400778596,59.40488176876934
169.534119,1786095554.912,0.00031020771712064743,0.061151862144470215,0.2900000214576721,0.006994300918792258,0.05627142264995605,0.28752172662200626,0.0823708724802959,0.016813180010375482,0.025733150236814818,0.9961275828545574,0.08503305344342958,0.03297553974643436,0.020882506861860804,0.9956133358426266,60.53331800562293,60.16023171265324
169.596775,1786095554.979,-0.004096647258847952,0.06167743727564812,0.29100000858306885,0.00481824707397755,0.05641904313505099,0.2876871997031775,0.08339643491494791,0.01794924246727225,0.012274264183382516,0.9962791786327186,0.08476721742110079,0.030519322790242304,0.019475434239864413,0.9957428369053314,59.910803808216336,60.08156354344759
169.660851,1786095555.012,-0.004396339412778616,0.06177910789847374,0.2900000214576721,0.0039334339806100845,0.05649213394253807,0.2876943456430098,0.09607503837399681,0.046052370866942825,0.02320760394953898,0.9940373097916847,0.0860315315151004,0.03225440964132519,0.019892560957045783,0.9955714513094608,60.0414472805899,60.07678393386523
169.816912,1786095555.146,-0.005006555002182722,0.061878617852926254,0.289000004529953,0.0020264622559843363,0.05668991145753003,0.2877754112687281,0.09327302353163218,0.04066073267776184,0.03040596844684248,0.9943451739623342,0.08811618521878548,0.03467276178442924,0.022916591923244172,0.9952427680256474,60.09322410137772,60.0816927362374
169.89168,1786095555.246,-0.006569994147866964,0.06312878429889679,0.289000004529953,0.0005860197991260677,0.057163008692092995,0.2878128669729336,0.0935437202317187,0.016025608499902012,0.025640343987164516,0.9951559300117936,0.08938568296133136,0.030322809518442545,0.023552943288022474,0.995256743643024,60.04931276963522,60.07303038596823
169.952602,1786095555.312,-0.008446121588349342,0.06250369548797607,0.289000004529953,-0.0006840536895014234,0.05723975140653936,0.28783078812398927,0.0976800728377798,0.03316317488816023,0.03091151101805517,0.9941847341859177,0.09074863490557092,0.030789541850173838,0.02476161329658627,0.9950897205188998,59.42873230213627,59.78614698796015
170.021288,1786095555.379,-0.00907149724662304,0.062191158533096313,0.289000004529953,-0.001719253599345626,0.05726343518739946,0.2878441653650126,0.09493707482455653,0.024020501690296465,0.0317404574516026,0.9946871421120643,0.09142481880881989,0.029698091441149668,0.025887321725067546,0.995032347436218,58.61154025513669,59.101703170003304
170.226724,1786095555.512,-0.009730425663292408,0.06209273636341095,0.2900000214576721,-0.003008845605982018,0.05732413941450815,0.28794906508862067,0.09834224688563081,0.04844109927404399,0.022132683332714256,0.9937265251099527,0.09326906771363426,0.034686313316060084,0.024889360647654003,0.9947252185417441,59.395319211850186,59.2094028509039
170.296106,1786095555.679,-0.010009560734033585,0.06031590700149536,0.289000004529953,-0.0038588806178595034,0.057656115838409815,0.28799027448901093,0.11214079893414185,0.07863257097672753,0.025343277492796894,0.990252027658578,0.10026146836671067,0.050920333403299524,0.025063634063025805,0.9933411155562839,59.380537199748204,59.27665269685828
170.355008,1786095555.713,-0.010634935460984707,0.06031590700149536,0.289000004529953,-0.004101943949433948,0.05771114453128841,0.28799732785929283,0.11751549102721759,0.10239288153707635,0.021633200648583848,0.9875412962549285,0.10188824582048009,0.05574187778317285,0.024745908823536295,0.9929246035935098,60.744606984643774,59.94704828140256
170.418901,1786095555.779,-0.010947623290121555,0.0615660734474659,0.289000004529953,-0.004508736739796115,0.05778896032316875,0.2880075110790502,0.10966423502880474,0.05109847071018593,0.02797433956918557,0.992260116185416,0.10364029057887995,0.05469659470160403,0.025473179482737217,0.9927830023846168,60.23734596040948,60.071178294726465
170.485237,1786095555.846,-0.010322248563170433,0.06094099208712578,0.289000004529953,-0.004636529055647639,0.0578267639711484,0.2880153426350787,0.11219913460152442,0.04417091893636317,0.029477734772269844,0.9922657644339454,0.10547660331427751,0.052441368168928554,0.02633197446856,0.9926888818650286,59.5896310555601,59.926900434954945
170.656638,1786095555.979,-0.010947623290121555,0.061253536492586136,0.289000004529953,-0.005004880177189276,0.05786474266712853,0.2880255771075539,0.11101023945610072,0.03375123902529105,0.030392460390423225,0.9927808816408449,0.10719049698989869,0.046669903166507216,0.027587438817553496,0.9927593115720321,60.39727779291305,60.196083325487486
170.731017,1786095556.113,-0.012554354965686798,0.06177910789847374,0.2900000214576721,-0.005862266800646204,0.05800892718230154,0.2881341547301807,0.1176102205014802,-0.009287434277124336,0.03488921487225487,0.9924033062640103,0.1111924444741557,0.02541967922389852,0.03037341535258603,0.993009333208825,61.76128300436246,61.3581898648407
170.796997,1786095556.18,-0.01448675524443388,0.06136272847652435,0.29100000858306885,-0.006770102267512861,0.05802770561256099,0.2882921013271995,0.1286135787060283,0.027590284638864454,0.0237719057861465,0.9910258422772179,0.11519840507283295,0.025919170331558532,0.0288576915477471,0.9925848869071775,61.445602401283494,61.39657649888945
170.871787,1786095556.246,-0.01606101356446743,0.06167743727564812,0.29100000858306885,-0.007914779997485005,0.05806816905652083,0.2883993086555479,0.12647961982920616,0.06825237188623705,0.018473279388094333,0.9894459345757158,0.11836543520201263,0.03772036644188137,0.025970047311524403,0.9919134812812886,60.495298529579536,61.03055055926392
171.065741,1786095556.413,-0.016375865787267685,0.06167743727564812,0.29100000858306885,-0.009304000114972785,0.058126855784601375,0.28853157851198474,0.12663134109481483,0.04768866439628993,0.021183391127857564,0.9905763770053023,0.12153078816824182,0.04153524830974374,0.024139188895911507,0.9914244248728702,60.19079237673709,60.513428231275526
171.14119,1786095556.513,-0.017260901629924774,0.06177910789847374,0.2900000214576721,-0.01013341146439356,0.05817094948899946,0.28857966434117527,0.13493992996209683,0.08851359304439423,0.022076915881313237,0.986645411955767,0.1259768965600324,0.05700956573853566,0.02346681248324853,0.9901156698382683,60.32683912226828,60.4475523747255
171.216237,1786095556.58,-0.0172013808041811,0.06250369548797607,0.289000004529953,-0.010490918618381686,0.05831082832257083,0.2886011300555183,0.1348649278870593,0.0692173089610442,0.017855988867646763,0.9882821353377629,0.12805227114026546,0.05985737363804365,0.02215909346602113,0.9897114151376348,59.6719756460375,60.07400312915543
171.276733,1786095556.647,-0.017453467473387718,0.06228742375969887,0.2880000174045563,-0.010806650723428513,0.0583736436256666,0.2885588153794228,0.13358333878531997,0.04856610410925081,0.021061187998158686,0.9896227824230412,0.1292416676253924,0.05743362263009187,0.021923639719312733,0.9897056756240461,59.35941616067782,59.715435444722864
171.459909,1786095556.713,-0.017765073105692863,0.06291034817695618,0.2880000174045563,-0.011107327818645915,0.058525913092786076,0.28853052047236616,0.1313978038369978,0.011778576100627278,0.019066884207920003,0.9910763523656778,0.12985250098609222,0.04507881705582384,0.021154367441536277,0.990282142108325,59.71073848561995,59.71400355590572
171.529101,1786095556.88,-0.01764170452952385,0.062473468482494354,0.28600001335144043,-0.011421515052442557,0.0585936447880681,0.2881136517912209,0.14328954483612288,0.09258188190576049,0.028154057581817903,0.9849386024139394,0.13600910670731228,0.06671471137027496,0.024346994921955988,0.9881588404794698,60.09985415903259,59.892974720204215
171.604063,1786095556.98,-0.018013911321759224,0.06300228089094162,0.28700000047683716,-0.01166184827034652,0.058735614144491424,0.2880862222936997,0.13799594504055507,0.05855283231457607,0.019509895616502917,0.9885079913452083,0.13655572349447692,0.06447508318404539,0.023019547481834966,0.9882639315805479,59.7807823916672,59.85198157793897
171.666905,1786095557.047,-0.018388284370303154,0.06322180479764938,0.2880000174045563,-0.011872949834853668,0.05884283393567473,0.28808380022507923,0.14191578135775076,0.08207150942550617,0.01566148577659071,0.9863462354596928,0.13768293486329186,0.068162992479372,0.021479063355439084,0.9878946632820023,60.08225640753282,59.91389364534335
171.724455,1786095557.08,-0.018324434757232666,0.06300228089094162,0.28700000047683716,-0.011949563151306977,0.05886529462868358,0.2880712840071816,0.13915454229060026,0.0723313773389484,0.017260212624834296,0.9874746934844912,0.13784654683694164,0.06862583396897748,0.02101078579422607,0.9878498728640412,59.46128191975285,59.79056029484509
171.867807,1786095557.18,-0.018634958192706108,0.06362304091453552,0.28700000047683716,-0.012198245858637276,0.05905450790158285,0.28804724445117563,0.13595017405472476,0.06797303976707934,0.017891797748246563,0.9882191556596387,0.1374380461019777,0.0684852393672771,0.020338678056054826,0.9879306117574299,60.09082069571097,59.899960998542895
171.931791,1786095557.314,-0.018324434757232666,0.06300228089094162,0.28700000047683716,-0.01227205026487732,0.059101403136275404,0.2880280973580357,0.14026424409691107,0.06875974928424669,0.017911467819160098,0.9875612477344647,0.13802117908208644,0.06854194294177715,0.019838028334175088,0.9878555607042809,60.09128438118501,59.97245644337776
171.997313,1786095557.347,-0.018634958192706108,0.06269190460443497,0.28700000047683716,-0.012331097220432661,0.05913458728406523,0.28802402496777846,0.14443970746784598,0.07335499530176791,0.01689609832427376,0.9866462068200014,0.13847040390272627,0.06887871781777756,0.01963232760517265,0.9877733754194825,59.746059366412666,59.926980831483185
172.072679,1786095557.447,-0.018879471346735954,0.06309206038713455,0.28600001335144043,-0.012524913052153383,0.059162542720607746,0.2879146922243921,0.13979782516284153,0.0689197469870593,0.024481520305065806,0.9874752106855808,0.13868127194029137,0.06888534490587842,0.020401824771411253,0.9877277355710011,59.12468610428702,59.46721693148697
172.131895,1786095557.514,-0.01925600692629814,0.06300228089094162,0.28700000047683716,-0.012714757175393835,0.0591762175474166,0.28790216100025307,0.13704218772815693,0.06325419319496371,0.01868820199887505,0.9883668837693744,0.13850035201870914,0.06826302975856204,0.02021244623545751,0.9878002167827531,59.77232294535366,59.5426608721241
172.289519,1786095557.647,-0.0189454834908247,0.06269190460443497,0.28700000047683716,-0.012809998073876599,0.05925701589446713,0.28788714783064995,0.13733126707231086,0.05060440765075461,0.02052591764858617,0.9890187074647847,0.13825264140134455,0.06446768312770373,0.020280389442003752,0.9880884731549994,60.04611990971283,59.786206808583046
172.352952,1786095557.714,-0.019498353824019432,0.06309206038713455,0.28600001335144043,-0.012983992644356871,0.0592955286876917,0.2878236577880078,0.13942503980294385,0.051900803340091145,0.02688107131703767,0.988506131945295,0.13841833058537473,0.06271055811864454,0.021203970660055423,0.9881589666074246,60.06560599415484,59.86782730790007
172.411032,1786095557.781,-0.019738540053367615,0.06287146359682083,0.2850000262260437,-0.013170281303200219,0.059312114439751366,0.28765793055828287,0.1498396971054142,0.04027220791269898,0.02817706384184936,0.9874878568946791,0.14051737494054448,0.05860388665087796,0.02248226679442299,0.988086534413365,61.014842861237625,60.50192481512969
172.476491,1786095557.848,-0.020355259999632835,0.06287146359682083,0.2850000262260437,-0.013470082075610014,0.05932595212623071,0.287544683369688,0.15351689064022697,0.04896597087527109,0.026474698438952178,0.9865769044159535,0.1429733040422715,0.05678653676137681,0.02323609234919299,0.9878228624537017,61.60592882048144,61.16121466014934
172.538936,1786095557.914,-0.020971979945898056,0.06287146359682083,0.2850000262260437,-0.01385203127196121,0.05933770339760653,0.2874667434849836,0.155691452997114,0.05777533048315211,0.03136815255347785,0.9856156561543611,0.14535758023802936,0.05697271865075052,0.024759399987145023,0.9874270886040973,60.77869877015512,61.06602933323767
172.723073,1786095558.081,-0.021743396297097206,0.062430258840322495,0.28300002217292786,-0.014688452913776621,0.05944280448638208,0.2868164738634606,0.16075690673363358,0.0679464874038917,0.029791147517575587,0.9842016964608895,0.1502577812350416,0.06046268103231505,0.026359576901172754,0.9864441373368784,61.145667641648416,61.110553177627565
172.784873,1786095558.148,-0.02603013999760151,0.06365446746349335,0.28300002217292786,-0.016528751069217366,0.05960178684080818,0.2866391387087728,0.15366563325545507,0.07075940310617118,0.029483435631668567,0.9851450182849282,0.1507942276404657,0.06208017535954117,0.026850366974827882,0.9862485541337748,61.09475705466635,61.10626212262652
172.854668,1786095558.215,-0.027366342023015022,0.06320461630821228,0.281000018119812,-0.01823360314589276,0.059642689489622217,0.2860831700561345,0.1547258763197891,0.02926475957363152,0.04949826582364232,0.9862826160511108,0.15170598277980046,0.054655967218874724,0.03198406278217235,0.9863949714815716,60.845889664359525,61.04198803352306
172.923059,1786095558.281,-0.029494566842913628,0.06411628425121307,0.281000018119812,-0.020180197019071797,0.05982377340506829,0.2857207695788621,0.14951258808225862,0.057101488791642965,0.04452515753642508,0.9861049215621425,0.1512502923618121,0.055167146106449357,0.03460203641477989,0.9863481302901559,61.0637145391825,61.0473329635731
173.093452,1786095558.381,-0.03139771893620491,0.06426339596509933,0.27900001406669617,-0.022688190390418597,0.0600254966830672,0.28474609393066774,0.15021289891001838,0.0492040788865096,0.05920759663560704,0.985651816881912,0.15096765268577692,0.053489535400010654,0.041541462850183564,0.9862159724469608,61.01675459926042,61.039108855005225
173.157471,1786095558.515,-0.034539755433797836,0.0663105770945549,0.2800000011920929,-0.026025039609421912,0.06086491120720246,0.2844443879678798,0.1498675307941131,0.05153124077959522,0.0649430590530147,0.9852241640957796,0.15063041669656532,0.05287637935331076,0.04890931693110898,0.9859626994920427,60.78731537360053,60.93444636045069
173.218405,1786095558.582,-0.03570180758833885,0.06647925078868866,0.28200000524520874,-0.027513513670301918,0.061188402881155346,0.2843188083426005,0.15125291350099562,0.0514814995666985,0.0707393890372094,0.984615737330288,0.1507630511395485,0.05259439184861143,0.053356624406933256,0.9857268399455632,61.601491026801384,61.24403282911251
173.292952,1786095558.648,-0.035396695137023926,0.06495439261198044,0.28200000524520874,-0.028332571049334503,0.061251844536004844,0.28423323455493,0.15441400094732952,0.055482559313083595,0.0714934973767769,0.9838529777138174,0.15151971031310155,0.05319103314511503,0.057095340884317315,0.985369277696891,62.08769179866612,61.6881540459617
173.469941,1786095558.715,-0.03595501556992531,0.06572220474481583,0.2840000092983246,-0.029052138116357883,0.06133919689041454,0.2842115599137447,0.14493828131444908,0.025281070221824305,0.061623095745781245,0.9871962095595581,0.14998839045220144,0.0466523921432434,0.05816107670823366,0.985872368105025,61.12355560009301,61.50978277922361
173.529823,1786095558.915,-0.0365176647901535,0.06587573885917664,0.28600001335144043,-0.030195032325770338,0.061516219097092886,0.2846016729434366,0.14614359420075573,0.02264671832994652,0.04934289803354066,0.987772470985409,0.148476651712134,0.037141996571831606,0.054670854223829966,0.9867047449391577,61.7228997285996,61.63199332723698
173.597948,1786095558.949,-0.0380648709833622,0.06556644290685654,0.28600001335144043,-0.030638619910100234,0.061528743822630697,0.28465450654614227,0.13529201375837918,0.05699711208297472,0.04570619030662822,0.9881084679300435,0.1482094759708823,0.035470966675831224,0.05405715499527712,0.9868402027427415,60.52220125786519,61.186549984903394
173.672725,1786095559.049,-0.038415487855672836,0.06608329713344574,0.29100000858306885,-0.03150950880026475,0.06163779278608837,0.2861730177213427,0.13363670962873006,0.08826129165940484,0.027884148130362687,0.9866983574108472,0.1430739116304661,0.05431676715904961,0.0447438604467929,0.9872069345220713,61.57367020083462,61.327196520613384
173.73438,1786095559.115,-0.0372210331261158,0.06549277156591415,0.2939999997615814,-0.03159636306113003,0.06169044578436917,0.28777764343924456,0.1180281990883279,0.03006212112256644,0.029366863983459963,0.9921205573887455,0.13578398022889998,0.04724423360491979,0.04026157804590283,0.9887920400354844,59.521980061339946,60.12834922748681
173.793348,1786095559.149,-0.03663681447505951,0.06487629562616348,0.2970000207424164,-0.031637936433342985,0.061752001481419176,0.2891579367873937,0.11498767005054854,0.03163560621634163,0.00977270455198976,0.9928149467052811,0.13224350825688527,0.04458065482645613,0.03505273648299698,0.9895936162911566,57.5274690821885,58.40585466191605
173.954856,1786095559.215,-0.037656061351299286,0.06585604697465897,0.30000001192092896,-0.03181136293072049,0.061803047179313966,0.2919844644470174,0.10864390641023558,0.024856813388740278,0.010611481087760761,0.9937132568790683,0.12433451605927032,0.03795907377026814,0.026843935354368575,0.9911505637235449,57.713124693684,57.906593149372554
174.031644,1786095559.382,-0.03888736292719841,0.06596848368644714,0.3020000159740448,-0.032561312239349584,0.0619065121578375,0.2956075463442742,0.1045697025684977,-0.0027380512985782954,0.013599588273955843,0.9944208020644988,0.11457034819072819,0.017793087731075782,0.020285225055516633,0.9930486146150633,57.474667209899906,57.56393555952259
174.094042,1786095559.449,-0.041689641773700714,0.06509900838136673,0.30100002884864807,-0.03367122218051067,0.06199577348306652,0.2961999608027949,0.11061043342191633,0.03931601613978853,0.015982114404671642,0.9929572774859288,0.11350023872155059,0.02364086863136459,0.019117243037951676,0.9930726741579056,55.31119422761603,55.852756918562704
174.154807,1786095559.516,-0.04234098270535469,0.06705212593078613,0.30100002884864807,-0.03461588321652166,0.06226416696876844,0.29658608522390006,0.11123864811835266,0.06369373617169463,0.012882683629084239,0.9916668329634731,0.11284387162855516,0.03561686180208706,0.017257023275467367,0.9928242014268787,55.08631017930925,55.30559008189767
174.220499,1786095559.582,-0.04234098270535469,0.06640108674764633,0.30100002884864807,-0.0352260368999033,0.06232794743625754,0.29684189528478394,0.11547931510350394,0.04029557287981723,0.015735541613250078,0.9923674658712117,0.11349742799483807,0.03677664098939142,0.016879956105283395,0.9927138961442907,54.875247894504476,55.01904721820779
174.282606,1786095559.649,-0.044000688940286636,0.06660659611225128,0.2990000247955322,-0.036191817116769255,0.06240962535372665,0.2969130471448847,0.11556472074427945,0.016149399206829354,0.025246448253852846,0.9928477270332651,0.11401700578293938,0.031646950537114485,0.018962064111042044,0.9927935500589452,55.25049272399716,55.14217237126688
174.342668,1786095559.716,-0.04497121647000313,0.06660659611225128,0.2990000247955322,-0.03715892045408217,0.06246887453613049,0.29696318704376645,0.12200512735791932,0.015127843549009718,0.025201080108669196,0.9920941501739092,0.1159469526436451,0.02766510207592622,0.02046701162055305,0.9926590793092587,56.55259716635396,55.75600855746219
174.525136,1786095559.783,-0.04561823233962059,0.06660659611225128,0.2990000247955322,-0.03800976712693323,0.06251268203108454,0.2969990981579771,0.12072526499806568,0.025721282921565725,0.024076275951148654,0.9920605621293187,0.1169321174837376,0.027264581526252354,0.021210929295646202,0.9925389760474814,55.84938387834934,55.78589861677702
174.598864,1786095559.949,-0.045446205884218216,0.06585604697465897,0.30000001192092896,-0.038849198428433276,0.06265034095572425,0.2971424240881726,0.12761690217154506,0.008566052360948873,0.039544117813375086,0.9909978868662889,0.12073363465520513,0.020633167212413674,0.027717178731682265,0.9920833734504797,56.43859690406665,56.13513048201465
174.676883,1786095560.049,-0.046095386147499084,0.06585604697465897,0.30000001192092896,-0.039384499117216275,0.062704233670081,0.2971978178407283,0.12622662442733723,0.03163172420970775,0.042758261293557615,0.9905745829569588,0.12207623033894012,0.02331369762613918,0.03138292206494026,0.9917504614024119,56.418944847234854,56.232611437260786
174.760975,1786095560.116,-0.04690038412809372,0.06542453169822693,0.30100002884864807,-0.0398643748958147,0.06276993653504966,0.29736910201197897,0.1254598281994169,0.018238746231530382,0.05212445854490242,0.9905605587067736,0.12274655513075655,0.022315946494300794,0.035465465420597475,0.9915530659012134,56.399447363576066,56.27020552136348
174.954547,1786095560.25,-0.04706915467977524,0.06520717591047287,0.30000001192092896,-0.040432925731304074,0.06286656561506172,0.29740213398222054,0.11959834746157356,-0.061564963036828985,0.06780684503530092,0.9885890057941638,0.12144833881101966,-0.015536191785629063,0.050104114995659074,0.9912106261563915,56.76894443490542,56.52432897355974
175.028986,1786095560.383,-0.049176812171936035,0.0653131753206253,0.2990000247955322,-0.04169571975205419,0.06291020400890805,0.2975010416692783,0.12848495421981881,-0.03436116651541717,0.08408246105528502,0.9875429441384903,0.12439166308989902,-0.023351389212372994,0.06421445239769172,0.9898777353182797,58.58515052056167,58.111334317598285
175.0987,1786095560.45,-0.0498238280415535,0.0659598857164383,0.2990000247955322,-0.042329397605381465,0.06297358616864693,0.2975361966859082,0.1262179274093023,-0.0073614576704582714,0.08754143576440838,0.9881049239659582,0.12489440353936501,-0.019038002633326778,0.07051486348585127,0.9894779413649661,57.54090947449028,57.98729030527903
175.173593,1786095560.55,-0.04950575530529022,0.06542453169822693,0.30100002884864807,-0.042756562475573495,0.06300163294140075,0.2977928883204747,0.12383591702253675,-0.005943442537115215,0.08109209423164512,0.9889658302485084,0.12457229853003632,-0.015006938300498578,0.07377359221540145,0.9893502874783149,56.77836559291062,57.33374163926341
175.246682,1786095560.616,-0.049180082976818085,0.06509900838136673,0.30100002884864807,-0.042871001823804426,0.06303871659038587,0.29791014328077636,0.12209800467794107,-0.012779922093417,0.08122121686021269,0.989106599298932,0.1240785000840693,-0.01456197222869198,0.07526231530037086,0.9893068576924583,57.872998189455586,57.57555211724596
175.420148,1786095560.717,-0.049500320106744766,0.0653131753206253,0.2990000247955322,-0.04308797355112757,0.0630559486466343,0.29797873380651424,0.11611181132722394,-0.010298429470550662,0.09458180553309799,0.9886689393739699,0.12196412849043249,-0.013428116556466663,0.08040646147347422,0.9891810946437612,57.476847321420884,57.54729539445818
175.493977,1786095560.85,-0.049176812171936035,0.06466645747423172,0.2990000247955322,-0.043134308795092655,0.06312437879637772,0.2980274411903014,0.13285821953953567,-0.002898257768661673,0.09399307264305794,0.9866638717911018,0.12516701737693747,-0.010338038018631751,0.08439783160686047,0.9884853811518645,58.77734210298285,58.40883028587227
175.557096,1786095560.917,-0.049500320106744766,0.0653131753206253,0.2990000247955322,-0.04323077159416983,0.06315018515871795,0.298044992757493,0.12479161295223329,-0.03364584488838409,0.09163063027634391,0.9873696562350328,0.12509775017120328,-0.015010925120321135,0.08585179011077089,0.9883090079342146,57.591707851296036,58.09199983653551
175.622232,1786095560.983,-0.0498238280415535,0.0656365305185318,0.2990000247955322,-0.04338050161266906,0.0632009107510844,0.29805762533114477,0.12025506433514463,-0.0075268617071188185,0.08809461879927866,0.9887979591368511,0.12422318317957708,-0.013658218638167012,0.08625773685189447,0.9884035899659382,57.251133985855475,57.71432277069827
175.694696,1786095561.05,-0.0496571883559227,0.06541700661182404,0.2980000078678131,-0.04344892379813339,0.06321703563880293,0.29805501631785714,0.12553947520147143,-0.02723235184636199,0.0911191071005517,0.9875198972680262,0.12446611804894567,-0.016143519812783017,0.08714909004907999,0.9882573593601505,57.21417968932811,57.51201382091955
175.863265,1786095561.25,-0.05047084391117096,0.0653131753206253,0.2990000247955322,-0.04393891740392299,0.0632308575803854,0.2980701789768863,0.12031430168972053,-0.03355695293747658,0.08542673469121631,0.9884840275484795,0.12310090833636438,-0.02188868784815729,0.08658401113259714,0.9883674725157836,57.222869270112845,57.35234355855919
175.924322,1786095561.284,-0.05062446370720863,0.06541700661182404,0.2980000078678131,-0.04403183298544306,0.06323808116080305,0.298068682937212,0.11566659944395224,-0.048360119974477804,0.09406416546608769,0.9876408605076518,0.12221744235855685,-0.025054134337567105,0.08748192373497599,0.9883228724235598,57.2324744355453,57.33352457381218
175.990362,1786095561.35,-0.04997961223125458,0.06541700661182404,0.2980000078678131,-0.04407876728365018,0.06324925975700535,0.29806665038338653,0.1229318777883884,-0.0037512924621375112,0.09523525171990758,0.9878278838229513,0.12238000973957848,-0.020368780593543058,0.08919145901239191,0.9882576231087284,57.22426223850066,57.30679383521921
176.169891,1786095561.417,-0.0498238280415535,0.06498982012271881,0.2990000247955322,-0.0441474823722281,0.06327634258501766,0.29808407779184454,0.12905339675841213,-0.0061275910400724574,0.08927020179871241,0.9875922764400188,0.12381189283332372,-0.01731897396386112,0.0892101843796131,0.9881357251596685,57.20457145204222,57.28248065686692
176.241427,1786095561.617,-0.04981189966201782,0.06519749015569687,0.2970000207424164,-0.04426043636022254,0.06329512736366372,0.29796460934453994,0.128745349584792,-0.005867289766664657,0.08944702905850493,0.9876180632530426,0.12549727411540576,-0.01341215344411089,0.08929255398966425,0.9879764107161654,57.01150927403618,57.14051606680144
176.300364,1786095561.684,-0.05013324320316315,0.06648226082324982,0.2970000207424164,-0.04432291223399818,0.06344425860291508,0.2979366757820556,0.12820351329847182,0.004902117196418506,0.08694881780191778,0.9879168646742347,0.12595895337254748,-0.010308915461467155,0.08889756880316985,0.987990531628814,57.524154373357995,57.28077686029952
176.361084,1786095561.717,-0.05013324320316315,0.0668034553527832,0.2970000207424164,-0.04434931332247675,0.0635330039356066,0.29792525447435664,0.12322059588223612,-0.008937534410107213,0.08925012132681964,0.9883173685978826,0.12572488789389544,-0.01019167465047115,0.08892774328374894,0.9880188453700395,57.885413544267976,57.46779461202655
176.427444,1786095561.784,-0.0494905561208725,0.06712464988231659,0.2970000207424164,-0.044455012804283475,0.06370843584644517,0.29790866163772245,0.11673085442916771,-0.03247165201236243,0.08480027373009266,0.9890037477255209,0.12400811071441695,-0.01445929127552294,0.08814133314265275,0.9882530155606339,56.91768974821356,57.25737717555176
176.489028,1786095561.851,-0.048683393746614456,0.06625841557979584,0.29600000381469727,-0.0446388199670589,0.06371989454618969,0.2978165548116872,0.12098587367583927,-0.02957140294742044,0.09207752281983486,0.9879320220996878,0.12342872912397734,-0.017368860255202286,0.08890083656136097,0.9882106621459643,56.97036041168807,57.1684030465118
176.670574,1786095561.951,-0.04772263392806053,0.06638383120298386,0.2980000078678131,-0.044892031372800394,0.06375000218479755,0.29782621338146187,0.1240850680242394,-0.02206500559116002,0.07766847889281592,0.9889811114516588,0.12358261323451608,-0.018458400720543184,0.0862965806385027,0.9884025117931814,56.62580031184634,56.90395564464309
176.740432,1786095562.117,-0.04772263392806053,0.06573928147554398,0.2980000078678131,-0.045090365151878545,0.06382620092751011,0.29783414469259606,0.12018794107832842,-0.02928773282233366,0.0792426279478903,0.9891499853113238,0.12264205797777963,-0.021466276928470626,0.08433909255223199,0.9886278582142378,56.956086662607,56.922103323280496
176.816185,1786095562.184,-0.04772261157631874,0.06625841557979584,0.29600000381469727,-0.04514709357390694,0.0638540896954117,0.297723073228243,0.12270756397946514,0.0035364132511721343,0.09462359729331682,0.9879153416962481,0.12266065087263307,-0.01691874739330383,0.08621472608237304,0.9885520430006126,56.86657640753333,56.909612478289276
176.890354,1786095562.251,-0.048683393746614456,0.06721875071525574,0.29600000381469727,-0.045229483764699395,0.06399755727797529,0.2976473168410265,0.10584920204256601,-0.06464983027374005,0.09515606447434825,0.9877052542465704,0.12267489326523037,-0.012810748969697064,0.08790713560568501,0.9884629941392866,56.83245773580346,56.89188212702833
177.049773,1786095562.318,-0.047883838415145874,0.06648226082324982,0.2970000207424164,-0.04527273769685093,0.0640088084688723,0.29764189181714373,0.11706309520375521,-0.0030901956558345824,0.08910898428714743,0.9891138818919883,0.12162137262114721,-0.01098393048755853,0.08813387645658022,0.9885949700527151,56.49332213223946,56.74430860267469
177.122337,1786095562.484,-0.04788278043270111,0.06757666915655136,0.2990000247955322,-0.0453309688752953,0.06426816262151826,0.2978099553074759,0.11340004223858459,-0.012820717849349982,0.07611839699658639,0.9905463387710767,0.11915640541354586,-0.011535525058554723,0.084529262586808,0.9892034606071072,57.317102627790376,57.07693221719242
177.182002,1786095562.551,-0.04691225662827492,0.06725330650806427,0.2990000247955322,-0.045396505028434064,0.06430020732807382,0.2978565368524074,0.11752172385415041,-0.005961211201270482,0.07490357851071096,0.9902234910916083,0.11891234223707041,-0.010700056641750432,0.0830871064909787,0.989364390094223,57.14037942886629,57.09124358514863
177.247519,1786095562.618,-0.04723576828837395,0.06692995876073837,0.2990000247955322,-0.04543081202135416,0.06432104610483504,0.2978890780599872,0.11020415588369512,-0.007552078230793334,0.07624879984118188,0.9909511242554485,0.11758614212743974,-0.010220358435985311,0.08204558713465816,0.989614856944233,56.44831028947121,56.80593976021988
177.308855,1786095562.684,-0.04723576828837395,0.06660659611225128,0.2990000247955322,-0.04545545652580377,0.06436163730733999,0.29791193231885643,0.11710793558961813,-0.004686479533830722,0.08170508784402175,0.9897414040808424,0.11752115518962418,-0.009465855968420847,0.08199931116420155,0.9896339164672348,57.77230052580193,57.29335276608966
177.373969,1786095562.751,-0.04755927249789238,0.06692995876073837,0.2990000247955322,-0.045467464398915566,0.06436857183908562,0.2979286763425278,0.113615747966174,0.017258071350120124,0.07860637081402376,0.9902598948027781,0.11680614137500668,-0.0045287868362051875,0.08137699904579451,0.9898048289704264,57.16611810375246,57.269965744139704
177.562558,1786095562.818,-0.04691225662827492,0.06660659611225128,0.2990000247955322,-0.045500822238777765,0.06439886041875265,0.2979409848865052,0.11133571078123225,-0.011857253453578416,0.08377427539567563,0.9901745481617396,0.11586802990462328,-0.005786553127788886,0.08178894594703696,0.9898745798179652,56.05812829919145,56.60122248656606
177.633764,1786095562.985,-0.046588752418756485,0.06692995876073837,0.2990000247955322,-0.045554841359358535,0.06442869085299283,0.2979585058054778,0.11288072802912788,-0.007114143113946792,0.0824690200775735,0.9901546298103205,0.1151315501184598,-0.0061139126252049225,0.08195672204038798,0.9899446661062054,56.775775805405345,56.66748717826472
177.705343,1786095563.085,-0.046598464250564575,0.06648226082324982,0.2970000207424164,-0.045575259361079666,0.06447367119430868,0.2978746590666269,0.1145727134914881,-0.02079978472506378,0.0907921206978819,0.9890385498542358,0.11503040532789885,-0.00883949232121268,0.08359824530651883,0.9897985666827739,57.0966708130647,56.83983861348122
177.773514,1786095563.151,-0.04755927249789238,0.06725330650806427,0.2990000247955322,-0.04563233859301276,0.06453215901372138,0.29791006882632837,0.10832085324743028,-0.012128619347809136,0.08311877732163175,0.9905608301366563,0.11417501544378007,-0.009259023362383843,0.08353735628462743,0.9898989071818205,57.27381668069951,56.99146033675811
177.832907,1786095563.218,-0.046588752418756485,0.06692995876073837,0.2990000247955322,-0.04564976194959732,0.06454157175035359,0.2979354407372434,0.11384277806729744,-0.009843813038530649,0.08201054177148945,0.990059186243494,0.11413860275835654,-0.009323144202724938,0.08336995936147511,0.9899166168009361,57.03504556980424,56.99942961444175
178.00004,1786095563.252,-0.046265244483947754,0.0659598857164383,0.2990000247955322,-0.04565891912961271,0.06457177476727284,0.29794614123946656,0.11310220566190962,-0.009193648724127592,0.08887072609958732,0.9895581650110723,0.1140730269824425,-0.009314946043966195,0.08371865229020935,0.9898948244909516,56.825863981983645,56.9684882167529
178.07307,1786095563.418,-0.046095386147499084,0.06618048250675201,0.30000001192092896,-0.045679565359699276,0.06463440286620718,0.2981175928433787,0.10332184535266052,-0.04381273560935271,0.08655505918328067,0.9899056834876364,0.110764642770853,-0.019983374473753132,0.08460745040123491,0.9900370892007477,56.99713048912704,56.97844679647636
178.147277,1786095563.518,-0.046249039471149445,0.06640108674764633,0.30100002884864807,-0.045686390682254295,0.06464406881939454,0.2983394794478648,0.10597368745212205,-0.0321956641126996,0.09049320509057968,0.9897191503717488,0.10977929015066212,-0.022500183198185225,0.08582170351474987,0.9899883253937347,57.40639819744536,57.170553542108195
178.21808,1786095563.585,-0.04393365979194641,0.06585924327373505,0.30300000309944153,-0.045537928202369654,0.06467184179373653,0.29881792410134944,0.1165214644802764,-0.0008407495681723591,0.08786443982099523,0.9892936276305827,0.11099789865607933,-0.018599751897020594,0.08619293137720205,0.9899011538047164,56.85295768510375,57.06615966434147
178.398058,1786095563.652,-0.044261492788791656,0.06585924327373505,0.30300000309944153,-0.04547305571142665,0.0646917864741118,0.2991317694116178,0.11030288898601806,0.00266636943265504,0.09336137853611512,0.9894997807747221,0.11086307745859443,-0.014337957003662121,0.08763324621527709,0.9898607049495113,57.283115877695835,57.12972334908255
178.464661,1786095563.852,-0.04301303252577782,0.0670173317193985,0.31300002336502075,-0.045130654214490556,0.06483885342671314,0.3053405383597526,0.13456083772296346,0.10018303874974471,0.1039850159726098,0.9803284429982319,0.12415337054752867,0.048931041005279674,0.09682310359015517,0.9863148485240388,59.33935438937665,58.93725927550455
178.532098,1786095563.919,-0.032001934945583344,0.06292933225631714,0.31800001859664917,-0.04106452364942636,0.06460455410810935,0.3088122919241581,0.10463961251170334,-0.03662663777868201,0.11224238916751954,0.9874769298431214,0.1276652524523194,0.06604891810532645,0.0992433835127775,0.9846267691680626,58.096260604509915,58.67394778023106
178.594878,1786095563.952,-0.029525352641940117,0.06074582040309906,0.32100000977516174,-0.03885625732528285,0.06423991966201703,0.3110024797217023,0.10196089403616963,0.0006934607700377865,0.1088763698701941,0.9888121314402418,0.12908020203542134,0.07299565565586948,0.10021751293187924,0.9838528273068148,59.34581776766297,58.94536208272714
178.78805,1786095564.019,-0.027875369414687157,0.06023860350251198,0.32200002670288086,-0.03571776372579572,0.06366258879246203,0.31385892669277243,0.10027985164792477,-0.047017197574284256,0.12803488454060233,0.9855660316926541,0.1309575249227847,0.08225766029458091,0.10150904998145985,0.9827409204672516,61.093726341789306,60.506351742250395
178.862237,1786095564.219,-0.027868924662470818,0.06028179079294205,0.32600000500679016,-0.0329877541536926,0.06304496852192847,0.3190524512055303,0.08667327233673827,-0.09274909002791042,0.13702730669940402,0.9823995456941862,0.10163068155337762,-0.0352748983631876,0.125806966877542,0.986204589929258,68.76802347662377,68.1590418893829
178.921596,1786095564.286,-0.027868924662470818,0.05957668274641037,0.32600000500679016,-0.03241351221818728,0.06278934038381012,0.3200965239848863,0.08299719776404564,-0.09091572611072145,0.1513355732359866,0.9807871023736046,0.09379616164064428,-0.058839917446655246,0.13667406313885488,0.9844086268625796,63.19631922871176,65.20724029836433
178.980716,1786095564.352,-0.029369622468948364,0.05940579995512962,0.3270000219345093,-0.03231537981746939,0.06259088452066702,0.32105177340974017,0.07662244448085029,-0.06122433997935657,0.1452326540294996,0.9845242797409411,0.08740174618041512,-0.05973086746026615,0.13986876153864514,0.9844947373057431,63.09071215790757,64.06153009724244
179.04752,1786095564.419,-0.02954925410449505,0.05763433873653412,0.3290000259876251,-0.03226717691879707,0.06209533116545927,0.3223197552223601,0.08161521611754642,-0.05516698055700427,0.14097178360221613,0.9851002573252732,0.08556692496208762,-0.05828367219835365,0.14021946062132223,0.9846927529796656,61.00821104173685,61.80258400096098
179.226689,1786095564.486,-0.029370756819844246,0.056910812854766846,0.33100003004074097,-0.032211080849806305,0.061599562721492196,0.3238182909248458,0.08219680764708992,-0.04943832332850424,0.13960536366315335,0.9855505463625761,0.08464888276690959,-0.055872645059747296,0.14005329749331305,0.9849354740497425,65.29845080550555,64.25503348333987
179.29358,1786095564.652,-0.028914203867316246,0.05670420452952385,0.33400002121925354,-0.032036531742728136,0.06098281947316225,0.3269692719972511,0.0753736519653471,-0.09234468810027265,0.16037208677524512,0.9798326719151711,0.08059068008037427,-0.0719191554170046,0.14901780061542155,0.9829173273821301,67.60798720952944,67.17926519410437
179.358643,1786095564.719,-0.029998330399394035,0.055259376764297485,0.33400002121925354,-0.031980885400058,0.06048456570017715,0.32776666122138337,0.07670533687337615,-0.0629721862194344,0.16621464274865255,0.9810828138306289,0.07967606893140781,-0.06980899430100429,0.15308392509292615,0.9825190788134667,64.78901135017087,65.95789592473821
179.428218,1786095564.786,-0.029000772163271904,0.05433795601129532,0.33500000834465027,-0.031919672038492324,0.05991547529654492,0.32858676355322736,0.07681255343748108,-0.09396218701779166,0.16371835115056835,0.9790134016150068,0.07897133672366252,-0.07580286792231745,0.15573115115557382,0.9817154688353391,62.828860758606886,63.692746963627926
179.499005,1786095564.853,-0.029000772163271904,0.05470024421811104,0.33500000834465027,-0.03187545355334972,0.059625193822652835,0.3291196190972809,0.08503169586177572,-0.09147080380872111,0.1577412577240507,0.9795511208513272,0.08040049016332723,-0.07949431769365103,0.15620856680763978,0.9812315212485893,65.97012975803648,65.0356287941884
