wall_time_s,frame_timestamp_s,raw_x,raw_y,raw_z,filt_x,filt_y,filt_z,raw_qw,raw_qx,raw_qy,raw_qz,filt_qw,filt_qx,filt_qy,filt_qz,raw_gripper_dist_mm,filt_gripper_dist_mm,curobo_time_ms,ik_success,tgt_tcp_x,tgt_tcp_y,tgt_tcp_z,tgt_tcp_qw,tgt_tcp_qx,tgt_tcp_qy,tgt_tcp_qz,pb_tcp_x,pb_tcp_y,pb_tcp_z,pb_tcp_qw,pb_tcp_qx,pb_tcp_qy,pb_tcp_qz,q_tgt_1,q_tgt_2,q_tgt_3,q_tgt_4,q_tgt_5,q_tgt_6,pb_q_1,pb_q_2,pb_q_3,pb_q_4,pb_q_5,pb_q_6
0.808984,1785472044.139,,,,,,,,,,,,,,,,,,,,,,,,,,,,,,,,,,,,,,,,,,,,
0.878379,1785472044.239,,,,,,,,,,,,,,,,,,,,,,,,,,,,,,,,,,,,,,,,,,,,
0.932814,1785472044.305,-0.057230155915021896,0.10419200360774994,0.4100000262260437,-0.057230155915021896,0.10419200360774994,0.4100000262260437,0.7194481408065121,-0.05257637776889869,0.03245722290742132,0.6917923285725949,0.7194481408065122,-0.052576377768898695,0.032457222907421326,0.691792328572595,45.07907403589728,45.07907403589728,,,,,,,,,,,,,,,,,,,,,,,,,,,,
1.025879,1785472044.405,-0.05678655207157135,0.10286180675029755,0.4100000262260437,-0.057195651623841846,0.10404175728373252,0.4100000262260437,0.7208447987985757,-0.06407482125286469,0.02299545599596322,0.6897451720236917,0.7196240227884699,-0.05395387868266305,0.031324623022362545,0.6915555023230912,46.82642499129977,45.75887808194316,,,,,,,,,,,,,,,,,,,,,,,,,,,,
1.103126,1785472044.471,-0.057230155915021896,0.10286180675029755,0.4100000262260437,-0.0571972248822951,0.10396295794817487,0.4100000262260437,0.7178614482288249,-0.059395820560284036,0.03787737481084395,0.6926127216014903,0.7194547968102415,-0.05448404294746094,0.03196289096122011,0.691660796931729,46.42556208686073,45.955127557457885,,,,,,,,,,,,,,,,,,,,,,,,,,,,
1.165868,1785472044.538,-0.05678655207157135,0.10241841524839401,0.4100000262260437,-0.057176144905361506,0.10384841204426733,0.4100000262260437,0.7225991246570718,-0.053126915775521,0.04392538741360467,0.6878216310974664,0.7198426784979225,-0.05431992721899158,0.03341412960512788,0.6912013886434197,46.971101862578436,46.25802454584641,,,,,,,,,,,,,,,,,,,,,,,,,,,,
1.244704,1785472044.638,-0.05678655207157135,0.10153161734342575,0.4100000262260437,-0.057149355320292416,0.10356270329602371,0.4100000262260437,0.7204796748938965,-0.05646495966940529,0.04248524145795125,0.6898664730602416,0.7199517072280425,-0.05467258469410512,0.03490428006653885,0.6909863522352155,46.9696540310658,46.53355152178549,,,,,,,,,,,,,,,,,,,,,,,,,,,,
1.321563,1785472044.704,-0.05678655207157135,0.10197501629590988,0.4100000262260437,-0.057133199815963785,0.10347078928451936,0.4100000262260437,0.7229796670428883,-0.05231507487880427,0.046467942294240804,0.687316713256646,0.7203549350678867,-0.054364308377465205,0.0364191781247543,0.6905120802438566,46.972619410758604,46.66261388643144,,,,,,,,,,,,,,,,,,,,,,,,,,,,
1.399983,1785472044.77,-0.057230155915021896,0.10153161734342575,0.4100000262260437,-0.05713818283964614,0.10334067229260366,0.4100000262260437,0.7188720568537823,-0.04920658603617648,0.04944960796050203,0.6916331498981446,0.7201476087560784,-0.05361267414709516,0.03832026428436074,0.6906841970965285,46.429219595931556,46.59409989959595,,,,,,,,,,,,,,,,,,,,,,,,,,,,
1.447551,1785472044.836,-0.05767376348376274,0.10241841524839401,0.4100000262260437,-0.05717171662505675,0.10329458037720483,0.4100000262260437,0.7172995436158661,-0.059573232248308024,0.028719451656484273,0.6936191951096151,0.719725676415261,-0.05451012166421843,0.03687587520781268,0.6911322356629049,47.37613188205327,46.824464595970795,,,,,,,,,,,,,,,,,,,,,,,,,,,,
1.540348,1785472044.902,-0.05678655207157135,0.10197501629590988,0.4100000262260437,-0.05715120532304906,0.10323182854297558,0.4100000262260437,0.7211015344105983,-0.06456540321890376,0.024088828902428475,0.689393656846341,0.7199663004787362,-0.056171957886050346,0.034764533687533364,0.6908579191988019,45.89707673340843,46.551043506626456,,,,,,,,,,,,,,,,,,,,,,,,,,,,
1.602566,1785472044.969,-0.057230155915021896,0.10197501629590988,0.4100000262260437,-0.057154825227175625,0.10317410264499646,0.4100000262260437,0.7160800435949456,-0.07384448389190232,0.01598532180557201,0.6939170215887283,0.7192249745023465,-0.05972747467907484,0.030991593527685914,0.6915110888128795,47.37315364144837,46.795843797807315,,,,,,,,,,,,,,,,,,,,,,,,,,,,
1.681129,1785472045.068,-0.057230155915021896,0.10197501629590988,0.4100000262260437,-0.05715959706992179,0.10309806181700362,0.4100000262260437,0.7194657047431168,-0.06773372504829599,0.031091509640683034,0.6905176031194539,0.7192834680451801,-0.06153690946186068,0.03101434718620854,0.6912905406841574,45.89707673340843,46.44970189047379,,,,,,,,,,,,,,,,,,,,,,,,,,,,
1.741817,1785472045.133,-0.05678655207157135,0.10153161734342575,0.4100000262260437,-0.05714032493709496,0.10301000236105465,0.4100000262260437,0.7179986306184403,-0.060008940174887566,0.03904449019784665,0.6923528156325512,0.719092233831416,-0.061305939588848245,0.032229778350172066,0.6914543964730946,46.042395857411755,46.33128748007034,,,,,,,,,,,,,,,,,,,,,,,,,,,,
1.835102,1785472045.166,-0.05678655207157135,0.10197501629590988,0.4100000262260437,-0.05713120263784961,0.10298729693008078,0.41000002622604376,0.7186255902829839,-0.06894275948746584,0.020313676837737,0.6916729801271829,0.7190527224088746,-0.06205779549603738,0.031057758695064008,0.6914820518562987,46.994766560102605,46.44588123666984,,,,,,,,,,,,,,,,,,,,,,,,,,,,
1.850125,1785472045.232,-0.057230155915021896,0.10153161734342575,0.4100000262260437,-0.05713588810198664,0.10291087856815144,0.41000002622604376,0.7181148356660371,-0.05924023152270753,0.0397867115512133,0.6922562353272212,0.7189003650546321,-0.061587594702776916,0.032515793952488985,0.6916154686288347,46.993085459050945,46.606834806959476,,,,,,,,,,,,,,,,,,,,,,,,,,,,
1.912573,1785472045.298,-0.05678655207157135,0.10197501629590988,0.4100000262260437,-0.05711862406294514,0.10286805633587912,0.41000002622604376,0.7202745038177025,-0.057868349404379876,0.040550128160260504,0.690080850620825,0.7191211507558114,-0.06100103737203564,0.033783787330271126,0.6913771038216381,47.37319176069673,46.83255776617314,,,,,,,,,,,,,,,,,,,,,,,,,,,,
1.981286,1785472045.364,-0.057230155915021896,0.10153161734342575,0.4100000262260437,-0.057123972870144674,0.10280052496871496,0.41000002622604376,0.7180612599632326,-0.05988613507764723,0.039164027143925605,0.692291742506977,0.718972067341392,-0.06084285414274835,0.03454778271713669,0.6915083254682758,46.9696540310658,46.87277995019069,,,,,,,,,,,,,,,,,,,,,,,,,,,,
2.061182,1785472045.43,-0.056925054639577866,0.10177925229072571,0.41100001335144043,-0.05711514989431837,0.10275909296527885,0.4100726434791182,0.7207716216584668,-0.04209912671547618,0.046410209186533206,0.6903347198460182,0.7193116102573015,-0.057576195741339806,0.03661777951327414,0.6913283787437922,47.37613188205327,47.020794952196816,,,,,,,,,,,,,,,,,,,,,,,,,,,,
2.14565,1785472045.528,-0.057230155915021896,0.10153161734342575,0.4100000262260437,-0.05712283839749262,0.10267591933801873,0.41006753866054674,0.7188764461301722,-0.04914241990151622,0.04951134237934106,0.6916287333109233,0.7192283487351829,-0.05567426949568912,0.03952803374604107,0.6914105094948696,46.972619410758604,47.00243142819002,,,,,,,,,,,,,,,,,,,,,,,,,,,,
2.224083,1785472045.594,-0.057230155915021896,0.10197501629590988,0.4100000262260437,-0.05712758355925098,0.1026409490821635,0.4100644371614279,0.7205080373489895,-0.055560110924430646,0.04276157591272359,0.6898932452307622,0.719410092893201,-0.05565816134077152,0.039985712270551095,0.6911963759553267,46.426557875669936,46.83301613039346,,,,,,,,,,,,,,,,,,,,,,,,,,,,
2.271879,1785472045.659,-0.057230155915021896,0.10241841524839401,0.4100000262260437,-0.05713192458555796,0.10262742202341495,0.41006163320723865,0.7205063926710723,-0.055610999859898924,0.042727164027532724,0.6898929947961968,0.7195441881055908,-0.05565244103671716,0.04032005504294059,0.6910378139663957,46.972619410758604,46.87353370081496,,,,,,,,,,,,,,,,,,,,,,,,,,,,
2.350168,1785472045.725,-0.057230155915021896,0.10197501629590988,0.4100000262260437,-0.057136053280284434,0.10260095976635084,0.41005899026062265,0.7204513560959495,-0.05629033051897291,0.04206233447336277,0.6899362305374485,0.7196419091665511,-0.05572103677504441,0.04050738250407478,0.690919561594911,47.34968091308451,47.01352416807975,,,,,,,,,,,,,,,,,,,,,,,,,,,,
2.412309,1785472045.792,-0.057230155915021896,0.10241841524839401,0.4100000262260437,-0.05714000338952346,0.10259076021452025,0.4100564784976248,0.7187479553916138,-0.07406855960128989,0.024418832707047616,0.690882729345719,0.7195282545019307,-0.05864558346885129,0.03794647805253345,0.6909412792100437,46.50402453289225,46.86210345801512,,,,,,,,,,,,,,,,,,,,,,,,,,,,
2.473399,1785472045.825,-0.056925054639577866,0.10177925229072571,0.41100001335144043,-0.057134430254269813,0.10256899563364646,0.4100939337942213,0.7190838877910093,-0.07889269010519123,0.001081251947028796,0.6904296753917524,0.7195427579559335,-0.06161890140927767,0.03254877857124697,0.6909427671492064,45.976413779369345,46.70883853331969,,,,,,,,,,,,,,,,,,,,,,,,,,,,
2.536156,1785472045.892,-0.057230155915021896,0.10241841524839401,0.4100000262260437,-0.057138556758839075,0.10256099120250307,0.41008947159764403,0.7138522330479525,-0.09234553227573672,-0.0025172875002954587,0.6941764583337607,0.7179909594308025,-0.07092075046345366,0.02195730561030009,0.6920817192063897,46.119600399078564,46.53363213310315,,,,,,,,,,,,,,,,,,,,,,,,,,,,
2.598756,1785472045.959,-0.056925054639577866,0.10222373157739639,0.41100001335144043,-0.05712812342444609,0.1025465504943601,0.41015208557537786,0.7222254728313198,-0.04875544511489443,0.038446664633744104,0.6888651006864593,0.7193068674410571,-0.06434897578370606,0.026852394379539263,0.691184337701461,46.408856914931576,46.49663747802626,,,,,,,,,,,,,,,,,,,,,,,,,,,,
2.676455,1785472046.059,-0.05678655207157135,0.10241841524839401,0.4100000262260437,-0.057103392534636886,0.10253764544337299,0.41014053282071666,0.720217504495988,-0.05623316819744601,0.040941892913695634,0.6902523729888169,0.7196275053378351,-0.061681522190376564,0.03148731302709657,0.690898105728953,46.59103965914605,46.53308048145011,,,,,,,,,,,,,,,,,,,,,,,,,,,,
2.737322,1785472046.092,-0.057230155915021896,0.10286180675029755,0.4100000262260437,-0.05710662257301319,0.10254816618490394,0.4101369676307761,0.7184438155326432,-0.06854231155360836,0.019113537287337414,0.6919357687980517,0.7194660299645282,-0.06267032179374832,0.029705746534561102,0.6910561707387995,46.02049758183969,46.444662203788575,,,,,,,,,,,,,,,,,,,,,,,,,,,,
2.82811,1785472046.159,-0.057230155915021896,0.10286180675029755,0.4100000262260437,-0.057112486157407626,0.10256603091068477,0.41013048763146764,0.7193297206329636,-0.06720964602207413,0.0304273601159549,0.6907400323219033,0.7194383293220403,-0.06363551530720099,0.02985921786160097,0.690990187052314,46.01977638657813,46.31845366818927,,,,,,,,,,,,,,,,,,,,,,,,,,,,
2.84569,1785472046.226,-0.05678655207157135,0.10286180675029755,0.4100000262260437,-0.0570960312059176,0.10258144454028512,0.41012458044885625,0.7167110109030059,-0.08588312923429084,0.003459793258363548,0.6920530650130282,0.7188399717636571,-0.06918243762493553,0.02328896686742864,0.6913324159486117,46.02068764253413,46.23007433976356,,,,,,,,,,,,,,,,,,,,,,,,,,,,
2.90727,1785472046.292,-0.057230155915021896,0.10241841524839401,0.4100000262260437,-0.05710243022569828,0.10257385398011953,0.4101191963663916,0.7110888939348324,-0.11215467240627303,-0.021253102917413398,0.6937738968830984,0.7166552376742222,-0.0830179217018644,0.00898843032041638,0.6924106463008655,45.980699811774016,46.156860044678325,,,,,,,,,,,,,,,,,,,,,,,,,,,,
2.983191,1785472046.359,-0.057230155915021896,0.10241841524839401,0.4100000262260437,-0.057108310846409736,0.10256682552875282,0.4101140921132387,0.7208393351757648,-0.046966578581960995,0.04923348694954691,0.6897542005109173,0.7149230873474558,-0.09285442961231284,-0.001201949864140961,0.6930090831983937,45.874947411012315,46.07319470818519,,,,,,,,,,,,,,,,,,,,,,,,,,,,
3.051106,1785472046.426,-0.057230155915021896,0.10286180675029755,0.4100000262260437,-0.05711371783455782,0.10258217772193659,0.41010928860419105,0.7157148780259797,-0.07440000304231029,0.013298860114895901,0.6942910004019968,0.7152142813010142,-0.08706568576226369,0.003350907120693803,0.6934528604074607,46.42636947653078,46.17805473074221,,,,,,,,,,,,,,,,,,,,,,,,,,,,
3.136441,1785472046.492,-0.057230155915021896,0.10330521315336227,0.4100000262260437,-0.05711867755608385,0.10262740028107703,0.41010480731788795,0.7195236399799898,-0.05610731047927911,0.031088252773895708,0.6914992565145637,0.7167596358445356,-0.0769697852370396,0.012412053327058562,0.692948206951125,46.813655033870695,46.3651112131244,,,,,,,,,,,,,,,,,,,,,,,,,,,,
3.199742,1785472046.559,-0.05678655207157135,0.10286180675029755,0.4100000262260437,-0.05710092981101362,0.10263719946805795,0.41010048504239394,0.7218523492241697,-0.06371056110155998,0.03444668140971006,0.6882467409755965,0.7184144706691835,-0.07280982329296688,0.019335944069388593,0.6915240409646719,46.426557875669936,46.3833222299255,,,,,,,,,,,,,,,,,,,,,,,,,,,,
3.294483,1785472046.659,-0.05678655207157135,0.10286180675029755,0.4100000262260437,-0.05707872714889312,0.10265075628401368,0.4100944705922223,0.7182757602082592,-0.07071912644787541,0.017544938829719577,0.6919327370295165,0.7183715227375252,-0.07215350163870084,0.018773667062630645,0.6916529309892822,46.01968307137419,46.24276373896431,,,,,,,,,,,,,,,,,,,,,,,,,,,,
3.352054,1785472046.692,-0.057230155915021896,0.10241841524839401,0.4100000262260437,-0.05708266675810154,0.1026440066280239,0.4100925310420033,0.7203745582847453,-0.056082712818597086,0.04167751932930807,0.690056671210068,0.7187282819011304,-0.06959942758152632,0.022420119854160245,0.6914354016836991,45.87479560256229,46.179369901761916,,,,,,,,,,,,,,,,,,,,,,,,,,,,
3.418671,1785472046.793,-0.057230155915021896,0.10241841524839401,0.4100000262260437,-0.05709291212537849,0.10262716883431788,0.4100869753765763,0.7163711980152185,-0.07756511864578315,0.022119424145222378,0.6930416221982556,0.7180360722943011,-0.07195738624527726,0.02233129666161251,0.691915924544545,45.60094272804433,45.95419686971357,,,,,,,,,,,,,,,,,,,,,,,,,,,,
3.465981,1785472046.859,-0.057230155915021896,0.10286180675029755,0.4100000262260437,-0.05709902769964834,0.10263831174916128,0.4100834971347243,0.7193281062161162,-0.06722692252249624,0.030410770240936264,0.6907407629125727,0.7182924235993711,-0.07103800708477376,0.02390259725212076,0.6916923171423608,46.02049758183969,45.973639692572014,,,,,,,,,,,,,,,,,,,,,,,,,,,,
3.542418,1785472046.926,-0.05678655207157135,0.10241841524839401,0.4100000262260437,-0.05708276012138541,0.102627320900253,0.4100801141334035,0.7227823900308693,-0.05207466104271129,0.045514443271691914,0.6876061967377977,0.719368027260741,-0.06673074706474193,0.028819382672184545,0.6908155267027264,46.9696540310658,46.27053986348192,,,,,,,,,,,,,,,,,,,,,,,,,,,,
3.619956,1785472046.993,-0.057230155915021896,0.10241841524839401,0.4100000262260437,-0.057089723963694536,0.10261746846433074,0.4100768713912581,0.719608928258359,-0.045717452354781404,0.06111851318901232,0.6901720309217177,0.7195366381395373,-0.061141744757918566,0.03742920353354875,0.6907443580266539,46.42556208686073,46.31651096069688,,,,,,,,,,,,,,,,,,,,,,,,,,,,
3.696844,1785472047.059,-0.057230155915021896,0.10241841524839401,0.4100000262260437,-0.057095987668556045,0.10260860173792034,0.4100738065979321,0.718831300279481,-0.07418629876068732,0.02490914171743177,0.6907658716769394,0.7193830023870219,-0.06439239999173839,0.03431219259544795,0.6907708651493858,45.980699811774016,46.21786744823255,,,,,,,,,,,,,,,,,,,,,,,,,,,,
3.774284,1785472047.126,-0.05678655207157135,0.10241841524839401,0.4100000262260437,-0.05707988780658145,0.10260027648503509,0.4100708226979601,0.7221855762507525,-0.039469546455357704,0.06765314921039496,0.6872504636301768,0.7203209208714451,-0.057214357963773305,0.04393641060013764,0.6898796127015806,46.437340948746964,46.28297694882929,,,,,,,,,,,,,,,,,,,,,,,,,,,,
3.836103,1785472047.226,-0.057369738817214966,0.10177925229072571,0.41100001335144043,-0.057101206273031335,0.10252754355135375,0.41016386513916436,0.7183600686964605,-0.07103926330907394,0.017533014298231574,0.6918127117801021,0.71970607244566,-0.06207345299283257,0.03467193826379339,0.6906286356758027,45.95889964010479,46.157733670032286,,,,,,,,,,,,,,,,,,,,,,,,,,,,
3.915087,1785472047.293,-0.057230155915021896,0.10197501629590988,0.4100000262260437,-0.05710672457278822,0.10250072534836327,0.4101551055924483,0.7160788301375509,-0.08020155991606816,0.019553486502592723,0.6931208263942576,0.7187922007323198,-0.06684525430547614,0.030697189204912587,0.6913227659481082,45.980699811774016,46.105228461647414,,,,,,,,,,,,,,,,,,,,,,,,,,,,
3.960855,1785472047.326,-0.057369738817214966,0.10222373157739639,0.41100001335144043,-0.05711309239804844,0.10249463948299807,0.4101848163177406,0.7201771664819506,-0.050661004636579736,0.03767225563907497,0.6909117980193314,0.7183790184171118,-0.06895412161991724,0.028939475758719666,0.6916208656138875,45.48722519818716,45.99853001211366,,,,,,,,,,,,,,,,,,,,,,,,,,,,
4.038322,1785472047.393,-0.057230155915021896,0.10241841524839401,0.4100000262260437,-0.05711788913978451,0.10249088433545528,0.4101748716861195,0.7169398285977089,-0.07212019929660296,0.027384218307017396,0.6928535657780941,0.7180521326073095,-0.06967556478248935,0.02858517321381923,0.6919026943166733,46.429219595931556,46.126465911105875,,,,,,,,,,,,,,,,,,,,,,,,,,,,
4.115405,1785472047.493,-0.05678655207157135,0.10241841524839401,0.4100000262260437,-0.057092279661254734,0.10248603332108083,0.4101624647964762,0.7251753725937012,-0.048574769535625735,0.048818359883983066,0.6851116248367016,0.7203163299945943,-0.06319107476273562,0.034812705913055485,0.689883575917314,45.46996580542353,45.87235556372188,,,,,,,,,,,,,,,,,,,,,,,,,,,,
4.162749,1785472047.56,-0.057230155915021896,0.10241841524839401,0.4100000262260437,-0.05709868764779307,0.10248304125652838,0.4101549531939203,0.7180513968100869,-0.059049314551572155,0.039391821372998057,0.6923609278396566,0.7198689093524152,-0.062367968581640336,0.03572314092075299,0.6903787707088912,46.59094517073125,46.086191819396056,,,,,,,,,,,,,,,,,,,,,,,,,,,,
4.23981,1785472047.593,-0.057230155915021896,0.10241841524839401,0.4100000262260437,-0.05710169932565091,0.10248162236710132,0.4101514196266665,0.7231585435205612,-0.04398430116085634,0.05204156417773561,0.6873127219705351,0.7203460865718793,-0.059852123505133206,0.03795971491385483,0.6899842743977314,45.852815713165356,46.04603218084485,,,,,,,,,,,,,,,,,,,,,,,,,,,,
4.331115,1785472047.66,-0.05767376348376274,0.10286180675029755,0.4100000262260437,-0.05713534273926304,0.10250349818159933,0.41014478661462384,0.7155154159544708,-0.06293395743302527,0.03498842181301142,0.6948761162051502,0.719324859341118,-0.06050648609356647,0.03732934787300437,0.6910262163347104,46.019605634887704,46.038201841150055,,,,,,,,,,,,,,,,,,,,,,,,,,,,
4.348123,1785472047.727,-0.056925054639577866,0.10222373157739639,0.41100001335144043,-0.057124262225266245,0.10248953999470169,0.4102057136670329,0.7225499644002045,-0.04697234806583164,0.04120917612451756,0.6884888897183339,0.7199961179975978,-0.057743366388463745,0.038122406312389924,0.6905200763507676,46.01968307137419,46.03271490300169,,,,,,,,,,,,,,,,,,,,,,,,,,,,
4.425451,1785472047.793,-0.057230155915021896,0.10197501629590988,0.4100000262260437,-0.0571286561053014,0.10246138747249096,0.41019513742055796,0.717930436023655,-0.05949603195381723,0.038346024435336135,0.6925068184665331,0.7196477338790918,-0.05803949131952916,0.03816021260937168,0.6908562475245236,46.5988624997589,46.1992597444335,,,,,,,,,,,,,,,,,,,,,,,,,,,,
4.502001,1785472047.86,-0.057230155915021896,0.10241841524839401,0.4100000262260437,-0.05713287777052614,0.1024594632107184,0.4101856348465169,0.7204264684066722,-0.055411898723335885,0.04232005999373415,0.6900175632700167,0.7197657284378555,-0.057645401152998064,0.03878432415893968,0.6907315542899192,46.01968307137419,46.14599972676855,,,,,,,,,,,,,,,,,,,,,,,,,,,,
4.564584,1785472047.96,-0.05767376348376274,0.10286180675029755,0.4100000262260437,-0.05717549678618625,0.10249224834161282,0.4101733023154281,0.7133191346228654,-0.07829058275924797,0.010406250062544274,0.6963749757075851,0.718146335506802,-0.06313208847634555,0.03125754951758027,0.6923172291666031,46.023372835940634,46.09865430418975,,,,,,,,,,,,,,,,,,,,,,,,,,,,
4.640529,1785472047.993,-0.057230155915021896,0.10241841524839401,0.4100000262260437,-0.05717678321716048,0.10249057220723097,0.41016940420600895,0.7202911076085297,-0.05594543883266729,0.04121825218220046,0.6901825004018447,0.7175120753245915,-0.06522069675914853,0.028389495678910494,0.692904552599235,46.40286699874509,46.15103573064793,,,,,,,,,,,,,,,,,,,,,,,,,,,,
4.70304,1785472048.06,-0.057230155915021896,0.10241841524839401,0.4100000262260437,-0.05717917474029057,0.10248742129111948,0.41016205543192324,0.7178386485571979,-0.060616451357602144,0.037279389314874324,0.6925630423251713,0.7175891992187153,-0.06422035173207616,0.030322284119828652,0.6928362336611789,46.02373360334365,46.11329181666332,,,,,,,,,,,,,,,,,,,,,,,,,,,,
4.780087,1785472048.16,-0.057230155915021896,0.10241841524839401,0.4100000262260437,-0.05718238688639553,0.10248314286618265,0.4101520496074282,0.7203429563644179,-0.055273836869467595,0.04186173955770968,0.6901437697575051,0.7183220392677299,-0.06189207604009546,0.033327841495329046,0.6921503260180979,45.48735377534502,45.8710462063016,,,,,,,,,,,,,,,,,,,,,,,,,,,,
4.842555,1785472048.227,-0.057230155915021896,0.10241841524839401,0.4100000262260437,-0.05718440790802253,0.10248043640655558,0.41014571155609797,0.7168360302649529,-0.07232382542365216,0.026575759158647926,0.692971210812696,0.7180574034869046,-0.06381003572905224,0.03208728354688709,0.6923093606708516,45.49201737854095,45.758491308894236,,,,,,,,,,,,,,,,,,,,,,,,,,,,
4.904328,1785472048.294,-0.05678655207157135,0.10241841524839401,0.4100000262260437,-0.05716186090684988,0.1024778691097535,0.4101396935684405,0.7229857105997708,-0.047577582993783694,0.04920485502009173,0.6874641213237721,0.7191177251173761,-0.06043848866428842,0.03564761805134323,0.6913364838031132,45.87479560256229,45.792972032198065,,,,,,,,,,,,,,,,,,,,,,,,,,,,
4.968344,1785472048.36,-0.057230155915021896,0.10286180675029755,0.4100000262260437,-0.05716482002002507,0.10249858953820265,0.41013404354924005,0.7177485982197556,-0.05978904975560537,0.03691118840185641,0.6927479941895613,0.7188861945658936,-0.06032854706730512,0.03586158757292844,0.6915757747406032,45.48735377534502,45.703213685221705,,,,,,,,,,,,,,,,,,,,,,,,,,,,
5.03073,1785472048.427,-0.05678655207157135,0.10286180675029755,0.4100000262260437,-0.05714480039028178,0.1025169452770558,0.4101285688820238,0.7217555242566164,-0.06359700658148358,0.033963284929850936,0.6883827999272683,0.7193241502653516,-0.06082582309289399,0.0355729220631987,0.6910915665134305,45.48735377534502,45.63917750108655,,,,,,,,,,,,,,,,,,,,,,,,,,,,
5.109288,1785472048.46,-0.057230155915021896,0.10286180675029755,0.4100000262260437,-0.057146856594730365,0.10252544663413903,0.4101259329540848,0.7178694789116628,-0.05929868126959612,0.03797109663291637,0.6926075898135094,0.7192112879621647,-0.06070702676005699,0.0357595347957572,0.6912098348844212,45.64200993291493,45.63966394272439,,,,,,,,,,,,,,,,,,,,,,,,,,,,
5.154818,1785472048.527,-0.05678655207157135,0.10286180675029755,0.4100000262260437,-0.05712873192327342,0.1025410312473871,0.410120813441774,0.7202365504923034,-0.05601727636535993,0.041162792905815405,0.6902369162568369,0.7193551131420968,-0.06005974553052322,0.03650562915554576,0.6910776998305529,45.48722519818716,45.59446000056077,,,,,,,,,,,,,,,,,,,,,,,,,,,,
5.232552,1785472048.594,-0.05767376348376274,0.10286180675029755,0.4100000262260437,-0.057163184217567775,0.10255533213494074,0.4101159115394197,0.7154630914028327,-0.06275097362381668,0.034569902994486715,0.6949674826612513,0.7188517549309986,-0.06040910311293844,0.036254531597179146,0.6915840539170803,45.896924998153246,45.684235914479096,,,,,,,,,,,,,,,,,,,,,,,,,,,,
5.278932,1785472048.661,-0.056342948228120804,0.10286180675029755,0.4100000262260437,-0.057106824438934625,0.10256861656576172,0.4101112149758816,0.7225879990042049,-0.05261656535333771,0.04442500396784036,0.6878404609849398,0.7193844443553127,-0.059312756559460215,0.03740498676394478,0.6910635897615396,45.49201737854095,45.6272217640699,,,,,,,,,,,,,,,,,,,,,,,,,,,,
5.356791,1785472048.727,-0.057230155915021896,0.10241841524839401,0.4100000262260437,-0.05711293047730505,0.10256070999517418,0.41010677752925934,0.7144173782337204,-0.07451653400615432,0.024315637534583174,0.6953156445878761,0.7185655036076769,-0.061890302487152375,0.035188678084203444,0.6918055828177311,45.105761193053894,45.47386538399818,,,,,,,,,,,,,,,,,,,,,,,,,,,,
5.403239,1785472048.794,-0.05678655207157135,0.10241841524839401,0.4100000262260437,-0.05709708526205747,0.10255365490129356,0.41010245817283286,0.7204006894980219,-0.05630479248491753,0.042062236539081664,0.689987960164042,0.7188659252806572,-0.06098890620176943,0.03629858272033648,0.6915161225041621,46.972619410758604,45.92200528248973,,,,,,,,,,,,,,,,,,,,,,,,,,,,
5.620453,1785472048.994,-0.057230155915021896,0.10241841524839401,0.4100000262260437,-0.057113926377697924,0.10253715230205156,0.4100910155909917,0.7187342980363451,-0.04886397818245361,0.048605232347614546,0.691860428013354,0.7188482381984344,-0.05725341810468432,0.04009318260510829,0.6916442678595195,47.53092651604863,46.821501296701875,,,,,,,,,,,,,,,,,,,,,,,,,,,,
5.730224,1785472049.061,-0.057230155915021896,0.10286180675029755,0.4100000262260437,-0.05711910484056959,0.10255421269095602,0.41008733805958925,0.720145278039901,-0.05664943206777946,0.03997352037972993,0.6903504458111714,0.7189921920314051,-0.05718645602555677,0.04007992131515494,0.6915009305506994,46.40286699874509,46.697158959496434,,,,,,,,,,,,,,,,,,,,,,,,,,,,
5.791852,1785472049.161,-0.057230155915021896,0.10286180675029755,0.4100000262260437,-0.057126076850935584,0.1025756950172286,0.4100821748521972,0.720145278039901,-0.05664943206777946,0.03997352037972993,0.6903504458111714,0.7191399947636344,-0.057117684857274593,0.040066300375386145,0.6913536935477631,46.40286699874509,46.58344426350486,,,,,,,,,,,,,,,,,,,,,,,,,,,,
5.852646,1785472049.228,-0.05678655207157135,0.10286180675029755,0.4100000262260437,-0.057107873180818634,0.102588766584127,0.4100788555976229,0.7183986538102269,-0.07515612276034905,0.022197935820376536,0.6912034310249043,0.7190584428643345,-0.05982369621065349,0.03738977530031172,0.6913595922674438,45.17805233358882,46.16346391129362,,,,,,,,,,,,,,,,,,,,,,,,,,,,
5.915918,1785472049.294,-0.057230155915021896,0.10241841524839401,0.4100000262260437,-0.05711343766140889,0.10258007276697892,0.41007571630210293,0.7202911076085297,-0.05594543883266729,0.04121825218220046,0.6901825004018447,0.7192261113476209,-0.05930058919924704,0.037906351313821966,0.6912021046021743,46.81082832117331,46.353994087600995,,,,,,,,,,,,,,,,,,,,,,,,,,,,
5.977472,1785472049.361,-0.057230155915021896,0.10197501629590988,0.4100000262260437,-0.05711862716721498,0.10254186747264689,0.41007265833200424,0.7169277841375045,-0.07138877802591584,0.027465130531575222,0.692938569649964,0.7188808738342263,-0.06118289127249592,0.03628204821934876,0.6914843136528015,46.971101862578436,46.537516965016145,,,,,,,,,,,,,,,,,,,,,,,,,,,,
6.039734,1785472049.428,-0.057230155915021896,0.10197501629590988,0.4100000262260437,-0.05712345201084636,0.1025098304265102,0.41006972401161623,0.7180506081556004,-0.059034984743946146,0.03939125382169986,0.6923630000411699,0.7187689052275257,-0.060891567310144834,0.036703869920734815,0.6916041525622733,46.42556208686073,46.50432648974706,,,,,,,,,,,,,,,,,,,,,,,,,,,,
6.117361,1785472049.494,-0.05678655207157135,0.10153161734342575,0.4100000262260437,-0.05710569575193235,0.10244566381191854,0.4100669486491419,0.7202715024190259,-0.05787740091727835,0.040527124578886506,0.6900845755698842,0.7189557228282959,-0.060519117417012686,0.037176470445326876,0.6914173957059051,46.969709310965285,46.64114300774981,,,,,,,,,,,,,,,,,,,,,,,,,,,,
6.180503,1785472049.561,-0.05811736732721329,0.10197501629590988,0.4100000262260437,-0.05718195113279769,0.10242491611219047,0.4100642450928142,0.7088969770953761,-0.10166635119187742,-0.0031021007993537668,0.6979393998557456,0.7166789233360207,-0.07080517390730262,0.027138798941302292,0.6932686591689418,45.9810425403531,46.444781790332335,,,,,,,,,,,,,,,,,,,,,,,,,,,,
6.259617,1785472049.628,-0.057230155915021896,0.10241841524839401,0.4100000262260437,-0.057184131914906976,0.10242457267407311,0.41006165079369705,0.7157912592210623,-0.09793898635797822,0.0008180330403705044,0.6914117145347211,0.716534464991796,-0.07839095421311076,0.019794142538164642,0.6928502079798039,45.630865414043626,46.202433966981076,,,,,,,,,,,,,,,,,,,,,,,,,,,,
6.321036,1785472049.695,-0.05811736732721329,0.10286180675029755,0.4100000262260437,-0.05724632994294452,0.10245249994949006,0.4100591613181366,0.7111033931781024,-0.10581526587615048,0.002178747864907792,0.6950757849154938,0.7150405873138552,-0.0863517439952291,0.01468862799971617,0.693573773300523,46.135157100095896,46.18249419973394,,,,,,,,,,,,,,,,,,,,,,,,,,,,
6.429144,1785472049.761,-0.05811736732721329,0.10197501629590988,0.4100000262260437,-0.057297087091328,0.10242720554967713,0.41005680665714855,0.7135878963411062,-0.08688441791860167,0.01995996062491978,0.6948705002302746,0.7146928094956256,-0.08648028268370014,0.015958198512977688,0.6938880923192277,46.167345654095506,46.178053231584265,,,,,,,,,,,,,,,,,,,,,,,,,,,,
6.446132,1785472049.828,-0.05767376348376274,0.10153161734342575,0.4100000262260437,-0.05731297343254431,0.10236944476830596,0.4100545128861501,0.7176432250645485,-0.07064287566961149,0.037117408225840524,0.6918237374090873,0.7154869031362846,-0.08248137156596323,0.021309691828744814,0.6934127283366022,47.50852856403038,46.57546709580531,,,,,,,,,,,,,,,,,,,,,,,,,,,,
6.507905,1785472049.895,-0.05767376348376274,0.10108821839094162,0.4100000262260437,-0.05732799989735075,0.1022772965888258,0.41005231179069973,0.7178813663959098,-0.06906187928699757,0.03928484593973954,0.6916165856096718,0.7161220658504572,-0.07911863432595091,0.02582035721878642,0.6929954817006847,46.033626332419715,46.41440522740243,,,,,,,,,,,,,,,,,,,,,,,,,,,,
6.585924,1785472049.962,-0.05856097489595413,0.10153161734342575,0.4100000262260437,-0.05741313398725829,0.10224144913055047,0.41005019961692324,0.71461031782744,-0.05700703364787799,0.050235654642899565,0.6953838298176296,0.7157900101435781,-0.0731399500010759,0.0324341454004805,0.6937169706044657,46.88975864402391,46.55564919665437,,,,,,,,,,,,,,,,,,,,,,,,,,,,
6.647884,1785472050.028,-0.057230155915021896,0.10108821839094162,0.4100000262260437,-0.05740145816571251,0.10217243427917201,0.4100482018090097,0.7183259982916476,-0.06363112539250312,0.04451285641245467,0.691359129305165,0.716433929698201,-0.07078927022213412,0.03542302505194609,0.6931497045334291,47.453101706674296,46.82020262943257,,,,,,,,,,,,,,,,,,,,,,,,,,,,
6.71024,1785472050.095,-0.05856097489595413,0.10108821839094162,0.4100000262260437,-0.05747991557233309,0.10211304912360175,0.4100462556701965,0.7119773833867877,-0.08368791438167256,0.024181359508213617,0.6967781572240073,0.7153889188774272,-0.07387743679226667,0.03273444826472506,0.6940383814870721,45.39065461188162,46.39294185252201,,,,,,,,,,,,,,,,,,,,,,,,,,,,
6.772838,1785472050.162,-0.05767376348376274,0.10153161734342575,0.4100000262260437,-0.05748979100561911,0.10208670954102114,0.410044388150412,0.7157366385507816,-0.06705762067987334,0.03985435037183462,0.6939999787472769,0.7154687900840807,-0.07242595279538215,0.0342506965104784,0.6940358647547328,46.918085196643176,46.54902495172073,,,,,,,,,,,,,,,,,,,,,,,,,,,,
6.849732,1785472050.229,-0.057230155915021896,0.10064481943845749,0.4100000262260437,-0.057473541854911686,0.10199068932847666,0.4100425960671163,0.7209099702158432,-0.058869895111383214,0.049084491432429864,0.6887770778661165,0.7166966851973745,-0.06944028951421687,0.0375222729073107,0.6929040241297105,45.366727644301655,46.1961891662964,,,,,,,,,,,,,,,,,,,,,,,,,,,,
6.927422,1785472050.296,-0.05767376348376274,0.10108821839094162,0.4100000262260437,-0.05748178547341664,0.10195085917480887,0.410040876384845,0.7158312475477367,-0.06601965453595367,0.04084370202648148,0.6939443942089135,0.7165362312925609,-0.06880093816224131,0.03814327760161754,0.693099812816924,46.541871533330806,46.29881799380377,,,,,,,,,,,,,,,,,,,,,,,,,,,,
7.004781,1785472050.362,-0.057369738817214966,0.10000133514404297,0.41100001335144043,-0.057476120120316165,0.10179922020896225,0.4101105271532229,0.7240318459857853,-0.03299417323194391,0.06390413051432296,0.6860069479490457,0.718574262778308,-0.05974305232898375,0.04467690546701797,0.6914374669403724,45.69338704505928,46.120671296551656,,,,,,,,,,,,,,,,,,,,,,,,,,,,
7.081717,1785472050.463,-0.05825911462306976,0.10044580698013306,0.41100001335144043,-0.05754458336238757,0.10169675003413561,0.4101898763221245,0.7152730747800967,-0.03611277324538768,0.061336693270467126,0.695210835762647,0.7175635940270374,-0.05202700582907526,0.05012508397822661,0.6927359923864489,47.78492024477255,46.77180907868272,,,,,,,,,,,,,,,,,,,,,,,,,,,,
7.14405,1785472050.529,-0.05825911462306976,0.10000133514404297,0.41100001335144043,-0.05758274060276576,0.10159123508115099,0.4102338525550654,0.7174922377750613,-0.03408971539508626,0.06259107494435474,0.6929106272630888,0.7175777077399438,-0.04771371501461159,0.05312648008218647,0.6928082071311434,47.22343240869953,46.9045721262019,,,,,,,,,,,,,,,,,,,,,,,,,,,,
7.359614,1785472050.73,-0.05825911462306976,0.09955684840679169,0.41100001335144043,-0.05766911924966635,0.10126502318060317,0.410332468662934,0.717610797401049,-0.03448446477897013,0.06339014896167948,0.6926956432351473,0.7176140130670691,-0.04268110923966135,0.05703391307447651,0.6927882677436602,48.71532048793601,47.91961112002343,,,,,,,,,,,,,,,,,,,,,,,,,,,,
7.437194,1785472050.797,-0.05781443044543266,0.09955684840679169,0.41100001335144043,-0.057676555407740644,0.10117249548763609,0.41036251165263304,0.7197370982904449,-0.03124578345583756,0.06520545296138645,0.6904711864117011,0.7179934338164181,-0.040695644480816626,0.05845400404808258,0.692396145950818,45.81913327997267,47.28926232204958,,,,,,,,,,,,,,,,,,,,,,,,,,,,
7.51491,1785472050.897,-0.05781443044543266,0.09955684840679169,0.41100001335144043,-0.057686017118223035,0.10105734827075814,0.4104027893120381,0.7204038551018529,-0.05595417970546994,0.04147174318081643,0.6900489184437731,0.7186255087124995,-0.04447346876398741,0.05425455116460021,0.6918496458637003,47.19671010799921,47.253532874902945,,,,,,,,,,,,,,,,,,,,,,,,,,,,
7.593305,1785472050.963,-0.05825911462306976,0.10044580698013306,0.41100001335144043,-0.05771475269624963,0.10101855787470632,0.41042775110591845,0.7212638416043635,-0.04284115067672835,0.05345886814604591,0.6892642860466173,0.7190301105335882,-0.04422368152349495,0.05413282668242786,0.6914547007678339,48.657481080211795,47.668682551807805,,,,,,,,,,,,,,,,,,,,,,,,,,,,
7.65528,1785472051.03,-0.05825911462306976,0.10044580698013306,0.41100001335144043,-0.05774076521522306,0.10098570214928257,0.4104516769984713,0.7195195989910093,-0.033707211083869204,0.061708044405176965,0.6909033853184202,0.71911635858788,-0.04254576732817128,0.0553424326607276,0.691374526317652,46.719876171994294,47.385939759906485,,,,,,,,,,,,,,,,,,,,,,,,,,,,
7.887096,1785472051.097,-0.05825911462306976,0.10000133514404297,0.41100001335144043,-0.05776440624578047,0.10094291374290337,0.4104743733258738,0.7189424093555277,-0.04686630935454127,0.05021102997499323,0.6916677045709185,0.719092965352973,-0.04317719652852432,0.054592797527964726,0.6914193107932957,47.70173727194257,47.47968044520564,,,,,,,,,,,,,,,,,,,,,,,,,,,,
7.930542,1785472051.297,-0.05811736732721329,0.09975802153348923,0.4100000262260437,-0.05780447394117537,0.10079095276325732,0.4103972319608892,0.7203209598312251,-0.03476457749288484,0.0715029694921207,0.6890692739727788,0.7194896166119047,-0.04064989321482755,0.0596783263899295,0.690739296065147,46.702228997522575,47.04591802892463,,,,,,,,,,,,,,,,,,,,,,,,,,,,
8.008887,1785472051.364,-0.05811736732721329,0.10020142048597336,0.4100000262260437,-0.05781727621422301,0.10076098944938566,0.4103753656154876,0.7206789912929777,-0.05943274108511712,0.046587766036826454,0.689143759205395,0.7197136529920055,-0.043773569390979775,0.05750452543358532,0.6904993568963944,48.145104865624,47.373779961553495,,,,,,,,,,,,,,,,,,,,,,,,,,,,
8.071149,1785472051.464,-0.05811736732721329,0.10020142048597336,0.4100000262260437,-0.057835154037852346,0.10072276125137157,0.41034832240388663,0.7167754184734157,-0.055512878864679184,0.050984076967153034,0.6932185396022112,0.7190919936789162,-0.04630580109647527,0.05609938857549667,0.6910971972256513,48.015041481611426,47.621975608181984,,,,,,,,,,,,,,,,,,,,,,,,,,,,
8.147395,1785472051.53,-0.05767376348376274,0.10020142048597336,0.4100000262260437,-0.057826299228739504,0.1006996602452642,0.41033224958914977,0.7207909495377522,-0.05976664158017248,0.047555383699203285,0.6889316664952441,0.7193882502376612,-0.04855030796268581,0.05467628602385613,0.690748808731048,48.2340297331804,47.80207826251235,,,,,,,,,,,,,,,,,,,,,,,,,,,,
8.240919,1785472051.564,-0.05811736732721329,0.10064481943845749,0.4100000262260437,-0.05783315909704766,0.10069789551840216,0.4103243693160481,0.7169519440685935,-0.05417890923607942,0.052941352773845186,0.6929947827052727,0.7191609195695018,-0.04907883322613689,0.05451351119904686,0.6909610097464696,48.40330074113534,47.90845192856889,,,,,,,,,,,,,,,,,,,,,,,,,,,,
8.25619,1785472051.631,-0.05811736732721329,0.10108821839094162,0.4100000262260437,-0.057845643290722906,0.10072515719894885,0.4103100566533644,0.7184206544336664,-0.06187997083264831,0.04489022690520295,0.6913953283189382,0.7190429956421938,-0.05135251821939356,0.05280597996023787,0.6910510963531321,47.82739308408952,47.8844258413616,,,,,,,,,,,,,,,,,,,,,,,,,,,,
8.333946,1785472051.697,-0.05811736732721329,0.10153161734342575,0.4100000262260437,-0.057857132080268714,0.10078542989124567,0.4102969044811368,0.7190771251816477,-0.05488077672081147,0.05228678029516722,0.6907838163951023,0.7190486789804441,-0.05187968190232882,0.05272845442824337,0.691011726351876,48.288990914370906,48.00331861530932,,,,,,,,,,,,,,,,,,,,,,,,,,,,
8.38113,1785472051.764,-0.05811736732721329,0.10153161734342575,0.4100000262260437,-0.057868102465952684,0.10083436130786247,0.41028435944960495,0.7209236989932716,-0.05771508927394277,0.04891951633544005,0.6888721721926835,0.719318068648147,-0.05271051263286599,0.052186446789497895,0.6907095574449272,47.25910652087651,47.78182338902128,,,,,,,,,,,,,,,,,,,,,,,,,,,,
8.444308,1785472051.831,-0.057230155915021896,0.10108821839094162,0.4100000262260437,-0.05782426852155728,0.10084537457929778,0.41027250093377143,0.7234615653074821,-0.054043515795799475,0.053687041188275594,0.6861489368436895,0.7198708873168468,-0.052887927084117325,0.05238614927961718,0.6901046762093809,47.99039621918566,47.84369480174769,,,,,,,,,,,,,,,,,,,,,,,,,,,,
8.522445,1785472051.897,-0.05781443044543266,0.10133477300405502,0.41100001335144043,-0.05782387190335143,0.10086992628697525,0.4103247105523261,0.7203277626831004,-0.05583614902071598,0.04105224275816,0.6901629895430648,0.7199405671493968,-0.05329970457280902,0.05080525355099238,0.690118502488287,47.82739308408952,47.83891576796285,,,,,,,,,,,,,,,,,,,,,,,,,,,,
8.60017,1785472051.964,-0.05811736732721329,0.10197501629590988,0.4100000262260437,-0.057838641601016455,0.10094610639901659,0.4103081581744067,0.7181284701457292,-0.06334929580316001,0.04222988056978654,0.6917333332104647,0.7196746809509649,-0.054821142056314255,0.04950811791753443,0.6903708729675896,48.37826103425173,47.99923607419774,,,,,,,,,,,,,,,,,,,,,,,,,,,,
8.663535,1785472052.031,-0.05811736732721329,0.10153161734342575,0.4100000262260437,-0.057851854328038264,0.10097296064550762,0.4102934082136907,0.7205814343849719,-0.05953893485578186,0.04590329682378879,0.689282524801436,0.7198018100230006,-0.0554743899110359,0.049009180461264734,0.6902217372570396,45.861642773534975,47.357583864247275,,,,,,,,,,,,,,,,,,,,,,,,,,,,
8.726388,1785472052.098,-0.05767376348376274,0.10153161734342575,0.4100000262260437,-0.05784285565416534,0.10099768197248343,0.4102800101711205,0.7207097038029782,-0.05965338445603119,0.047066599892466435,0.6890600349328982,0.7199167136977453,-0.055999099978591566,0.04876536824912761,0.690076781959626,46.761887585311534,47.18044235831674,,,,,,,,,,,,,,,,,,,,,,,,,,,,
8.803712,1785472052.164,-0.05825911462306976,0.10133477300405502,0.41100001335144043,-0.057864663987951113,0.10101244260862409,0.41032980460249147,0.7219517450674191,-0.042639069486268825,0.0630355529642081,0.6877456700045081,0.720253045868976,-0.053914483501213216,0.05099480158554045,0.6897306058139739,47.16297584866597,47.17532161201473,,,,,,,,,,,,,,,,,,,,,,,,,,,,
8.865254,1785472052.231,-0.05811736732721329,0.10153161734342575,0.4100000262260437,-0.05787593696898122,0.1010354338259521,0.4103123538814255,0.7171935905956806,-0.07479251914759526,0.032463518766459885,0.6920878214773986,0.7196876646678695,-0.0580881292449425,0.047296560781853625,0.6902452244702164,46.90458601260069,47.09497708900889,,,,,,,,,,,,,,,,,,,,,,,,,,,,
8.942085,1785472052.298,-0.05825911462306976,0.10177925229072571,0.41100001335144043,-0.057894394839732195,0.10107374274622757,0.410357119302581,0.7204228601342942,-0.054062939612868684,0.042183786478045625,0.6901366743730645,0.7198187414482562,-0.05738287989093284,0.04640067472192719,0.6902283404357004,46.235693532337,46.83904439036107,,,,,,,,,,,,,,,,,,,,,,,,,,,,
8.989612,1785472052.364,-0.05767376348376274,0.10153161734342575,0.4100000262260437,-0.05788247635419474,0.10109223810215526,0.4103371824548424,0.7207951983546397,-0.05980890144625618,0.04756607592840967,0.6889228155297664,0.7199622832965492,-0.057738439880714636,0.04657148867634212,0.6900374479932447,47.27715598246534,46.96781859840635,,,,,,,,,,,,,,,,,,,,,,,,,,,,
9.066536,1785472052.431,-0.05825911462306976,0.10177925229072571,0.41100001335144043,-0.05790133796368402,0.1011254945750329,0.41037863272916403,0.7194854669529499,-0.06740542008279604,0.03056393987533188,0.690552690072419,0.7198990128029888,-0.05938323058441796,0.043851393053808786,0.6901420858184786,47.81756161034362,47.22088560963245,,,,,,,,,,,,,,,,,,,,,,,,,,,,
9.113588,1785472052.498,-0.05825911462306976,0.10133477300405502,0.41100001335144043,-0.057918236066841405,0.1011359281896741,0.4104134820831631,0.7180577304471605,-0.05895873661624355,0.03860624701586338,0.6924063263814388,0.7196211310725409,-0.0593189185216086,0.04305512981013349,0.6904874723094809,47.277003762172725,47.237516773380705,,,,,,,,,,,,,,,,,,,,,,,,,,,,
9.190512,1785472052.565,-0.05811736732721329,0.10153161734342575,0.4100000262260437,-0.057926283391268006,0.10115192288316646,0.4103874699613488,0.719629020552032,-0.07110190629620627,0.03546580176527395,0.6897976287328877,0.7196319244197615,-0.061206776167944815,0.04184025196117981,0.6903861363200037,47.30507240704785,47.25753903080753,,,,,,,,,,,,,,,,,,,,,,,,,,,,
9.252151,1785472052.631,-0.05811736732721329,0.10153161734342575,0.4100000262260437,-0.05793389397661784,0.10116704824427834,0.4103659171433562,0.7181891535856114,-0.06358575448725927,0.04262160055715071,0.6916246024139221,0.7194370829676672,-0.06152877108277512,0.04194602013200395,0.6905541436955562,47.82739308408952,47.42517785072896,,,,,,,,,,,,,,,,,,,,,,,,,,,,
9.298871,1785472052.698,-0.05767376348376274,0.10108821839094162,0.4100000262260437,-0.0579194894300382,0.10116268518500678,0.410346989047245,0.7222176987234655,-0.06691244906206796,0.040162022181156505,0.6872491046086695,0.71980359604817,-0.06223454094394773,0.04171232843964972,0.6901229793926309,46.356676490239366,47.10652893276155,,,,,,,,,,,,,,,,,,,,,,,,,,,,
9.36093,1785472052.731,-0.05825911462306976,0.10133477300405502,0.41100001335144043,-0.05792829788047887,0.10116641302828179,0.4103704307137825,0.7179793243650038,-0.05990598186060618,0.03769275744476718,0.6924566550751746,0.7196739240970901,-0.06206816072378631,0.041425055829666976,0.6902904831652912,47.81756161034362,47.229384832428586,,,,,,,,,,,,,,,,,,,,,,,,,,,,
9.423816,1785472052.798,-0.05825911462306976,0.10177925229072571,0.41100001335144043,-0.057944205759701356,0.10119926012358343,0.4104092285329124,0.7215979460498251,-0.036918077414096154,0.059157236266475476,0.6887916094248192,0.7200962390537032,-0.05724740280168558,0.044830246539096646,0.6900539039585366,46.79275571189935,47.099678507175724,,,,,,,,,,,,,,,,,,,,,,,,,,,,
9.501301,1785472052.865,-0.05825911462306976,0.10177925229072571,0.41100001335144043,-0.05795863527246827,0.10122810027615597,0.41044197818096395,0.721146185487716,-0.04488562509084626,0.05154616319617751,0.689402968427373,0.720305014535069,-0.054919481148627894,0.04609611946386898,0.6899417978325217,46.34883797670615,46.876198339204784,,,,,,,,,,,,,,,,,,,,,,,,,,,,
9.578964,1785472052.931,-0.05767376348376274,0.10153161734342575,0.4100000262260437,-0.05794278817067492,0.10124074388193198,0.41041432284979945,0.7183242581578403,-0.0633440960619597,0.04414815457909961,0.6914106783116251,0.7199695858981516,-0.05636404366162628,0.045762440964895144,0.690197572410023,47.4295732333527,47.03897106884149,,,,,,,,,,,,,,,,,,,,,,,,,,,,
9.640462,1785472053.032,-0.05767376348376274,0.10153161734342575,0.4100000262260437,-0.05792291015683148,0.10125858168161732,0.4103811181396824,0.723194338642405,-0.05540581911722573,0.0511150911128565,0.6865183109167943,0.720625923790134,-0.0561701831286719,0.046846905852657515,0.6894552602605477,47.28205846015913,47.13345252571641,,,,,,,,,,,,,,,,,,,,,,,,,,,,
9.717142,1785472053.098,-0.057369738817214966,0.10133477300405502,0.41100001335144043,-0.05789149598375442,0.10126218109961359,0.41042018191417073,0.7203581828071921,-0.05599691506410146,0.04148646296471457,0.6900922455416387,0.7205923118167099,-0.05614775296391624,0.04615018159657713,0.6895392017328351,46.89520291527584,47.06350955655694,,,,,,,,,,,,,,,,,,,,,,,,,,,,
9.763278,1785472053.132,-0.05781443044543266,0.10133477300405502,0.41100001335144043,-0.05788974529405794,0.1012639383296044,0.41043835569501663,0.7211539069092261,-0.045415844429571334,0.05161179846156968,0.6893552537580826,0.7206446032545544,-0.05522729733853856,0.046619040177446155,0.6895273500896829,47.81208451434653,47.1961169135802,,,,,,,,,,,,,,,,,,,,,,,,,,,,
9.824815,1785472053.198,-0.05811736732721329,0.10153161734342575,0.4100000262260437,-0.057901654911387344,0.1012752181714755,0.41041229295567855,0.7183191389210862,-0.06307283069307573,0.04375900499341536,0.6914655321634031,0.7203041135250488,-0.05638839002143796,0.04619610379813622,0.6898175508810687,47.82814112912737,47.38211778710035,,,,,,,,,,,,,,,,,,,,,,,,,,,,
9.901232,1785472053.265,-0.057230155915021896,0.10108821839094162,0.4100000262260437,-0.05786048782914629,0.10126516724668104,0.4103898267367469,0.7222177322752088,-0.0686941428651515,0.03977046916446102,0.6870960425629854,0.7206190516262448,-0.05835115368895017,0.04517225003605945,0.6893930614120944,47.28205846015913,47.35245621730205,,,,,,,,,,,,,,,,,,,,,,,,,,,,
9.947922,1785472053.332,-0.05781443044543266,0.10044580698013306,0.41100001335144043,-0.05785839874822127,0.10120703871474063,0.41042888666090577,0.7213629001066527,-0.04349736849174193,0.054009019330848645,0.6890766075807051,0.7207638302021605,-0.055770669167919396,0.04670914134626425,0.6893528774492557,47.82814112912737,47.49379848605693,,,,,,,,,,,,,,,,,,,,,,,,,,,,
10.009895,1785472053.398,-0.05781443044543266,0.10000133514404297,0.41100001335144043,-0.05785649570273874,0.10111597266055602,0.4104611016316223,0.7239351072343564,-0.038229945163124605,0.059533016705357676,0.6862304654621251,0.7214060543914376,-0.05237379066569266,0.049195932371269895,0.6887743106248997,48.37906915841047,47.75473986598198,,,,,,,,,,,,,,,,,,,,,,,,,,,,
10.087547,1785472053.465,-0.05825911462306976,0.10044580698013306,0.41100001335144043,-0.05787976734904791,0.10108146199576173,0.41048928233747206,0.7206848301178974,-0.05426122792481348,0.043716568274209694,0.6897520978151173,0.7212845441835353,-0.05269660290665056,0.04825928559827295,0.6889431875834122,48.39398798304578,47.944876144910346,,,,,,,,,,,,,,,,,,,,,,,,,,,,
10.13439,1785472053.532,-0.05781443044543266,0.10000133514404297,0.41100001335144043,-0.057876947460841814,0.1010134231497206,0.41051420542922185,0.7231300089763417,-0.05124995913628403,0.04717561758107906,0.6871905797609926,0.7215520691037272,-0.052487265228724815,0.04810247789850656,0.6886899521417191,48.354037692755526,48.06640337612404,,,,,,,,,,,,,,,,,,,,,,,,,,,,
10.196279,1785472053.565,-0.05781443044543266,0.10000133514404297,0.41100001335144043,-0.0578756039786259,0.10098300532820358,0.41052581830093565,0.723030021368558,-0.05264177422330456,0.04585279783380974,0.6872801122811696,0.7216607081981421,-0.052498615424872136,0.04793747246846523,0.6885867529620088,48.77319283026334,48.18852547122673,,,,,,,,,,,,,,,,,,,,,,,,,,,,
10.257339,1785472053.632,-0.05781443044543266,0.10000133514404297,0.41100001335144043,-0.05787303415404699,0.10093029219886558,0.4105473050488715,0.7233942947316702,-0.050667934947870814,0.04894828831182074,0.6868315075687272,0.7218708188793492,-0.05227718994336276,0.04805977600530499,0.6883748064771134,48.36845201651962,48.24189036033587,,,,,,,,,,,,,,,,,,,,,,,,,,,,
10.320516,1785472053.699,-0.05781443044543266,0.10044580698013306,0.41100001335144043,-0.057870600239867016,0.10090795360855932,0.4105671613317243,0.7230747842976704,-0.05205973602883363,0.046420359358943855,0.687239252687499,0.7219981055930135,-0.05225424729060423,0.047886718577916466,0.6882551062970993,48.37906915841047,48.2825656214298,,,,,,,,,,,,,,,,,,,,,,,,,,,,
10.398121,1785472053.765,-0.05825911462306976,0.10089029371738434,0.41100001335144043,-0.05789154796117074,0.1009069196913685,0.4105854432001531,0.7191103634028889,-0.045597252203332786,0.05205456708956367,0.6914416084407916,0.7216748490428295,-0.051502581843202236,0.048357649204570904,0.6886177706724543,47.99039621918566,48.1967650301859,,,,,,,,,,,,,,,,,,,,,,,,,,,,
10.443768,1785472053.832,-0.05781443044543266,0.10089029371738434,0.41100001335144043,-0.05788804648798088,0.1009060246326996,0.4106029062241529,0.7236024755100381,-0.042331978877450306,0.05507548218281903,0.6867125688833674,0.7219273146337336,-0.05032806935089144,0.049218683171417844,0.6883789356510043,47.78848062836352,48.07550151359934,,,,,,,,,,,,,,,,,,,,,,,,,,,,
10.546995,1785472053.899,-0.05767376348376274,0.10064481943845749,0.4100000262260437,-0.05787761319508432,0.10089516596713403,0.41055928219820786,0.7193422613247309,-0.05284268251691115,0.055530050773517484,0.6904134815005643,0.7216042204186892,-0.050644718460250426,0.05001319156066766,0.6886371629791219,47.98403385735239,48.04838820951036,,,,,,,,,,,,,,,,,,,,,,,,,,,,
10.567732,1785472053.966,-0.05811736732721329,0.10108821839094162,0.4100000262260437,-0.057889511692406664,0.10090600811911538,0.41052398499152204,0.7210927571702547,-0.05805031110736973,0.049884806222905385,0.6885977803079537,0.7215430024783218,-0.051562519836452575,0.049997432577281925,0.6886343433625455,47.78848062836352,47.97126422184755,,,,,,,,,,,,,,,,,,,,,,,,,,,,
10.628835,1785472053.999,-0.05811736732721329,0.10197501629590988,0.4100000262260437,-0.057895039600530634,0.10095397005538512,0.4105082094759016,0.7183925633360795,-0.06323904276537287,0.044267404322800075,0.6913416993991164,0.7212860739333271,-0.052534155560618793,0.04952115639693641,0.688864440306284,47.95988642607881,47.969310048097206,,,,,,,,,,,,,,,,,,,,,,,,,,,,
10.738993,1785472054.066,-0.05781443044543266,0.10177925229072571,0.41100001335144043,-0.05789138610818177,0.10100961451126514,0.41053805073588684,0.7205036714247055,-0.05604254434021932,0.04205357768225524,0.6899023041645221,0.7211737334627054,-0.05305233119547495,0.04841893169178657,0.6890206842845972,48.3621393904723,48.085972613772995,,,,,,,,,,,,,,,,,,,,,,,,,,,,
10.798574,1785472054.132,-0.05781443044543266,0.10177925229072571,0.41100001335144043,-0.057888057163077974,0.10105488692403782,0.41056301876379386,0.7211798136898634,-0.04503863851613013,0.05198635111861808,0.6893247541356969,0.7211779734836185,-0.05191706050855794,0.04892465248885518,0.6890669980263581,48.55262883958446,48.22316476967665,,,,,,,,,,,,,,,,,,,,,,,,,,,,
10.814575,1785472054.199,-0.05781443044543266,0.10222373157739639,0.41100001335144043,-0.057884901970032425,0.1011350862433809,0.41058512788903045,0.7205904427453621,-0.05494549862959,0.04311815832712879,0.6898342050281833,0.7211009386438345,-0.052323736184576204,0.04814530190981104,0.6891717440686906,48.360132965921395,48.263777253104905,,,,,,,,,,,,,,,,,,,,,,,,,,,,
10.876947,1785472054.266,-0.057369738817214966,0.10177925229072571,0.41100001335144043,-0.057855496385080696,0.10116445414904597,0.4106048745728287,0.7203611949794834,-0.0559870542687603,0.041509985753436576,0.6900884867933873,0.7210067749714761,-0.05280214673234983,0.04727924086997876,0.6892937234071156,46.36632153938215,47.69503788647918,,,,,,,,,,,,,,,,,,,,,,,,,,,,
10.938324,1785472054.333,-0.05781443044543266,0.10222373157739639,0.41100001335144043,-0.05785370255443485,0.10122689176103725,0.4106228431058439,0.7194578401955436,-0.06717488708656871,0.03079717027504212,0.6905935744192241,0.7207728613831884,-0.05519845117255021,0.04453486770308742,0.6895333631089298,46.371053534089526,47.29956244500113,,,,,,,,,,,,,,,,,,,,,,,,,,,,
11.016243,1785472054.366,-0.05781443044543266,0.10222373157739639,0.41100001335144043,-0.05785284984208289,0.10125509188118814,0.41063132147687037,0.7187096689770852,-0.04851946763854041,0.04810211135998627,0.691945416822478,0.7205825405724405,-0.054575851360073445,0.04486760904662374,0.6897602310433167,47.98202998211466,47.417447945487865,,,,,,,,,,,,,,,,,,,,,,,,,,,,
11.078532,1785472054.433,-0.05678655207157135,0.10241841524839401,0.4100000262260437,-0.057775441926686565,0.101322301988593,0.41058668017137295,0.7220681218834218,-0.06858474148008269,0.03926723633457629,0.687293128691465,0.7208594476671077,-0.05707071522400657,0.04387138145313016,0.6893329326691758,47.98403385735239,47.58588839924521,,,,,,,,,,,,,,,,,,,,,,,,,,,,
11.12425,1785472054.499,-0.05678655207157135,0.10197501629590988,0.4100000262260437,-0.057713640493132684,0.10135006203159434,0.41055080160030016,0.7213044193547375,-0.0695873210360998,0.028811916714873827,0.6885110114047259,0.7209655263612444,-0.05945563001805399,0.04100528381752542,0.6891968547206625,47.02379902502824,47.42053816664965,,,,,,,,,,,,,,,,,,,,,,,,,,,,
11.2012,1785472054.566,-0.05781443044543266,0.10222373157739639,0.41100001335144043,-0.05771955734800516,0.10139106973297464,0.4105771913897273,0.7178577984288476,-0.059815618829588,0.03721489671640666,0.6926162894715288,0.7204434109562359,-0.05951646930162168,0.040366371786724344,0.6897750629882101,46.371053534089526,47.10759027042191,,,,,,,,,,,,,,,,,,,,,,,,,,,,
11.279221,1785472054.633,-0.057369738817214966,0.10222373157739639,0.41100001335144043,-0.057704689354107205,0.10142854694686317,0.41059976335560006,0.7184828461170338,-0.06980657365366615,0.018731578683130034,0.6917792784337642,0.7200907409465295,-0.061544076262206995,0.03611096779192049,0.6902011659547096,47.4284429689083,47.20283227040925,,,,,,,,,,,,,,,,,,,,,,,,,,,,
11.341733,1785472054.699,-0.057369738817214966,0.10222373157739639,0.41100001335144043,-0.05769086040809427,0.1014627700718444,0.4106193393461591,0.7202137932563314,-0.05669839630696527,0.04025313069911493,0.6902586973942919,0.7201138534823215,-0.060715807089719416,0.03681924084237544,0.6902129905297906,47.4295732333527,47.26939060707073,,,,,,,,,,,,,,,,,,,,,,,,,,,,
11.388279,1785472054.766,-0.05767376348376274,0.10153161734342575,0.4100000262260437,-0.05769001104911211,0.10146699388568442,0.4105776286696408,0.7217446042850337,-0.04545029832988605,0.06062577963502994,0.6879996449205547,0.7205042954113868,-0.057516182318295056,0.04181785414439254,0.6897946912959159,47.81804146446952,47.43248492195943,,,,,,,,,,,,,,,,,,,,,,,,,,,,
11.451146,1785472054.833,-0.057230155915021896,0.10153161734342575,0.4100000262260437,-0.05766750959280502,0.10147056359849509,0.41054324755868643,0.7208789087848433,-0.05931245471976809,0.04869610678406581,0.6887991875491464,0.7205761847448345,-0.05784769048830112,0.04308656569862391,0.6896137720057844,47.047240559205015,47.31807977671414,,,,,,,,,,,,,,,,,,,,,,,,,,,,
11.529022,1785472054.9,-0.057369738817214966,0.10177925229072571,0.41100001335144043,-0.05765510139268748,0.10148368652504315,0.41057088783021706,0.7253921439387712,-0.04568576207013152,0.05128943732982577,0.684900315574737,0.7214965338862137,-0.05556086475191103,0.04463059806597308,0.6887407724350817,47.81804146446952,47.466656734996576,,,,,,,,,,,,,,,,,,,,,,,,,,,,
11.60756,1785472054.966,-0.05767376348376274,0.10153161734342575,0.4100000262260437,-0.0576560188574397,0.10148606411854963,0.4105371725362342,0.7158220301752733,-0.06691868066442228,0.04064332957932706,0.6938795508260706,0.72046133425803,-0.05765581874094037,0.04389612608956079,0.6896987766545482,48.014543051977796,47.62781104394308,,,,,,,,,,,,,,,,,,,,,,,,,,,,
11.654615,1785472055.033,-0.05811736732721329,0.10197501629590988,0.4100000262260437,-0.057684551741564026,0.10150976524425834,0.4105080558415017,0.7217201217042205,-0.0452230696853069,0.06022158127140907,0.6880757960026308,0.7207382559894354,-0.05516525163912651,0.0471705692021882,0.6893969094549528,48.195888609789286,47.79670250838021,,,,,,,,,,,,,,,,,,,,,,,,,,,,
11.716393,1785472055.1,-0.05767376348376274,0.10197501629590988,0.4100000262260437,-0.05768411341885449,0.10153121087942181,0.4104825747543581,0.7181914348591475,-0.06294772408553344,0.043251633424486596,0.6916414845377078,0.7202773123433515,-0.0565885327732914,0.046454352492074136,0.6898118036222245,47.053945973007174,47.57564190474838,,,,,,,,,,,,,,,,,,,,,,,,,,,,
11.778968,1785472055.167,-0.057230155915021896,0.10241841524839401,0.4100000262260437,-0.05765905119125868,0.1015837806544354,0.4104597568963559,0.7195270452153623,-0.07202893402721364,0.03525067796301126,0.6898188556205908,0.7201521467967503,-0.05958880309685647,0.04427982913218073,0.6898328469575371,47.4295732333527,47.53232854049731,,,,,,,,,,,,,,,,,,,,,,,,,,,,
11.839806,1785472055.233,-0.057230155915021896,0.10286180675029755,0.4100000262260437,-0.05763752395163855,0.10167000333412149,0.4104392385562918,0.7194296740675364,-0.07205694627000328,0.034595699068642016,0.6899506345900931,0.7200271356886557,-0.06198849741657968,0.04241772005756175,0.6898688912287197,46.481820455564396,47.22236541168858,,,,,,,,,,,,,,,,,,,,,,,,,,,,
11.902596,1785472055.3,-0.057230155915021896,0.10241841524839401,0.4100000262260437,-0.05761804267555181,0.10170404271876222,0.41041998515352907,0.7204149778896437,-0.061399415749465135,0.04478849681758142,0.6893666382489871,0.7200899256667083,-0.06189362507718666,0.04279966226667613,0.6897882769647348,47.61371397381723,47.33858556588738,,,,,,,,,,,,,,,,,,,,,,,,,,,,
11.964741,1785472055.333,-0.057369738817214966,0.10222373157739639,0.41100001335144043,-0.05761292660744059,0.10171556340502357,0.41044271511899594,0.7227347604710763,-0.05170162573812771,0.04503942714146902,0.6877156810089607,0.7203461950521352,-0.060920801090440124,0.04301374002127382,0.6895939627329931,47.98377450618187,47.450002324806015,,,,,,,,,,,,,,,,,,,,,,,,,,,,
12.026546,1785472055.4,-0.057369738817214966,0.10222373157739639,0.41100001335144043,-0.05760300567770613,0.10173738310846399,0.41047953738324494,0.720364206522701,-0.05597720308273595,0.0415335007708262,0.6900847274137237,0.7203502397025324,-0.06015760371809992,0.04278526273090204,0.6896709477485969,47.98403385735239,47.60873783420336,,,,,,,,,,,,,,,,,,,,,,,,,,,,
12.088663,1785472055.467,-0.057230155915021896,0.10241841524839401,0.4100000262260437,-0.05758606495382784,0.10176820187527659,0.41045275252636776,0.7231373783365093,-0.05549422300681823,0.051064959318704736,0.6865748999164248,0.7207796009456214,-0.05944799750149617,0.044046187222057456,0.6892043498447555,45.85840363267336,47.08456717696398,,,,,,,,,,,,,,,,,,,,,,,,,,,,
12.152095,1785472055.534,-0.057230155915021896,0.10241841524839401,0.4100000262260437,-0.05757042330319082,0.10179669386013693,0.41042951401820654,0.7205733674010117,-0.05951177038602005,0.04659443335974993,0.6892469297412736,0.720753218355167,-0.059456259607885,0.04437546762183458,0.6892101053361394,47.024939015263236,47.06689477240534,,,,,,,,,,,,,,,,,,,,,,,,,,,,
12.22874,1785472055.6,-0.057230155915021896,0.10197501629590988,0.4100000262260437,-0.05755603110531311,0.10180602306014191,0.4104091276943767,0.7206543644111962,-0.059673710327477425,0.047063579928460844,0.6891163579506471,0.7207424615225893,-0.05948051548044623,0.044675067870588614,0.6891999062298961,47.99039621918566,47.33916149738858,,,,,,,,,,,,,,,,,,,,,,,,,,,,
12.289758,1785472055.667,-0.05767376348376274,0.10241841524839401,0.4100000262260437,-0.05756234692729392,0.10183451275669794,0.4103903634142337,0.7189500560370186,-0.05362202004822612,0.052240489597980506,0.6910183985516442,0.7205275807288604,-0.05876611381096291,0.045598255136594525,0.6894253755157773,47.98403385735239,47.53097386382718,,,,,,,,,,,,,,,,,,,,,,,,,,,,
12.336427,1785472055.734,-0.057230155915021896,0.10241841524839401,0.4100000262260437,-0.05754702767736521,0.10186062217712154,0.4103730898900029,0.7229392360915348,-0.05663585187442269,0.0493432836349103,0.686816191977134,0.7208081499608006,-0.058519392097887445,0.04603223301723789,0.6891241725712635,47.98377450618187,47.66549665763773,,,,,,,,,,,,,,,,,,,,,,,,,,,,
12.39861,1785472055.767,-0.057230155915021896,0.10241841524839401,0.4100000262260437,-0.05753981770494188,0.1018729797946374,0.410364898597025,0.7205493162841747,-0.05980226939272501,0.046316555187287396,0.689265658576917,0.7207935506965464,-0.058591927198141,0.04604831046196212,0.6891322053460219,46.64518376189731,47.48873386798202,,,,,,,,,,,,,,,,,,,,,,,,,,,,
12.475416,1785472055.834,-0.057230155915021896,0.10241841524839401,0.4100000262260437,-0.05752627349448797,0.10189638926682275,0.41034933741317936,0.7219662014047495,-0.04089181045934788,0.065004906800401,0.6876532745202516,0.7210181077051976,-0.05570732596963985,0.049142703028371704,0.688922765579418,48.47311157946349,47.78214292382019,,,,,,,,,,,,,,,,,,,,,,,,,,,,
12.553397,1785472055.934,-0.057230155915021896,0.10241841524839401,0.4100000262260437,-0.05750789547843768,0.10192841051870362,0.41032799387369273,0.7219662014047495,-0.04089181045934788,0.065004906800401,0.6876532745202516,0.7212723696481972,-0.052217166250266255,0.05288407741368019,0.6886528956498843,47.50461751609312,47.67491409589596,,,,,,,,,,,,,,,,,,,,,,,,,,,,
12.5998,1785472055.967,-0.057230155915021896,0.10241841524839401,0.4100000262260437,-0.05750201066084575,0.10193868748213186,0.4103211386038794,0.721823101388873,-0.04170178561477435,0.0635985808122148,0.6878863219286749,0.7213393430620914,-0.05108834239944852,0.05403542768798735,0.688578031871627,48.4754893410039,47.81334999927928,,,,,,,,,,,,,,,,,,,,,,,,,,,,
12.660913,1785472056.034,-0.057230155915021896,0.10241841524839401,0.4100000262260437,-0.05749070268351236,0.10195850073044209,0.41030790753507745,0.7195070692748258,-0.07222820361186937,0.03505963191966026,0.6898285918082921,0.720977964625717,-0.05585072170663214,0.04976764218100811,0.6889083053649084,47.4295732333527,47.69938314730332,,,,,,,,,,,,,,,,,,,,,,,,,,,,
12.72271,1785472056.101,-0.057230155915021896,0.10241841524839401,0.4100000262260437,-0.05747995749764329,0.10197737259970227,0.41029529517377833,0.720577159558493,-0.06062914526909321,0.046166715360172014,0.6891743598389353,0.7209026108843353,-0.05677337460351651,0.04907260674874201,0.6889616018495958,47.429786471453724,47.619379500621626,,,,,,,,,,,,,,,,,,,,,,,,,,,,
12.785854,1785472056.167,-0.05767376348376274,0.10286180675029755,0.4100000262260437,-0.05749043835997392,0.10202608156540009,0.4102834212316169,0.7169578033552713,-0.07575728234500481,0.03093271346374938,0.6922972696879952,0.7200899749190827,-0.0608987075012259,0.045136972912494605,0.6897277934968342,46.89025999101891,47.40467546379182,,,,,,,,,,,,,,,,,,,,,,,,,,,,
12.862561,1785472056.234,-0.05678655207157135,0.10286180675029755,0.4100000262260437,-0.05744815559135575,0.10206898106475175,0.4102718928869159,0.7228351639860208,-0.05590624427193281,0.049422992273345755,0.6869797561729591,0.720622857056155,-0.059935824984393433,0.045964048347537784,0.6892007697552068,47.4295732333527,47.4120527053905,,,,,,,,,,,,,,,,,,,,,,,,,,,,
12.909189,1785472056.301,-0.057230155915021896,0.10330521315336227,0.4100000262260437,-0.057439115572669716,0.10214667121329965,0.41026085623764563,0.7219442551054349,-0.06705793816720801,0.03883029326141024,0.6875986720276984,0.7208658889705741,-0.06121587483869143,0.04468273353525221,0.6889183116380454,46.481820455564396,47.13487189247481,,,,,,,,,,,,,,,,,,,,,,,,,,,,
12.970609,1785472056.368,-0.057230155915021896,0.10286180675029755,0.4100000262260437,-0.057430516716699014,0.1021762567974675,0.41025028304005723,0.7194296740675364,-0.07205694627000328,0.034595699068642016,0.6899506345900931,0.7206167763911084,-0.06318726879092944,0.042850138327255066,0.6891173312954515,46.481820455564396,46.94061362852693,,,,,,,,,,,,,,,,,,,,,,,,,,,,
13.033936,1785472056.401,-0.057230155915021896,0.10241841524839401,0.4100000262260437,-0.05742638244895641,0.1021832806109945,0.4102451845900891,0.7195070692748258,-0.07222820361186937,0.03505963191966026,0.6898285918082921,0.7205027737467672,-0.06415700811072637,0.042015192490306344,0.6891983422306656,46.481820455564396,46.86150930192272,,,,,,,,,,,,,,,,,,,,,,,,,,,,
13.127605,1785472056.468,-0.05767376348376274,0.10286180675029755,0.4100000262260437,-0.05744018461208718,0.10221284051785187,0.4102352609893127,0.718191902751382,-0.0629924475049689,0.04324202101919421,0.6916375278987245,0.720121454050906,-0.06396455065451498,0.042218047467601105,0.6896022506802005,47.429786471453724,47.030457608741756,,,,,,,,,,,,,,,,,,,,,,,,,,,,
13.174332,1785472056.534,-0.056925054639577866,0.10266821086406708,0.41100001335144043,-0.057412305978500916,0.10223294819899068,0.4102907553139884,0.7250585778819344,-0.04829445539449374,0.04827158359523658,0.6852937752782994,0.7210172221425935,-0.061177324025632016,0.0432963765969536,0.6888518884146401,47.02379902502824,47.02850567606498,,,,,,,,,,,,,,,,,,,,,,,,,,,,
13.220482,1785472056.601,-0.057369738817214966,0.10177925229072571,0.41100001335144043,-0.05741037950207549,0.10219989814730476,0.4103361433595677,0.721992392554269,-0.06366041671532183,0.03481988333569691,0.6880856866422105,0.7211839685366307,-0.06159209710945957,0.041881866988258055,0.6887278172957683,47.99039621918566,47.315173513004716,,,,,,,,,,,,,,,,,,,,,,,,,,,,
13.332141,1785472056.668,-0.057369738817214966,0.10177925229072571,0.41100001335144043,-0.05740859853085986,0.10217320237288789,0.4103740666935924,0.7170356720684851,-0.084135048026995,0.005453144054016993,0.6919186382044621,0.7203142543074303,-0.06699295300755781,0.033178212937405936,0.6896075155297673,47.60703986771449,47.401798521601634,,,,,,,,,,,,,,,,,,,,,,,,,,,,
13.359687,1785472056.734,-0.057369738817214966,0.10266821086406708,0.41100001335144043,-0.05740695831521538,0.10219960467813549,0.4104063291305439,0.7195535167023853,-0.07936550707791705,0.009189594401609975,0.6898256332162708,0.7201743524314239,-0.07007019480356128,0.027222978225625624,0.6897086191694991,47.4295732333527,47.40994163543442,,,,,,,,,,,,,,,,,,,,,,,,,,,,
13.421084,1785472056.801,-0.056925054639577866,0.10266821086406708,0.41100001335144043,-0.057381059408258335,0.10222307362543522,0.4104352960387135,0.7207824236089443,-0.066802551858161,0.021217982269190767,0.6896085223589385,0.7203080126765785,-0.06936760525409014,0.02593141508427768,0.6896898316830237,47.02379902502824,47.29526986204727,,,,,,,,,,,,,,,,,,,,,,,,,,,,
13.483174,1785472056.868,-0.05678655207157135,0.10197501629590988,0.4100000262260437,-0.05734868238110486,0.1022089385387721,0.41040573860735585,0.7185153382017598,-0.07488613995722777,0.023018999744411458,0.6910845827117574,0.7199751513820664,-0.070399944936543,0.025386805852142043,0.689952997844004,47.04837998144766,47.222014855517116,,,,,,,,,,,,,,,,,,,,,,,,,,,,
13.54521,1785472056.935,-0.057230155915021896,0.10153161734342575,0.4100000262260437,-0.05734328561207283,0.10216373959957832,0.4103814275070903,0.7190467407870582,-0.07298042923303093,0.02664904383846194,0.6906051476603453,0.7198300911540714,-0.07080444060528884,0.025584658277883164,0.6900556472636808,47.05052802787381,47.17115654016277,,,,,,,,,,,,,,,,,,,,,,,,,,,,
13.60733,1785472057.001,-0.057230155915021896,0.10153161734342575,0.4100000262260437,-0.05733837534386342,0.10212686680945036,0.41036101697777766,0.7214728564120313,-0.0683361329447152,0.029994139511255735,0.6884093564078033,0.7200605383447426,-0.0704603261760301,0.026199680127671106,0.6898273264484776,47.4295732333527,47.24702941632769,,,,,,,,,,,,,,,,,,,,,,,,,,,,
13.6837,1785472057.068,-0.05767376348376274,0.10197501629590988,0.4100000262260437,-0.05735777740810471,0.10212047026833017,0.4103428915802781,0.7196757832648311,-0.07107358330017596,0.036151761180891404,0.6897161466157977,0.7200102960762205,-0.0705477934600594,0.02761234505898908,0.6898157295847155,48.00109698157253,47.471474106809566,,,,,,,,,,,,,,,,,,,,,,,,,,,,
13.729333,1785472057.101,-0.05678655207157135,0.10197501629590988,0.4100000262260437,-0.05734006161746368,0.10211740868573946,0.41033448759686797,0.7229262030815857,-0.05744423203095829,0.04919640570639562,0.6867733095934837,0.7203607441154402,-0.06908079634678786,0.030033460269490785,0.6894970871423489,47.4295732333527,47.46427567343147,,,,,,,,,,,,,,,,,,,,,,,,,,,,
13.791103,1785472057.168,-0.057230155915021896,0.10241841524839401,0.4100000262260437,-0.05733558035735925,0.10213436631521983,0.41031905514422573,0.7159951196267336,-0.07874738983223908,0.019157593852829755,0.6933850473316244,0.7194982156616889,-0.07102349126103255,0.027849864232969958,0.6902915082854091,46.504795360459084,47.178331628746456,,,,,,,,,,,,,,,,,,,,,,,,,,,,
13.853735,1785472057.235,-0.056925054639577866,0.10222373157739639,0.41100001335144043,-0.057314855578325254,0.10213839725465763,0.41036651016808146,0.7237271259947891,-0.06026057078365636,0.028609184077391842,0.6868545881732002,0.7203091052495224,-0.06898108478055251,0.027994324439387736,0.6896468086175076,47.02374122575726,47.13248883160885,,,,,,,,,,,,,,,,,,,,,,,,,,,,
13.915572,1785472057.302,-0.057230155915021896,0.10197501629590988,0.4100000262260437,-0.057311156653548405,0.10213095288131954,0.4103469982741105,0.7230341473805553,-0.05678672961499061,0.0498208807030911,0.6866693301053104,0.7209300828757971,-0.06637964010615553,0.03265878515512032,0.6890478667961069,47.024939015263236,47.100604913958335,,,,,,,,,,,,,,,,,,,,,,,,,,,,
13.977656,1785472057.368,-0.057369738817214966,0.10222373157739639,0.41100001335144043,-0.05731389815447742,0.10213509249060881,0.41038883951562616,0.722741723328295,-0.05307964153771923,0.04431431743260104,0.6876504884642752,0.7213309347768794,-0.06357854009311506,0.035115947707103065,0.688771603646792,47.98403385735239,47.36099794368069,,,,,,,,,,,,,,,,,,,,,,,,,,,,
14.038934,1785472057.435,-0.057369738817214966,0.10266821086406708,0.41100001335144043,-0.057316432617820344,0.10216639715982483,0.41042418398872804,0.7193411314773875,-0.06688908925708145,0.03049080052507539,0.6907564674952599,0.7209652130520359,-0.06419084510437079,0.03426087619691517,0.6891406890728765,47.054433614372584,47.27000361951558,,,,,,,,,,,,,,,,,,,,,,,,,,,,
14.143331,1785472057.468,-0.056925054639577866,0.10222373157739639,0.41100001335144043,-0.0573057322668227,0.10216763417631206,0.4104401953216965,0.7217276690801705,-0.06487079210809421,0.033081246395704644,0.6883360975223362,0.7210345490506779,-0.06425260426792113,0.034153749688184125,0.6890677058913096,47.4295732333527,47.29744534409453,,,,,,,,,,,,,,,,,,,,,,,,,,,,
14.16144,1785472057.535,-0.057369738817214966,0.10266821086406708,0.41100001335144043,-0.05730867063339404,0.10219452240451019,0.4104685424563399,0.719320831219971,-0.06710704485983529,0.03028150153826124,0.6907656744278615,0.7207803536098536,-0.06467832742992298,0.033576449353356554,0.6893221437468431,46.64518376189731,47.10342544559717,,,,,,,,,,,,,,,,,,,,,,,,,,,,
14.227145,1785472057.602,-0.056925054639577866,0.10266821086406708,0.41100001335144043,-0.05728887285043517,0.10221811567944547,0.41049385402626115,0.7217340486971255,-0.06362895677419103,0.03368945692510471,0.6884158186032442,0.7208991000097368,-0.06454780118010842,0.033590512111731016,0.6892095083964211,47.60703986771449,47.25309125277924,,,,,,,,,,,,,,,,,,,,,,,,,,,,
14.300023,1785472057.668,-0.05678655207157135,0.10197501629590988,0.4100000262260437,-0.05726261821800791,0.10220439499807168,0.4104603443607691,0.7229902650839645,-0.058026824667756195,0.04928854882148184,0.6866502771920133,0.721224051871971,-0.06357841754202274,0.03592771247486418,0.6888416736090754,46.09773087031726,46.91196964579314,,,,,,,,,,,,,,,,,,,,,,,,,,,,
14.347483,1785472057.735,-0.057230155915021896,0.10241841524839401,0.4100000262260437,-0.05726110661821966,0.10221370849385897,0.410432461786433,0.7221308382416727,-0.06733742789050809,0.0398066245652191,0.6873195442486657,0.7213495326615057,-0.06409300285076172,0.03645865494379649,0.6886346674357083,47.4295732333527,47.06580430447831,,,,,,,,,,,,,,,,,,,,,,,,,,,,
14.425121,1785472057.802,-0.05678655207157135,0.10153161734342575,0.4100000262260437,-0.057236850025109656,0.1021674696288786,0.41040881431853454,0.7246849391337775,-0.06485050203167123,0.04348013867954453,0.6846427016475972,0.7218046719775574,-0.0641959195060759,0.037410107314170174,0.6880969287105434,47.27715598246534,47.12850069803791,,,,,,,,,,,,,,,,,,,,,,,,,,,,
14.50236,1785472057.869,-0.05767376348376274,0.10241841524839401,0.4100000262260437,-0.057264225087583824,0.10218022736387318,0.4103881721672563,0.7183220094555325,-0.06244467264479568,0.04439652948417634,0.6914789235832215,0.7213402197227505,-0.06396106099263593,0.03834833860784871,0.6885540465446763,47.04859494722889,47.104816199322144,,,,,,,,,,,,,,,,,,,,,,,,,,,,
14.581007,1785472057.935,-0.057230155915021896,0.10286180675029755,0.4100000262260437,-0.057262840575376873,0.10222229725670662,0.41036997543662196,0.7220187113762752,-0.06739331505006466,0.0391285783672231,0.6874707818257194,0.7214208919688526,-0.06436653545224076,0.03844053078647151,0.6884265911029255,46.481820455564396,46.92148276228144,,,,,,,,,,,,,,,,,,,,,,,,,,,,
14.626794,1785472058.002,-0.05678655207157135,0.10241841524839401,0.4100000262260437,-0.05723674046416878,0.10223037575988939,0.4103531621767611,0.7228317432770703,-0.05729338321946694,0.04871853222729767,0.686919386658956,0.7216171970326923,-0.06341662239909351,0.039822077553763734,0.6882304520213219,47.024939015263236,46.952151978882505,,,,,,,,,,,,,,,,,,,,,,,,,,,,
14.689513,1785472058.069,-0.057230155915021896,0.10197501629590988,0.4100000262260437,-0.057236442254564465,0.10221637771004702,0.41033763952319235,0.7206576840871957,-0.060807341140555804,0.046628186946179845,0.6890433816615671,0.7214948105911834,-0.06307793646428425,0.04070614825390789,0.6883381594214657,47.98202998211466,47.259209258043484,,,,,,,,,,,,,,,,,,,,,,,,,,,,
14.752626,1785472058.135,-0.056925054639577866,0.10177925229072571,0.41100001335144043,-0.057221900071765246,0.10219173169310279,0.4103841968373716,0.7244200969658413,-0.05998035204019333,0.038367211015073975,0.685671814791931,0.721847347521935,-0.06270597841846508,0.04042527734568787,0.6880190143431024,47.582984530807465,47.354311596994734,,,,,,,,,,,,,,,,,,,,,,,,,,,,
14.814198,1785472058.202,-0.056925054639577866,0.10222373157739639,0.41100001335144043,-0.05720844750949575,0.10219312678229044,0.4104225856625548,0.722728885394421,-0.05255479237106375,0.04481362735230804,0.6876719354597081,0.7219682848303467,-0.06137224183053044,0.04100232556279178,0.6879782357969365,47.4284429689083,47.376283814043624,,,,,,,,,,,,,,,,,,,,,,,,,,,,
14.875096,1785472058.269,-0.057230155915021896,0.10241841524839401,0.4100000262260437,-0.057209474846103774,0.10220422179772137,0.4103978547258689,0.7204943666525586,-0.06046069999628122,0.04568666804601819,0.689307695982528,0.7217903476949578,-0.061261648186264075,0.04157116550567648,0.6881406416092528,47.024939015263236,47.27196843166439,,,,,,,,,,,,,,,,,,,,,,,,,,,,
14.937147,1785472058.336,-0.05678655207157135,0.10197501629590988,0.4100000262260437,-0.057188081632507895,0.10219293843229385,0.4103766794615817,0.72547265127686,-0.05373055176903372,0.0533411296693402,0.6840739608708384,0.7223234694067576,-0.06019241752815487,0.04324409722020251,0.6875722699992423,47.02379902502824,47.198333250151926,,,,,,,,,,,,,,,,,,,,,,,,,,,,
15.045421,1785472058.369,-0.057230155915021896,0.10197501629590988,0.4100000262260437,-0.05718913769654783,0.10218768895275095,0.41036695736824186,0.7196703520515039,-0.07254456326667719,0.03605241586174362,0.6895738495832361,0.7220827379429495,-0.06134434675500794,0.042574132079934816,0.6877651008619551,47.98403385735239,47.33417947099302,,,,,,,,,,,,,,,,,,,,,,,,,,,,
15.062336,1785472058.436,-0.057369738817214966,0.10266821086406708,0.41100001335144043,-0.05719846440164848,0.10221585364063539,0.41040897660514675,0.7228873992477136,-0.04955852201989633,0.047092092035469796,0.6875755200498365,0.7222286206784995,-0.059328315781796016,0.04334770421270343,0.6877404648258059,47.98403385735239,47.527482289472964,,,,,,,,,,,,,,,,,,,,,,,,,,,,
15.124719,1785472058.502,-0.05767376348376274,0.10286180675029755,0.4100000262260437,-0.05722590583179857,0.10225393170104594,0.4103865162588404,0.7205283613909815,-0.059599762112647975,0.045893935937151395,0.689333370316235,0.7219837829709039,-0.059367533342779874,0.043715194595798985,0.6879708532149222,47.03099566541133,47.38149472339446,,,,,,,,,,,,,,,,,,,,,,,,,,,,
15.202565,1785472058.569,-0.057369738817214966,0.10266821086406708,0.41100001335144043,-0.05723208993684768,0.10227366511314469,0.4104252735602078,0.7224561304425294,-0.05268718592928391,0.04296341047397505,0.6880663815252891,0.7220501813832715,-0.05845596001757333,0.043612708289569764,0.6879857323945443,47.03050778102678,47.27728592581505,,,,,,,,,,,,,,,,,,,,,,,,,,,,
15.264548,1785472058.636,-0.056925054639577866,0.10222373157739639,0.41100001335144043,-0.05721562583673803,0.10227114858451095,0.4104577692676217,0.7242688384744266,-0.06038083664492452,0.03740820404246778,0.6858494225785139,0.7223424707577322,-0.05870787759376244,0.04280137760183746,0.6877083554265105,47.024939015263236,47.20240920330618,,,,,,,,,,,,,,,,,,,,,,,,,,,,
15.327041,1785472058.703,-0.057369738817214966,0.10222373157739639,0.41100001335144043,-0.057222741008848076,0.10226889833026721,0.4104858653217369,0.7196548504752124,-0.07936268779908606,0.009718753167784729,0.6897129879954907,0.7218723191810419,-0.06303164906139105,0.035893363171052635,0.6882143797517288,47.98377450618187,47.43501798256415,,,,,,,,,,,,,,,,,,,,,,,,,,,,
15.388283,1785472058.769,-0.056925054639577866,0.10177925229072571,0.41100001335144043,-0.057207634690016586,0.1022397835825854,0.4105104449265843,0.7217433445893636,-0.06466770995675775,0.03326082532524128,0.6883301165346404,0.7218506518201202,-0.0633128248856807,0.035441025515643675,0.6882347393021238,47.435094496058085,47.43504041124537,,,,,,,,,,,,,,,,,,,,,,,,,,,,
15.450181,1785472058.836,-0.057369738817214966,0.10177925229072571,0.41100001335144043,-0.057215366714274164,0.10221468677541119,0.41053301919989155,0.7203611949794834,-0.0559870542687603,0.041509985753436576,0.6900884867933873,0.7216100764125569,-0.06210650784258655,0.036440968016366676,0.6885446500797844,47.99039621918566,47.60013699633187,,,,,,,,,,,,,,,,,,,,,,,,,,,,
15.527138,1785472058.903,-0.057230155915021896,0.10197501629590988,0.4100000262260437,-0.05721596995245628,0.10220420268201853,0.4104958646226142,0.7206543644111962,-0.059673710327477425,0.047063579928460844,0.6891163579506471,0.7214619606105545,-0.06171508262403878,0.038152588780884886,0.6886423367307586,47.4295732333527,47.54955293862473,,,,,,,,,,,,,,,,,,,,,,,,,,,,
15.589583,1785472058.969,-0.05678655207157135,0.10241841524839401,0.4100000262260437,-0.05719261605463438,0.10221542063235986,0.41046589402127537,0.7230282338116181,-0.057588301897120095,0.04972197750044313,0.6866159665703264,0.7217220315923356,-0.06105073795976167,0.040017319533650265,0.6883231295301226,47.42838566276237,47.51400815529554,,,,,,,,,,,,,,,,,,,,,,,,,,,,
15.636888,1785472059.003,-0.057230155915021896,0.10241841524839401,0.4100000262260437,-0.057193508960477396,0.10222079927262541,0.4104518566330898,0.7170117115275557,-0.0754915696124548,0.031816920422928344,0.6922303894113391,0.7212118326102973,-0.0626499495158914,0.03911033944893279,0.6887661850561061,46.651289714989446,47.361033518656576,,,,,,,,,,,,,,,,,,,,,,,,,,,,
15.698296,1785472059.07,-0.05678655207157135,0.10241841524839401,0.4100000262260437,-0.05717249493533716,0.1022302483990988,0.4104280758474557,0.7246689332892869,-0.06369599326363914,0.04395150790628951,0.6847379225077933,0.7218194854364073,-0.06283322020442368,0.0399575755289136,0.6880639570860502,47.98403385735239,47.546315252164405,,,,,,,,,,,,,,,,,,,,,,,,,,,,
15.761098,1785472059.136,-0.056925054639577866,0.10222373157739639,0.41100001335144043,-0.05716184696506969,0.10222997980860442,0.4104649586965404,0.7225929757317779,-0.052956928543303215,0.04384466946703619,0.6878463491955743,0.7219535481554181,-0.061194219453865085,0.040603157960900346,0.6880332298478298,46.651289714989446,47.28248451186984,,,,,,,,,,,,,,,,,,,,,,,,,,,,
15.825054,1785472059.203,-0.057230155915021896,0.10153161734342575,0.4100000262260437,-0.057165158988684996,0.10218493472577515,0.41043876369577753,0.7197724534582131,-0.0714981374474556,0.03703762096656805,0.6895243623088498,0.7216016777719201,-0.06288650743038271,0.04001809721712638,0.6882839949578075,47.61371397381723,47.380815043938334,,,,,,,,,,,,,,,,,,,,,,,,,,,,
15.88771,1785472059.27,-0.057230155915021896,0.10197501629590988,0.4100000262260437,-0.057168155579831736,0.10217599400899645,0.4104160927569741,0.720624408180192,-0.06003438168333934,0.04671867959676425,0.6891398263977941,0.7214563664399469,-0.062455244309588265,0.04103193586430328,0.6884158873970926,47.04837998144766,47.2821248716956,,,,,,,,,,,,,,,,,,,,,,,,,,,,
15.94874,1785472059.336,-0.057230155915021896,0.10241841524839401,0.4100000262260437,-0.05717087141814163,0.10218887982146235,0.4103962433055571,0.7206322034108963,-0.05997135600103829,0.046795794735514804,0.6891319303744566,0.7213445852237846,-0.062113264888035535,0.041825946733262294,0.6885161740098348,47.04859494722889,47.21356928967735,,,,,,,,,,,,,,,,,,,,,,,,,,,,
16.010451,1785472059.403,-0.057230155915021896,0.10286180675029755,0.4100000262260437,-0.05717343513252549,0.10223236451150323,0.4103780015992198,0.7229423548903495,-0.05663241118379234,0.04936312567689863,0.6868117670311952,0.721571766826456,-0.06134802893470808,0.042878992233742336,0.6882819165790944,47.02379902502824,47.15728184098953,,,,,,,,,,,,,,,,,,,,,,,,,,,,
16.071822,1785472059.47,-0.05678655207157135,0.10330521315336227,0.4100000262260437,-0.057152769657785485,0.10230961923786988,0.41036122904582795,0.7218624996668663,-0.06734068710565158,0.03855935761386076,0.6876721161827405,0.721612940521559,-0.062149506242664784,0.04230154804317137,0.6882025733595983,46.64518376189731,47.005085971941355,,,,,,,,,,,,,,,,,,,,,,,,,,,,
16.13315,1785472059.503,-0.05678655207157135,0.10286180675029755,0.4100000262260437,-0.05714328715776221,0.10232342723838901,0.41035327936804367,0.7219532854001334,-0.06749682571310836,0.03902841215836482,0.6875350283898304,0.7216391844491944,-0.06254639546836273,0.042058719087142635,0.6881539798839831,46.64518376189731,46.94308558309549,,,,,,,,,,,,,,,,,,,,,,,,,,,,
16.209634,1785472059.57,-0.057230155915021896,0.10286180675029755,0.4100000262260437,-0.05714744409366318,0.10234863269987496,0.41033818858976717,0.7194296740675364,-0.07205694627000328,0.034595699068642016,0.6899506345900931,0.7213199392485566,-0.06395130421225065,0.040957158477253126,0.6884259488873731,47.024939015263236,46.96734743634104,,,,,,,,,,,,,,,,,,,,,,,,,,,,
16.272325,1785472059.637,-0.05678655207157135,0.10330521315336227,0.4100000262260437,-0.05712932212261792,0.10240578664311675,0.41032397473646026,0.7229811971466672,-0.055449611666193714,0.05050347578332467,0.6867844844434412,0.7215846003764742,-0.06263829355042672,0.04243274603858801,0.6881798970794187,47.20861573698769,47.03893197767161,,,,,,,,,,,,,,,,,,,,,,,,,,,,
16.319483,1785472059.703,-0.056342948228120804,0.10241841524839401,0.4100000262260437,-0.05708111251072899,0.10240649248140116,0.4103107061925569,0.7229659919241826,-0.0562627466413238,0.05033560472459702,0.6867466816508588,0.7217978150318787,-0.06167749830579887,0.04362453026948105,0.6879685318215589,46.64403449036317,46.922888153311796,,,,,,,,,,,,,,,,,,,,,,,,,,,,
16.380548,1785472059.77,-0.056925054639577866,0.10266821086406708,0.41100001335144043,-0.057074144620145394,0.1024178741528332,0.4103608429373818,0.7201598309597932,-0.05676297003818994,0.04020442021920845,0.6903125290035254,0.721568951702941,-0.060985221532275806,0.04314276407985167,0.6883006266163996,47.60528153798272,47.12590822475303,,,,,,,,,,,,,,,,,,,,,,,,,,,,
16.442602,1785472059.837,-0.057230155915021896,0.10286180675029755,0.4100000262260437,-0.05708251866154309,0.10243777574770518,0.41034243849811763,0.7205765729998049,-0.05950346106351037,0.04661903737407658,0.6892426321112433,0.7214455466849944,-0.060800062747042104,0.04357731897655062,0.6884189805700897,47.98202998211466,47.38088924589336,,,,,,,,,,,,,,,,,,,,,,,,,,,,
16.520427,1785472059.903,-0.057369738817214966,0.10222373157739639,0.41100001335144043,-0.0570979541847327,0.10242535470632744,0.4103855672016255,0.7193231480454779,-0.06806060527199136,0.029944601524316303,0.6906846484000521,0.7211487903162835,-0.06185415987071116,0.041600527000446336,0.6887582168550401,47.589662010497435,47.44216809084316,,,,,,,,,,,,,,,,,,,,,,,,,,,,
16.565638,1785472059.937,-0.057369738817214966,0.10222373157739639,0.41100001335144043,-0.057105322767211524,0.10241949930533782,0.4104055152384036,0.7202137932563314,-0.05669839630696527,0.04025313069911493,0.6902586973942919,0.7210738579424131,-0.061436372092531555,0.041491373088547244,0.6888806351868078,46.371053534089526,47.25190848407391,,,,,,,,,,,,,,,,,,,,,,,,,,,,
16.643805,1785472060.004,-0.057369738817214966,0.10266821086406708,0.41100001335144043,-0.05711818180754244,0.10243061670931158,0.41043863886996645,0.7217918406517966,-0.06355137972075298,0.033765084203441084,0.6883586855650292,0.7211782773307811,-0.06173583017854138,0.040398478200789394,0.6888095110677795,47.99039621918566,47.47169317829959,,,,,,,,,,,,,,,,,,,,,,,,,,,,
16.689992,1785472060.07,-0.056925054639577866,0.10266821086406708,0.41100001335144043,-0.05710871097404694,0.10244079096042814,0.4104670165988151,0.7226753610142971,-0.051855605017896364,0.044906761818003176,0.6877751824209015,0.7213983930479589,-0.06031905780509825,0.04104545315154286,0.688666276616557,47.205976913406914,47.39367379013505,,,,,,,,,,,,,,,,,,,,,,,,,,,,
16.767216,1785472060.137,-0.057230155915021896,0.10286180675029755,0.4100000262260437,-0.05711407851382205,0.10246146461977673,0.4104360928529891,0.7204157096629329,-0.0602858751497734,0.045236856668701635,0.6894348738836861,0.7212721924929253,-0.06031483503277366,0.04158708665458502,0.6887663313744378,47.582984530807465,47.44982465597177,,,,,,,,,,,,,,,,,,,,,,,,,,,,
16.81488,1785472060.204,-0.05678655207157135,0.10241841524839401,0.4100000262260437,-0.05709679898031107,0.10245934103352106,0.4104104891951607,0.721194297415695,-0.06964732234672026,0.028175339644238597,0.6886466336960823,0.7212727752525419,-0.061724247724795366,0.03956380932585896,0.6887600495919689,47.60528153798272,47.4959244225735,,,,,,,,,,,,,,,,,,,,,,,,,,,,
16.892972,1785472060.27,-0.057230155915021896,0.10241841524839401,0.4100000262260437,-0.05710294826239161,0.10245745587975674,0.41038887300104665,0.7204954681607083,-0.06159234119051196,0.045245402520247155,0.6892354586187032,0.7211686332422595,-0.061706457226188616,0.04033534171420156,0.6888259401132354,47.607301271229275,47.52859534604251,,,,,,,,,,,,,,,,,,,,,,,,,,,,
16.954387,1785472060.337,-0.05678655207157135,0.10241841524839401,0.4100000262260437,-0.057086822804098415,0.10245570447668821,0.41036958718039096,0.7214244880103301,-0.06835833351159179,0.02999909508935704,0.6884576244275101,0.7212126926292274,-0.06267601748753387,0.03883003953383917,0.6887787720685085,48.57475158101654,47.84053895745426,,,,,,,,,,,,,,,,,,,,,,,,,,,,
17.000432,1785472060.371,-0.05767376348376274,0.10241841524839401,0.4100000262260437,-0.05710729234922289,0.10245485187443938,0.4103603691348896,0.7170240923074067,-0.07590979818632926,0.03141619150454122,0.6921901303120409,0.7208036997749969,-0.06399545256304026,0.03809172370942684,0.6891267147823921,47.024939015263236,47.6959779320738,,,,,,,,,,,,,,,,,,,,,,,,,,,,
17.076096,1785472060.437,-0.05678655207157135,0.10286180675029755,0.4100000262260437,-0.057090894225772314,0.10247607015144525,0.4103441087345413,0.7218615313886079,-0.06847114197007308,0.038100451171557144,0.6875870765504045,0.720967595669151,-0.06468432448367628,0.03809312513011495,0.6888908316844952,47.99039621918566,47.78244101911843,,,,,,,,,,,,,,,,,,,,,,,,,,,,
17.121956,1785472060.504,-0.05678655207157135,0.10286180675029755,0.4100000262260437,-0.057076135834099366,0.10249505645237171,0.41032890391400156,0.7204346300376482,-0.06053631401022125,0.04563037907583859,0.6893672221929096,0.720891790980673,-0.06406819459228562,0.03921341427339202,0.6889648759402659,47.607301271229275,47.73049837528089,,,,,,,,,,,,,,,,,,,,,,,,,,,,
17.184653,1785472060.571,-0.057230155915021896,0.10286180675029755,0.4100000262260437,-0.057083800784492884,0.1025121557383013,0.41031473944759217,0.7182693297902945,-0.06339939087574682,0.0441452902651199,0.6914628554496574,0.7205351469711787,-0.06397697238197929,0.03988724612457035,0.6893076646756913,47.05824145967193,47.53050594882503,,,,,,,,,,,,,,,,,,,,,,,,,,,,
17.261699,1785472060.637,-0.057230155915021896,0.10286180675029755,0.4100000262260437,-0.057090587115067606,0.1025275989598253,0.41030162145351273,0.721979797338671,-0.040696232205932346,0.06520787254158093,0.6876313854658274,0.7208918669621216,-0.05933641799934057,0.04494480042506663,0.6890385116679802,47.14072125831716,47.41596807571109,,,,,,,,,,,,,,,,,,,,,,,,,,,,
17.323871,1785472060.704,-0.057230155915021896,0.10197501629590988,0.4100000262260437,-0.05709687892516249,0.10249061722877795,0.4102890365228133,0.720708162723887,-0.06020610063492915,0.04720301536440018,0.6890042416197479,0.7208615938616418,-0.05948115381912853,0.045320576372339126,0.6890330907822044,47.607301271229275,47.472719069194795,,,,,,,,,,,,,,,,,,,,,,,,,,,,
17.386127,1785472060.771,-0.05767376348376274,0.10197501629590988,0.4100000262260437,-0.05713066468370353,0.10246008326454556,0.41027709060140466,0.7220241544784377,-0.040814306446050885,0.0650595409892429,0.6875918621284678,0.7211405331317425,-0.05569962997148979,0.04932577561367831,0.6887821502881839,48.28293275406105,47.71395756863119,,,,,,,,,,,,,,,,,,,,,,,,,,,,
17.44764,1785472060.838,-0.057230155915021896,0.10197501629590988,0.4100000262260437,-0.05713489965718143,0.10243402489838238,0.41026571528741845,0.7170721495155973,-0.07570609424196667,0.03224795971339903,0.692124402674859,0.720267979014861,-0.06021690124398102,0.04547585568708859,0.6895795166331056,47.054433614372584,47.51776915279898,,,,,,,,,,,,,,,,,,,,,,,,,,,,
17.524811,1785472060.904,-0.05767376348376274,0.10241841524839401,0.4100000262260437,-0.05716355573872047,0.10243331585850775,0.4102550139040326,0.7171678736848172,-0.06949506548440017,0.029312147115354244,0.6928069535297727,0.7196020954222756,-0.062280134645964755,0.041886221852603364,0.6903184435543247,46.57096392871412,47.23858464761109,,,,,,,,,,,,,,,,,,,,,,,,,,,,
17.586869,1785472060.971,-0.05811736732721329,0.10330521315336227,0.4100000262260437,-0.05722521368246162,0.10249751244743943,0.41024462953131285,0.7140842491451376,-0.07772326965302251,-0.03771869164194228,0.6947086286912585,0.7182505114303271,-0.06761243076602194,0.014670621941466715,0.6923362874267347,36.124534223667105,43.72463552410909,,,,,,,,,,,,,,,,,,,,,,,,,,,,
17.649289,1785472061.038,-0.05678655207157135,0.10419200360774994,0.4100000262260437,-0.0571955105742736,0.10265354305884296,0.4102346918131621,0.7217295670823979,-0.09324381934196979,-0.011859258146225423,0.6857633557939632,0.7195527077283828,-0.07637431819712882,0.0056150719660053765,0.690202387193418,34.69106543782172,40.897853879772086,,,,,,,,,,,,,,,,,,,,,,,,,,,,
17.710509,1785472061.104,-0.056342948228120804,0.10463540256023407,0.4100000262260437,-0.05713303765334279,0.10283225205593016,0.4102253101391159,0.7213169994942563,-0.05948568548697496,0.09122326460106393,0.6839894410429681,0.7202908965073832,-0.08172900466420518,7.403846222325855e-05,0.6888406119876315,32.370209824046995,38.262584046363905,,,,,,,,,,,,,,,,,,,,,,,,,,,,
17.788067,1785472061.171,-0.057692114263772964,0.10342961549758911,0.40700000524520874,-0.05716738741753991,0.10285841786391464,0.40979511699761323,0.7075131671410425,-0.07062766622919354,0.10646285787311506,0.695055761057023,0.7207284466651946,-0.08506361937164197,-0.003379268243677369,0.6879703971633586,28.870236104336197,35.31548101107168,,,,,,,,,,,,,,,,,,,,,,,,,,,,
17.850144,1785472061.204,-0.057692114263772964,0.1021091565489769,0.40700000524520874,-0.05718280237510154,0.10282223251283326,0.4096212049353592,0.6970603531755721,-0.10732049318756783,0.07769664847303834,0.7046647476557778,0.7208993988440869,-0.08640300798192807,-0.004766903415319295,0.6876160655407476,28.019298306556767,33.98032093508714,,,,,,,,,,,,,,,,,,,,,,,,,,,,
17.911587,1785472061.271,-0.057692114263772964,0.1021091565489769,0.40700000524520874,-0.057209681745040195,0.10276638322015713,0.40936726708739507,0.6898440476453157,-0.12462401570297614,0.05972854268261242,0.7106451616857762,0.7211119324203706,-0.08809911534820415,-0.006524578188159228,0.6871634133707127,26.74293626421797,31.735974253082446,,,,,,,,,,,,,,,,,,,,,,,,,,,,
17.958992,1785472061.338,-0.05798964947462082,0.1022973507642746,0.406000018119812,-0.05725574086254164,0.10273764614362282,0.4089926195907022,0.6944133184474763,-0.10561781792690461,0.09775932741390074,0.7050376823991076,0.7212476733839909,-0.08920127465776262,-0.00766702762241621,0.6868669033554082,27.100204688515667,30.320122460294048,,,,,,,,,,,,,,,,,,,,,,,,,,,,
18.036019,1785472061.405,-0.05813247710466385,0.10166900604963303,0.40700000524520874,-0.05730688988582026,0.1026568452135088,0.4088739157325656,0.6970785862221424,-0.09756445855998983,0.09641916871130173,0.7037513516587067,0.7213385484933462,-0.08994774712932542,-0.008440914385623064,0.6866650218324842,28.063322113549205,29.64086754627166,,,,,,,,,,,,,,,,,,,,,,,,,,,,
18.083328,1785472061.471,-0.05813247710466385,0.10122884809970856,0.40700000524520874,-0.057350149564358424,0.10254457989952298,0.40877409720743213,0.6919034919514738,-0.10323917620340858,0.09168121062919934,0.708664790955331,0.7214014594411401,-0.09046868143819327,-0.008981040631997237,0.6865236288025302,27.380031662354387,28.967814718245677,,,,,,,,,,,,,,,,,,,,,,,,,,,,
18.160829,1785472061.538,-0.058716751635074615,0.10103633999824524,0.40800002217292786,-0.05744398726165855,0.10243208872163294,0.40872429827458445,0.694358394866403,-0.09710097026279926,0.08955703193335589,0.7074018370656548,0.7214478584662449,-0.09085512030224198,-0.009381748610381112,0.6864184710672825,27.046851410678098,28.391319493589627,,,,,,,,,,,,,,,,,,,,,,,,,,,,
18.207839,1785472061.605,-0.058716751635074615,0.10059510171413422,0.40800002217292786,-0.05752094532437746,0.10228721546435181,0.40868274851166475,0.6916798457404147,-0.10024006951401913,0.08737447867866402,0.7098567601537455,0.7214827970601263,-0.09114737984987616,-0.009684817940347947,0.6863387887874773,28.063322113549205,28.293869564300532,,,,,,,,,,,,,,,,,,,,,,,,,,,,
18.283912,1785472061.638,-0.058275312185287476,0.10059510171413422,0.40800002217292786,-0.057536591791388224,0.10222450256657328,0.408663902152052,0.6966691942355491,-0.09524345015166394,0.09254321752450977,0.7049939516737782,0.7165973955732662,-0.09216418020467342,0.013406427414445246,0.6912410608816534,27.40973213530832,28.14075301340621,,,,,,,,,,,,,,,,,,,,,,,,,,,,
18.331432,1785472061.705,-0.059158194810152054,0.10103633999824524,0.40800002217292786,-0.05764878423148506,0.1021668065202064,0.40863046775216666,0.6919346811012907,-0.09950475956136676,0.08705375529183298,0.7097512547389259,0.7067665999699965,-0.09532982779190805,0.04445218983329312,0.6995835903729025,27.40973213530832,27.923093575183465,,,,,,,,,,,,,,,,,,,,,,,,,,,,
18.393735,1785472061.772,-0.059599634259939194,0.10059510171413422,0.40800002217292786,-0.05779532042658139,0.1020711362207311,0.40860056471702794,0.6987390823797148,-0.06875794053552153,0.12149233556969581,0.7016235833880502,0.7037125498757699,-0.08335243134630974,0.07944547150981758,0.7010916034246762,27.440226455465474,27.779560834086773,,,,,,,,,,,,,,,,,,,,,,,,,,,,
18.470971,1785472061.838,-0.06121499463915825,0.10166900604963303,0.40700000524520874,-0.05818393329001816,0.1020465192680036,0.40849174691456974,0.7009188755756559,-0.05632579196657904,0.1442604904090724,0.6962248529950863,0.7028628784498752,-0.07098476520603189,0.10927778590820413,0.6992877109693845,26.57938400958842,27.42501968835126,,,,,,,,,,,,,,,,,,,,,,,,,,,,
18.517479,1785472061.905,-0.06180684268474579,0.10147757083177567,0.40800002217292786,-0.05858962268406337,0.10201843244004286,0.4084653010502274,0.6887734015570306,-0.08480724682673747,0.10900081478878548,0.7117006073965422,0.6970785174996478,-0.07670967191467398,0.10917037281573301,0.7044707207361496,24.497996091526883,26.542026561254048,,,,,,,,,,,,,,,,,,,,,,,,,,,,
18.578177,1785472061.972,-0.061655353754758835,0.10254931449890137,0.40700000524520874,-0.058857064780415094,0.10206178211058331,0.4083707825979415,0.6847405061256852,-0.1089290046349752,0.10009580447790171,0.7136145606319252,0.6923463890667632,-0.08937394859379569,0.10562463529911051,0.7081752687554809,25.033344239475856,26.090784571737498,,,,,,,,,,,,,,,,,,,,,,,,,,,,
18.640272,1785472062.038,-0.05930747836828232,0.1022973507642746,0.406000018119812,-0.05889452733475551,0.1020761157080422,0.4081611435512336,0.6868650688313402,-0.10896168404808658,0.11202842153886629,0.7097840244723977,0.6904579933798459,-0.09625576566821409,0.10787847705467904,0.7087769897096445,24.602077238794802,25.650249080336224,,,,,,,,,,,,,,,,,,,,,,,,,,,,
18.702078,1785472062.072,-0.05974675342440605,0.10185828059911728,0.406000018119812,-0.058921393790106455,0.10207152056079558,0.4080682076094831,0.6823738769204238,-0.11407074716029622,0.11682049082052838,0.71253542344457,0.6887093391853772,-0.10017542245241237,0.1098483364855742,0.7096320693335905,23.80565298046128,25.320391264376862,,,,,,,,,,,,,,,,,,,,,,,,,,,,
18.804978,1785472062.138,-0.05930747836828232,0.10098013281822205,0.406000018119812,-0.05894766131768387,0.10199673837334149,0.40792603826608687,0.6671661260797822,-0.1898735522583092,0.04071302822520682,0.7191521700566862,0.6867304307670897,-0.10456619258122585,0.1120533291302731,0.710571093035972,22.26035300157157,24.406152015923826,,,,,,,,,,,,,,,,,,,,,,,,,,,,
18.82514,1785472062.205,-0.05974675342440605,0.10098013281822205,0.406000018119812,-0.05898445828696918,0.10193467075230611,0.4078081388676439,0.6667402869731291,-0.18404589767445426,0.04510664111688002,0.7207980911485175,0.6855275285754493,-0.10721239887182854,0.11338138974964684,0.7111273933352752,23.121227132476047,24.022365564545,,,,,,,,,,,,,,,,,,,,,,,,,,,,
18.888119,1785472062.272,-0.05930747836828232,0.10185828059911728,0.406000018119812,-0.05900354415553244,0.10193043830801868,0.4077084360775946,0.6816988834159585,-0.13213180207081615,0.10979682293857009,0.7111768253420173,0.6845202931853115,-0.11406331903238945,0.1124042298793791,0.7111869069197171,23.435332576629236,23.847787481752142,,,,,,,,,,,,,,,,,,,,,,,,,,,,
18.966121,1785472062.339,-0.05945355445146561,0.10078869760036469,0.40700000524520874,-0.05902547285700158,0.10185548184632726,0.4076634038478908,0.6780377000880824,-0.14694413949304602,0.08303931024188076,0.7153857491468953,0.6826678650100206,-0.12422524143771718,0.10337468243742931,0.7126333913755106,23.157288640638914,23.64231873621479,,,,,,,,,,,,,,,,,,,,,,,,,,,,
19.012665,1785472062.405,-0.05974675342440605,0.10185828059911728,0.406000018119812,-0.05905713537576929,0.10185564338909381,0.4075687308474397,0.6751448437342634,-0.14985339196918643,0.08333723898677949,0.7174805262112881,0.6804275655168085,-0.13215478770645675,0.09719930635972045,0.7142168683350456,23.44501186524126,23.58440466040964,,,,,,,,,,,,,,,,,,,,,,,,,,,,
19.09003,1785472062.472,-0.05901319906115532,0.10122884809970856,0.40700000524520874,-0.05905440616013831,0.10182500400489095,0.40753360087590745,0.676478605117687,-0.1533745054051741,0.07630770233902216,0.7162611901209542,0.6792794915865948,-0.13868954533026331,0.09078752937518526,0.7149141254975256,23.138678460656052,23.45198033346783,,,,,,,,,,,,,,,,,,,,,,,,,,,,
19.153297,1785472062.539,-0.05901319906115532,0.10122884809970856,0.40700000524520874,-0.05905210738264353,0.10179735165209468,0.40750396613123924,0.6759904307396892,-0.1548110032866031,0.07759382796383385,0.71627486949612,0.678365113238407,-0.14333005415691275,0.08699911064922115,0.715337978484761,24.009986879808142,23.617858896772475,,,,,,,,,,,,,,,,,,,,,,,,,,,,
19.215737,1785472062.605,-0.058868203312158585,0.10141921043395996,0.406000018119812,-0.05904192115276308,0.10178144065875835,0.4074099627275652,0.6674042142650994,-0.18028259956449041,0.05061346930327503,0.7207690863241439,0.6749748154946826,-0.1555212576530379,0.07506641594812166,0.7173473148082734,24.01888410333348,23.73570388092051,,,,,,,,,,,,,,,,,,,,,,,,,,,,
19.293325,1785472062.672,-0.05813247710466385,0.10078869760036469,0.40700000524520874,-0.05897319104321047,0.10172188830433812,0.40738627635038316,0.6826393748198932,-0.13244181864316645,0.10262995224204846,0.7112873832163698,0.6725625137928152,-0.16374635771742516,0.06697618268372335,0.7185826231743173,24.33505468377369,23.91392321732224,,,,,,,,,,,,,,,,,,,,,,,,,,,,
19.368993,1785472062.739,-0.058572836220264435,0.10122884809970856,0.40700000524520874,-0.0589528200188642,0.10170147127037527,0.4073659219591977,0.6826623988044275,-0.13367249307893814,0.09860504838336617,0.7116043551623051,0.6762179584630217,-0.15336599038163629,0.07794895112186351,0.7163323995641717,25.578142205963218,24.412039838773886,,,,,,,,,,,,,,,,,,,,,,,,,,,,
19.42999,1785472062.806,-0.058572836220264435,0.10166900604963303,0.40700000524520874,-0.05893465686898729,0.10169965503312711,0.4073479612660266,0.676323535439268,-0.15013844558275097,0.07206166029667069,0.7175319084780912,0.6762519429365369,-0.15242705359025452,0.07623528906599027,0.7166850659176438,25.155920731790417,24.633443191101204,,,,,,,,,,,,,,,,,,,,,,,,,,,,
19.507555,1785472062.872,-0.058572836220264435,0.10078869760036469,0.40700000524520874,-0.05891837817581751,0.10164651673758109,0.407331993220064,0.6838094810351313,-0.12372720110051062,0.10123027250686051,0.7119330061757813,0.6786794328224464,-0.1436506573192913,0.08391269489529468,0.7153442358410022,25.541712260711964,24.90120643638577,,,,,,,,,,,,,,,,,,,,,,,,,,,,
19.571142,1785472062.939,-0.05813247710466385,0.10122884809970856,0.40700000524520874,-0.05887213360624809,0.10162896949246931,0.40731714073165853,0.6863608363593731,-0.12154753640219787,0.10230369954316249,0.7096963799868229,0.6810970894031386,-0.13689824363141836,0.08955090183662111,0.7136849877063786,25.948502554280648,25.21349981085128,,,,,,,,,,,,,,,,,,,,,,,,,,,,
19.649788,1785472063.006,-0.058572836220264435,0.10166900604963303,0.40700000524520874,-0.05885948716293265,0.10163122576296806,0.4073033592519948,0.6808578080488872,-0.12846282558610014,0.0935916797542057,0.7149619186656629,0.6810398954739717,-0.13467532087686873,0.0906170807051657,0.7140278449780426,25.11414761453865,25.184048687895753,,,,,,,,,,,,,,,,,,,,,,,,,,,,
19.712621,1785472063.072,-0.058572836220264435,0.10122884809970856,0.40700000524520874,-0.058847702040838716,0.1016137470422198,0.4072906327383752,0.6815842705652922,-0.12457648034913127,0.09759436036051247,0.7144220905652509,0.6811769359260607,-0.13230637618152913,0.09225627553010886,0.7141300892760422,25.11414761453865,25.163549942051375,,,,,,,,,,,,,,,,,,,,,,,,,,,,
19.774987,1785472063.173,-0.05813247710466385,0.10034853965044022,0.40700000524520874,-0.05879250603117169,0.10148826550718894,0.4072727328351666,0.6828443081667465,-0.1283082695876835,0.09637180764434218,0.712722325629732,0.6816040904318005,-0.1312884400264644,0.09330492591741414,0.7137740540406337,25.125005487952073,25.14858327524916,,,,,,,,,,,,,,,,,,,,,,,,,,,,
19.836045,1785472063.206,-0.058275312185287476,0.10103633999824524,0.40800002217292786,-0.05878082394235929,0.10147812356801683,0.40730265268842525,0.6840280098178737,-0.11873107802485122,0.09418786628171087,0.713538547480761,0.6818764614700592,-0.12990689082193974,0.0934028920083783,0.7137538726861794,25.99654448722021,25.295273859979336,,,,,,,,,,,,,,,,,,,,,,,,,,,,
19.913253,1785472063.273,-0.05813247710466385,0.10122884809970856,0.40700000524520874,-0.05874947538839757,0.10146570304608192,0.40728888722557444,0.6842659012706237,-0.12167145190330714,0.0994073828963376,0.7121056146216957,0.6823270213675039,-0.1283750881759388,0.09452133554223656,0.7134531447648693,25.54781016465319,25.37020803470211,,,,,,,,,,,,,,,,,,,,,,,,,,,,
19.989615,1785472063.373,-0.058275312185287476,0.10103633999824524,0.40800002217292786,-0.05872100025919746,0.10144026513272089,0.4073571778282737,0.6856879621480004,-0.1214803477260399,0.0927351009899459,0.7116703905081813,0.6830516067339594,-0.12689704401498453,0.09413875209667716,0.713074707244687,25.961109983531863,25.598858280047427,,,,,,,,,,,,,,,,,,,,,,,,,,,,
20.068745,1785472063.439,-0.058275312185287476,0.10147757083177567,0.40800002217292786,-0.058703051124446494,0.10144230324100063,0.4073945457962472,0.6858678254419327,-0.12080187459962066,0.09221865701337104,0.7116796698061724,0.6834541749246603,-0.12603072681015112,0.0938660131178846,0.7128785438341584,25.950430062019436,25.702143410196555,,,,,,,,,,,,,,,,,,,,,,,,,,,,
20.131187,1785472063.506,-0.058572836220264435,0.10166900604963303,0.40700000524520874,-0.0586965181083865,0.10145531369753993,0.4073705139218745,0.6834834113227839,-0.12625167568449333,0.09604674894012767,0.712520850818739,0.6834579273657008,-0.12605775228176946,0.09413244669673507,0.7128350349762103,25.950601943158336,25.775865524426095,,,,,,,,,,,,,,,,,,,,,,,,,,,,
20.209911,1785472063.573,-0.05813247710466385,0.10166900604963303,0.40700000524520874,-0.05866917618741061,0.10146651512943895,0.4073501635862018,0.6841244035011795,-0.12244251186848348,0.09867840499826976,0.7122107863606736,0.6835370173314497,-0.12563557304777193,0.09466376357798965,0.71276336928032,24.70461098250874,25.45639133502043,,,,,,,,,,,,,,,,,,,,,,,,,,,,
20.27209,1785472063.64,-0.05813247710466385,0.10078869760036469,0.40700000524520874,-0.058644436424066027,0.10142480784015433,0.4073324219743025,0.6819039713089176,-0.1410508587450201,0.07415755414365174,0.713871337373795,0.683294851661477,-0.12822533017882598,0.09123082604811074,0.7129820101321145,25.098438713711587,25.350108285460507,,,,,,,,,,,,,,,,,,,,,,,,,,,,
20.334926,1785472063.706,-0.058572836220264435,0.10166900604963303,0.40700000524520874,-0.058640809722978755,0.10143809763445097,0.4073167979486188,0.682572736151686,-0.1389586193739983,0.07389717642779933,0.713669509843367,0.6831824809000066,-0.13021913749641875,0.08802032617331298,0.7131318925706133,25.950601943158336,25.526793220772014,,,,,,,,,,,,,,,,,,,,,,,,,,,,
20.413678,1785472063.773,-0.05783386528491974,0.10103633999824524,0.40800002217292786,-0.058594332200383945,0.10141745667644662,0.407363706080927,0.681821636883923,-0.14100540408918583,0.07236770498334016,0.7141425955437875,0.6829334361435875,-0.13235316253122512,0.08493150491278398,0.7133520881292388,24.7362099433745,25.291427306214217,,,,,,,,,,,,,,,,,,,,,,,,,,,,
20.459938,1785472063.84,-0.058572836220264435,0.10166900604963303,0.40700000524520874,-0.058593187960851056,0.10143105828881126,0.4073440691239927,0.6865153459726846,-0.11300697404031865,0.11735263645269163,0.7086285785091216,0.6839109871535393,-0.12759238146517005,0.09295148407103385,0.7122822245793519,25.950601943158336,25.487510497445058,,,,,,,,,,,,,,,,,,,,,,,,,,,,
20.522818,1785472063.906,-0.058572836220264435,0.1021091565489769,0.40700000524520874,-0.058592194767841915,0.10147433553562105,0.40732709409853185,0.6814483711578279,-0.13347236057039727,0.07949173199506472,0.7151883045426105,0.6833618186452646,-0.1289393758584171,0.08987592149321054,0.7129611356215881,25.118499787236306,25.379091414406062,,,,,,,,,,,,,,,,,,,,,,,,,,,,
20.581914,1785472063.973,-0.058716751635074615,0.10191880911588669,0.40800002217292786,-0.058598630283158905,0.10149714266592058,0.40737221863994966,0.686565149371709,-0.1170756605487773,0.09744554166723822,0.7109331556373277,0.6840719624243938,-0.12635745123454944,0.09152642861137406,0.7125322853092302,25.10532894354916,25.297848976937008,,,,,,,,,,,,,,,,,,,,,,,,,,,,
20.644162,1785472064.04,-0.05813247710466385,0.10122884809970856,0.40700000524520874,-0.05857427259737849,0.10148211259582737,0.4073516908707805,0.6863623508086126,-0.12153898422257942,0.10231254247015883,0.7096951052106182,0.6845450453650787,-0.1253815378851638,0.0937156325643394,0.711965540624502,25.52353819369914,25.36480464913572,,,,,,,,,,,,,,,,,,,,,,,,,,,,
20.70688,1785472064.107,-0.058716751635074615,0.10147757083177567,0.40800002217292786,-0.05858165882270607,0.10148191711720603,0.4073928994970775,0.6786611589730064,-0.13236596038928292,0.07186785545525899,0.7188416342866492,0.6832816415202959,-0.12693031361549775,0.08889636717053093,0.7135210787010314,25.993447025431003,25.551771949634357,,,,,,,,,,,,,,,,,,,,,,,,,,,,
20.783795,1785472064.14,-0.058572836220264435,0.10166900604963303,0.40700000524520874,-0.05858146249089512,0.10148624696471524,0.4073807905863973,0.6810826083999962,-0.12771165798978895,0.09304742123678854,0.7149534183076128,0.683029703762738,-0.1270202953942568,0.08937367753900842,0.7136866357855495,26.008479884297227,25.630514285330218,,,,,,,,,,,,,,,,,,,,,,,,,,,,
20.846148,1785472064.24,-0.058275312185287476,0.10059510171413422,0.40800002217292786,-0.05856050384820367,0.10139836795803729,0.4074322999137025,0.6810431489243043,-0.13105982533929925,0.07333580491543264,0.7166766434053128,0.6825355365939086,-0.12806673209132688,0.08523536448966504,0.7144781914503952,25.99654448722021,25.771999412222137,,,,,,,,,,,,,,,,,,,,,,,,,,,,
20.908426,1785472064.307,-0.058572836220264435,0.10166900604963303,0.40700000524520874,-0.05856107035635006,0.10141371578404741,0.40740546933484845,0.6786629878129944,-0.13589391079898436,0.0779516820503493,0.7175464648690135,0.6818431095013374,-0.12948173884043698,0.0839207099881934,0.7150396966375234,25.55690322082522,25.708190744082124,,,,,,,,,,,,,,,,,,,,,,,,,,,,
20.970659,1785472064.34,-0.058572836220264435,0.10078869760036469,0.40700000524520874,-0.0585613371698212,0.10139411219239455,0.4073934473093324,0.6806748898324959,-0.12903347788372282,0.09418973175054121,0.7149547890387975,0.6817252544731767,-0.1294358585501277,0.08498694486514187,0.7150344433223921,24.27164246688968,25.458436635877273,,,,,,,,,,,,,,,,,,,,,,,,,,,,
21.048802,1785472064.407,-0.05813247710466385,0.10122884809970856,0.40700000524520874,-0.058538993275204614,0.10138739746399267,0.4073725368993544,0.6790889192341854,-0.1437529193948092,0.07113029033326737,0.7163196351740756,0.6812153333499997,-0.13233026854222643,0.08219248312645741,0.715317248047255,24.67827841374661,25.226185127392178,,,,,,,,,,,,,,,,,,,,,,,,,,,,
21.095267,1785472064.473,-0.05813247710466385,0.10078869760036469,0.40700000524520874,-0.05851947744609541,0.10135465193030888,0.40735437862678525,0.679181843722843,-0.14333299518179496,0.07150270577802055,0.7162786041170551,0.6808276174101049,-0.13450071689024085,0.08008777653014872,0.7155202726535064,24.272012578374845,24.94481033345435,,,,,,,,,,,,,,,,,,,,,,,,,,,,
21.158265,1785472064.54,-0.058275312185287476,0.10103633999824524,0.40800002217292786,-0.05850937070788833,0.10134106516614867,0.407397936982988,0.6822550274843172,-0.12812126808201962,0.08566395603246174,0.7146850388627828,0.6810886846113348,-0.13335143864291382,0.0810934315963918,0.7153736456273662,23.864882532404014,24.62272263442493,,,,,,,,,,,,,,,,,,,,,,,,,,,,
21.219559,1785472064.607,-0.05813247710466385,0.10078869760036469,0.40700000524520874,-0.05849204759200696,0.1013132288414154,0.40737610811462954,0.679181843722843,-0.14333299518179496,0.07150270577802055,0.7162786041170551,0.6807554906745965,-0.13514907270019488,0.07936921060033006,0.7155467968437474,24.28587682617294,24.522717512353736,,,,,,,,,,,,,,,,,,,,,,,,,,,,
21.296103,1785472064.674,-0.058572836220264435,0.10078869760036469,0.40700000524520874,-0.05849620213177221,0.10128833758165474,0.4073570706541062,0.6767060408994103,-0.14883451909556636,0.07194753256035862,0.7174543697645955,0.6800193702048456,-0.13768506116040416,0.07799695429152563,0.7159140697043932,23.519973220616023,24.223792018082005,,,,,,,,,,,,,,,,,,,,,,,,,,,,
21.402239,1785472064.74,-0.05813247710466385,0.10166900604963303,0.40700000524520874,-0.05847912821601817,0.10131274825428109,0.40734030051794373,0.6840540825660956,-0.12243722279191617,0.10001379642056545,0.7120929568007296,0.6809225890679167,-0.13444159824588656,0.08269766864957502,0.7151440274224918,23.824019703813015,24.106309113485917,,,,,,,,,,,,,,,,,,,,,,,,,,,,
21.420802,1785472064.807,-0.058572836220264435,0.10078869760036469,0.40700000524520874,-0.05848383882493174,0.10128517164946421,0.4073248141787224,0.680651568643405,-0.12915644066991627,0.09406057260912411,0.7149717928822046,0.6808765169267409,-0.13337678688484236,0.08499168082278093,0.7151183228032292,24.261041299452014,24.152192729852274,,,,,,,,,,,,,,,,,,,,,,,,,,,,
21.495451,1785472064.874,-0.05813247710466385,0.10078869760036469,0.40700000524520874,-0.058466830850904615,0.10126082806834023,0.40731052260197886,0.6838753487596618,-0.12307651656624694,0.10054281852464983,0.7120799253397674,0.6815188913474647,-0.1312447764213595,0.08821916430026629,0.714509753921381,24.70461098250874,24.316410252777416,,,,,,,,,,,,,,,,,,,,,,,,,,,,
21.572434,1785472064.94,-0.058572836220264435,0.10034853965044022,0.40700000524520874,-0.0584720306869762,0.10120573412943798,0.40729737759173495,0.6816065847183157,-0.12450542314703485,0.09751974578082384,0.7144233775979442,0.6815426290592526,-0.1299564859303956,0.08999980696470229,0.7145005187443472,24.27996091615229,24.305723288213255,,,,,,,,,,,,,,,,,,,,,,,,,,,,
21.618245,1785472065.007,-0.05813247710466385,0.10078869760036469,0.40700000524520874,-0.05845547205299206,0.10118885049650353,0.40728483072016114,0.6827185059526083,-0.12856362903946517,0.09755645279353109,0.7126356526559592,0.6817508770323618,-0.1297141233492404,0.09131835131471393,0.7141785117059362,24.250174690247192,24.289260870691564,,,,,,,,,,,,,,,,,,,,,,,,,,,,
21.680372,1785472065.074,-0.058572836220264435,0.10122884809970856,0.40700000524520874,-0.05846127745195251,0.10119106285488637,0.40727296456183226,0.6831222660515037,-0.1278314847018034,0.09566921391831322,0.712636290580155,0.6819616588354452,-0.1294266070232869,0.09198349135070977,0.7139440360362858,24.261411572659583,24.281008868674547,,,,,,,,,,,,,,,,,,,,,,,,,,,,
21.773282,1785472065.141,-0.058275312185287476,0.10147757083177567,0.40800002217292786,-0.058453069078886664,0.10120802692567998,0.40732579639218364,0.6833723320691585,-0.12242589339902184,0.0903990425935042,0.7140323308408302,0.6821654239893681,-0.12842690032438073,0.09175743640311858,0.7139589893342647,25.137582361781153,24.536124384893537,,,,,,,,,,,,,,,,,,,,,,,,,,,,
21.849705,1785472065.174,-0.058275312185287476,0.10103633999824524,0.40800002217292786,-0.05844917473561033,0.10120437131171311,0.4073489281394368,0.6839601573020567,-0.11868228631904994,0.09553061692604269,0.7134331919438278,0.6823233610999768,-0.1275864001031458,0.09208351247640247,0.7139167795590455,24.67919639490875,24.560725578484803,,,,,,,,,,,,,,,,,,,,,,,,,,,,
21.867717,1785472065.241,-0.058275312185287476,0.10103633999824524,0.40800002217292786,-0.05844177137986763,0.10119735798545629,0.4073876506436368,0.6866150124300592,-0.10220962072251724,0.11264976326620929,0.7109311140845476,0.6833001051784217,-0.12219264303088556,0.09647273753653669,0.7133462940006704,25.53633535335158,24.851508701143974,,,,,,,,,,,,,,,,,,,,,,,,,,,,
21.929055,1785472065.307,-0.058716751635074615,0.10103633999824524,0.40800002217292786,-0.05845637188136772,0.10119079594622193,0.4074202273907919,0.680625471889811,-0.12505699587440308,0.09003447704362426,0.7162426318930775,0.6828027845381123,-0.12272947599030853,0.09526792876686276,0.7138920470901862,24.689320453525383,24.803918549340075,,,,,,,,,,,,,,,,,,,,,,,,,,,,
21.990179,1785472065.374,-0.058275312185287476,0.10059510171413422,0.40800002217292786,-0.05844806293459544,0.10115747534020207,0.4074492068032528,0.6883342622862679,-0.10999481439193444,0.11220486180765439,0.708171697511577,0.6839774583140998,-0.12009643123813098,0.09878072078745638,0.7127370152607198,25.161356984875507,24.91004880755343,,,,,,,,,,,,,,,,,,,,,,,,,,,,
22.06931,1785472065.441,-0.05813247710466385,0.10122884809970856,0.40700000524520874,-0.05843256700654504,0.10116110758261665,0.4074190649975893,0.6830403973489613,-0.12760729756369485,0.09589544594864595,0.7127245306878206,0.6838077834980145,-0.12148410910521076,0.09824836473267803,0.7127382305515821,24.69326511663182,24.84573912495021,,,,,,,,,,,,,,,,,,,,,,,,,,,,
22.131593,1785472065.508,-0.058572836220264435,0.10166900604963303,0.40700000524520874,-0.05843947224018656,0.10119281825861354,0.4073941955679681,0.6816988653714492,-0.12392219046635249,0.09835468015411974,0.7143222693946205,0.6834787471631044,-0.12186527840470095,0.09826506520558438,0.7129864185633834,24.25125015292549,24.668968101966264,,,,,,,,,,,,,,,,,,,,,,,,,,,,
22.177853,1785472065.574,-0.058572836220264435,0.10122884809970856,0.40700000524520874,-0.0584456059391337,0.10119428086909941,0.40737326093546944,0.6833319211951319,-0.12709031383746838,0.09509785953309693,0.7126443255346157,0.6834596408927285,-0.12260056719955142,0.09781975265340574,0.7129399106404112,24.280559774812293,24.554836014538143,,,,,,,,,,,,,,,,,,,,,,,,,,,,
22.379179,1785472065.608,-0.058572836220264435,0.10122884809970856,0.40700000524520874,-0.05842697525020595,0.10116318977532085,0.4073479628660474,0.6832041314381038,-0.12739322447569654,0.0961263618758368,0.7125747706003257,0.6831530232960256,-0.12322385812178681,0.09767453388817299,0.7131462072960985,24.69326511663182,24.313971734378114,20.767688751220703,1,0.45100584270159494,-6.250443335409361e-06,0.6460662567163539,0.0002638798476999077,9.366873110960746e-07,0.9999999613538332,-8.751503212339523e-05,0.45100003480911255,5.484097300723079e-07,0.6460999846458435,-5.000359806217602e-07,1.746766287169521e-07,1.0,4.218738354211382e-07,7.793062832206488e-05,-0.0002810329315252602,0.00035228923661634326,-0.00017585571913514286,1.5701956748962402,7.514608296332881e-05,7.613719832926672e-07,6.326622552832674e-07,-6.584861141735336e-07,8.43748623502935e-07,1.5707973526948011,1.1107256779025063e-06
22.503065,1785472065.774,-0.057692114263772964,0.10034853965044022,0.40700000524520874,-0.058383477473277316,0.10112373149363016,0.40732420244707335,0.683059720443612,-0.1306878747314153,0.10014629549549661,0.7115622370560494,0.6831475503478052,-0.12429895807302209,0.09787447359584925,0.7129374312617408,23.938300888713997,24.2519652450327,58.621883392333984,1,0.45104664164745784,-2.7946033391620245e-05,0.6461379913546216,-0.0003398735373626428,0.0004383694270360929,0.9999997269236387,0.0004883347950721172,0.45100197196006775,-2.249056478831335e-06,0.6460889577865601,9.067245991900563e-05,-3.6737458231073106e-07,1.0,-2.9958917366457172e-05,-0.0005833100876770914,0.00048072179197333753,-0.0005673981504514813,0.0009735008934512734,1.57156240940094,0.00029399487539194524,2.7299579131939227e-05,-9.623848823074092e-05,0.00012078628089990442,-5.992272062642207e-05,1.5705904356998759,2.6571734218774337e-05
22.765386,1785472066.075,-0.058572836220264435,0.10078869760036469,0.40700000524520874,-0.05838064878603776,0.10116704510644234,0.4072725137357265,0.6764159148981921,-0.1462982128102637,0.06809697108370925,0.7186244815828287,0.6818172756979608,-0.1300644177433744,0.08981078227175536,0.7142425870701237,23.835457491689677,24.31450829009085,66.6496753692627,1,0.45104664164745784,-2.7946033391620245e-05,0.6461379913546216,-0.0003398735373626428,0.0004383694270360929,0.9999997269236387,0.0004883347950721172,0.45103394985198975,-1.967359276022762e-05,0.6461248397827148,-0.00021829198522027582,0.00031456974102184176,0.9999998807907104,0.00034083815990015864,-0.0005833100876770914,0.00048072179197333753,-0.0005673981504514813,0.0009735008934512734,1.57156240940094,0.00029399487539194524,-0.00041085755384671544,0.00031773432695156057,-0.0003726532810412011,0.0006816343466607836,1.5712878953190765,0.0002184682599609983
22.888174,1785472066.141,-0.058572836220264435,0.10122884809970856,0.40700000524520874,-0.058390031187648746,0.10116963107654436,0.4072612685684557,0.6809963504587868,-0.13503385829385464,0.08032044778749366,0.7152331462140893,0.6816653186634363,-0.13102282479703703,0.08798353652459719,0.7144398575207753,24.25139728622728,24.295803825420645,25.353193283081055,1,0.45108197012685614,-1.2315863908203e-05,0.6461554738821722,0.0007370269224666834,0.003337648671054963,0.9999690660703342,0.007084052165806931,0.4510391354560852,-2.2484708097181283e-05,0.6461306214332581,-0.00026808606344275177,0.0003653043240774423,0.9999998211860657,0.0004006102681159973,-0.007662130985409021,-0.0006151366396807134,0.0005496093654073775,0.01417550165206194,1.5694421529769897,-0.0009953761473298073,-0.0004814795745619799,0.00038445740453730133,-0.00045217701966320857,0.0008011582994912689,1.5714003115807404,0.00024939816803910825
22.953625,1785472066.208,-0.058572836220264435,0.10122884809970856,0.40700000524520874,-0.058398502272310984,0.10117208352103908,0.40725055459542747,0.6785024949680085,-0.1367167163986655,0.07701175034674439,0.7176434310212036,0.6810842097007577,-0.13208680552090035,0.08593778066605812,0.715046902627912,24.286067422127523,24.29291916130971,21.01445198059082,1,0.4510781149762118,1.7446466880447235e-06,0.646172358000567,0.001385419411150887,0.0039030990230185234,0.9999511390557255,0.00897585272989639,0.45104503631591797,-2.036658588622231e-05,0.646131694316864,-8.08204131317325e-05,0.0009290961315855384,0.9999982118606567,0.0016712162178009748,-0.00966035109013319,-0.0012976528378203511,0.0012250746367499232,0.01796676404774189,1.56820547580719,-0.0018874697852879763,-0.0018458035959893991,0.0001945267372559878,-0.00026175721462697005,0.0033422841553887124,1.5710282614460278,1.2891415353899694e-05
23.016511,1785472066.275,-0.058572836220264435,0.10122884809970856,0.40700000524520874,-0.05840627520321263,0.10117441728923682,0.40724032538878907,0.6797443964960181,-0.1419341258317939,0.07045619516510233,0.7161272121065403,0.6808408942476004,-0.13401215974790226,0.082918642463076,0.7152768110961735,24.75469693189962,24.430116434630396,16.205549240112305,1,0.451074458373646,1.4438785943531888e-05,0.6461884438572554,0.0021023637473840786,0.0050921158318061755,0.9999243285925056,0.010999432342446649,0.4510490298271179,-1.3876505363441538e-05,0.6461357474327087,0.00026183598674833775,0.0016104422975331545,0.9999933242797852,0.003262628335505724,-0.01182203833013773,-0.0020839939825236797,0.0020153960213065147,0.02202010340988636,1.5668162107467651,-0.001676296116784215,-0.0035467366401120146,-0.00016763597039033405,9.99221168596106e-05,0.0065262705252820095,1.5703530056686061,-0.0003270591579146375
23.151365,1785472066.408,-0.058572836220264435,0.10166900604963303,0.40700000524520874,-0.05840797854010118,0.10119687745851332,0.40728035446247957,0.6787431588646572,-0.13593772902246523,0.07660683407445587,0.7176071704600857,0.6805403011635329,-0.1338797280362498,0.08047496316717942,0.7158665358964817,24.29799182313524,24.447640053964292,60.060977935791016,1,0.45108040392059295,1.6938328998979054e-05,0.6461213524601331,0.004537276978396201,0.006299618074312037,0.9998551840254888,0.015143939616067713,0.45105913281440735,1.1716966810126905e-06,0.6461540460586548,0.0011130792554467916,0.0032393955625593662,0.9999704360961914,0.006888360716402531,-0.016325639560818672,-0.004717398900538683,0.004942287690937519,0.030379286035895348,1.5618081092834473,-0.0038745240308344364,-0.007424204346458753,-0.0010655847156481953,0.0009976601848169168,0.013786047669970353,1.5686958085768232,-0.0009592552221961897
23.244042,1785472066.542,-0.058716751635074615,0.10103633999824524,0.40800002217292786,-0.05846638438261225,0.10120099971076815,0.40736753682311244,0.680411402369653,-0.12572586318990733,0.09065552395711653,0.716250589407489,0.6807592709890853,-0.13037078732043225,0.08391372344398056,0.7159111395931949,23.869657613482826,24.427578232461446,21.218299865722656,1,0.45101788190437925,0.00010024400036051133,0.6460718481507662,0.005087204453430903,0.0061686559965793315,0.9998885358623671,0.012608881197658477,0.45106714963912964,8.803970558801666e-06,0.6461268067359924,0.0027039870619773865,0.004663701169192791,0.9999275803565979,0.01076167356222868,-0.013402551412582397,-0.005504777655005455,0.005749158561229706,0.025287136435508728,1.5605506896972656,-0.0011899295495823026,-0.011595051971027679,-0.0027766952941875762,0.0028461571215254227,0.02156096140084964,1.5654685150836183,-0.0023252296795916124
23.319749,1785472066.608,-0.058716751635074615,0.10147757083177567,0.40800002217292786,-0.05847676464203584,0.10121416342510288,0.40740148312704666,0.681588464774643,-0.12017993214728434,0.09392085113452166,0.7156625058764686,0.6809119883014434,-0.12861787395785126,0.08563812682997338,0.7158787732004566,24.69345256816766,24.506475348122663,24.333715438842773,1,0.45103105421951345,0.0001164713089271579,0.646013099559284,0.004758985502321666,0.0060063637480904895,0.9999099426465423,0.011017361213228273,0.45104941725730896,3.990947880083695e-05,0.64610755443573,0.0035251309163868427,0.005181360058486462,0.9999154806137085,0.01139621902257204,-0.01164595689624548,-0.005121223162859678,0.005444973707199097,0.022093361243605614,1.5610792636871338,0.00024596252478659153,-0.012216651014068278,-0.0037149001659601525,0.003844675868784453,0.022842395403670664,1.5637772749332517,-0.001934799119203529
23.382079,1785472066.675,-0.058716751635074615,0.10103633999824524,0.40800002217292786,-0.058486639018999365,0.1012052163192228,0.4074312767259237,0.6815175083216384,-0.12566020805377195,0.09321034710540062,0.7148812692716456,0.6810115005513184,-0.12814740519480972,0.08684449524514976,0.715723139422147,24.391164219569802,24.472289013429567,18.883466720581055,1,0.451011287725951,0.00013210873644624153,0.6459622087723585,0.004742258577421758,0.005490262848308802,0.9999366300660886,0.008608359281291071,0.45104512572288513,6.037440834916197e-05,0.6460831761360168,0.003859395394101739,0.00540357967838645,0.9999141693115234,0.011293758638203144,-0.009006571024656296,-0.005150689743459225,0.005542319733649492,0.017255574464797974,1.560989260673523,0.0018879128620028496,-0.012061993137054682,-0.004096030157935449,0.004278523788384666,0.022639409457356943,1.5630461138855538,-0.0013438119125011665
23.505511,1785472066.742,-0.05813247710466385,0.10122884809970856,0.40700000524520874,-0.05846990841610018,0.10126589061157538,0.4073786679099224,0.6810433359908457,-0.13458059546207435,0.07947454108844984,0.7153683213186854,0.6807102372154749,-0.1301951989068512,0.08432952441213491,0.7159408595995068,23.83584037237444,24.24696409612386,20.98679542541504,1,0.45102469100827514,0.00014695218823769588,0.6459175237388733,0.00420084773827098,0.0051156533136619085,0.9999501281394715,0.007478248679280888,0.4510347545146942,8.45744798425585e-05,0.6460413932800293,0.004159629810601473,0.005434319376945496,0.9999228715896606,0.010370449163019657,-0.007755045313388109,-0.004549114964902401,0.005019553937017918,0.014989144168794155,1.5619663000106812,0.002402308862656355,-0.011011233171372129,-0.004458744732833343,0.004713316913808972,0.02078791094573312,1.5623387620659364,-0.00023242093099649035
23.61306,1785472066.875,-0.05813247710466385,0.10122884809970856,0.40700000524520874,-0.05845199432657971,0.10126415341207252,0.4073582427132683,0.6790889192341854,-0.1437529193948092,0.07113029033326737,0.7163196351740756,0.680447372089353,-0.1325435760007256,0.08204868924892846,0.7160248507350608,24.69345256816766,24.3796058631295,16.345739364624023,1,0.45093371122210496,0.00012185897289558896,0.6459964743077934,0.0045789550566822206,0.005992323581803452,0.9999153813355592,0.01059978288660325,0.4510324001312256,0.0001008018443826586,0.6460073590278625,0.004168734885752201,0.005347503814846277,0.9999310374259949,0.009587985463440418,-0.011174095794558525,-0.0051521616987884045,0.005505596287548542,0.021244507282972336,1.5613960027694702,0.0006952100084163249,-0.010128806262014947,-0.00448325157504523,0.004796474374000652,0.019216447321750197,1.5622378248489621,0.00048159164142204153
23.6924,1785472066.942,-0.05813247710466385,0.10078869760036469,0.40700000524520874,-0.05843622150857862,0.10123577063631659,0.407340342257021,0.6841019946309066,-0.13030887551398415,0.08406848340395179,0.7127107042850243,0.6810093961136102,-0.13220110406867888,0.08235866428609624,0.7155180786709783,23.835457491689677,24.21785249685276,64.27574157714844,1,0.4509363142647035,9.495564589456816e-05,0.6460270840724789,0.0045769430829620894,0.006749327987435172,0.9998715707316008,0.013796383818050992,0.4509986340999603,0.00010846065561054274,0.6460044384002686,0.0043095615692436695,0.0055669937282800674,0.9999258518218994,0.009935399517416954,-0.014695486053824425,-0.005130395293235779,0.005501905921846628,0.027668362483382225,1.5614902973175049,-0.001327572506852448,-0.010488280726940824,-0.004713309293564323,0.005040538971794737,0.019913899658427218,1.561948322235825,0.0005550559404250332
23.783148,1785472067.075,-0.058275312185287476,0.10103633999824524,0.40800002217292786,-0.058396926080549014,0.10119090712769777,0.40742068081748,0.6791264908991771,-0.13983622664707596,0.06667252084631538,0.7174871525261447,0.6808105605446249,-0.13417885924358136,0.07799373017336583,0.7158281863943672,24.69345256816766,24.555206076823502,20.477294921875,1,0.45103617136161395,2.065543873865808e-05,0.6459882001023827,0.005525442577194197,0.006140045107459106,0.9998465298283116,0.015449469916085576,0.45097699761390686,0.00010407467925688252,0.646011233329773,0.00439897645264864,0.005973681341856718,0.9999090433120728,0.011263716965913773,-0.016663670539855957,-0.005936251953244209,0.006462172605097294,0.031017031520605087,1.559540033340454,-0.004563766997307539,-0.011935138069374693,-0.004856762987072526,0.005199383233652297,0.02258066180228727,1.5617908074664149,-9.2379122116328e-05
23.890712,1785472067.142,-0.058572836220264435,0.10166900604963303,0.40700000524520874,-0.058395608299948415,0.10124555629976703,0.40737358603227936,0.6851236038166466,-0.11702438489418811,0.10564536014468219,0.7111610216493365,0.6821917888118563,-0.12933103689202638,0.08643206447329828,0.7144349826296279,23.825114403081756,24.373198946976068,19.9587345123291,1,0.45104604755248795,1.2348557673231261e-05,0.6459332716014411,0.006379617947640498,0.0070245209843865074,0.9997966989082537,0.01779093679210828,0.4509912133216858,8.138324483297765e-05,0.6460025310516357,0.004701291676610708,0.006017877720296383,0.9998939633369446,0.012399177998304367,-0.01921229436993599,-0.006825203076004982,0.007556445896625519,0.03574053570628166,1.5577470064163208,-0.005419500637799501,-0.013216569780093857,-0.005149320631488541,0.005541762197100535,0.02486692025844927,1.5611808476782796,-0.0013041244547609399
23.998236,1785472067.276,-0.05813247710466385,0.10122884809970856,0.40700000524520874,-0.05838365014957837,0.1012448230183662,0.4073549721833233,0.6794233328024756,-0.14253384515981726,0.0711053489837049,0.716248607100523,0.6816038674018757,-0.1322573073077305,0.08304361574430429,0.7148621758707248,23.866107090547224,24.22408113686682,22.71270751953125,1,0.45096412009970355,1.0374715725224665e-05,0.6460039675557682,0.0037132592532437498,0.003559218495724624,0.9999473484281045,0.00887941670499677,0.4510132968425751,5.532312934519723e-05,0.6459705233573914,0.005381104536354542,0.00642510037869215,0.9998581409454346,0.014609546400606632,-0.009568843059241772,-0.004121344070881605,0.004427339881658554,0.0177999846637249,1.5631811618804932,-0.0025196734350174665,-0.015671878172776186,-0.005835633291028067,0.006367017587619835,0.02931977785232941,1.559774655343095,-0.002989411080200435
24.107555,1785472067.342,-0.05813247710466385,0.10078869760036469,0.40700000524520874,-0.058390520139948186,0.10125931450707075,0.4073229871920443,0.6839297088622471,-0.12317437356577297,0.09909743426425234,0.712213398887246,0.6798418948294319,-0.1370121291032677,0.07755730341449928,0.716259407756986,24.306722727520153,24.391801572092778,60.43410301208496,1,0.45096522325602034,-7.590736042722106e-06,0.6460318700479026,0.004098227918915003,0.00497752401050375,0.999892482807201,0.013170102820437964,0.4509907066822052,3.692516474984586e-05,0.6459797620773315,0.004691425245255232,0.005249226000159979,0.9999000430107117,0.01226362120360136,-0.014252448454499245,-0.004536520689725876,0.004876932129263878,0.026415174826979637,1.562503457069397,-0.00440351152792573,-0.013172624129067593,-0.005133631637731625,0.005572870938265447,0.02460230988157577,1.5611696538352249,-0.0027970479848372053
24.200921,1785472067.476,-0.05813247710466385,0.10166900604963303,0.40700000524520874,-0.0583785082205776,0.1012802291034566,0.4073089627863688,0.6767654229765647,-0.14490828216088644,0.0670878126509085,0.7186719539666542,0.6792142337156195,-0.13865206587582332,0.07538690489813492,0.7167708447728254,24.29754486990802,24.364155599108354,20.343303680419922,1,0.45094352766654555,2.686418856561334e-06,0.6460798723474703,0.0046748940106241255,0.008335011446468634,0.999755049975176,0.019962790368839346,0.45097804069519043,1.8054386600852013e-05,0.6460018754005432,0.004448372405022383,0.005139539483934641,0.9998971223831177,0.01263436395674944,-0.021574698388576508,-0.0052031525410711765,0.005692826583981514,0.04005342349410057,1.5614792108535767,-0.005096751730889082,-0.01361482193002515,-0.004889132570680115,0.005288117829903322,0.025344699711271228,1.5617158595976508,-0.003454909693565302
24.310192,1785472067.542,-0.058572836220264435,0.10166900604963303,0.40700000524520874,-0.058373219828023286,0.10129649423103106,0.4072775459686322,0.680629466712542,-0.12922308800549628,0.09414149102279722,0.7149701408009492,0.6807094697254372,-0.132851040580173,0.08538996025464643,0.7153277385440813,24.274781235767396,24.192638042630033,58.29954147338867,1,0.4509121542788832,-1.532450222195256e-05,0.6461009126873288,0.005072485861166277,0.009562563433854358,0.9996884678887336,0.022489874122337154,0.4509615898132324,1.2594922736752778e-05,0.646021842956543,0.004519833717495203,0.006238435860723257,0.9998554587364197,0.015155505388975143,-0.024340558797121048,-0.005670010577887297,0.00621773162856698,0.04512852430343628,1.5607801675796509,-0.0054588778875768185,-0.016352222351698413,-0.004997143984285919,0.005427498750930907,0.030403032897690748,1.5616344760945637,-0.004019538184249072
24.387612,1785472067.709,-0.05798964947462082,0.10141921043395996,0.406000018119812,-0.05836250860824855,0.10129913042341293,0.4072234664195289,0.6863680461377161,-0.12591398353468933,0.10462684131358646,0.7085885957791459,0.6815094770625009,-0.13189877039897724,0.08804402740651952,0.7144199019339219,24.306722727520153,24.212739178523393,19.390106201171875,1,0.4508877816581447,-2.3281741727387707e-05,0.6461480467301186,0.0019506270797461141,0.0056932421334021125,0.9999117075490851,0.011847326883283554,0.4509466588497162,5.910555046284571e-06,0.6460388898849487,0.00466168113052845,0.007137295324355364,0.9998166561126709,0.017143452540040016,-0.01283419318497181,-0.002359237987548113,0.0024008024483919144,0.02372453548014164,1.5670303106307983,-0.0014941049739718437,-0.018517060663410183,-0.005179506187191128,0.0056418070087369135,0.03439364363013489,1.5614029584870224,-0.004409598486702872
24.463829,1785472067.743,-0.05798964947462082,0.10185828059911728,0.406000018119812,-0.05834422180618845,0.10132919910357534,0.40714043405916495,0.6841465332570097,-0.1260660789030404,0.10445040963276282,0.7107327041229886,0.6821341115864873,-0.13056411026290765,0.09181134114944667,0.7135942436410968,24.286067422127523,24.23424384587668,20.422935485839844,1,0.45088386838613925,-3.942434291353065e-05,0.6462291529987598,0.0007225533548647386,0.0040764505094299614,0.9999458566198799,0.009546952216708437,0.4509289264678955,-1.4949963542676414e-06,0.6460659503936768,0.003921532537788153,0.006742533762007952,0.9998461604118347,0.015710823237895966,-0.010384207591414452,-0.0010136859491467476,0.0008252342813648283,0.019103657454252243,1.5696632862091064,-0.0022466981317847967,-0.016977004076933595,-0.004415219750740825,0.00476355810249843,0.031502316358430614,1.5629279709179855,-0.0036194994378418313
24.573569,1785472067.809,-0.05813247710466385,0.10034853965044022,0.40700000524520874,-0.058338717234277186,0.1012555167590487,0.40706708351352067,0.6828466242247848,-0.1282959431358754,0.09638467340550146,0.7127205858484842,0.681735996558737,-0.13005756605152377,0.09427799411906658,0.7137455571376291,24.306722727520153,24.266530351201478,58.20822715759277,1,0.4508388259435854,-6.693667364271264e-05,0.6463537053470131,-0.0010527399260016987,0.0024636411273899084,0.999977273907482,0.006186588688802327,0.4509108066558838,-1.4527820894727483e-05,0.6461173892021179,0.002815313870087266,0.005819506943225861,0.9998867511749268,0.01359414029866457,-0.006818596739321947,0.0008358705090358853,-0.0013576203491538763,0.012364539317786694,1.5734741687774658,-0.0018743328982964158,-0.014709740776897922,-0.0032454524011228418,0.003409372947735828,0.027238420787123806,1.565244245846602,-0.0031473920780869472
24.698701,1785472067.943,-0.05783386528491974,0.10059510171413422,0.40800002217292786,-0.05830381186578209,0.10121461160921695,0.40714083473210017,0.6870440822977608,-0.1128645640945187,0.1015874763131055,0.7105716035754004,0.6829996400382528,-0.12602712955911083,0.09644626980663702,0.712970386035138,24.280559774812293,24.181601307250897,56.93387985229492,1,0.45094941689311735,-7.539787957274133e-05,0.6464636478504887,-0.0025020369956139424,0.0024907403600119087,0.999985428584558,0.004083949300552127,0.45087769627571106,-3.6743480450240895e-05,0.6462070345878601,0.001223739585839212,0.004436742980033159,0.9999336004257202,0.010565140284597874,-0.004573899321258068,0.0026847736444324255,-0.003474973374977708,0.008166758343577385,1.576612949371338,0.0004348103248048574,-0.0114782402566239,-0.0015741293124521016,0.0014574400103151534,0.021147420364462634,1.5686144815860201,-0.0026260606497674394
24.822432,1785472068.076,-0.05813247710466385,0.10078869760036469,0.40700000524520874,-0.058295549165142777,0.10118706573541168,0.4071907761798477,0.6862668385434397,-0.12242727588907151,0.09997859468515277,0.7099673718127865,0.6839914385210762,-0.12420255316598883,0.09709718173148814,0.7122510618572083,24.753768384665733,24.458450482239044,60.064077377319336,1,0.451010653507523,-0.0001277015827460948,0.6463529282460453,-0.0012104994395764125,0.0004019054646655791,0.9999991851915195,-5.272002817553582e-05,0.45090991258621216,-5.6173048506025225e-05,0.6463225483894348,-0.0005313782603479922,0.0035180121194571257,0.999965250492096,0.007535124197602272,-0.00022776062542106956,0.0013905195519328117,-0.0019550181459635496,-0.00010338758147554472,1.5737797021865845,0.0005817155470140278,-0.008243150191174043,0.0004213931406850301,-0.000853431338270293,0.015065217472869487,1.5723622356530407,-0.0011918607726107825
24.91587,1785472068.21,-0.057692114263772964,0.10078869760036469,0.40700000524520874,-0.05826248813792969,0.10116901118335836,0.407181541384386,0.6787691384773212,-0.14434009645420992,0.07175074622226743,0.7164427566965083,0.6829851302747189,-0.12832829662402115,0.09192676422308238,0.7131708281531687,24.286067422127523,24.4078650925198,17.673969268798828,1,0.45105191053310506,-0.00014005864836934224,0.6462779759222399,-0.00037201642356182724,-0.0010528319922488113,0.9999980756532049,-0.001613021532362173,0.4509536325931549,-8.990554488264024e-05,0.6463305950164795,-0.000858445418998599,0.0020578789990395308,0.9999896287918091,0.003980995621532202,0.0014185392064973712,0.0005613717949017882,-0.000955834286287427,-0.0032196412794291973,1.5719389915466309,-0.0006937300786375999,-0.004487467438796341,0.0008754615727946976,-0.0013693364986590785,0.007957833699219525,1.5730264023545315,-0.0003608344069021957
25.024169,1785472068.276,-0.05813247710466385,0.10034853965044022,0.40700000524520874,-0.058256686623656045,0.10112054983044554,0.40717309237746285,0.6835359501379819,-0.12536278434770182,0.09674300295893928,0.7125332052248826,0.6830850502640973,-0.12779946675257875,0.09278634781452737,0.7130587662056289,24.374467610778446,24.397968825529603,21.432161331176758,1,0.451078958259294,-0.00018968741431152,0.646291761265483,0.0004588584906516606,0.0013398914366763224,0.9999881959257769,0.0046478111981287885,0.4509885311126709,-0.00011290771362837404,0.6463106870651245,-0.0006113207782618701,0.0012272632448002696,0.9999954700469971,0.002684237901121378,-0.0054345945827662945,-0.00029142029234208167,-0.00010021834896178916,0.009302718564867973,1.5702987909317017,-0.0027545352932065725,-0.0031417049836973505,0.0006821438334514499,-0.0011413327574210795,0.005366138191608942,1.5724884217162016,-0.000681396594638471
25.100055,1785472068.41,-0.058275312185287476,0.10103633999824524,0.40800002217292786,-0.05825838744355709,0.10111255256799252,0.40727685500067334,0.6805995570755728,-0.1250392210679772,0.08873505239769981,0.7164324996670833,0.6827034146471287,-0.1270024987174808,0.09212822542906711,0.7136517379141999,24.31799408956881,24.535574162640536,13.894081115722656,1,0.45115796905632355,-0.0001970401322308897,0.6462182638698559,0.0006341961610399853,0.0011396831013846128,0.9999933040863679,0.0034191665777969183,0.45101165771484375,-0.00013399342424236238,0.6463038325309753,-0.00032091833418235183,0.0012574483407661319,0.9999939799308777,0.0032172834035009146,-0.004132403526455164,-0.0002955763484351337,4.2284358642064035e-05,0.006847483571618795,1.569809913635254,-0.001862728619016707,-0.0037630785592783554,0.0004182948470366096,-0.0008590551783818071,0.006432952686521247,1.5718950317736022,-0.001243216522452889
25.208066,1785472068.476,-0.05813247710466385,0.10166900604963303,0.40700000524520874,-0.058256320881238464,0.10115247355185082,0.40730545428256487,0.6867301455621649,-0.10594337091173806,0.11846151395472189,0.7093268492363592,0.6833072629259188,-0.12396232488334746,0.09513033230636539,0.713214376129285,25.124605142856005,24.484929556823992,18.85533332824707,1,0.45116354361284183,-0.0001957729942032648,0.6461487273339593,0.0012306732481041102,0.0017173673570822488,0.9999917231989107,0.0034770140049207744,0.45105215907096863,-0.0001519918441772461,0.6462810039520264,-6.327210576273501e-05,0.0012245132820680737,0.9999939203262329,0.003272817935794592,-0.004195409826934338,-0.0009526498033665121,0.0008552803192287683,0.006970847491174936,1.568454384803772,-0.0007746665505692363,-0.0038631661404171704,0.00022482238737787612,-0.0006146540932603514,0.006545291825531977,1.5713299647581098,-0.0014111036271317822
25.332612,1785472068.577,-0.058716751635074615,0.10147757083177567,0.40800002217292786,-0.05828283317691216,0.10116878012310933,0.4073430525837586,0.6851233365130459,-0.11382801258805354,0.09682923458055163,0.712932883689643,0.6836666266034237,-0.12199058108328445,0.09546186280649606,0.7131656711768809,24.33621721033617,24.441296799191974,64.38636779785156,1,0.4511036303130793,-0.00019877844364157732,0.6461058661447795,0.00120010300621041,0.00031871263765674324,0.9999990316763991,-0.0006283480669881579,0.4511049687862396,-0.00017396920884493738,0.6462195515632629,0.0005418032524175942,0.0014539116527885199,0.9999931454658508,0.0033709609415382147,0.00023596035316586494,-0.0010653759818524122,0.0010563068790361285,-0.0012576968874782324,1.5684075355529785,0.0008724933722987771,-0.00401884262157959,-0.00032691715811706846,7.434797418692907e-05,0.006744692083937755,1.5699825858902852,-0.0011128940815771167
25.453999,1785472068.71,-0.058716751635074615,0.10059510171413422,0.40800002217292786,-0.05829972188087584,0.10117525920604463,0.4073867587853421,0.6713242534282391,-0.16205972424774878,0.033114150460694575,0.7224706537811951,0.684266668104318,-0.11866202808193782,0.09602044229306994,0.7130768013858954,24.704740751714347,24.44223766125563,61.46073341369629,1,0.4510088589759307,-0.00015930385675399237,0.6459996540111829,0.003197893416629594,-0.0005830454250644961,0.9999889614084304,-0.003392727076719667,0.45110392570495605,-0.00018711526354309171,0.6461575627326965,0.0008815730689093471,0.0008619640138931572,0.9999984502792358,0.0012840845156461,0.003320341929793358,-0.003475753590464592,0.003721683518961072,-0.006791095249354839,1.5641692876815796,0.0021717941854149103,-0.0017990997130206353,-0.0007121999251939806,0.0005869116060306718,0.0025698232924780758,1.5691608772466563,-7.710996208599697e-05
25.532011,1785472068.843,-0.058275312185287476,0.10103633999824524,0.40800002217292786,-0.0582986340347431,0.10116908147626223,0.4074180875896624,0.6810012324838278,-0.13083126649956892,0.07489633104059833,0.7165968466706251,0.6837012222979891,-0.12089234327651169,0.09216285231430477,0.713753240706227,24.69345256816766,24.516778237034778,20.180225372314453,1,0.45106942610391987,-0.00013352789824566425,0.6459839962875434,0.0042926634886563545,-0.0010772047765419549,0.9999781638972649,-0.004907585831913905,0.4510692059993744,-0.00017517931701149791,0.6460996866226196,0.0016748771304264665,0.0003668615245260298,0.9999985098838806,-0.00032414644374512136,0.005004952196031809,-0.004511828534305096,0.004804566502571106,-0.00984768196940422,1.5619630813598633,0.0028897630982100964,-3.852431620495107e-05,-0.0016626012912990416,0.0016651161623822122,-0.0006493954011292719,1.5674442695952262,0.0006962889386010351
25.6406,1785472068.91,-0.05813247710466385,0.10166900604963303,0.40700000524520874,-0.058293576167047834,0.10115424767168243,0.40742926950489167,0.6792427189808211,-0.14300463771025979,0.0719899781708423,0.7162377017079318,0.6829421997670729,-0.1271309199190932,0.08582951369982328,0.7141855330065771,24.283574467551002,24.248902056426978,61.68389320373535,1,0.4510786593383483,-0.00013512187651852848,0.6459369952182137,0.005514002840598629,0.0004883082014388876,0.9999843405035798,-0.0008222380403413006,0.4510692059993744,-0.0001588734012329951,0.6460493803024292,0.0027415351942181587,-0.0002224563795607537,0.9999938011169434,-0.0022031208500266075,0.0005954346270300448,-0.005843236111104488,0.006228297017514706,-0.0016529187560081482,1.5593817234039307,0.0015871782088652253,0.002026828709089008,-0.002829409082703886,0.0029509643400582966,-0.00441618432743089,1.5651996682009626,0.0015945395780656115
25.718441,1785472069.01,-0.05783386528491974,0.10059510171413422,0.40800002217292786,-0.058267766034232435,0.10112241862343047,0.407458154271296,0.6858105858986531,-0.11976243457140011,0.095745561210366,0.7114447181920669,0.6836110113000766,-0.1254408544484829,0.08810772410481181,0.7135668197286021,24.306722727520153,24.266037853937963,19.217729568481445,1,0.45110089198323844,-0.00014271178564665256,0.6459201998153337,0.005716417636398735,0.0027201904274306667,0.9999493468770676,0.007824756454410796,0.4510723352432251,-0.00014998448023106903,0.6460089683532715,0.0036952428054064512,2.1951511371298693e-05,0.9999917149543762,-0.0017271596007049084,-0.008784910663962364,-0.0060084303840994835,0.006476425100117922,0.015720320865511894,1.5589772462844849,-0.0034381388686597347,0.0015345715104844294,-0.0038658828754263626,0.004078229019828872,-0.003465896136216429,1.5631988769852634,0.0015920089336193045
25.82897,1785472069.077,-0.058275312185287476,0.10103633999824524,0.40800002217292786,-0.05826809993407545,0.10111865897911843,0.4074839503558461,0.6835214173218099,-0.12118355468030816,0.09292009698493392,0.7137778882213565,0.6835955528018447,-0.12460028918797784,0.08905863673982227,0.7136108514770897,24.780941148631733,24.419069185207174,20.980119705200195,1,0.45114857213733034,-0.00018142646510200473,0.6458768024220046,0.005271171341055239,0.0013715895954393067,0.9999716164475935,0.005205746234875171,0.4510771632194519,-0.0001475006720284,0.6459702849388123,0.004376091528683901,0.0009455314720980823,0.9999887943267822,0.0015613967552781105,-0.0060486821457743645,-0.005411617457866669,0.005943083669990301,0.010469379834830761,1.5597789287567139,-0.0033723716624081135,-0.0020142987377750245,-0.004602721221131353,0.004903133341862606,0.0031322450719184674,1.5617470581872657,-0.0001378580866738006
25.903322,1785472069.144,-0.058275312185287476,0.10103633999824524,0.40800002217292786,-0.058292964813264,0.10111187850974723,0.40752878567978984,0.6832792609788921,-0.11788304560055038,0.08975442259293052,0.7149665605474756,0.6843582007501985,-0.11786286061649079,0.09479220926670906,0.7132858026174257,24.714608120997607,24.652725992600367,56.458473205566406,1,0.45115418575396293,-0.00018089275533812304,0.6458381049757648,0.005169163882586059,0.0012123386178397783,0.9999781039019663,0.003949898284636385,0.4510969817638397,-0.00015759003872517496,0.6459445357322693,0.004614966921508312,0.0010593211045488715,0.9999855756759644,0.002550764475017786,-0.0046900054439902306,-0.005297203082591295,0.0059003946371376514,0.00794548075646162,1.5598913431167603,-0.002316746860742569,-0.0031076181507579946,-0.004821947696556934,0.0051851176093887655,0.005120609939993875,1.561213695111586,-0.0010144104878428023
26.04086,1785472069.277,-0.05813247710466385,0.10078869760036469,0.40700000524520874,-0.058306469004933754,0.10107119884713203,0.40751005800021284,0.6866386155692974,-0.1065867401711364,0.11764646643044309,0.7094547112855054,0.684551714801295,-0.1154057146517529,0.09985547580156197,0.7128108828720058,24.72717509783388,24.60199323760975,62.816619873046875,1,0.4511643434779271,-0.00014353867838319204,0.6457708815356366,0.005745848201885208,-0.0009206426808201252,0.9999722264576879,-0.004656603778475441,0.4511260986328125,-0.00017055300122592598,0.6458961963653564,0.004871944431215525,0.0011293988209217787,0.9999823570251465,0.003208742244169116,0.004721375182271004,-0.005933503154665232,0.006704512983560562,-0.009356383234262466,1.5585696697235107,0.002940255682915449,-0.003849060819292734,-0.005044657064080459,0.005520511211661457,0.00644423082373443,1.5605940951832427,-0.0016246307062450515
26.117452,1785472069.41,-0.05813247710466385,0.10078869760036469,0.40700000524520874,-0.05829814376683778,0.10105914973200575,0.4074780124597646,0.6825348464681572,-0.13828277352003468,0.0757461551941323,0.7136431726553559,0.6841306440606276,-0.12098700781441939,0.09399617810926827,0.7130863371977864,24.306722727520153,24.514356826826578,25.216341018676758,1,0.4512253997835899,-0.0001233633307122791,0.6457989513088366,0.0037916810185974308,-0.0022573750292486875,0.9999423600608738,-0.009787950189927097,0.45113739371299744,-0.00015949312364682555,0.6458374261856079,0.005217139143496752,0.0002919795806519687,0.9999863505363464,-1.3385021702561062e-05,0.010305047035217285,-0.003653190331533551,0.004440687131136656,-0.019632067531347275,1.5625931024551392,0.005878150463104248,-0.00033938280077199325,-0.00540867098558712,0.006005599226118575,-2.6276706132218877e-05,1.5597650727132277,0.0002447370463728928
26.225102,1785472069.477,-0.05813247710466385,0.10122884809970856,0.40700000524520874,-0.05829058060486329,0.10106826388481364,0.4074511042002282,0.6845872911649681,-0.115205047406255,0.0997377371304064,0.7128256600457363,0.6842313350628652,-0.11976102226923313,0.09521479027463843,0.7130350071182158,25.12435865324053,24.695758964569578,23.769378662109375,1,0.45124349514613016,-0.00013591397815591733,0.6458469950994312,0.004132542345172794,-0.0004961289856016445,0.9999895682588147,-0.0018813089444541992,0.45116132497787476,-0.00014629116049036384,0.6458123326301575,0.004707327112555504,-0.000587715650908649,0.9999830722808838,-0.0033713586162775755,0.0017283547203987837,-0.003997351974248886,0.00458117388188839,-0.003764090593904257,1.5619410276412964,0.0007558925426565111,0.0033212346482339537,-0.004804969612540955,0.005467510690853894,-0.00676870772485845,1.5607376321414712,0.0021820683381765143
26.318241,1785472069.544,-0.057692114263772964,0.10122884809970856,0.40700000524520874,-0.05824986264608985,0.10111205570898608,0.4074074110160256,0.6854324484099936,-0.12600865427395536,0.09767941653322329,0.7104666841594173,0.6842764652236091,-0.12189011551903996,0.09564060326469297,0.7125737813637292,24.69326511663182,24.701264997699496,65.22703170776367,1,0.4512298413941188,-0.00014728616252485265,0.6458873556823074,0.004108388548345173,-0.000873926860773389,0.9999847999874286,-0.003571720801013602,0.45118972659111023,-0.0001422876084689051,0.6458225846290588,0.0045109521597623825,-0.0005556505057029426,0.9999856352806091,-0.0028576040640473366,0.003521939041092992,-0.0039671859703958035,0.0044609117321670055,-0.007156753446906805,1.562094807624817,0.001802748185582459,0.002773442558372895,-0.004527250653284675,0.005162908925252073,-0.005735418741410443,1.561151479853861,0.0016916075125876463
26.396913,1785472069.677,-0.05813247710466385,0.10122884809970856,0.40700000524520874,-0.058242545930331804,0.10111918864853922,0.4073804612066103,0.6840644635940855,-0.12240150282237527,0.09997653530206448,0.7120943576124975,0.6842383298002792,-0.1219846845340446,0.0964410668643235,0.7124863264606031,24.704740751714347,24.702606208753686,60.77241897583008,1,0.4511641446518964,-0.00020836950912916084,0.6459528804575969,0.0023126325442596753,-0.0010719711117370113,0.9999941490218548,-0.0022813440572333017,0.45121073722839355,-0.00014536167145706713,0.6458492875099182,0.004347961861640215,-0.0006869432982057333,0.99998539686203,-0.0031482279300689697,0.00201709964312613,-0.0021602928172796965,0.0024879840202629566,-0.004570601042360067,1.5658611059188843,-0.00011167817137902603,0.00307995778813672,-0.004297921251407514,0.004875663329707706,-0.006317468228139848,1.561537782009345,0.0017371218586762886
26.474862,1785472069.777,-0.05813247710466385,0.10122884809970856,0.40700000524520874,-0.05824013616460872,0.10112154747310403,0.40737168756817493,0.6863669254367305,-0.1215131472718533,0.10233925758146428,0.7096912533378815,0.684401509452234,-0.12194899169305677,0.09689022971698212,0.7122747367904753,24.274781235767396,24.627023712821646,24.912118911743164,1,0.45115346308450294,-0.00021937468990390017,0.645993301704824,0.001663998356643058,-0.0011966900990796202,0.9999941098607341,-0.0027530503290204298,0.4511926770210266,-0.0001679967244854197,0.6458926796913147,0.0035113461781293154,-0.0008434875635430217,0.9999895691871643,-0.002794669009745121,0.002477007918059826,-0.00148478290066123,0.0017300141043961048,-0.0055064670741558075,1.567230463027954,9.259136277250946e-05,0.002644706244477578,-0.0034225590481688035,0.003898067284702745,-0.005602107611243673,1.5633082263835403,0.0009800206593367747
26.585388,1785472069.811,-0.058275312185287476,0.10059510171413422,0.40800002217292786,-0.05824248651220032,0.10107700010401115,0.4074325604641455,0.683767235853751,-0.11937105972986185,0.09604883930864834,0.7134336253214817,0.6843016838380301,-0.12154165187358729,0.09675731592017839,0.712458317498083,24.704740751714347,24.657023362164924,24.489641189575195,1,0.45114993061967673,-0.00022299909177776658,0.646006461030541,0.0013684887194076016,-0.0015177481002679176,0.9999932821899045,-0.0030429022973731848,0.4511793255805969,-0.0001860729098552838,0.6459272503852844,0.002875878708437085,-0.0009651911095716059,0.9999915361404419,-0.002779902657493949,0.002785363933071494,-0.001172355143353343,0.001393792568705976,-0.0060979388654232025,1.5678467750549316,-0.00024674818268977106,0.0025870332154013646,-0.0027561812776411344,0.0031527121239775207,-0.005569215454457053,1.5646570835655542,0.0006748349009493273
26.62888,1785472069.911,-0.05783386528491974,0.10103633999824524,0.40800002217292786,-0.058221405453833315,0.10107526547355286,0.4074662175447083,0.6853642371898006,-0.12227141054073834,0.09321130461086784,0.7117845300639521,0.6844119487265238,-0.12161714436126836,0.09639095391250872,0.7123891763927981,24.69326511663182,24.6677626460437,25.574922561645508,1,0.4512166926961787,-0.00021944292960038452,0.6459151097434352,0.0017463020331459854,-0.0013432134696716447,0.9999922089697307,-0.003275394117113674,0.4511711597442627,-0.00019666863954626024,0.6459481716156006,0.002467172686010599,-0.0011158703127875924,0.9999922513961792,-0.0028524554800242186,0.003034049179404974,-0.001443564658984542,0.0018656013999134302,-0.006550414487719536,1.566896915435791,0.000354227377101779,0.002640779844375873,-0.0023269793277432256,0.002676196993326393,-0.005712498621225227,1.5655214899591756,0.0004250866372611271
26.752115,1785472069.978,-0.05813247710466385,0.10166900604963303,0.40700000524520874,-0.058220221905826035,0.10111097376097707,0.40746267454656204,0.6857086153223765,-0.12515651769256433,0.09864399001602059,0.7102175048430299,0.6839318158873245,-0.1254045319069738,0.09264470145022374,0.7126906298580462,25.164190441735805,24.750627220046635,64.12267684936523,1,0.45121923261007285,-0.00025101744747761895,0.645864591514143,0.0019634013407338765,-0.0014155478453273416,0.9999927130534899,-0.002952138105448787,0.4511905908584595,-0.00020733826386276633,0.6459348201751709,0.0021709927823394537,-0.0012105762725695968,0.9999923706054688,-0.00302433455362916,0.0026381525676697493,-0.0016859067836776376,0.002219555899500847,-0.005917046684771776,1.566345453262329,-0.00017442560056224465,0.00280182600838736,-0.0019652357722881597,0.0023444905756888107,-0.006055632175385744,1.5660847404461045,0.0003960702522203107
26.891948,1785472070.111,-0.05813247710466385,0.10166900604963303,0.40700000524520874,-0.05821330788467154,0.10116912924330684,0.4074135108163934,0.6824254290507198,-0.1391002085050613,0.07373646821309318,0.7137994109231591,0.6836919748535563,-0.12761301450766072,0.09019520819794918,0.7128429185081664,24.704740751714347,24.63672454956113,85.9224796295166,1,0.45116567226505183,-0.0002527510175775778,0.6458699407060545,0.002017173500063052,-3.261541742623702e-05,0.9999954935281069,0.002223256796510869,0.4512048661708832,-0.00022612370958086103,0.6459019184112549,0.002073056995868683,-0.001305727637372911,0.9999924898147583,-0.0029923783149570227,-0.0029602989088743925,-0.0018728846916928887,0.0024003488942980766,0.004457451868802309,1.566240906715393,-0.003042439930140972,0.0027251336723946146,-0.0018343794886810634,0.0022862149711555535,-0.005990695201680573,1.566206899782562,0.00012876059204015936
27.015386,1785472070.244,-0.05813247710466385,0.10122884809970856,0.40700000524520874,-0.05818219959556032,0.10119505299243961,0.4073750023297955,0.6838010077230349,-0.1318615317842093,0.08251988091081947,0.7128949344236837,0.6829878184033067,-0.13098644961239198,0.08525727957859063,0.7135134099717327,23.825114403081756,24.234924173977248,65.54961204528809,1,0.4510784800958761,-0.00026311763563338045,0.6459437354569803,0.0022403742701896634,0.0007626233716287281,0.9999824632829655,0.005428835533996312,0.4511834383010864,-0.00023851169680710882,0.6458815336227417,0.002042637439444661,-0.0007105362601578236,0.9999975562095642,-0.0005488820606842637,-0.006451314315199852,-0.0022769735660403967,0.002655204851180315,0.010879660956561565,1.5660018920898438,-0.004944074898958206,6.117173309765035e-05,-0.0018524467058858168,0.002339951315495894,-0.0010951201954487524,1.5662228340370024,-0.001357132672423799
27.093122,1785472070.378,-0.05783386528491974,0.10103633999824524,0.40800002217292786,-0.05816568655635321,0.10118656530309897,0.40741843476484213,0.6836244037969688,-0.12821279740122704,0.07783633739017973,0.7142553168842869,0.6830956953404204,-0.13053004260769022,0.08403499405270254,0.71363877330116,24.286067422127523,24.25008039798626,66.2229061126709,1,0.4510395928091642,-0.00030980238178941136,0.64600147903515,0.003433608755383475,0.0026685019832863323,0.9999294397613029,0.011054633721985134,0.4511445164680481,-0.0002482239797245711,0.6458993554115295,0.0021032814402133226,-0.00020224935724399984,0.9999966025352478,0.0015064876060932875,-0.01263262890279293,-0.0036207293160259724,0.003978452645242214,0.022178927436470985,1.5637935400009155,-0.007381812669336796,-0.002178473011793672,-0.0019984605120325137,0.002448561156105791,0.0030230085361444507,1.5661468521013746,-0.0025906811366347847
27.170459,1785472070.445,-0.058275312185287476,0.10103633999824524,0.40800002217292786,-0.05817354401775472,0.10117595025573815,0.40746777265909645,0.6862666410184655,-0.11779501064715539,0.09786062318302306,0.7110455198664144,0.683846732032038,-0.12760788912794066,0.08721478750441784,0.7130662343443085,23.825114403081756,24.08576819391076,19.245624542236328,1,0.4510522583539889,-0.0003345194291645098,0.6459362975847445,0.004642604400785266,0.0027882074075040305,0.9999185373821222,0.011558145328209849,0.4511030316352844,-0.0002691676199901849,0.6459240913391113,0.0025441215839236975,0.0007817635196261108,0.9999849796295166,0.004792650230228901,-0.013235664926469326,-0.00490508833900094,0.0054167164489626884,0.023205943405628204,1.5612486600875854,-0.0077706375159323215,-0.005773657671227293,-0.0025563791394436525,0.0029748987762921336,0.009610730944637992,1.565337548070027,-0.004238350231270361
27.264179,1785472070.545,-0.05813247710466385,0.10166900604963303,0.40700000524520874,-0.05817185414784526,0.10120325050030295,0.40743948236005173,0.6822036952060727,-0.1398740097594242,0.07422093367587443,0.7138099415427623,0.6835693897787503,-0.12980222766485244,0.08489552457567377,0.7132159707674597,25.593912413058515,24.53202005240715,17.935514450073242,1,0.45106814097831927,-0.0003226748995966044,0.6458622914733225,0.0044104214998259015,0.0011810850414727366,0.9999618485912167,0.007446783356268767,0.4510875344276428,-0.00028606056002900004,0.6459235548973083,0.0031045256182551384,0.0013233980862423778,0.9999723434448242,0.006627401802688837,-0.008779781870543957,-0.004644915461540222,0.005235704127699137,0.014963989146053791,1.5615044832229614,-0.0064951274544000626,-0.007795862030011957,-0.003192895611996442,0.0036367971175738766,0.013295035300081737,1.5642294594267854,-0.005195599254118803
27.343535,1785472070.611,-0.05813247710466385,0.1021091565489769,0.40700000524520874,-0.058122076615110665,0.10124704739680773,0.40745722999675893,0.6863474833411397,-0.12158554539533223,0.10241468153803537,0.7096867761679558,0.6841862846628333,-0.12761874767981374,0.08807528113146,0.7126326739446618,24.690949490465144,24.399192497908377,63.31014633178711,1,0.45102721724066447,-0.00032521527114873574,0.6459047522703528,0.004545424274864594,0.0019834979651058102,0.9999320480047281,0.010550081850591078,0.45108139514923096,-0.00030172671540640295,0.6458993554115295,0.003637756686657667,0.0012640813365578651,0.9999682903289795,0.006963967811316252,-0.012136551551520824,-0.004868209827691317,0.005432392470538616,0.02119254693388939,1.561359167098999,-0.008275634609162807,-0.008198787547076961,-0.0037875313122219226,0.004291758941557731,0.013978490844621735,1.5631135544215575,-0.005727768072708183
27.466313,1785472070.711,-0.05783386528491974,0.10103633999824524,0.40800002217292786,-0.05810933518514103,0.10123491727311883,0.40746635722774166,0.6863473630888849,-0.11738153677879232,0.09569135955075984,0.711331171615381,0.68443792207909,-0.12569559035180927,0.09051338913610858,0.712427312624427,24.306722727520153,24.539648218527304,58.071136474609375,1,0.4509614383642676,-0.000399797921812701,0.6458781026164376,0.003790899272318036,0.0005351001313580974,0.9999684907901922,0.006954148211083964,0.45106223225593567,-0.00030962121672928333,0.6458995938301086,0.003946762997657061,0.001510697416961193,0.9999575018882751,0.008197915740311146,-0.008413448929786682,-0.004205624107271433,0.0047548022121191025,0.013964320532977581,1.5627853870391846,-0.007403830531984568,-0.009552984478531599,-0.004159194378442809,0.004684202438591993,0.016459406907488955,1.5625102206213297,-0.006603978465700217
27.582436,1785472070.845,-0.057692114263772964,0.10122884809970856,0.40700000524520874,-0.05808888121913319,0.10123465547033329,0.40743897661747563,0.6745083758750592,-0.161328777449237,0.040640353323331053,0.7192773026607188,0.6847624267775796,-0.1243044547048562,0.09138097040484372,0.7122487905655421,25.191754608262418,24.73362357957059,18.42808723449707,1,0.450979607475456,-0.0004189126211789011,0.6458643807431947,0.0033774209957891897,-0.0002761545622408951,0.999986387040316,0.003967681959327273,0.4510285556316376,-0.00034102684003300965,0.6458922028541565,0.0038912997115403414,0.00117501278873533,0.9999615550041199,0.007769563235342503,-0.005234826821833849,-0.003729578573256731,0.004266645293682814,0.007978490553796291,1.563554286956787,-0.005823332816362381,-0.009161098912948518,-0.004175181214710639,0.0047086808473399445,0.015601349186079213,1.56260485035243,-0.006879046580547802
27.652268,1785472070.912,-0.05783386528491974,0.10015387088060379,0.40800002217292786,-0.058079615586630266,0.10113240104630998,0.4074536880347207,0.6895910693042181,-0.11079276835624036,0.10371002974555475,0.7081195868961696,0.6858236089111922,-0.1210728763173018,0.09407891309075321,0.7114327053150887,23.883562354906175,24.39062545251438,59.8299503326416,1,0.45098000117027837,-0.00044963401287589975,0.6459054214064098,0.0037325693693885122,-0.000871776767692973,0.9999896854106038,0.002436596719117069,0.4510159492492676,-0.0003629477578215301,0.645884096622467,0.0037493109703063965,0.00078070058953017,0.9999699592590332,0.006740308832377195,-0.003645540913566947,-0.004114086274057627,0.0045538973063230515,0.004917597398161888,1.5629202127456665,-0.005416237283498049,-0.008097079393673113,-0.004054436201075756,0.004589023955233703,0.013535556124788663,1.5628621476722109,-0.00659294746461089
27.778102,1785472071.045,-0.057692114263772964,0.10122884809970856,0.40700000524520874,-0.05805235669830795,0.10117014878587985,0.4074162091192787,0.6773034570809852,-0.1583805732004757,0.04667824303543145,0.7169356754172301,0.685480547518254,-0.12190082015436117,0.09078678025435288,0.7120494151046095,23.869657613482826,24.481580785290515,59.594154357910156,1,0.45113335553139533,-0.000463645315488365,0.6458832363997589,0.004071370255677046,-0.002835003011742558,0.9999865590566699,-0.0015061235560360634,0.45099955797195435,-0.0004032770521007478,0.6458927392959595,0.0037367783952504396,4.780410563398618e-06,0.9999818801879883,0.004726275335997343,0.0005818924400955439,-0.004161067306995392,0.00465013412758708,-0.002991042798385024,1.5621615648269653,-0.005076354369521141,-0.006011271267713128,-0.004082411671862496,0.004572827391404356,0.009497536928666905,1.5628893545849643,-0.006041587981925408
27.902584,1785472071.145,-0.05783386528491974,0.10103633999824524,0.40800002217292786,-0.05807443114918355,0.1011916563681685,0.40743593911400966,0.6863183151284555,-0.11717695517747756,0.09719224956440149,0.7111894249208044,0.6855631848677117,-0.12049347048327172,0.09379683112214604,0.7118192169338927,24.29754486990802,24.47353417937905,22.135496139526367,1,0.4510767362851256,-0.0005045389127119631,0.6459394533235298,0.005869429056885517,-0.001674046131655464,0.999980627276958,0.0012216557931067598,0.4510441720485687,-0.00042444324935786426,0.6458855867385864,0.003845800179988146,-0.0009716220083646476,0.9999887943267822,0.002583181718364358,-0.0024576724972575903,-0.006231581326574087,0.006621198728680611,0.0024933279491961002,1.5586767196655273,-0.005827778950333595,-0.0037438828742121584,-0.004109479779574096,0.0045995999308246875,0.005202716237468111,1.5626390676871884,-0.005709643188489383
27.995441,1785472071.279,-0.058275312185287476,0.10103633999824524,0.40800002217292786,-0.05808441198684813,0.10118457708796272,0.4074689778023471,0.6829643256732919,-0.12385939722612838,0.09143113676897863,0.71404406503068,0.6851948840535843,-0.12097223787283672,0.09346064779888946,0.712136781695655,24.286264017288342,24.418574846557306,22.347688674926758,1,0.4510444838683886,-0.0004713700774943902,0.6459099126250583,0.0046720980834658275,-0.002404898492293886,0.9999845730600704,-0.001800445669547911,0.4510619044303894,-0.0004588946176227182,0.6459041237831116,0.004687253385782242,-0.001370171899907291,0.9999865293502808,0.001784325810149312,0.0008810993167571723,-0.004998599644750357,0.005426223389804363,-0.0035829704720526934,1.5610185861587524,-0.003917404916137457,-0.0029617348723238873,-0.004981569816812115,0.00543067174596681,0.0036093633881937363,1.5609882504824446,-0.005720624749106903
28.07243,1785472071.345,-0.05783386528491974,0.10059510171413422,0.40800002217292786,-0.058072298117259356,0.10114963285454287,0.4074975760357469,0.6877363668869537,-0.12117270681621815,0.09571092011709098,0.7093484930232136,0.6855218242737945,-0.12099809889618957,0.09374957109743114,0.7117796754803305,24.307418933173125,24.385621345083486,19.840717315673828,1,0.45105508224731056,-0.0004563597238071122,0.6458603620224191,0.004568648025132418,-0.001837238977408879,0.999987024826871,-0.0013046785294733962,0.45105743408203125,-0.0004638045793399215,0.6459059715270996,0.0046797702088952065,-0.0017272256081923842,0.9999874234199524,0.0005521838320419192,0.0003900942683685571,-0.004882748704403639,0.005429285112768412,-0.0025858168955892324,1.5611144304275513,-0.003266336861997843,-0.00164018977897839,-0.0049874405222497835,0.005429284295337246,0.001135921004315795,1.560998682921527,-0.005100496714686756
28.18055,1785472071.412,-0.05695098266005516,0.10103633999824524,0.40800002217292786,-0.05794307798070713,0.101104244337127,0.4075548382241279,0.6850943735707776,-0.12244952509581955,0.09301291899150878,0.712039612666424,0.6857862352279606,-0.12108611154112414,0.09384108828438363,0.7114978870757898,24.780621452115394,24.595038611122153,60.334205627441406,1,0.4511074534871335,-0.00047453454127060877,0.6458174113089442,0.004352230874857549,-0.002348327908494561,0.9999867815194837,-0.0014072060085880554,0.45105668902397156,-0.00046070446842350066,0.645892858505249,0.00464811222627759,-0.0017563820583745837,0.9999876618385315,5.043315468356013e-05,0.00046431508962996304,-0.0045424033887684345,0.005180282052606344,-0.002807305660098791,1.5614498853683472,-0.004215998575091362,-0.00108998338752652,-0.004959083164950436,0.005429427121712743,0.00012733118633031696,1.5610300504956596,-0.004603438662891611
28.320989,1785472071.579,-0.05650954321026802,0.10103633999824524,0.40800002217292786,-0.05781206338382759,0.10108818905389878,0.4075840590127542,0.6925226015713191,-0.1173622233431503,0.09853810756887213,0.7049317670537978,0.6866262964170728,-0.12068112832722333,0.09444240874000394,0.7106764564593571,24.28587682617294,24.465862437344818,69.80514526367188,1,0.4511753078696785,-0.0006683403324278584,0.6457312825287207,0.004233439766242432,-0.00273250678965171,0.999986399619247,-0.001346094694318413,0.45108577609062195,-0.0004675489035435021,0.6458497643470764,0.004478765185922384,-0.002092881128191948,0.9999874830245972,-0.0007822845946066082,-3.5305296478327364e-05,-0.004278966225683689,0.0051062810234725475,-0.0026825377717614174,1.5614972114562988,-0.005489998962730169,-0.00020476092949808268,-0.004721800908461068,0.005287839244255818,-0.0015440383791749694,1.5612691602220405,-0.004382777247998462
28.430105,1785472071.679,-0.05637103691697121,0.10166900604963303,0.40700000524520874,-0.057682057485347514,0.101104406094395,0.4075591084910426,0.6893073440046938,-0.1271582935615835,0.09544731344135628,0.706806879024623,0.6870939283691113,-0.12109398665951582,0.09508260556227771,0.710068643240001,24.297104839483005,24.295907530954477,61.25330924987793,1,0.4511991886407883,-0.0008648403432906862,0.6456872431178614,0.0041090402221010645,-0.00400718140973955,0.9999817961795958,-0.0018616108702230448,0.4511168301105499,-0.0005364037351682782,0.6458092927932739,0.004393936600536108,-0.00231339642778039,0.9999871850013733,-0.0009785611182451248,8.62637534737587e-05,-0.0040994915179908276,0.005024355370551348,-0.003700743429362774,1.5616427659988403,-0.007901018485426903,-0.0001464858690478773,-0.004569528149929161,0.005225584099831295,-0.001935566974506535,1.561347587041502,-0.004763549857510597
28.554158,1785472071.812,-0.05695098266005516,0.10103633999824524,0.40800002217292786,-0.057614625355452545,0.10110696771250678,0.4075516265165026,0.6933752552692527,-0.10304479744642557,0.12069363490440561,0.7028837539686671,0.6884499134934889,-0.11768179858805089,0.10085647137082496,0.7085306507657344,25.180216739616455,24.657809734245713,65.85073471069336,1,0.4511747174825297,-0.0010598642677363043,0.6457244950185209,0.003371733557162926,-0.004797337481712685,0.9999810356918643,-0.0018828761330730288,0.45115652680397034,-0.0006881820154376328,0.6457527279853821,0.004259726032614708,-0.003105037845671177,0.9999850988388062,-0.0013946725521236658,-0.0003335792280267924,-0.003352019004523754,0.004189057741314173,-0.0037358293775469065,1.563198447227478,-0.009904535487294197,-3.7430376867424826e-05,-0.004349313658289232,0.005131553251028452,-0.0027626544213110783,1.5614858957985736,-0.00623363769184082
28.67739,1785472071.946,-0.05681139603257179,0.10078869760036469,0.40700000524520874,-0.0575636002859884,0.10110329759037005,0.40750246075764446,0.6897686043537594,-0.12836848953291471,0.10572673476284036,0.7046720236388649,0.6893646252911101,-0.11807430660471199,0.10492935414842457,0.7069828160252964,23.879819970636433,24.528544327157903,58.124542236328125,1,0.4511707939675911,-0.0011610199724000575,0.6457356218277095,0.0016085669506735803,-0.00786994235922101,0.9999362509659969,-0.007935396883255985,0.4511655271053314,-0.0008615932893007994,0.6457405686378479,0.0038433268200606108,-0.0038961898535490036,0.9999837279319763,-0.0016249393811449409,0.005973385646939278,-0.0014966399176046252,0.0023731577675789595,-0.01586625911295414,1.5666718482971191,-0.009729656390845776,-0.000176194442489957,-0.003882050148942289,0.004690220532651106,-0.0032186422679089076,1.5622883271835495,-0.007953668415611494
28.754478,1785472072.046,-0.05695098266005516,0.10103633999824524,0.40800002217292786,-0.057536861089019085,0.10110051524600161,0.4075331302016904,0.691713521900246,-0.10953141049960426,0.10647076528357391,0.7058323100243111,0.6898191689112129,-0.11643785446330658,0.10522542607489328,0.7067668285636943,24.69345256816766,24.577449540514262,17.296314239501953,1,0.45117628211736177,-0.0012376343854637666,0.6458092919401734,-0.001596120079528247,-0.0100568522853566,0.9998966021512008,-0.0101536756539554,0.4511648416519165,-0.0009643539669923484,0.6457343101501465,0.0030717758927494287,-0.005266268737614155,0.999974250793457,-0.003794237971305847,0.008184478618204594,0.0019845585338771343,-0.0012234689202159643,-0.020303508266806602,1.5731866359710693,-0.011955494061112404,0.0019386437797480943,-0.0030617207307781606,0.0038935159891775903,-0.007568156840781455,1.5637958200945061,-0.008564429972305781
28.876603,1785472072.113,-0.05695098266005516,0.10015387088060379,0.40800002217292786,-0.057488622908576544,0.10101182795458932,0.4075812270535551,0.6873495872290999,-0.1255816310325311,0.10018257693219562,0.7083383726457432,0.6895502427271241,-0.11777533359285752,0.10392754879964602,0.7069996450865818,24.340347978794192,24.44461007255778,71.62714004516602,1,0.4511803892016101,-0.0012777018595046036,0.6457632458068738,-0.000652965795112984,-0.010721938869470062,0.9998767207891104,-0.011452374712922299,0.4511694610118866,-0.0010939944768324494,0.6457622051239014,0.0008828177815303206,-0.007520519196987152,0.9999483823776245,-0.0067700049839913845,0.009498579427599907,0.0009560291655361652,-7.199408719316125e-05,-0.022904295474290848,1.571199893951416,-0.011948208324611187,0.00486518382097322,-0.0006972648240136823,0.0014961483916360757,-0.01353541916823871,1.568195971390813,-0.0101533422711715
29.000231,1785472072.246,-0.05725175887346268,0.10122884809970856,0.40700000524520874,-0.05747637357775912,0.10102448716201483,0.4075426616382699,0.6911358262453463,-0.10849453992598486,0.12464918566255803,0.7035785563816399,0.6898760547737824,-0.1160361763600961,0.1078254712517448,0.7063853782283639,24.27234619944148,24.39352096456303,63.60983848571777,1,0.4513133075847946,-0.0013501051734718897,0.645690939448266,-0.000652399746391326,-0.010079562389014602,0.999902255463656,-0.009667280657487719,0.4511752128601074,-0.001181105151772499,0.6457605957984924,0.00015914755931589752,-0.009023891761898994,0.9999191164970398,-0.00896285381168127,0.0074294558726251125,0.001251164241693914,-0.0002497091772966087,-0.019348453730344772,1.57105553150177,-0.012719197198748589,0.007036200095738065,7.737142454105523e-05,0.0007616841228591468,-0.01792528929119626,1.5696034863418864,-0.010994341268731604
29.177465,1785472072.379,-0.05695098266005516,0.10103633999824524,0.40800002217292786,-0.057422371985775364,0.10101707779010285,0.4075590474291359,0.6845451483766087,-0.1289324887357973,0.09537796567901335,0.7111099752115512,0.6879043584442992,-0.12239865823804584,0.10249322396930226,0.7080263421195864,23.052542739005663,23.833664713149744,62.355995178222656,1,0.45132553729584945,-0.0014016428570867703,0.6457110384592775,-0.0007706946344389471,-0.007719362880587472,0.9999626470673225,-0.0038107658825630862,0.4512421190738678,-0.0012649112613871694,0.6457293033599854,-0.00023607161710970104,-0.009281489998102188,0.9999189972877502,-0.008709383197128773,0.0009995413711294532,0.0014413881581276655,-0.0005587876075878739,-0.007629213854670525,1.571396827697754,-0.01443825475871563,0.006577470341384813,0.0006463600715588913,0.0002571353161680373,-0.017420200980853378,1.5703179847895548,-0.01197444238902422
29.266335,1785472072.513,-0.05695098266005516,0.10103633999824524,0.40800002217292786,-0.057383070623099164,0.10099689866440617,0.4076025960430081,0.6899697948686336,-0.1197935345066099,0.09728806342564826,0.7071960293824029,0.687599397675885,-0.12555568560974925,0.0955998954755784,0.7087337286399488,24.274781235767396,23.890314129091273,57.7847957611084,1,0.45130536827682133,-0.0014495070737485466,0.645724117189298,-0.0028966456237196027,-0.007582602373843697,0.9999509409278913,-0.005677087527565068,0.4512630105018616,-0.001302208169363439,0.6457213759422302,-0.0003839551645796746,-0.008857636712491512,0.9999334812164307,-0.007381952367722988,0.002919658087193966,0.003699149005115032,-0.002832709811627865,-0.011388566344976425,1.5756727457046509,-0.012272791936993599,0.005065849834920498,0.0008617977018491956,3.6174460159638e-05,-0.014766842879482954,1.5706103512176768,-0.012642134693822154
29.373768,1785472072.646,-0.05695098266005516,0.10147757083177567,0.40800002217292786,-0.05737364280404282,0.10101276428388405,0.4076124405216456,0.686125317880543,-0.12520329584222037,0.08246272746171608,0.7118680224965467,0.6874087360454301,-0.1255096895608353,0.09383590387852564,0.7091624430115199,23.867068139787378,23.88622139784369,61.33413314819336,1,0.4513355408665532,-0.0015084217763115238,0.6456587161676438,-0.00010708606138022119,-0.005709544420978331,0.9999830183564349,0.001163027873470138,0.4512841999530792,-0.0013791369274258614,0.6457229852676392,-0.0016960091888904572,-0.008192419074475765,0.9999439120292664,-0.006494992878288031,-0.0045937467366456985,0.0008006864227354527,0.00016795987903606147,0.0023233024403452873,1.570067048072815,-0.016014914959669113,0.003946172196838641,0.0023420292685634564,-0.0014602894270058892,-0.013004384419177872,1.5732514181149542,-0.01244944610881606
29.514538,1785472072.746,-0.05725175887346268,0.10122884809970856,0.40700000524520874,-0.05735342011597514,0.1010231607592126,0.4076001997537681,0.6908318008708829,-0.1104138506668498,0.1226944140577314,0.703922073276184,0.6883702969323958,-0.12051436470206034,0.10090933927964475,0.708124231648522,24.286264017288342,24.014127207703897,64.51749801635742,1,0.4512728405127264,-0.0015484681091278763,0.6456178506673452,0.0016923075970675119,-0.005140762476341937,0.9999842965289002,0.0014544248895876387,0.45130881667137146,-0.001446685753762722,0.6456846594810486,-0.0008790819556452334,-0.006900302600115538,0.9999727010726929,-0.0024974930565804243,-0.005018976517021656,-0.0013076234608888626,0.0023850523866713047,0.002942445455119014,1.5663655996322632,-0.015305745415389538,-0.000509132279959723,0.0015378805370893985,-0.0006105641649432941,-0.0050078810802368316,1.571590122392423,-0.014309560826555367
29.59167,1785472072.88,-0.05681139603257179,0.10078869760036469,0.40700000524520874,-0.05732540876368902,0.101011581842236,0.40756286136713665,0.6882735006931423,-0.12115823993754947,0.10270230515034784,0.7078506238293831,0.6883531714149048,-0.12062956284827936,0.10123006156565488,0.7080754865164374,23.881335190017502,23.97475415499728,23.17333221435547,1,0.4512961111819707,-0.0015528664859233486,0.6456622939683325,-0.0004121036524611585,-0.007827384778197406,0.9999518309792425,-0.005907447788538527,0.45129266381263733,-0.0014890003949403763,0.6456543207168579,0.00017088701133616269,-0.006181755103170872,0.9999805092811584,-0.0008775608730502427,0.002925282111391425,0.0009739734814502299,3.5335691791260615e-05,-0.01181812770664692,1.5705645084381104,-0.012723398394882679,-0.002355959907323192,0.000372600424018225,0.0006163538108916392,-0.0017521414640769071,1.56945062807691,-0.01471750737610994
29.714741,1785472072.947,-0.05725175887346268,0.10122884809970856,0.40700000524520874,-0.05732196466838272,0.1010220896193728,0.40753183051397124,0.6885770543740286,-0.12011179438740105,0.10385737149126122,0.7075651513645587,0.6883866630280971,-0.12055291608214365,0.10161932661203997,0.7080002182542378,24.274781235767396,24.062867031050743,22.376060485839844,1,0.4513134807418481,-0.0015949534174987006,0.6457182486708702,-0.000726318318769742,-0.007878030795907275,0.9999504640030636,-0.0060397543440450265,0.45129233598709106,-0.0015105376951396465,0.645654022693634,-3.568144893506542e-05,-0.006748473737388849,0.9999738335609436,-0.0026067220605909824,0.0029745614156126976,0.0013572167372331023,-0.00046899294829927385,-0.012084759771823883,1.5713025331497192,-0.012780857272446156,-0.0005397436656430124,0.0005794062698931506,0.00041660666217818623,-0.005213833683823911,1.5698336915331268,-0.014031732940086668
29.779978,1785472073.013,-0.057111091911792755,0.10141921043395996,0.406000018119812,-0.05730868332706931,0.10105528529317588,0.4073739417517732,0.6874548686749334,-0.12078328313955203,0.12449293515373314,0.7052082750124032,0.6876272568494586,-0.12265264963802922,0.10557055840479714,0.7077993644900784,23.87372875620568,23.841162294090246,61.226606369018555,1,0.45129774617453067,-0.001600151216573137,0.6457648005942825,-0.0009545481434613084,-0.008009840725896198,0.9999473187859875,-0.006347514639782024,0.4512973129749298,-0.001533198170363903,0.6456698775291443,-0.00022466180962510407,-0.007055295165628195,0.9999688267707825,-0.003536504926159978,0.0032920585945248604,0.0015771498437970877,-0.0007898553158156574,-0.012709670700132847,1.5718600749969482,-0.0127378785982728,0.00041263214832097975,0.0007901790743841218,0.00017675149528475752,-0.007075853676683884,1.5702317476112233,-0.013692744855415015
29.895855,1785472073.18,-0.05681139603257179,0.10034853965044022,0.40700000524520874,-0.057295147722299246,0.10102857642920691,0.40736513948425956,0.6866256126805229,-0.1330114458256759,0.10219078926346978,0.7073968234874743,0.6875270993983504,-0.1237288054214112,0.10522025260488028,0.7077615196827578,23.485514705908397,23.779897301079078,17.56453514099121,1,0.4512480961066511,-0.0016202609502574013,0.6460016479869299,-0.0053215333378435585,-0.007904882511349751,0.9999257526148219,-0.007594957083362058,0.4512968361377716,-0.0015571005642414093,0.6457014083862305,-0.00047730375081300735,-0.0073855239897966385,0.9999625086784363,-0.004503871779888868,0.00459646712988615,0.006253391038626432,-0.005964211653918028,-0.015220963396131992,1.5811057090759277,-0.011301812715828419,0.001402865526239399,0.0010607999998981073,-0.00015547585372053136,-0.009013322166169672,1.5707917293991742,-0.013364365316928889
29.951081,1785472073.213,-0.056671809405088425,0.10098013281822205,0.406000018119812,-0.05726117267331634,0.10102648698685043,0.4072704811315777,0.6871407416558556,-0.13403196960103647,0.10939321443697599,0.7056246572482098,0.6874639065090896,-0.12558908290464157,0.10597422027256855,0.7073826575058608,23.040640170718508,23.559880950588365,18.78213882446289,1,0.4512881505397484,-0.001640612350956788,0.6460148043051344,-0.005822793304218681,-0.00771242730897653,0.9999315707267349,-0.0065929816551312335,0.4512876272201538,-0.0015698701608926058,0.6457570791244507,-0.001399570843204856,-0.007487917318940163,0.9999580383300781,-0.005088768899440765,0.003502852516248822,0.006892402656376362,-0.00664833327755332,-0.013232721947133541,1.5821447372436523,-0.011984075419604778,0.002009649538127294,0.0020473886986886332,-0.0012590983596956363,-0.010192773792856545,1.5727513855377573,-0.012972480119502848
30.028819,1785472073.28,-0.057111091911792755,0.10054106265306473,0.406000018119812,-0.05725436598294709,0.10099877727179,0.40719304712712967,0.6821752145792976,-0.1447146539507993,0.0905494612548445,0.7109820255196659,0.6864025408596143,-0.12956578546948466,0.10277800159201905,0.7081673118168418,23.040640170718508,23.40555459518267,65.1402473449707,1,0.451291336458372,-0.00169171634451347,0.6461567398434581,-0.007674874845759314,-0.00784410212372183,0.9999233112782006,-0.005739156768502994,0.4512881338596344,-0.0015921249287202954,0.6458451151847839,-0.0029216997791081667,-0.007564761210232973,0.9999514222145081,-0.0056043644435703754,0.0024853593204170465,0.008945553563535213,-0.009016950614750385,-0.01157000008970499,1.5861639976501465,-0.013285542838275433,0.0025231603258256854,0.0037135674250601287,-0.003112232162388379,-0.011238210756414645,1.5759817591894147,-0.012632566523307158
30.108065,1785472073.414,-0.057125117629766464,0.09979815036058426,0.40300002694129944,-0.05722963685272595,0.1008154048010725,0.4063462866510604,0.6854915083945294,-0.13824994725015932,0.08587517217317829,0.7096575221954233,0.6859960372337512,-0.13286516018506772,0.10083046364880326,0.7082298381944616,25.726540575513095,24.20509705619245,56.78296089172363,1,0.45150508364330005,-0.0017323888142372686,0.64683347008446,-0.010907856509195816,-0.005842891305561925,0.9999230630335811,-0.0008644657930060348,0.4512898921966553,-0.0016256441595032811,0.6459518671035767,-0.004557823296636343,-0.0076597617007792,0.9999443292617798,-0.0056525724940001965,-0.0028019121382385492,0.013110141269862652,-0.014688917435705662,-0.0019204531563445926,1.5941826105117798,-0.014512764289975166,0.00251016195418299,0.005512833891476912,-0.005142723558062318,-0.011352312388542557,1.5794834309960604,-0.01285712430648801
30.263466,1785472073.48,-0.05898275226354599,0.09824422001838684,0.39500001072883606,-0.057534266278930934,0.1003202872821706,0.4019109379322489,0.6903703070277478,-0.09225453981988488,0.12962373208623754,0.7057447322772377,0.6884079560695885,-0.11524917141842642,0.11544808275849822,0.706741717103812,26.831484684649094,25.594971374166896,72.81994819641113,1,0.4516088597874456,-0.0017406518870955753,0.6475427690375258,-0.009079448199927578,-0.004874850590664367,0.9999432109844308,0.0027155585520605152,0.4514107406139374,-0.001685640774667263,0.64644855260849,-0.00818068627268076,-0.006615502294152975,0.9999403953552246,-0.0029316770378500223,-0.006664407439529896,0.011556803248822689,-0.014733375050127506,0.005227475892752409,1.592203140258789,-0.01634988747537136,-0.0005152408476416682,0.009839717159435482,-0.010579248696140964,-0.005980557190400856,1.5878550957163589,-0.013800063713102415
30.32718,1785472073.647,-0.05865810438990593,0.09657885134220123,0.39000001549720764,-0.05760341537686976,0.09986149980019884,0.39837819983327855,0.6923260690571639,-0.09547650097928867,0.1301705580946543,0.7032954412406874,0.6894798093642125,-0.11006083614255295,0.11932362826154604,0.7058796473657473,23.41985443836097,24.941966324820832,54.84294891357422,1,0.45235645590433543,-0.0012908588138067474,0.6541957284029059,-0.007312986535811843,-0.011138606595909777,0.9997227757474076,-0.019411937639689143,0.4514634311199188,-0.0017000182997435331,0.6467429995536804,-0.008430493995547295,-0.006139987614005804,0.9999446868896484,-0.0014012879692018032,0.017949501052498817,0.012681695632636547,-0.03025451861321926,-0.03874839469790459,1.6032389402389526,-0.005298679228872061,-0.0021816659828854624,0.010305033660323233,-0.011704868374465232,-0.002943179202481427,1.5890334157873574,-0.01449106516063506
30.40454,1785472073.714,-0.059044331312179565,0.09709151089191437,0.38700002431869507,-0.05770143374914778,0.09962873006778242,0.3950077643145816,0.6902080463720827,-0.09389664690539513,0.12220051561706674,0.7070101176122444,0.6896755787396663,-0.10610240547779895,0.12003163312349695,0.7061743996291832,23.180739886919593,24.414505661506418,18.095970153808594,1,0.4530483274595968,-0.0011929154372708796,0.6594944649888653,-0.006480869388415058,-0.013476372337934861,0.9995617551040704,-0.025547670223528832,0.45170047879219055,-0.0015934401890262961,0.6487321257591248,-0.008179353550076485,-0.007548317778855562,0.9999183416366577,-0.006286913529038429,0.0246746726334095,0.01469558198004961,-0.043807510286569595,-0.050986673682928085,1.613398790359497,-0.004117600154131651,0.0032738792254549728,0.010949096135347669,-0.016731683892727764,-0.012646391695659485,1.5928831129137397,-0.011999927832540419
30.465252,1785472073.781,-0.05760526657104492,0.09567378461360931,0.3830000162124634,-0.05769489390722999,0.09917913098235946,0.3912665196940376,0.6919012446164602,-0.08039344176827787,0.1368350936443134,0.7043335284978245,0.690318061837156,-0.09942060952292342,0.12441622720311127,0.7057599579970705,23.43383385720191,24.12526712067259,17.73214340209961,1,0.4534010451969574,-0.001051133214856486,0.6645500207549156,-0.004230003129828429,-0.013881590149943177,0.9994777420760846,-0.028873025870567677,0.452073335647583,-0.001493494608439505,0.651617705821991,-0.007774917874485254,-0.009238696657121181,0.9998608231544495,-0.011512703262269497,0.028549522161483765,0.014515924267470837,-0.05470440164208412,-0.05768826976418495,1.6202071905136108,-0.001808272092603147,0.009073493872372263,0.01196437116144701,-0.024068982224147596,-0.023036607392145476,1.59844286150154,-0.009863815726184473
30.5882,1785472073.847,-0.055626288056373596,0.0944247841835022,0.37800002098083496,-0.057362256998462896,0.0982873186023578,0.38535125881748794,0.6957566604070128,-0.07002242107183743,0.15501187559825572,0.6978472959537995,0.6932685462167649,-0.0836426982592239,0.13948130970833988,0.7020880187672025,22.468561158636284,23.58823461080423,64.94784355163574,1,0.4540792470526491,-0.0010670166272450676,0.6701614154256201,-0.0027527256084276504,-0.015814269760262272,0.9992040250407023,-0.03651914177707408,0.45264753699302673,-0.0013213054044172168,0.6568837761878967,-0.00637839175760746,-0.011244714260101318,0.9997427463531494,-0.018637603148818016,0.03664072975516319,0.01617370918393135,-0.06836917251348495,-0.0730503648519516,1.6298749446868896,0.0009253859170712531,0.017049121184391683,0.013009225901439892,-0.03661412987125705,-0.037226810064013,1.6073555718752732,-0.006564988199691347
30.666152,1785472073.981,-0.05437334254384041,0.09286428242921829,0.3750000298023224,-0.05699058795848647,0.09753971222997977,0.38233020604157075,0.6955050479941747,-0.05807461698706452,0.1736772578420683,0.6947922546955213,0.6941291125257795,-0.07544749904776732,0.15049351229539315,0.6998886717104422,23.198568855809256,23.473726741881478,19.794702529907227,1,0.4554225547018196,-0.0015758124708393432,0.6790329034102175,-0.002699898163243702,-0.023835512335322856,0.9980679374870971,-0.05731466707460612,0.4530588686466217,-0.001262110541574657,0.6604568362236023,-0.005443842615932226,-0.012574334628880024,0.9996299743652344,-0.023498723283410072,0.057507872581481934,0.022021709010004997,-0.09202367812395096,-0.11480053514242172,1.6495709419250488,0.0012155019212514162,0.0223584458321853,0.013866782467664021,-0.045219529956164885,-0.0469349943903513,1.6134583219072212,-0.004535095728188355
30.742985,1785472074.047,-0.05396760255098343,0.09367538243532181,0.3750000298023224,-0.05678488690407691,0.09734279855380164,0.38121888029375084,0.6921592386904357,-0.07732339364010028,0.13826117531152718,0.7041452467303386,0.6944717252550835,-0.07176281356812614,0.15542886766075342,0.6988569156184335,22.40901871643161,23.28460323234598,21.43096923828125,1,0.4565465529870328,-0.002138725566133914,0.683563172280591,-0.005058213770106597,-0.02812536857880532,0.9971150860415857,-0.07031986422088266,0.4538993239402771,-0.0014054033672437072,0.6667351126670837,-0.004655318334698677,-0.016738537698984146,0.9992305040359497,-0.03516478091478348,0.06977291405200958,0.028652407228946686,-0.10712647438049316,-0.14083704352378845,1.6644153594970703,0.0012474895920604467,0.034446329811822225,0.016671230584931623,-0.06131509529699141,-0.070273957440572,1.6258774519313521,-0.002557463299860568
30.821266,1785472074.081,-0.05270487815141678,0.09297468513250351,0.36900001764297485,-0.05605641110761888,0.09675593233628929,0.37645979058930235,0.6962085702227103,-0.08514955734919456,0.13635909601582227,0.6996065869940287,0.6951844909593992,-0.07691496470484872,0.14810615340614744,0.6991903739735035,24.072149525592845,23.589615729360986,19.343137741088867,1,0.4568427851146534,-0.0024491643400679683,0.6852296575575725,-0.0061168585288170025,-0.030049884944393025,0.9966242890996562,-0.07615520227254513,0.4548199474811554,-0.001702739391475916,0.6724032163619995,-0.004950656555593014,-0.020951220765709877,0.9986494183540344,-0.047285400331020355,0.07513320446014404,0.031027643010020256,-0.1123763769865036,-0.1525118201971054,1.6702239513397217,0.0010503660887479782,0.04659514069246698,0.020791549268298227,-0.0770695227848804,-0.09454060480531744,1.6391306383432027,-0.0012489394654232157
30.94457,1785472074.181,-0.05405507981777191,0.09199391305446625,0.3620000183582306,-0.05579500683847138,0.09599112794427803,0.36950254634643087,0.6965498183166173,-0.10041149967854544,0.11277058816450683,0.7014404292457228,0.6962713171115359,-0.08224648823182497,0.14013630323128975,0.6991448953242577,23.760697349521532,23.75738131017714,66.82634353637695,1,0.45772697492048947,-0.003549622806382614,0.6923666214083481,-0.004290763843243843,-0.028913015212115357,0.997294128939213,-0.06745403828060989,0.45565158128738403,-0.0020433184690773487,0.6775707602500916,-0.005537239369004965,-0.024881863966584206,0.9979248046875,-0.059130147099494934,0.0635611042380333,0.03378115966916084,-0.13262297213077545,-0.13547031581401825,1.681946873664856,-0.008630050346255302,0.05828175904840788,0.024983311127362656,-0.0915277457861212,-0.11828040382758859,1.6518636609484072,-0.0003073493841721953
31.05356,1785472074.314,-0.05569849908351898,0.08906327188014984,0.35500001907348633,-0.05574682171888622,0.09423821343542993,0.3626650765065661,0.6974142486204922,-0.09740371800774934,0.10951033826443247,0.7015221788030587,0.696220951111266,-0.08839474376361293,0.1256780029281343,0.7011902709598052,23.941586307376625,23.82045035211238,57.810068130493164,1,0.4588809261772372,-0.003952929792122218,0.7028013172416445,-0.0021143821332948024,-0.028202805080736956,0.9979101029081003,-0.05809954980649088,0.45626091957092285,-0.0024565320927649736,0.6815851330757141,-0.005196284037083387,-0.026027997955679893,0.997760534286499,-0.06139654666185379,0.052757054567337036,0.03883601352572441,-0.16267946362495422,-0.117124043405056,1.7008695602416992,-0.018608972430229187,0.0597124583359904,0.027367514090544002,-0.10266435229454399,-0.12293887520420894,1.660016211594565,-0.002562800317012709
31.180198,1785472074.448,-0.056370362639427185,0.08945264667272568,0.35200002789497375,-0.05580150432219586,0.09377274091464935,0.3593476811825838,0.7027846749508345,-0.07289557288964042,0.1335296669498674,0.6949458713825116,0.6980409431319811,-0.08416317219209923,0.12782815650860826,0.6995108037490116,24.19471316370927,23.93041581165143,22.942304611206055,1,0.4615172001620317,-0.00403753178491254,0.7130556557374825,0.004187319980911578,-0.024355401796777195,0.9987212134568374,-0.04410463179755019,0.4572785794734955,-0.002968240762129426,0.6889060139656067,-0.004146239720284939,-0.026747118681669235,0.9978153705596924,-0.06026528403162956,0.037719957530498505,0.043558184057474136,-0.19243034720420837,-0.08923739194869995,1.711890459060669,-0.02394249103963375,0.057320485340639445,0.031311500738064685,-0.12330308573516033,-0.12093916693564989,1.6740656781943144,-0.008081076549360154
31.254579,1785472074.514,-0.05685936287045479,0.08956518024206161,0.34800001978874207,-0.055930672042126726,0.09320152693559795,0.354277408203497,0.7003862578784329,-0.06473883848828406,0.1401153297477949,0.6968756466801662,0.6997063988635742,-0.07162995258708485,0.13471993119518136,0.6979474517615967,24.27143510737939,24.250043810488894,56.37001991271973,1,0.46221886080755475,-0.003960981345574468,0.7180313503821433,0.0056134844801191824,-0.027475644209027927,0.9984437024403211,-0.048205298718645914,0.458875834941864,-0.0033091087825596333,0.6972155570983887,-0.0013465721858665347,-0.025756249204277992,0.9981714487075806,-0.05466862767934799,0.0421551913022995,0.04621942341327667,-0.20610207319259644,-0.09769178926944733,1.7201253175735474,-0.027923932299017906,0.0505798562153359,0.035523110130081144,-0.14707553675771284,-0.11003693701128776,1.687073620334254,-0.013535814953523162
31.379059,1785472074.648,-0.05632052570581436,0.08893254399299622,0.34700000286102295,-0.05595055216641577,0.09285594688745631,0.35253974753428863,0.7038319686682099,-0.029132967093925446,0.16779658708686557,0.6896492843981905,0.7012448361368795,-0.0581402630194032,0.14528104318322127,0.6955349078939106,25.213544475495837,24.53719719834421,63.97271156311035,1,0.46308101767991267,-0.0037754110925469608,0.7256363608516345,0.009318382032587747,-0.0317976594828882,0.9975572651916013,-0.06149454667820975,0.4605652987957001,-0.0036027333699166775,0.7069927453994751,0.0018954467959702015,-0.026498867198824883,0.9983132481575012,-0.05162215232849121,0.056544214487075806,0.048288263380527496,-0.22395914793014526,-0.12506574392318726,1.7295489311218262,-0.028030700981616974,0.04663239658883764,0.04053492877514202,-0.1747323054037916,-0.10425252182877304,1.702560290541,-0.020277493808326705
31.472106,1785472074.748,-0.055995918810367584,0.08916617184877396,0.3450000286102295,-0.055962103641309616,0.09246804676657891,0.3500482398820721,0.6985142619419498,-0.053098033691484886,0.1583603886301282,0.695830735161006,0.7006558064159355,-0.05234301562902682,0.15315544773002238,0.6948993153551893,24.123513786486672,24.292586181419228,61.662912368774414,1,0.4637092740569542,-0.003735839546063372,0.7292083414391437,0.011720803464268483,-0.03963877151534392,0.9954861006597794,-0.08543309635085217,0.4618394374847412,-0.003689087927341461,0.7157360315322876,0.005372801795601845,-0.029070686548948288,0.9979776740074158,-0.056271858513355255,0.0817042663693428,0.04849639907479286,-0.22841306030750275,-0.17417491972446442,1.731825828552246,-0.027519186958670616,0.0512766643060407,0.04416778543813564,-0.197797218056871,-0.11400476249233969,1.7152060609829114,-0.023910325336292455
31.534255,1785472074.848,-0.0554095022380352,0.08942462503910065,0.3460000157356262,-0.05592731448790529,0.09232861124455086,0.34952692800463353,0.6998290650525624,-0.07928561194485821,0.1158136948201404,0.7003857933584128,0.700558482905518,-0.060819499898176296,0.14145957240826326,0.6967840338550576,25.579162196154222,24.67678629447931,19.075870513916016,1,0.4641855880379887,-0.003735425613507115,0.7319794065336106,0.009170555023607616,-0.03872726642531536,0.9953810791657973,-0.08736479264849424,0.46235981583595276,-0.0037285645958036184,0.7193140387535095,0.007020145654678345,-0.032070718705654144,0.9973956942558289,-0.06421853601932526,0.08352683484554291,0.054233208298683167,-0.24048379063606262,-0.17828083038330078,1.7436680793762207,-0.02616964466869831,0.05952254338017295,0.045340827389076015,-0.2060938479641427,-0.13031088204077745,1.719710017994201,-0.024888325640575547
31.642593,1785472074.915,-0.05524935945868492,0.0887930691242218,0.3450000286102295,-0.055879151655874815,0.0919949994143861,0.34867598903494873,0.6995334111059837,-0.046885004914567784,0.1311130599464787,0.7009023958955048,0.700202196933985,-0.05910058621624841,0.13461669866854994,0.6986432197891121,25.120619909381656,24.91959123636415,19.303083419799805,1,0.46439522662890925,-0.003788556558990348,0.7327611805846195,0.011890748129973717,-0.03508311505565138,0.9966011551041217,-0.07357936390070138,0.46290263533592224,-0.003753902856260538,0.7227992415428162,0.007839459925889969,-0.03360424190759659,0.9970101118087769,-0.06913775950670242,0.0690791979432106,0.052638936787843704,-0.24301055073738098,-0.1501721739768982,1.7403327226638794,-0.02822209522128105,0.0645829428682148,0.04759123007650828,-0.21566607253414727,-0.14049987660019428,1.7258691169574942,-0.0254408075692637
31.718534,1785472075.015,-0.05546141415834427,0.08816367387771606,0.3440000116825104,-0.055859661272868184,0.09170917676916512,0.3480921178354671,0.7020402291840545,-0.05864086731085597,0.13832456447369815,0.6961085261303673,0.700675400507591,-0.058982761896842956,0.13556839689622052,0.6979944317009527,25.058450758208654,24.96033158475386,19.42133903503418,1,0.4648964477911065,-0.0038624863235900454,0.7340371772266191,0.018076907137627194,-0.03285789675449025,0.996813518739281,-0.07040165415543813,0.463442325592041,-0.0037677641957998276,0.7262293100357056,0.009233048185706139,-0.03413182497024536,0.9968727827072144,-0.07067134231328964,0.06574229896068573,0.04796256124973297,-0.2413267195224762,-0.1438656598329544,1.7307627201080322,-0.025490982457995415,0.06612920425440293,0.04932711752900576,-0.22506939844206095,-0.14382619361184737,1.7308431509599203,-0.02639729038551034
31.842928,1785472075.081,-0.055300191044807434,0.08716550469398499,0.34300002455711365,-0.055823287315756746,0.09110284214651895,0.3469507924462206,0.7018492250993962,-0.047481196316798646,0.15572327058091742,0.6934720356462004,0.7011389410945548,-0.050601915053000705,0.14793868347201858,0.6956707392195975,24.21900841171471,24.572634241355622,68.87936592102051,1,0.46532575080542654,-0.0038929532528365995,0.7349126632468796,0.017476638957084987,-0.033770024281180866,0.9967506965220017,-0.0710084610009036,0.4638504981994629,-0.0037920118775218725,0.728340744972229,0.011629199609160423,-0.0337870754301548,0.9968645572662354,-0.07059954851865768,0.0662178173661232,0.05010034143924713,-0.2455279529094696,-0.14511598646640778,1.7339421510696411,-0.027450179681181908,0.06602435184209088,0.04895730178787814,-0.2294746300135639,-0.14383690509765365,1.7308213541990587,-0.026151678671336838
31.966496,1785472075.215,-0.056042421609163284,0.08753644675016403,0.34300002455711365,-0.05581255349953651,0.09068230407566576,0.34633901261799693,0.7020428481527332,-0.052918539065460436,0.13464549130421533,0.6972847762946084,0.7018706552218784,-0.04826408179023364,0.14706685837250938,0.695283755682381,24.984109355582703,24.689943955547125,20.114660263061523,1,0.4662363673115312,-0.003949983791455826,0.7366239782264732,0.014214601882243718,-0.03805125934725349,0.9955444528680809,-0.0850957644011199,0.4645540118217468,-0.0038378017488867044,0.7314204573631287,0.0143693583086133,-0.0337824821472168,0.9968154430389404,-0.0707906037569046,0.0805581733584404,0.05642923340201378,-0.25379905104637146,-0.1740693300962448,1.7441264390945435,-0.02800946868956089,0.06611500086248813,0.049492863930635185,-0.23699608831799632,-0.1444362453565081,1.732283631659942,-0.02676010088996719
32.044351,1785472075.348,-0.05567130446434021,0.08753644675016403,0.34300002455711365,-0.05580665404058718,0.09051669348240143,0.3461232504005774,0.7017494512180426,-0.055607814636787815,0.13104013421682936,0.6980572769414644,0.7018625842317728,-0.049953183131959754,0.143387732948635,0.6959407664380163,24.222905155575543,24.55117904446855,60.561418533325195,1,0.4668677832984235,-0.003967533878808664,0.7375412025395972,0.01648848011060798,-0.03895007612345572,0.9953926542299919,-0.08604932015182298,0.46524402499198914,-0.0038963051047176123,0.733532190322876,0.014283000491559505,-0.03557192161679268,0.9963204264640808,-0.07665657252073288,0.08150278031826019,0.05586083605885506,-0.25504493713378906,-0.17613209784030914,1.7414076328277588,-0.029181119054555893,0.07202962452244777,0.05233335076169309,-0.24387641861821646,-0.1565713122056778,1.7371333797324855,-0.027271726570676186
32.121375,1785472075.415,-0.05567130446434021,0.08642362803220749,0.34300002455711365,-0.05580105582784249,0.09016840210915178,0.3459434412320652,0.6940597087504602,-0.10839109178904777,0.06137300266059883,0.7090598327746586,0.7018494622961868,-0.051168863966448715,0.1407371641744809,0.6964065840118557,24.88883850617871,24.651423079890666,23.4372615814209,1,0.46711641113107005,-0.003976916961901738,0.7378646680302172,0.018020501550976228,-0.03786922711628927,0.9957152175552946,-0.08241594924696742,0.46580347418785095,-0.0039255316369235516,0.734902024269104,0.01503316406160593,-0.036747533828020096,0.9960124492645264,-0.07989275455474854,0.07769343256950378,0.05507262796163559,-0.2555847465991974,-0.16870111227035522,1.7391446828842163,-0.02935291826725006,0.07528744335870864,0.053546426348617795,-0.24771658898690985,-0.16329829083762606,1.73860329537195,-0.027928363549970425
32.230988,1785472075.482,-0.05567130446434021,0.08642362803220749,0.34300002455711365,-0.055795726223203494,0.08989768729653355,0.3457887713848806,0.7021479354260508,-0.06389706829525539,0.11450734049474044,0.6998524918959905,0.7019759004195762,-0.05421724174856835,0.1344744864607153,0.6972854067155209,24.243891334327834,24.5303831676939,67.42238998413086,1,0.467639023726023,-0.003986035642628374,0.7381340180444911,0.019123412986352152,-0.037090590555377265,0.9959371009922715,-0.07979896011300465,0.46634235978126526,-0.003948664758354425,0.7361137270927429,0.01625622622668743,-0.037210527807474136,0.9958927035331726,-0.08092468231916428,0.074908047914505,0.05532252416014671,-0.25691503286361694,-0.163357213139534,1.7376521825790405,-0.029534075409173965,0.07627272077900314,0.05417139124020766,-0.2509379001221357,-0.16551082890273422,1.738824998972098,-0.028511729394767083
32.352914,1785472075.615,-0.0556226409971714,0.08655445277690887,0.3450000286102295,-0.05577902287044426,0.08948646734604661,0.3454772655077729,0.6983148011095169,-0.06766140847936497,0.09257597616407795,0.7065465738302271,0.6999946329526261,-0.06430733602931996,0.11258576047132299,0.7022795219208832,23.907334200565447,24.127978462592814,56.65779113769531,1,0.46821753511340836,-0.004002480587124973,0.738567749409073,0.024245920274493748,-0.03174774668216376,0.99710267648519,-0.06473382791646516,0.4668743908405304,-0.003962940536439419,0.7369423508644104,0.017430070787668228,-0.03716089576482773,0.9959123134613037,-0.08046077936887741,0.05919172987341881,0.05182141438126564,-0.256395548582077,-0.13246631622314453,1.7287662029266357,-0.0283951498568058,0.07571387451201961,0.05464275881342971,-0.25338473727554495,-0.16462893346841062,1.738344718930977,-0.028930386372370033
32.477553,1785472075.749,-0.05524935945868492,0.08655445277690887,0.3450000286102295,-0.055750791787610665,0.08932973080080943,0.34543783761191704,0.6932226163255515,-0.09757588767182639,0.04347097825342523,0.7127633719612018,0.6980359511733201,-0.07637262358066087,0.08769203512468943,0.7065572448235564,23.81682781286395,24.036591882688214,63.454627990722656,1,0.46866237127740007,-0.004020664686184513,0.7388325531148515,0.03055403802419821,-0.026944101069792878,0.9978094094880035,-0.052123397003251144,0.4674166738986969,-0.003981634508818388,0.7375720143318176,0.02019001916050911,-0.03495631739497185,0.996440052986145,-0.07401072233915329,0.04598921164870262,0.04643271118402481,-0.25261619687080383,-0.10652606934309006,1.7167867422103882,-0.026692572981119156,0.06894789089612492,0.05348736557235941,-0.25461706125921385,-0.1514580425333716,1.7344222208420395,-0.02871119878069241
32.599922,1785472075.849,-0.05412952974438667,0.08580824732780457,0.3450000286102295,-0.05550885215491101,0.08867956383011906,0.34536975378400636,0.6997301047088104,-0.05323482971698456,0.042178680357451176,0.7111714226489312,0.697322853843729,-0.0747535035328239,0.055380481154383106,0.7106938535852935,24.72896392273709,24.243989741658776,61.53106689453125,1,0.4691887838920618,-0.004142746943010679,0.7389176805754321,0.04469175315526668,-0.014339850690133483,0.9987738902921774,-0.015739502937603404,0.4679103195667267,-0.004005601163953543,0.7380198240280151,0.02437596209347248,-0.031715262681245804,0.9970812797546387,-0.06503049284219742,0.007120494265109301,0.032840877771377563,-0.24024324119091034,-0.031016727909445763,1.6884735822677612,-0.02662033587694168,0.05954608029782508,0.05059839039287512,-0.2537970917856673,-0.13305796936244974,1.727200315987592,-0.027884548660110312
32.677456,1785472075.982,-0.05375625193119049,0.08543514460325241,0.3450000286102295,-0.055376765752984176,0.0884738807003865,0.3453500393381657,0.7006075284396965,-0.03813966325959844,0.05848720961194758,0.710122315866691,0.6986445710779727,-0.06126411118193869,0.05653485357121864,0.710595723541905,23.223382673859057,23.939713576852437,19.00339126586914,1,0.4698724799204064,-0.004427138727040612,0.738992601652476,0.06468488940361135,-0.011064141998591185,0.9978203350406394,-0.006930283115718691,0.46826788783073425,-0.0040928665548563,0.7380214929580688,0.03107597678899765,-0.02595367468893528,0.9980260729789734,-0.04800782725214958,-0.003235578304156661,0.012149551883339882,-0.21700729429721832,-0.01201100368052721,1.6459944248199463,-0.02709306590259075,0.04151689358972363,0.044491587595958865,-0.2491360855736913,-0.09796598246430968,1.7138821922613423,-0.02744978645607094
32.802409,1785472076.049,-0.05338297411799431,0.0846889391541481,0.3450000286102295,-0.05517020914460875,0.08798371527762593,0.3453173330132826,0.6965647048482124,-0.061825940610969854,0.006236476317582358,0.7147980633650539,0.6980773713262513,-0.04026277322445716,0.0661460809440281,0.7118227228111316,23.56028615048863,23.75866093670774,63.79508972167969,1,0.47018085074009786,-0.004625567442940205,0.7390217700014409,0.07323077459136924,-0.013506046860620057,0.9970751932232195,-0.0172017269431451,0.46881794929504395,-0.004265705589205027,0.7380965948104858,0.043306875973939896,-0.021401386708021164,0.9982258677482605,-0.03480832651257515,0.0074356719851493835,0.0030371418688446283,-0.2062995880842209,-0.033484481275081635,1.6271675825119019,-0.024001413956284523,0.02719364156784601,0.03247116075594494,-0.2370164243372379,-0.07055340889114509,1.6886529048074417,-0.027017945873470554
32.910488,1785472076.182,-0.05375625193119049,0.08543514460325241,0.3450000286102295,-0.055042743963686275,0.08775587892873205,0.34529630904547454,0.6980833576986709,-0.042565168884630314,0.02562700380520326,0.7142906192705744,0.6989533781191037,-0.03880436088134516,0.05062806617942657,0.7123167804477271,23.967259637860764,23.830728002320875,21.417617797851562,1,0.47091586000174335,-0.004936094394533873,0.7390700268426806,0.08076223345855847,-0.015481582504263049,0.9958516018865129,-0.03895342436827724,0.4692888557910919,-0.00440190127119422,0.738325297832489,0.053568292409181595,-0.018815485760569572,0.9979736804962158,-0.028722023591399193,0.030830143019557,-0.0040969327092170715,-0.19660581648349762,-0.08019119501113892,1.61049222946167,-0.009910356253385544,0.020398877421255013,0.02234883291669211,-0.22645351938932134,-0.05780539737635713,1.6675081024700056,-0.02598056310080627
32.988448,1785472076.282,-0.053972627967596054,0.08630356192588806,0.3440000116825104,-0.05499712974172049,0.08764941719827517,0.34520427274092214,0.6923094916032898,-0.05692339947996409,0.0199270634664072,0.7190759393619319,0.6967871467834377,-0.04500994290626084,0.040131116930660266,0.7147386029667553,23.27101592938173,23.664332182247858,61.6610050201416,1,0.4712574680438079,-0.005127622326780947,0.7391011436391478,0.09298410401686702,-0.013946464564740786,0.9951363903881917,-0.029377151861361396,0.46985480189323425,-0.00459117628633976,0.7385257482528687,0.0628974586725235,-0.01759343221783638,0.9973415732383728,-0.03231457248330116,0.019825760275125504,-0.016946494579315186,-0.18230581283569336,-0.05959007889032364,1.5838780403137207,-0.014543046243488789,0.02398619124310546,0.013254150552111203,-0.21618918776393528,-0.06550386984194186,1.647900343742439,-0.020454020229549452
33.096934,1785472076.349,-0.054502811282873154,0.08543514460325241,0.3450000286102295,-0.054876424075291225,0.08745972441406467,0.3451841493670692,0.6961893718667566,-0.028561431776969178,0.03040220706787658,0.7166451764437004,0.6969370384465903,-0.036220396071591554,0.035880207334353244,0.7153177322500518,24.318732687489454,23.907358570366156,61.60688400268555,1,0.47141719431386814,-0.005196318431146438,0.7392390225746931,0.0961902410812599,-0.008829065783864736,0.9951556315081012,-0.018296289127190155,0.4703536927700043,-0.004782594740390778,0.7386689186096191,0.07325348258018494,-0.016360249370336533,0.9966872334480286,-0.03131726756691933,0.007623991463333368,-0.019874347373843193,-0.17965860664844513,-0.0361880399286747,1.577502727508545,-0.013860784471035004,0.022555421205009536,0.002868169373367083,-0.20453703702506898,-0.06347011322096333,1.6258830735933028,-0.01842123779674576
33.19152,1785472076.483,-0.053600434213876724,0.08593154698610306,0.3440000116825104,-0.05480921594033476,0.08738169464675023,0.3451047203640682,0.6981389271927255,-0.04318788375229422,0.024487453537912714,0.714238902367,0.6972446902277085,-0.0379366510423955,0.03307550301957268,0.715064097516409,22.75148362242558,23.566084088629985,24.338483810424805,1,0.47170159501928705,-0.005377655636698356,0.7392688372973287,0.10529861770165502,-0.00884158298850834,0.9941640530395167,-0.02172241157006063,0.4707913398742676,-0.00495548639446497,0.7388443350791931,0.08263584971427917,-0.013355896808207035,0.9961519241333008,-0.025968676432967186,0.011085358448326588,-0.029500236734747887,-0.1681566834449768,-0.043668437749147415,1.5574218034744263,-0.010740779340267181,0.016440850298302848,-0.006445095934558585,-0.194349426695814,-0.0522978282105677,1.6060708380681337,-0.016553688112161125
33.303336,1785472076.549,-0.053228236734867096,0.08593154698610306,0.3440000116825104,-0.054711263645940186,0.08731144089195912,0.34503843018572444,0.698510780542499,-0.03518358750985954,0.03302928902158375,0.7139704970813384,0.6975048110514194,-0.037372343038664275,0.033066057763134586,0.7148405293210013,23.796879744190573,23.63455604815368,21.58355712890625,1,0.47181863211523517,-0.0054786867303270054,0.7393878026764856,0.10614181521762946,-0.008716007113493827,0.9941402753943476,-0.01852185522983595,0.4711141884326935,-0.005103257950395346,0.7389599084854126,0.09043504297733307,-0.011826365254819393,0.995530366897583,-0.024513863027095795,0.007188320625573397,-0.030068714171648026,-0.16782434284687042,-0.036513376981019974,1.5558581352233887,-0.013705125078558922,0.01459909764867823,-0.014373736599267608,-0.1853420726348515,-0.04933017841274276,1.5893404350713576,-0.014554630227710978
33.378701,1785472076.616,-0.052483849227428436,0.08518750220537186,0.3440000116825104,-0.0544598260940071,0.08708083970101953,0.34493459142961863,0.6933263194989021,-0.04619864293999114,0.011675451866504307,0.7190465797876537,0.6955532876258775,-0.04508231638204213,0.020301020050592165,0.7167712866789295,22.309069366055905,23.011251473329096,60.07194519042969,1,0.4719239513642054,-0.005625804546666942,0.7394870227396094,0.10654549639951207,-0.009106821688699251,0.9940871388422993,-0.018864871694320516,0.4713607728481293,-0.005232596304267645,0.739088237285614,0.09583323448896408,-0.010781857185065746,0.9950858950614929,-0.02244618721306324,0.007191730197519064,-0.030247289687395096,-0.16777171194553375,-0.03711328282952309,1.55514395236969,-0.014522907324135303,0.012050521213754774,-0.019771240289219554,-0.17931772587811018,-0.044922480316473404,1.5778258721536411,-0.014262485347014311
33.502342,1785472076.749,-0.052856042981147766,0.08555951714515686,0.3440000116825104,-0.05437572720285167,0.08701531062813549,0.3448901896919478,0.7002129774224872,-0.017386187078594177,0.041960674577203996,0.7124877602717324,0.6968927506519291,-0.03764501662434068,0.026124300513744543,0.7157100444557202,24.51782166149831,23.461740227222197,21.40498161315918,1,0.4722696279544687,-0.00600341587096773,0.7396421772451073,0.11032253539467614,-0.004047908036845094,0.9938746128656258,-0.005080012383642325,0.47165265679359436,-0.005462567787617445,0.739245593547821,0.10090966522693634,-0.009173999540507793,0.9946842193603516,-0.01834072545170784,-0.008990439586341381,-0.03337433189153671,-0.16455046832561493,-0.007231325842440128,1.5475077629089355,-0.017766382545232773,0.0069861746481962375,-0.02465546200924762,-0.1739769712315037,-0.03604696647677032,1.567086523185372,-0.014985388811613033
33.531834,1785472076.816,-0.052856042981147766,0.08555951714515686,0.3440000116825104,-0.05430141134064638,0.08695375645480995,0.3448497635553054,0.6982925418621961,-0.020396938594027532,0.03862688407645554,0.7144784494315897,0.6972867934073337,-0.0331687264801851,0.02937136847276021,0.715421753958767,24.179539068889127,23.675342862489515,21.129846572875977,1,0.4723678561067155,-0.006129715312795958,0.7397085897799812,0.11131604450261728,-0.007173203975599647,0.9936591465463097,-0.014099073227533017,0.4717661440372467,-0.005563915707170963,0.7393014430999756,0.10268024355173111,-0.008221382275223732,0.9945548176765442,-0.015809619799256325,0.0006917450809851289,-0.034385234117507935,-0.16330069303512573,-0.02658523991703987,1.5451633930206299,-0.016043484210968018,0.003950611907683115,-0.026312064426732378,-0.17218570120104829,-0.030571995349550046,1.5633665587328491,-0.015513776612877518
33.657435,1785472076.883,-0.05173945799469948,0.08444345742464066,0.3440000116825104,-0.0540343147239335,0.08670463882614086,0.3447780777159965,0.6931871500137352,-0.04637914259110815,0.0117824215734108,0.7191673829715968,0.6958451935053415,-0.03634948231461167,0.02442522485199516,0.7168553481713749,22.681693694748855,23.206799235393007,19.733905792236328,1,0.47246013073285303,-0.00624132917234678,0.7397690573007791,0.11207919343187166,-0.008488445453110368,0.9934729395463705,-0.019434996335078506,0.47202402353286743,-0.005807159468531609,0.7394684553146362,0.10629072040319443,-0.007924478501081467,0.9941805005073547,-0.015640996396541595,0.006408001761883497,-0.03509974107146263,-0.16234852373600006,-0.03816790506243706,1.5434366464614868,-0.01394623052328825,0.0031876929930777006,-0.02968959094964766,-0.16845155092909944,-0.03009764607065635,1.5557395056861238,-0.015520969961193452
33.718917,1785472077.016,-0.05173945799469948,0.08407143503427505,0.3440000116825104,-0.05381558804687279,0.08641838738806427,0.34473036446575844,0.6939097405597646,-0.02794203589508476,0.032162871335023206,0.7188004342610016,0.6953511436921872,-0.0341636965847973,0.026437643513297086,0.7173706711366816,23.229952486820313,23.21573430213967,52.51908302307129,1,0.4728335285983433,-0.0066424062969587154,0.7398759406400055,0.11338932506744122,-0.005552854833030774,0.993434948881297,-0.014107767547287552,0.47214263677597046,-0.005925459321588278,0.739546000957489,0.10785672813653946,-0.008072737604379654,0.993993878364563,-0.016671914607286453,-0.00032067846041172743,-0.03555141016840935,-0.16203968226909637,-0.02671983279287815,1.5409138202667236,-0.013753491453826427,0.004060392218014664,-0.031155770013464496,-0.16679725172362017,-0.0322846867327576,1.5524054308362472,-0.015094213954174212
33.797044,1785472077.116,-0.05099506303668022,0.08332739025354385,0.3440000116825104,-0.053681939093768484,0.08625894546157699,0.34471459885601424,0.6945433631846208,-0.0004601471244509821,0.05992149976021352,0.71695098771625,0.6951975870722983,-0.03349005365653113,0.02705774704502723,0.7175281245775557,22.991475872507245,23.176183468637667,18.831253051757812,1,0.4732626663518999,-0.00697094226040614,0.7399468980753828,0.11343322868195757,-0.005311435759644597,0.9933833405458696,-0.01715313402520424,0.4723820984363556,-0.0061708432622253895,0.7396572828292847,0.10975722223520279,-0.007209725212305784,0.9938068985939026,-0.015789655968546867,0.0024300767108798027,-0.034652117639780045,-0.1629454642534256,-0.03344796225428581,1.5408685207366943,-0.011085175909101963,0.0025537359380372257,-0.03266746989393125,-0.16516060427869225,-0.03037093415793837,1.5484534659613882,-0.014633137263870116
33.875024,1785472077.15,-0.05099506303668022,0.08332739025354385,0.3440000116825104,-0.05348197054657127,0.08602484770426684,0.34468551369977585,0.691442388579503,-0.026137788265094407,0.023294683459389634,0.7215827028294176,0.6945370618655871,-0.03218725851795481,0.026391017037438153,0.7182518808217251,22.706899004891223,23.038216090938867,24.695873260498047,1,0.4735016693299271,-0.007171648225079155,0.7399701880641191,0.11344654467400468,-0.005237029299537366,0.9933655671839212,-0.01809157149092968,0.4726209044456482,-0.006388193927705288,0.739734411239624,0.11075159907341003,-0.006694287993013859,0.9936941862106323,-0.016160961240530014,0.0030258011538535357,-0.03413765877485275,-0.16346202790737152,-0.03544831648468971,1.5408402681350708,-0.010510571300983429,0.0025202208946873187,-0.033205344428883794,-0.16455984167179,-0.03120480931298419,1.5463979458054962,-0.013671637774336644
33.998205,1785472077.216,-0.0515165850520134,0.08319652080535889,0.3450000286102295,-0.05314014508722113,0.08553000822215158,0.3446591827319279,0.6975809734959617,0.009797234679173051,0.06003223721571027,0.7139194142926387,0.6954184250185793,-0.02061287860181973,0.03477878462342925,0.7174669048259594,24.505304610498783,23.557144666923374,56.86473846435547,1,0.47385258230715915,-0.007471951157656524,0.7400132840610769,0.11479721876860804,-0.004311733538451103,0.9932031841603557,-0.01872010925760222,0.4728597402572632,-0.006601735018193722,0.7397982478141785,0.11148156225681305,-0.006298764143139124,0.993606448173523,-0.01668344996869564,0.003161841770634055,-0.034844208508729935,-0.16251283884048462,-0.036949269473552704,1.5379115343093872,-0.008564076386392117,0.0026572304959240588,-0.03345802219550459,-0.16426206419651007,-0.03235480014809495,1.544891815156811,-0.012814987610665391
34.107463,1785472077.35,-0.05068890377879143,0.08180248737335205,0.34700000286102295,-0.052868986179223074,0.08508471361082778,0.34496014959056676,0.6955376158532217,-0.012971625242864602,0.036457393264048725,0.7174468763247668,0.6953095323328039,-0.01610623813387547,0.03870706022329671,0.7174865899995501,22.948388462228205,23.36611042761827,55.92656135559082,1,0.4745944181966829,-0.007985378012748423,0.740051774995822,0.11675527628423164,-0.007640555495396944,0.9925987533390296,-0.032519874558784384,0.4732663929462433,-0.006959008052945137,0.7398867607116699,0.11283811181783676,-0.005480363965034485,0.9934437870979309,-0.01751973293721676,0.017387643456459045,-0.03561423346400261,-0.16055244207382202,-0.06690532714128494,1.533255696296692,-0.003346402198076248,0.0028638692378753685,-0.03402570955295252,-0.16354534427575326,-0.034236282053813204,1.5420333203469825,-0.011074195276895842
34.234359,1785472077.483,-0.05112713947892189,0.08061715960502625,0.3500000238418579,-0.05272235488413604,0.08443148368581575,0.34609366104119577,0.693010692442113,-0.04625675535305122,0.010802504284629042,0.7193606874484397,0.6973480991835825,-0.0023774589456441696,0.05960048946653951,0.7142462865912255,22.14269285420621,23.130664199082073,65.59014320373535,1,0.4752616962857551,-0.008392260361011955,0.7395994735823819,0.11701910227449756,-0.008475883913502649,0.9923496665102245,-0.038429526041857,0.47387805581092834,-0.0074461232870817184,0.7399319410324097,0.1146337166428566,-0.006472843233495951,0.993083119392395,-0.02455904148519039,0.02307329699397087,-0.03481621667742729,-0.15973587334156036,-0.07979153096675873,1.5314851999282837,-0.0002450454339850694,0.009669108057798803,-0.034770061139232006,-0.16214254629905037,-0.0495436591612368,1.5379204855996023,-0.007453266348791146
34.358959,1785472077.617,-0.05056240037083626,0.07694446295499802,0.3540000021457672,-0.05249888734722612,0.08257521288100451,0.34849094989053847,0.6903971200392102,-0.04546338700576416,0.001081977292021179,0.7219998105322939,0.6962800682214798,0.006244562791899106,0.07120490842733226,0.7142023054071476,21.869602214905694,22.59748852778097,21.90232276916504,1,0.4762401926379569,-0.008611404751364111,0.7378983263942575,0.11144135087699175,-0.01609323140920381,0.991711733775053,-0.061884330087669304,0.47443604469299316,-0.007839555852115154,0.739768922328949,0.11557769030332565,-0.007278486154973507,0.9928112030029297,-0.03024531528353691,0.048172477632761,-0.027951356023550034,-0.16125692427158356,-0.13019101321697235,1.5395973920822144,0.005376506131142378,0.015158258145072358,-0.034788989226521384,-0.16115664841697064,-0.06193046816613788,1.5352851717643405,-0.00450142624863951
34.484794,1785472077.75,-0.0501793809235096,0.07311609387397766,0.3540000021457672,-0.05235321950472242,0.08039531325879995,0.34934494905331054,0.6947346717056121,-0.016437985297482798,0.05121248172719353,0.7172522640499626,0.695903920942677,-0.0002419291905723825,0.06549391763396901,0.7151420984949984,21.340237834790635,22.22210509529854,18.416166305541992,1,0.47902186035166944,-0.008945532930965876,0.7343001745015278,0.10891350898896197,-0.017651206431784448,0.9909803245646638,-0.07605444626665435,0.47528380155563354,-0.008176418952643871,0.738598108291626,0.11369816213846207,-0.010436927899718285,0.9925503730773926,-0.04251581057906151,0.06272853910923004,-0.02128451131284237,-0.15793855488300323,-0.16110263764858246,1.5371991395950317,0.015299767255783081,0.027967452176617558,-0.031770851890574325,-0.1608591778213849,-0.08849643356683314,1.536528319082939,-0.00011207864245814988
34.653686,1785472077.85,-0.05123324319720268,0.06428919732570648,0.35600000619888306,-0.052084740033783515,0.07228181628864444,0.3515143393287914,0.6946285550444342,-0.043602351204189135,0.014262143767939895,0.7179043089029976,0.6967274040862288,-0.015091113448539263,0.0489237528387163,0.7155065681727348,22.552813854135838,22.4562043346365,66.13421440124512,1,0.4850647019195847,-0.009293697302706993,0.7322436988442971,0.10835753907216612,-0.01591417095587853,0.9917039437591134,-0.06729539970631332,0.4771893322467804,-0.008627302013337612,0.7362014651298523,0.11099832504987717,-0.014148467220366001,0.9919075965881348,-0.0599876269698143,0.05154277756810188,-0.008480552583932877,-0.16737034916877747,-0.14161233603954315,1.5332154035568237,0.009591528214514256,0.04610239652597691,-0.026300160275663016,-0.1593346441388913,-0.1263753353557721,1.5368782882236414,0.007928333432957988
34.747908,1785472077.984,-0.05339391529560089,0.05796593055129051,0.35500001907348633,-0.05224503240527633,0.06553107413124583,0.35197473518608097,0.7003254211085715,-0.023135891520085522,0.01482158987137871,0.7132947185745577,0.6987836115514436,-0.02035869834689159,0.0322930599406098,0.7143137587282032,22.291456727074937,22.52939957188747,64.62383270263672,1,0.49445832011662705,-0.009575854539298241,0.7297539850454757,0.11041585321720039,-0.012227377863422796,0.9927569333594304,-0.04574387232933391,0.4804175794124603,-0.008911659009754658,0.7345913648605347,0.10990940034389496,-0.01486031711101532,0.9918330311775208,-0.06297881156206131,0.026839720085263252,0.008834725245833397,-0.18119759857654572,-0.09425437450408936,1.522704005241394,-0.0036852434277534485,0.048330279780522796,-0.019002870784086478,-0.16262511217390946,-0.13261504642373934,1.5353783003237331,0.008609429627602427
34.824296,1785472078.117,-0.05324351042509079,0.05435711517930031,0.3540000021457672,-0.05233273459453559,0.062142041959751065,0.3520907737971285,0.7002940855861892,-0.002554464120941059,0.054627701488703356,0.7117566175569561,0.6992932361204123,-0.015063283894590692,0.03894091246323685,0.7136145126965138,22.33940483462604,22.47304554917193,23.725032806396484,1,0.5045841688697583,-0.00934361609478066,0.7290567389763917,0.11882684185811508,-0.011903822144827757,0.9923816409816969,-0.030284638265059186,0.486158549785614,-0.009114556945860386,0.7326112389564514,0.11004846543073654,-0.013834374956786633,0.9922552704811096,-0.055923644453287125,0.010225070640444756,0.021749118342995644,-0.19188961386680603,-0.059866007417440414,1.502409815788269,-0.016836782917380333,0.03952967204913481,-0.007603120834523469,-0.17023041935051403,-0.11690597619137943,1.5301880497445643,0.003574639865948312
34.932665,1785472078.184,-0.05200359970331192,0.04927423223853111,0.35600000619888306,-0.05232285630805511,0.056174751454588244,0.3525585472519618,0.7003437615193512,0.02621882396218586,0.09264796935628289,0.7072817986807829,0.7011525054840156,0.007787253623009414,0.06918059501245594,0.7096045152112698,23.018278033033493,22.909005110111778,60.18352508544922,1,0.5096677111394766,-0.009216348130904653,0.7288793519253102,0.11769926167401941,-0.01409017941198907,0.9922040497768179,-0.03846393443227808,0.49367809295654297,-0.00908287800848484,0.7310989499092102,0.11349053680896759,-0.013168353587388992,0.9924147725105286,-0.04538104683160782,0.018829641863703728,0.03417700156569481,-0.20393739640712738,-0.07766436785459518,1.5046299695968628,-0.013627367094159126,0.02752913490452105,0.00441688251048838,-0.17909965911074846,-0.09354754795469516,1.518812585157122,-0.004784039440697328
35.023736,1785472078.317,-0.051763422787189484,0.04477967321872711,0.3570000231266022,-0.052291854405804,0.05260200577356395,0.35305269852568494,0.6969710031804561,-0.0021918551589686862,0.06465638433521874,0.7141751665111908,0.6998494666677009,0.0046491234688526405,0.06775898769734727,0.7110540269502288,23.47162525856466,23.076270397052493,19.26112174987793,1,0.5186181517422941,-0.009238324708612413,0.7281715895694925,0.11158880041376336,-0.024157157418593582,0.9906463737589445,-0.07472706019859454,0.49917763471603394,-0.009097977541387081,0.7303721904754639,0.11492467671632767,-0.013503579422831535,0.9923514127731323,-0.042995430529117584,0.05473669245839119,0.06006686016917229,-0.22645170986652374,-0.15558311343193054,1.5168442726135254,-0.0028396123088896275,0.024537371841724318,0.01465136011678618,-0.18764100062262556,-0.08808532928276092,1.513935183665949,-0.007825257706428132
35.148254,1785472078.384,-0.05258791148662567,0.03970542177557945,0.36000001430511475,-0.05230440999575116,0.046733764229329115,0.35505938934334363,0.7017873894543718,0.013934565854765577,0.07063180274013409,0.7087393288924609,0.701109296201694,0.006045985370504268,0.06391011496203929,0.7101582204311965,22.96409208573799,23.152639332169784,59.10444259643555,1,0.5239767226504045,-0.009288800134701219,0.7274266726410131,0.11043302391720781,-0.021758858395667685,0.991046028825688,-0.07182526058882292,0.5057535171508789,-0.009294342249631882,0.7297174334526062,0.11378077417612076,-0.017153512686491013,0.9918946623802185,-0.05389462411403656,0.05131182447075844,0.07334251701831818,-0.23969145119190216,-0.1495232731103897,1.5189080238342285,-0.001214649062603712,0.03492291135049386,0.030026900654943397,-0.2009876360557666,-0.1112978256961189,1.5149356193550203,-0.006110691945198081
35.256741,1785472078.517,-0.053756434470415115,0.033476218581199646,0.36000001430511475,-0.052443070191315416,0.04057865959927069,0.3560197990079789,0.70716264290023,0.03991318255431431,0.10531267042580593,0.6980237644898154,0.7039999559240739,0.016399870154528727,0.07790182721960588,0.705724033623387,24.44055902525605,23.8227611518183,62.01052665710449,1,0.5327770512942734,-0.009274740508075065,0.724410669786854,0.11420605645176117,-0.022915810660621896,0.99072568680445,-0.06996038734423117,0.513212263584137,-0.009368235245347023,0.7288371324539185,0.11236531287431717,-0.019040558487176895,0.9915958642959595,-0.06123106926679611,0.04847133532166481,0.08719376474618912,-0.24714310467243195,-0.1451825499534607,1.5043731927871704,-0.004626905545592308,0.04163432532232879,0.04776504682919021,-0.2168368003588326,-0.12695154201650066,1.516562358713301,-0.004105710186599673
35.38002,1785472078.651,-0.05492495745420456,0.028804318979382515,0.36000001430511475,-0.05271951681782387,0.036147520513167955,0.3564625170715352,0.707676364088028,0.002960353814312792,0.05890560215449568,0.7040706854082616,0.7053393177652759,0.014572654574581833,0.07399086218100846,0.7048471017651815,24.06620170962187,23.586135765797508,54.05282974243164,1,0.5420089063436483,-0.009073434522738299,0.7229639795628491,0.11124055058495755,-0.030762214569464486,0.98958185441502,-0.08606381047146332,0.5223868489265442,-0.009359948337078094,0.7268400192260742,0.11322304606437683,-0.02083398401737213,0.9912009835243225,-0.06532356888055801,0.06283894926309586,0.11025776714086533,-0.26719164848327637,-0.1786198765039444,1.5087594985961914,-0.007852367125451565,0.04483785623535532,0.06623968981565774,-0.23103656902772676,-0.13549386298269636,1.5108510153161192,-0.00434991664680164
35.457555,1785472078.751,-0.055077530443668365,0.0277131125330925,0.36100003123283386,-0.05293691508144127,0.03393385389727306,0.3568890098379309,0.7117246600451227,0.04564794290257076,0.09996664805303689,0.6938090103691783,0.7074343983830992,0.024113095655770366,0.08197755764170486,0.7015944773480899,24.567866914841414,23.87875546459842,17.090797424316406,1,0.5486555234574356,-0.008663941378291582,0.7222957868842581,0.11286791947719216,-0.03164747100147705,0.9897270402840966,-0.08185142675960567,0.5276712775230408,-0.009359367191791534,0.7258836627006531,0.11270873993635178,-0.023502960801124573,0.9908135533332825,-0.07094264030456543,0.058684613555669785,0.12331940233707428,-0.2806582450866699,-0.1691867858171463,1.5049285888671875,-0.013046876527369022,0.04971614895764488,0.07806864278536965,-0.24083418830998943,-0.14718102796311047,1.5102842142850188,-0.005299077357918355
35.567829,1785472078.818,-0.057188455015420914,0.02309202216565609,0.3620000183582306,-0.05365782108062249,0.02949818788614994,0.35756630255677996,0.7139829731998254,0.008028545205872026,0.07190338947947982,0.6964149330851378,0.7102798600790999,0.02374671948608144,0.08472829182671024,0.6983979741120327,24.854777869066954,24.353485384740246,63.5218620300293,1,0.5519758727615907,-0.008340129367776327,0.7216541080585932,0.11364197320988652,-0.037282978802844154,0.9884094740490954,-0.09349969532859892,0.534896969795227,-0.00916439387947321,0.7247393131256104,0.11276420950889587,-0.026292581111192703,0.9904614090919495,-0.07469440251588821,0.06951998174190521,0.12913958728313446,-0.2833116352558136,-0.1936984360218048,1.5014370679855347,-0.014180317521095276,0.05280039583166168,0.09363035324430248,-0.2545293123179886,-0.15474882330914402,1.5084424147038267,-0.007963541927084773
35.64613,1785472078.951,-0.05797179043292999,0.02191755920648575,0.3620000183582306,-0.05420597829162818,0.027756894261115495,0.35796039777295713,0.7193002709713162,0.03567774695661249,0.10602940135044757,0.6856325434239224,0.713076591703475,0.027364593291429373,0.0911912352689522,0.6945913273347665,25.69848593456969,24.75528262271271,18.653154373168945,1,0.5586296259656341,-0.007263609932012744,0.7206346999636106,0.11148510329399386,-0.04180798476416621,0.9883845406771408,-0.09444132519148798,0.5407707095146179,-0.008952552452683449,0.7237011790275574,0.11304774880409241,-0.0300494022667408,0.9898127913475037,-0.08116599172353745,0.0711047351360321,0.14622355997562408,-0.30081188678741455,-0.19478124380111694,1.505609154701233,-0.022225555032491684,0.058550253367635564,0.10584195558068887,-0.26442721532475977,-0.16814361047613482,1.5060332759674062,-0.010101487473528964
35.755165,1785472079.018,-0.060261260718107224,0.019283093512058258,0.36400002241134644,-0.05567388142743748,0.02468407577121669,0.3591359977771539,0.721838570717456,0.023051559633259305,0.09356685575953927,0.6853195947339664,0.7169200848705803,0.026320368729373832,0.09304120928199551,0.6904173835256856,27.12370938739575,25.682765965476754,61.170101165771484,1,0.5612418843803173,-0.00644308641848848,0.720042583788676,0.1093372871935802,-0.047564503381419536,0.9877474413135087,-0.1006874760128797,0.548092246055603,-0.008318000473082066,0.7225127816200256,0.1124100610613823,-0.034861449152231216,0.989266574382782,-0.08660475164651871,0.07758869230747223,0.1539270579814911,-0.30752333998680115,-0.20730674266815186,1.5091800689697266,-0.028274448588490486,0.06369142602025601,0.12237858499198237,-0.2793264886161826,-0.17905201758653447,1.5058595940676955,-0.015066407396002037
35.880695,1785472079.151,-0.060031890869140625,0.016178209334611893,0.36500000953674316,-0.056380389209004456,0.022100241744154852,0.3601759105420558,0.7196568887888316,0.02808163395842833,0.09772723903503064,0.6868440660030442,0.7178575405011296,0.023531564420230827,0.09146811948020446,0.689753869246386,24.015899613372156,24.95698827747171,14.11747932434082,1,0.5658518425500674,-0.0042435503849649805,0.7182781997770309,0.10739305172614406,-0.05329025918735934,0.987706638635135,-0.10031189716465692,0.5543627142906189,-0.007191438227891922,0.7212199568748474,0.11078795045614243,-0.041157327592372894,0.988692045211792,-0.09230509400367737,0.08019432425498962,0.16574950516223907,-0.31779471039772034,-0.2057744711637497,1.5109003782272339,-0.037166450172662735,0.06987756001461301,0.13754424797473952,-0.2928246803666679,-0.1903314923324236,1.5075462205037526,-0.022164709384672927
35.941585,1785472079.251,-0.05924205482006073,0.014204547740519047,0.36500000953674316,-0.056532202920076866,0.020419287405933025,0.36061916650482145,0.720053954994856,-0.0013924616709710272,0.06915284747680209,0.6904623426607791,0.718545274200293,0.01664613163723412,0.0853112895816805,0.690027230691552,25.174488151182146,25.021511477784966,57.84273147583008,1,0.5697274610430717,-0.003185662418273214,0.7167167302658607,0.10666578331569115,-0.05394691497771811,0.9880731553166979,-0.09707512954686937,0.5574828386306763,-0.006417196709662676,0.7204511761665344,0.10987228155136108,-0.04444660618901253,0.9884466528892517,-0.09447647631168365,0.07858920842409134,0.17500777542591095,-0.32597625255584717,-0.1987999528646469,1.5108243227005005,-0.039625536650419235,0.07267339009084481,0.14518783066813382,-0.29959091380397485,-0.19451657424707505,1.508455197246816,-0.026230172952596425
36.064948,1785472079.318,-0.058057304471731186,0.008678293786942959,0.36500000953674316,-0.05676691815868124,0.015943255124697,0.36122338961549005,0.7187421604984001,-0.009126806233460781,0.045561918521023516,0.6937222208569888,0.7190480975660635,0.005554489006553479,0.0704386457983041,0.6913590805193794,23.38216174831634,24.287280068875955,19.870758056640625,1,0.5722486390576841,-0.0029595022773131587,0.7160503541175113,0.10646774423196152,-0.052815220783188996,0.9890115122736749,-0.08792838268681741,0.5632307529449463,-0.0049207150004804134,0.7187486290931702,0.10837201774120331,-0.04889922961592674,0.9882846474647522,-0.09569653123617172,0.07037258893251419,0.181161031126976,-0.3336426615715027,-0.17900381982326508,1.51137375831604,-0.04472849890589714,0.0754452841039308,0.15916018062491483,-0.31195316251622296,-0.1965236361820634,1.5095652723002693,-0.03250668007507592
36.188448,1785472079.451,-0.055444374680519104,0.0011816073674708605,0.3660000264644623,-0.05655085096566382,0.009670428960964329,0.36198992138462066,0.721830542663749,0.0294410111907302,0.0636987545151906,0.6885029870748844,0.7197144900537057,0.009249360450900202,0.05770048094466326,0.6918064444891636,23.602203260327958,23.728811514196003,57.99126625061035,1,0.578962376450566,-0.002612428500126997,0.7151397971189204,0.10969112387733633,-0.04932565914344936,0.9902713934196049,-0.06998145516767484,0.567457914352417,-0.0039918492548167706,0.7175015807151794,0.10746248066425323,-0.050732992589473724,0.9886369109153748,-0.09206054359674454,0.05416290834546089,0.19354800879955292,-0.34867149591445923,-0.14048261940479279,1.5057156085968018,-0.05175069347023964,0.073068412782263,0.16946882531127017,-0.3221151472225488,-0.18831461328715934,1.5104126546993328,-0.03823331235852504
36.326266,1785472079.585,-0.0542563796043396,-0.00396397290751338,0.3660000264644623,-0.05618550236122402,0.003879136587782924,0.3623731860792152,0.7251805926936001,-0.03833532221218677,-0.0003807294616184605,0.6874906298245261,0.7223232675227161,0.016502087000820943,0.0588372212546292,0.6888504625206822,23.89260126815624,23.976397355330057,73.12750816345215,1,0.5883705445677001,-0.0029436520158381144,0.7139832839069259,0.12142665240970768,-0.04823773497647647,0.9893653818004519,-0.06391267717564054,0.5734451413154602,-0.003228082787245512,0.7162311673164368,0.10853910446166992,-0.05001109093427658,0.9895616173744202,-0.08053558319807053,0.047147832810878754,0.20141683518886566,-0.3533841073513031,-0.12712882459163666,1.4783648252487183,-0.054093025624752045,0.06320533633795719,0.1820309429211004,-0.3359685945312026,-0.16336056696859277,1.5079621911867993,-0.04528535837002117
36.446365,1785472079.685,-0.05371321365237236,-0.007111001294106245,0.36500000953674316,-0.055811002868601335,-0.00016415299653741843,0.3625890789167398,0.7296823027741972,0.009345232795800065,0.04453668673472721,0.6822703915434334,0.7247976228037165,0.014123887010564891,0.0540862124453637,0.6866903257051968,24.79385175686881,24.293046220422667,20.491361618041992,1,0.5970566065887517,-0.0034987260857852528,0.7134019435594765,0.12561718030125352,-0.05295272400900606,0.9882419281432772,-0.06924033862457975,0.57857346534729,-0.003082179930061102,0.7154211401939392,0.11292529851198196,-0.04946611821651459,0.9895491600036621,-0.0747898519039154,0.04954054579138756,0.21628862619400024,-0.36814385652542114,-0.13718754053115845,1.4693626165390015,-0.061014097183942795,0.05768315325502707,0.18869771638382352,-0.341957227479123,-0.15090049572632191,1.4977836570406933,-0.04831430834400971
36.544309,1785472079.785,-0.052419211715459824,-0.011515813879668713,0.367000013589859,-0.05516019400195212,-0.004801625103394049,0.36318172119564773,0.7317908393234237,-0.0203397516353204,0.007217776926553888,0.6811874673553316,0.7277531650030384,0.0027379953067832793,0.038316786205576166,0.6847624829856236,24.828235624055694,24.507699203476907,80.39999008178711,1,0.6031208245492959,-0.004065473809476104,0.7130734308396705,0.1274887745994378,-0.055365083811643886,0.9882368213552745,-0.06379110254014189,0.5882264971733093,-0.0032636707182973623,0.7143813371658325,0.11953027546405792,-0.05131267383694649,0.9888959527015686,-0.07186375558376312,0.04281238839030266,0.2284553200006485,-0.38257890939712524,-0.12393506616353989,1.466888666152954,-0.07226377725601196,0.05343511589863915,0.20309191328024156,-0.3556178091641554,-0.1437464498630317,1.4829563121057352,-0.0549398145609134
36.662488,1785472079.885,-0.05202212929725647,-0.012706499546766281,0.367000013589859,-0.05473262516416074,-0.007200077246857766,0.36355947986990234,0.7379977874979259,-0.033582298631852865,0.020264870353502194,0.6736622520939726,0.7319877458243553,-0.011695414205289694,0.0311513827829938,0.6805047748548523,24.628042111956535,24.554162537059902,22.998332977294922,1,0.6100755683315239,-0.0050469142476987335,0.7121787834648745,0.13115077390027371,-0.05570981964818923,0.9888005851420655,-0.044376720505626625,0.5922660231590271,-0.003450542688369751,0.7140380144119263,0.12166237086057663,-0.05242675542831421,0.988735556602478,-0.06965465843677521,0.02331426739692688,0.24127455055713654,-0.3976690471172333,-0.07985622435808182,1.461032509803772,-0.09112931042909622,0.05055635488696742,0.20996538688133892,-0.362924112223283,-0.13837757110874552,1.4786019800525314,-0.05963460656536612
36.698205,1785472079.985,-0.05324803292751312,-0.012810367159545422,0.3700000047683716,-0.05467144183394407,-0.008218225735985256,0.3645230319876391,0.737110452564137,-0.043435696113040316,0.0027956663462402297,0.6743691164885514,0.7338111546175461,-0.022060326366822324,0.02190029273211252,0.6786419590164616,25.058220953271565,24.70396207610669,27.655601501464844,1,0.6136722968929563,-0.005690866394378774,0.7116090726048224,0.12653471924020618,-0.05935480024521319,0.9897818356152329,-0.028246953832108034,0.5983788371086121,-0.003894481807947159,0.7133411169052124,0.12475550919771194,-0.05360841751098633,0.9888646602630615,-0.06090126559138298,0.007690133061259985,0.25644710659980774,-0.41798165440559387,-0.043049439787864685,1.4758586883544922,-0.11354890465736389,0.041187796172675394,0.2207325803468681,-0.3748724434208949,-0.11825209581401719,1.4725598392339831,-0.07046563005471386
36.760615,1785472080.052,-0.05364836007356644,-0.013610647059977055,0.3700000047683716,-0.05461642427509612,-0.009102005490358372,0.3651730208820865,0.7330690935615568,-0.062026140834257455,-0.005898258724048111,0.6772943765173831,0.7337513812601955,-0.0358979815783266,0.012285398716391751,0.6783578070574088,23.936335875846734,24.47786562613,17.032861709594727,1,0.615198456355178,-0.005782567740479456,0.71016261706622,0.12610809585118135,-0.05976939377265426,0.9901135124603356,-0.014127992507633436,0.6025031208992004,-0.00429178774356842,0.7127930521965027,0.1249900609254837,-0.055133115500211716,0.989257276058197,-0.05203808844089508,-0.0047773034311831,0.2609618008136749,-0.4211660325527191,-0.011756982654333115,1.4767974615097046,-0.125756174325943,0.03210992582912533,0.23041119203714772,-0.386554630938748,-0.09787218759139832,1.4734538273456412,-0.08214119322527363
36.840167,1785472080.118,-0.053535860031843185,-0.0144888237118721,0.3720000088214874,-0.054566062964429674,-0.009943760532004554,0.3662297274796328,0.7263645833378792,-0.13116254611087844,-0.08600588303493203,0.6691740182146064,0.7336044563053887,-0.04471647218341887,0.006152477724582779,0.6780760177311929,23.977782077041407,24.329251589376305,22.821903228759766,1,0.6165233904650852,-0.005865303306534766,0.7091866521510729,0.12348183407632997,-0.05738573667324572,0.9906834260747673,0.002337344727618563,0.6068306565284729,-0.004711307119578123,0.7117345929145813,0.12503179907798767,-0.056702930480241776,0.9897633790969849,-0.03899261727929115,-0.018720561638474464,0.26838168501853943,-0.42929184436798096,0.023462144657969475,1.4851840734481812,-0.1335485428571701,0.019424402577908922,0.2409175014498477,-0.3984567453980525,-0.06825718330971603,1.4746037031346626,-0.0971403784878771
36.917253,1785472080.185,-0.05444901064038277,-0.014811066910624504,0.3700000047683716,-0.05455730521810694,-0.010596231513583704,0.366466110035616,0.73938443307712,-0.04791971318700027,0.014714728066275138,0.6714148032246811,0.7353204941938197,-0.045661425266933224,0.008676432102329582,0.6761238973643239,24.382701887217163,24.345091834482382,19.76752281188965,1,0.6177848792340394,-0.005940403235378782,0.7076006608087746,0.12178884263786512,-0.05585724771666217,0.9908999306576868,0.012836397821828917,0.6107548475265503,-0.005103747826069593,0.7104873657226562,0.12403331696987152,-0.05691943317651749,0.990398108959198,-0.02208150178194046,-0.027574101462960243,0.2735574543476105,-0.43254178762435913,0.04582155495882034,1.488523244857788,-0.13843119144439697,0.003803653483933478,0.25216429814618263,-0.4110829926291425,-0.030697208586096935,1.4789364705817514,-0.11204987870656835
37.025672,1785472080.252,-0.053756535053253174,-0.01831279881298542,0.3680000305175781,-0.05442072225832982,-0.012727510295785862,0.36686478317490406,0.7402729228585878,-0.06261855784797461,0.0023516868659614215,0.6693798514030188,0.7379774262744285,-0.05152344980303781,0.003366012628088335,0.6728471761022348,24.369636832238164,24.249804314155938,59.552669525146484,1,0.618763332713753,-0.005954051181386892,0.7072454087079031,0.1193743210151828,-0.05864307062316968,0.9910408589055412,0.012197447676355598,0.6136001944541931,-0.005396248772740364,0.7091569900512695,0.12287944555282593,-0.05645157769322395,0.9907841086387634,-0.007796124089509249,-0.027111489325761795,0.27883854508399963,-0.4391440153121948,0.04467935115098953,1.4946882724761963,-0.14342764019966125,-0.00904585333253246,0.2609249545034907,-0.41986963452454446,0.0006379959720457743,1.4828623505155312,-0.12285328558102233
37.118468,1785472080.419,-0.05350336804986,-0.01955973543226719,0.36900001764297485,-0.054381164940763234,-0.013866627171546134,0.36696455707148035,0.7413499086209935,-0.04138263195418508,0.01342727335500144,0.6697070248178969,0.7387300047364926,-0.049304238977130314,0.005568862811883463,0.6721726414306743,25.101075333476203,24.500668873059613,23.41461181640625,1,0.6219596629912438,-0.006161143009078062,0.7066450249248938,0.11918291176668548,-0.06154557221021782,0.9907473226668425,0.020671688673520507,0.6157069206237793,-0.005603218451142311,0.7083308696746826,0.12135221064090729,-0.05731775984168053,0.9909532070159912,0.0003756837686523795,-0.034802116453647614,0.28771278262138367,-0.44893208146095276,0.06393104791641235,1.4980236291885376,-0.15603582561016083,-0.016443913233389427,0.26826069587283236,-0.427761754441183,0.018673384487941064,1.4877051838176432,-0.1312786863730585
37.227574,1785472080.485,-0.05390261113643646,-0.02115596830844879,0.36900001764297485,-0.05435505872023761,-0.01580370445637041,0.3671421036898204,0.7461290857325721,-0.021172109863136418,0.03969794999157125,0.6642794607349276,0.7418043373160583,-0.034872711838931446,0.02274625868225483,0.669322662715108,25.840348151684328,25.25315887708652,58.829545974731445,1,0.6236681835441722,-0.006221830215013734,0.706494144053753,0.11915803824908733,-0.06303298392756686,0.9907135993477008,0.01774172836393733,0.6178507804870605,-0.005769106559455395,0.7077125310897827,0.12050707638263702,-0.05874452739953995,0.9909456372261047,0.007344851735979319,-0.03248215839266777,0.29170316457748413,-0.4538804888725281,0.05793863534927368,1.4984450340270996,-0.15693782269954681,-0.02275729970136919,0.27495023086611214,-0.4350415577030105,0.034237508921132725,1.4912536971806938,-0.1397926649912915
37.307218,1785472080.619,-0.05404868721961975,-0.02161344140768051,0.3700000047683716,-0.054340323534118454,-0.016565339097472633,0.3673455784763684,0.7432282219286316,-0.038052218742298125,0.016313037270531062,0.6677557364730036,0.7421595688572127,-0.03565750085328749,0.021158849614924976,0.6689394741451181,25.6736265243804,25.378055435804434,21.45981788635254,1,0.6265735824217828,-0.006263275827394168,0.706225809753337,0.11687827242334353,-0.07071915996894367,0.9906185516081859,-0.0036269902566288155,0.6194283962249756,-0.005881121382117271,0.7073813080787659,0.12011325359344482,-0.05989673733711243,0.9908995628356934,0.01016068272292614,-0.014963077381253242,0.2996681034564972,-0.46453002095222473,0.012842971831560135,1.5016065835952759,-0.15688124299049377,-0.025392736802443715,0.27949022652840755,-0.44014601996507036,0.04066053457955899,1.4932025494660697,-0.14443900096439813
37.416599,1785472080.686,-0.054596174508333206,-0.022474298253655434,0.3710000216960907,-0.054336481734187515,-0.01774046523641619,0.3676867432319411,0.7413462517486308,-0.04175216458792835,0.012797704579484427,0.6697004632878601,0.7432670221193655,-0.03357638959254261,0.023703699173771787,0.6677311543856703,24.879466613248603,25.130083152826987,62.71529197692871,1,0.6277158069583605,-0.006286081657735809,0.7059197991417773,0.11748301629552026,-0.07095872813794597,0.9905346967895707,-0.0019011152371220664,0.6218868494033813,-0.006027631461620331,0.7069824934005737,0.11900542676448822,-0.0636395737528801,0.9908372163772583,0.005416912958025932,-0.01649896800518036,0.30178195238113403,-0.46643781661987305,0.01678594760596752,1.5005124807357788,-0.15874026715755463,-0.021805977383407,0.28642935293484784,-0.44853084655314174,0.03109409306797436,1.4960926968031036,-0.14871788616228038
37.540378,1785472080.786,-0.05444901064038277,-0.022013580426573753,0.3700000047683716,-0.05437401731473363,-0.018482999831461976,0.36789475103376945,0.7436760468701055,-0.03664777825504566,0.02544383393561718,0.6670498399484692,0.7433298221226299,-0.03864702772804394,0.02119960785112762,0.6674711674805778,31.74505098380573,27.258422664338994,59.59773063659668,1,0.6294781423883653,-0.0062928892250321295,0.7054068478069974,0.11711398489083952,-0.07309388439893724,0.9904130106021799,-0.004864877839118703,0.6246196031570435,-0.0061570946127176285,0.7064903974533081,0.11829480528831482,-0.06707790493965149,0.9907083511352539,0.0019854996353387833,-0.01415287610143423,0.3060983419418335,-0.4709831178188324,0.010800079442560673,1.5009515285491943,-0.16096480190753937,-0.019319331745393523,0.2936228643174281,-0.4569197035023613,0.024389914527425796,1.498163626342814,-0.15341395869947808
37.680571,1785472080.919,-0.05484934151172638,-0.020413020625710487,0.3700000047683716,-0.0544247386404645,-0.018763061022942572,0.3680721397386006,0.7517510550104951,-0.028403518957816423,0.048499851220812094,0.6570474532581186,0.7461677091968001,-0.03538356546056856,0.02863312465847657,0.664200193631099,51.33764849655254,38.242598213164186,77.66556739807129,1,0.6305917810221708,-0.006237257220882063,0.7050941337179104,0.11542056292519913,-0.07251609101558713,0.990666068686704,0.000500550377051215,0.6271557211875916,-0.00623313756659627,0.7059288620948792,0.1176823079586029,-0.07021880149841309,0.9905643463134766,-0.0015895322430878878,-0.018327463418245316,0.31154191493988037,-0.4778689742088318,0.021975455805659294,1.5068066120147705,-0.16334283351898193,-0.01662397758036918,0.300131280563456,-0.46425514486904423,0.017300080499182763,1.4996180835663795,-0.15735325229268862
37.789797,1785472081.052,-0.05444901064038277,-0.01841232366859913,0.3700000047683716,-0.05433149246090043,-0.018730887113518904,0.36823020669432777,0.7394758879987695,-0.05653507262098014,0.022130876848796884,0.6704397220646129,0.7443482505032227,-0.045018923335576264,0.02552127768263706,0.6657834804949301,59.99791956092853,49.39108525363147,60.129642486572266,1,0.6310117585249457,-0.006161283514610972,0.7048278393973715,0.1123944011798649,-0.0780246569883399,0.9905760836702836,-0.006218837971438526,0.6285692453384399,-0.006230175960808992,0.7055932283401489,0.11675290018320084,-0.07115872949361801,0.9906082153320312,-0.0007334852125495672,-0.012881845235824585,0.31560012698173523,-0.4833184778690338,0.008111999370157719,1.5130486488342285,-0.169638991355896,-0.017321573325846683,0.30480399545026315,-0.4698291175070137,0.019214710327078555,1.5025618578512803,-0.15980604235641602
37.88242,1785472081.186,-0.05564999580383301,-0.01921260356903076,0.3700000047683716,-0.05439489592111518,-0.018747072793261557,0.36826707521093205,0.7388797636624711,-0.04757006653095351,0.030960491147282155,0.6714426495302861,0.7436349353361891,-0.04535388866032864,0.02623505322981035,0.6665296915464137,60.376354366482026,51.474539136512384,24.48892593383789,1,0.6309632139485205,-0.006300878727976276,0.704590635393129,0.10795482923617684,-0.0743334058993439,0.9913700188237544,0.0024052836382222292,0.6294105052947998,-0.006208352744579315,0.7053308486938477,0.11525748670101166,-0.07352755218744278,0.9906072020530701,-0.002622962696477771,-0.01961337774991989,0.3220456540584564,-0.49242135882377625,0.025033168494701385,1.5262205600738525,-0.16771098971366882,-0.01579475204989606,0.3085167425881627,-0.47446729110936525,0.015396500863224057,1.5061682652703163,-0.16318759072704075
37.959679,1785472081.219,-0.05564999580383301,-0.019612740725278854,0.3700000047683716,-0.0545276236265666,-0.01880336185514047,0.3683710637501944,0.7415274683150653,-0.07934707642132907,0.0032470155107076812,0.6662060582792014,0.7430680018600688,-0.05676485376979734,0.018529051374703225,0.6665466002038655,61.498592550004616,55.54413687089935,20.15829086303711,1,0.630987538298945,-0.006205740868419732,0.7045354090017149,0.10719784766348152,-0.07337331859625287,0.9915245831956903,0.0019946160288633642,0.6298348903656006,-0.006232196465134621,0.7051313519477844,0.11327584087848663,-0.0737348198890686,0.990822970867157,-0.0012655883328989148,-0.018956709653139114,0.32299327850341797,-0.4937131702899933,0.02372811734676361,1.5279700756072998,-0.1651582568883896,-0.016829600348597994,0.3121830488212727,-0.4793322814399041,0.01800804669904777,1.5116024371620747,-0.1644134299491554
38.021527,1785472081.319,-0.05749581754207611,-0.018761619925498962,0.36900001764297485,-0.05488514944744429,-0.01880037934745814,0.3684170327182613,0.7430804564975828,-0.06547619488801172,0.02261258355585644,0.6656072221207191,0.7430767826689056,-0.058704574673056654,0.019438250484702584,0.6663428714925803,62.661993165538455,57.757528041364566,20.59626579284668,1,0.631072040495104,-0.006006571089775356,0.7043795632609229,0.10483188145040034,-0.07089524206921524,0.9918411430783657,0.0153391062489824,0.630150318145752,-0.006223598960787058,0.7049687504768372,0.11162841320037842,-0.07363100349903107,0.9910183548927307,-0.00038370248512364924,-0.029269561171531677,0.3276729881763458,-0.4998775124549866,0.05134623870253563,1.5369585752487183,-0.1684170961380005,-0.01740604822979661,0.3151125715432519,-0.48322852640664676,0.01955820174401948,1.5160380671807308,-0.1646152748687024
38.097915,1785472081.386,-0.05749581754207611,-0.018761619925498962,0.36900001764297485,-0.0551414211641206,-0.01879795832634587,0.3684541325465467,0.7461385154594612,-0.05284773371069706,0.010955511719257368,0.6635995852564738,0.7437069115485387,-0.05751395816416302,0.017713170117553353,0.6657915724426162,62.620147900157654,59.24839090985813,26.736736297607422,1,0.6310679902580181,-0.0054702115342494815,0.7043111365175292,0.10284049689481088,-0.07097054627209527,0.992031695617596,0.01612850428112581,0.6304664015769958,-0.006146949715912342,0.7047385573387146,0.10926563292741776,-0.0726492628455162,0.9913414716720581,0.005014445632696152,-0.028849804773926735,0.3302757740020752,-0.5036187767982483,0.05245314538478851,1.5422091484069824,-0.16787099838256836,-0.021485910647016798,0.3194320825341369,-0.48895378297051506,0.030490114376479024,1.5232326299053116,-0.16592272043433934
38.192849,1785472081.453,-0.05773816257715225,-0.018710775300860405,0.3680000305175781,-0.055370764437028486,-0.018792990831267377,0.3684142381635121,0.740414064137843,-0.08349520170482606,-0.008840584689335344,0.6668863538726094,0.742990808166131,-0.06393074776917246,0.011164879083201868,0.6661477793593339,61.767881677637945,60.00143448781267,26.62372589111328,1,0.6310646580772377,-0.005085746739639121,0.704255864609117,0.10491115893459144,-0.07169199374049098,0.9917554063946601,0.016586761331764174,0.6305817365646362,-0.006017900072038174,0.7046480178833008,0.10803785175085068,-0.07231208682060242,0.9914878010749817,0.0071240318939089775,-0.028788799419999123,0.3275703191757202,-0.49940550327301025,0.053906455636024475,1.5366822481155396,-0.16939184069633484,-0.022885050995936174,0.32149236244043927,-0.49173969582230687,0.03466309932833739,1.526838168420629,-0.16629289227279745
38.314661,1785472081.519,-0.05813632905483246,-0.01831279881298542,0.3680000305175781,-0.05574799518430073,-0.01872492752123371,0.3683488436732712,0.7447298695374193,-0.04737574583163654,0.022662490275296942,0.6652964539663477,0.7429866627597613,-0.06796984835713694,0.005913689999362805,0.6658197555990751,62.06582295765013,61.25972019163228,73.92621040344238,1,0.6310575492160574,-0.004741784059512522,0.7043160470957511,0.10514338379644722,-0.06949853138109019,0.9916972748827751,0.025521323825031098,0.6308327913284302,-0.005528738722205162,0.7044338583946228,0.1063966155052185,-0.07197801768779755,0.9916418194770813,0.0120594697073102,-0.03541161119937897,0.328215628862381,-0.49991360306739807,0.07255755364894867,1.538072943687439,-0.17028097808361053,-0.025965055709886883,0.32466320481944166,-0.49573801230599546,0.0447024406308899,1.5319738553141107,-0.16790962179700017
38.423138,1785472081.686,-0.058772504329681396,-0.017866138368844986,0.367000013589859,-0.056016547675977996,-0.01866800479121935,0.36823039416475306,0.7379530649881414,-0.08836805600055035,-0.013945979026646608,0.6688960085261981,0.7415744993546719,-0.07396235649986219,8.570981827439817e-05,0.666780941825486,61.218125441902295,61.24738445643656,26.25298500061035,1,0.6309560172363606,-0.004175944781664373,0.7044147606800496,0.1060989776327869,-0.0686708310274029,0.9914643179602276,0.03202858290565072,0.6309195756912231,-0.005203628912568092,0.7043613791465759,0.10586506873369217,-0.07095381617546082,0.9916900992393494,0.017572656273841858,-0.03983968868851662,0.32745516300201416,-0.49849170446395874,0.0863916426897049,1.5370571613311768,-0.17218345403671265,-0.029833515141427947,0.3261179245502243,-0.4974472608691676,0.056109406771037505,1.5344714929938723,-0.16888071541175909
38.48471,1785472081.753,-0.05837542563676834,-0.017866138368844986,0.367000013589859,-0.0561631438525784,-0.018620886764907824,0.3681390213596365,0.7409059741157151,-0.09099172942103811,-0.015879134036588867,0.6652268002710504,0.7414273467476928,-0.07876146155328118,-0.004409550336400803,0.6663802799712024,61.70131364568212,61.38236761396712,20.295143127441406,1,0.6308711072005648,-0.0037732151418507246,0.7045928862036037,0.10607684053395793,-0.06569937223993864,0.9913774403308022,0.040025831568601344,0.6309292316436768,-0.00478215329349041,0.7043558359146118,0.10593947768211365,-0.07001671195030212,0.9916261434555054,0.023495925590395927,-0.04548058658838272,0.3281060457229614,-0.499131977558136,0.10275891423225403,1.5389209985733032,-0.17064009606838226,-0.03393114360208546,0.3266655031607677,-0.49787425904177973,0.06851030696501821,1.5355303500346817,-0.17023321998845847
38.560213,1785472081.82,-0.058612365275621414,-0.017817458137869835,0.3660000264644623,-0.05637863883128634,-0.018558745676052073,0.3678660805607572,0.7396110944210519,-0.10132647208598805,-0.024984280807933974,0.6648940974143261,0.7408754177829547,-0.08660637365546306,-0.011555358332412412,0.665935000627683,61.85336935774133,61.564608423798134,20.829200744628906,1,0.6308007161742646,-0.003553393026875782,0.7047302080854612,0.10594932506436194,-0.06484241085108623,0.991162386720618,0.04655454246057362,0.6309024691581726,-0.00443275086581707,0.7044053673744202,0.10596763342618942,-0.06852727383375168,0.9915761351585388,0.029182011261582375,-0.05041084438562393,0.3288688063621521,-0.49986472725868225,0.1164848580956459,1.5408945083618164,-0.1728091835975647,-0.037902997151582685,0.32716087984335185,-0.49830624190920236,0.08028842173908624,1.5366963940671134,-0.17037314518801666
38.677108,1785472081.92,-0.05782037228345871,-0.01860908605158329,0.3660000264644623,-0.05645373301194187,-0.018561632457848212,0.3677272244734909,0.7461471808964507,-0.05630449272249828,0.015752193967087002,0.6632089089606417,0.7425446792317154,-0.07777474183513869,-0.0035847589039446,0.6652560697812138,61.49550459732052,61.54435140659986,22.21989631652832,1,0.6307080662254945,-0.0032304691272726383,0.7051399979988375,0.10557715033352816,-0.06310195204389027,0.990766835728375,0.05703232589054695,0.6308779716491699,-0.004265292547643185,0.7044429183006287,0.10594700276851654,-0.06782330572605133,0.9915241599082947,0.032483723014593124,-0.05828657001256943,0.33048224449157715,-0.5018103122711182,0.13837693631649017,1.5449217557907104,-0.17538049817085266,-0.04027948812913651,0.32748537279403916,-0.4986020770191121,0.08716575486504939,1.5374940357831068,-0.17083599289443557
38.715901,1785472081.986,-0.05766239017248154,-0.01934770494699478,0.36500000953674316,-0.05651956895647793,-0.018622163926058283,0.36746331849608327,0.7449623284903496,-0.08946534261752057,-0.012701205582101471,0.660958214244537,0.7432090707113921,-0.08090342054039294,-0.0060231690607255705,0.664122454967184,60.93646079613709,61.36363082504377,22.737979888916016,1,0.6307126366811813,-0.0031180352350827253,0.7053483890167119,0.10606902401182963,-0.0666053532908652,0.9910799901107865,0.04553616431124027,0.6308054327964783,-0.0039062239229679108,0.7046079635620117,0.10576147586107254,-0.0661821961402893,0.9913420677185059,0.04092951491475105,-0.048974327743053436,0.32887735962867737,-0.5013669729232788,0.11455059796571732,1.5419782400131226,-0.17491133511066437,-0.04647212345494134,0.3285159695196854,-0.4997048043770115,0.10477730401409183,1.5400484286937217,-0.1723988495349494
38.79405,1785472082.053,-0.05789824575185776,-0.02047565206885338,0.36400002241134644,-0.05660445815314047,-0.018871472043574606,0.36695773976633933,0.7420848605767014,-0.0970557725966428,-0.010020477534834394,0.6631665150914212,0.7428876024761537,-0.08584072025058395,-0.0072446144497002665,0.6638500556568241,109.88738813719922,83.85203650290708,18.73946189880371,1,0.630803789356193,-0.0030197477198737055,0.7057442823650716,0.10564789170788852,-0.0672469385573524,0.9908846225155616,0.04963906822790692,0.63077312707901,-0.003634506603702903,0.7048602104187012,0.10586477071046829,-0.06632642447948456,0.9912548065185547,0.04251289367675781,-0.052185431122779846,0.33048272132873535,-0.5040854215621948,0.12334524095058441,1.5452324151992798,-0.17852656543254852,-0.047332631280071286,0.328640226193689,-0.500275880071046,0.10813836381026318,1.5407120908064635,-0.17326289483862614
38.903358,1785472082.153,-0.05789824575185776,-0.019294697791337967,0.36400002241134644,-0.056709426224344245,-0.019013715720880744,0.3665101930217097,0.74066091466465,-0.10181230007528515,-0.01589376197796318,0.6639300063799588,0.7426323975148211,-0.0881624956680164,-0.006915304975749666,0.6638348251455839,99.1942231936238,93.8698770217892,63.84134292602539,1,0.6311783781567313,-0.0028934826783280697,0.7065025198881193,0.10308105486539212,-0.06657859087459325,0.9909721311698657,0.053998357471743204,0.630782425403595,-0.0034227583091706038,0.7051594853401184,0.10578109323978424,-0.066637322306633,0.9911348223686218,0.044962577521800995,-0.05520974472165108,0.3358295261859894,-0.5130435824394226,0.1318378746509552,1.5551416873931885,-0.1786782294511795,-0.04900150887487766,0.32927383384066,-0.501585412564848,0.11336803463668962,1.542266630365153,-0.17507307286506144
38.995148,1785472082.287,-0.05750441178679466,-0.019688349217176437,0.36400002241134644,-0.056752025456373326,-0.019043843970661802,0.36635379302071364,0.7521397173662479,-0.09674173251390417,-0.008441618702007884,0.6518094981082425,0.7447103628659266,-0.09002226677689251,-0.007245941615689068,0.6612487907395762,26.131747203979884,67.08215818374401,23.763418197631836,1,0.6313923376783411,-0.0027368735598983875,0.707173848135618,0.10122700109532791,-0.06622721599282991,0.991109023564558,0.055407161269949566,0.6309460997581482,-0.00320435781031847,0.7057003974914551,0.10466482490301132,-0.06659498065710068,0.9910814762115479,0.048662006855010986,-0.055868275463581085,0.3394317030906677,-0.519656240940094,0.13424262404441833,1.562156081199646,-0.17774756252765656,-0.05154384334544568,0.3319584364925829,-0.5062772336112427,0.12093163855585017,1.547539094968704,-0.17654942193457412
39.156059,1785472082.353,-0.05773918330669403,-0.02081196941435337,0.3630000054836273,-0.05683325798433767,-0.019208440686289085,0.36582809955081946,0.7518039994181844,-0.09070601008493871,0.004834164459413498,0.65310014319955,0.7464689992495457,-0.09379066397928155,-0.0056678208804353016,0.6587527763252119,24.97047102182639,41.9861610501582,62.415122985839844,1,0.6314377454371805,-0.0026732435703189345,0.7074084796213015,0.10020935079939776,-0.06925620891735228,0.9908870949687865,0.057484159236076804,0.6311622262001038,-0.0029777800664305687,0.7064083218574524,0.10294492542743683,-0.06670732796192169,0.991083025932312,0.05202820152044296,-0.05757853388786316,0.3415748178958893,-0.52303546667099,0.13900332152843475,1.5664894580841064,-0.18476040661334991,-0.05374112058624575,0.33567439000802435,-0.5128834699401162,0.12764471675096697,1.5548213531085342,-0.1778121078107644
39.196041,1785472082.487,-0.05734642967581749,-0.020419398322701454,0.3630000054836273,-0.05686127588247603,-0.019276130829258227,0.3656446346540788,0.7484703311110574,-0.09240195283102824,0.0034887239256669515,0.656690087762018,0.7468705320100526,-0.09351660774452299,-0.003856243646028642,0.6583495894096999,24.86286136280885,36.217449372565184,22.162199020385742,1,0.6316852828988231,-0.002552381641805128,0.7081969703056845,0.09649510365521745,-0.07205519811370048,0.9909325219996052,0.059577514540859,0.6312149167060852,-0.002919132588431239,0.7065956592559814,0.10242053121328354,-0.06718423962593079,0.9910502433776855,0.053063150495290756,-0.05888036638498306,0.3482482433319092,-0.5343937873840332,0.14299015700817108,1.5795466899871826,-0.19005830585956573,-0.054470229066058126,0.3367954626159838,-0.51481215312601,0.1298028614137789,1.557038293053893,-0.1791322852961727
39.273705,1785472082.554,-0.05734642967581749,-0.021204538643360138,0.3630000054836273,-0.05688541843215746,-0.01942277805716552,0.3654938532304178,0.750464571135395,-0.07436669098735516,0.019264135976131285,0.6564308157050918,0.7477507568902545,-0.08915571517279532,0.001417630791125073,0.657965085962028,24.478996324083916,32.42790108355487,20.958423614501953,1,0.6317870418580217,-0.0025107126757418522,0.7084721394280556,0.09540245212716297,-0.07287195693730507,0.991058424646777,0.05823443102581987,0.6314138174057007,-0.0027651716955006123,0.7072495818138123,0.09998301416635513,-0.06915462762117386,0.9910175800323486,0.05572330579161644,-0.0576724074780941,0.35008004307746887,-0.5379109978675842,0.14000758528709412,1.5830461978912354,-0.19041350483894348,-0.05627622441040956,0.3414854771528583,-0.5228307104204974,0.13520320696724983,1.5662557066820444,-0.18360660114802593
39.382124,1785472082.62,-0.05695367604494095,-0.02081196941435337,0.3630000054836273,-0.05685555103342663,-0.019520536959359024,0.3652488699416839,0.745119129123909,-0.10074118058358399,-0.012236664919644726,0.659165352532957,0.747389437937469,-0.09667503788714164,-0.006205973449227601,0.6572856692508833,25.083900702431748,29.433796043621065,57.33513832092285,1,0.6320071979695716,-0.0024749126291043746,0.7086981971428905,0.0946932393813747,-0.07484451454181854,0.9913441207833772,0.051655815226304684,0.6315703988075256,-0.0026605110615491867,0.7077516913414001,0.09810447692871094,-0.07067174464464188,0.9910399913787842,0.05675139278173447,-0.052322085946798325,0.35108065605163574,-0.5407259464263916,0.12619490921497345,1.5843513011932373,-0.1901623159646988,-0.05684797547227687,0.34500501852490617,-0.5290057817705666,0.13717067139063555,1.5731315807371202,-0.1863940979116359
39.536315,1785472082.754,-0.05734642967581749,-0.020026829093694687,0.3630000054836273,-0.0568840902469345,-0.019573140031016605,0.365049123560396,0.7472034451404379,-0.09462247169148127,-0.00742914077261772,0.6577829484629684,0.746941809003942,-0.09906148681452585,-0.009393525703584673,0.657401336678646,24.98174621565549,27.03316680994393,73.85635375976562,1,0.632154046571513,-0.002520201214440034,0.7090655283335754,0.0948860284446344,-0.0733706007936385,0.9908255069736187,0.06227528623504018,0.6318219900131226,-0.0025546527467668056,0.708285391330719,0.09616469591856003,-0.07305829972028732,0.9912189841270447,0.05384954810142517,-0.06089123338460922,0.3527830243110657,-0.5424944758415222,0.1485247015953064,1.5873656272888184,-0.1933460235595703,-0.054270333757773986,0.34846524813639185,-0.5356797056305344,0.1309196702851773,1.5795215794315125,-0.18854022494603617
39.614264,1785472082.887,-0.05734642967581749,-0.020419398322701454,0.3630000054836273,-0.05690571146340805,-0.019612013936814946,0.36495992234101954,0.7464372288035858,-0.09264597792655513,-0.0046434710487313355,0.6589587425679055,0.7468551271868367,-0.09791350959881251,-0.008543249197182388,0.6576833406176046,25.17159465901263,26.471482613807428,17.617225646972656,1,0.6322331922139924,-0.002477754302098172,0.709365135821747,0.09548448737906,-0.0723420754879698,0.9905960861324747,0.06609637602072956,0.6319358348846436,-0.002540710847824812,0.708544909954071,0.09571380913257599,-0.07315647602081299,0.9910938143730164,0.05674636363983154,-0.06389088928699493,0.35283172130584717,-0.5425763130187988,0.1566082239151001,1.587376594543457,-0.1934662014245987,-0.05654726173764005,0.3499501051146589,-0.538022660918063,0.1369740731715054,1.5822191474896399,-0.19019294081614124
39.731507,1785472082.954,-0.05734642967581749,-0.02081196941435337,0.3630000054836273,-0.05693424033936463,-0.019708474404174548,0.3648386413956045,0.744997768151218,-0.09049406158614713,-0.0029422044068646834,0.6608937083227341,0.7464635151356508,-0.09632483753238674,-0.007343387285328862,0.658376655804916,26.494997489112162,26.48058976416655,28.056621551513672,1,0.632291622375897,-0.002445504329358341,0.7094989295599982,0.09567778896539991,-0.07230454433620055,0.9906754155510276,0.0646531870043984,0.6320152878761292,-0.0025214434135705233,0.7087580561637878,0.09564116597175598,-0.07292933017015457,0.9909690022468567,0.059282779693603516,-0.06267665326595306,0.35261160135269165,-0.5427513122558594,0.15356731414794922,1.5868548154830933,-0.19247908890247345,-0.05853738533082914,0.3507310019931557,-0.5392561786462775,0.1422949552259322,1.5836168156412243,-0.19107999585758353
39.799989,1785472083.054,-0.05695367604494095,-0.020419398322701454,0.3630000054836273,-0.056936101919170125,-0.019736090110519584,0.36469004906966795,0.7476564231249273,-0.09606596638773254,-0.007457793741602256,0.6570582808050883,0.7466276016244099,-0.09651754002402262,-0.007739790148617227,0.6581577961315569,25.057103457116657,25.811041553588673,59.11588668823242,1,0.6324364741032846,-0.002403015591453295,0.7096807942164891,0.09592327956217975,-0.07185482616892057,0.9908177713103885,0.06257597342259304,0.6321263313293457,-0.0024884482845664024,0.7090569138526917,0.09565259516239166,-0.07266755402088165,0.9908531308174133,0.061482612043619156,-0.06091206520795822,0.35250136256217957,-0.5432643294334412,0.14912737905979156,1.5861884355545044,-0.19026532769203186,-0.060232457777868245,0.3515010950571708,-0.5406866948512684,0.14691114051532447,1.584942808956468,-0.1916529405707763
39.892605,1785472083.187,-0.05640511214733124,-0.019580170512199402,0.3620000183582306,-0.05690215558953894,-0.019726063740002044,0.36449064953314647,0.7520566912810913,-0.07266801987310625,0.027689609133872993,0.6544947498132223,0.7478767127846477,-0.09155115614011745,-0.0003411073341998156,0.6574942523928433,26.169419099262086,25.917284320388447,22.175312042236328,1,0.6324780514987459,-0.0024004772827999833,0.7099036570987145,0.09607434637112204,-0.07205286055397268,0.9907601422283099,0.06302734190088312,0.6322539448738098,-0.0024538678117096424,0.7093113660812378,0.09576312452554703,-0.07233376055955887,0.9908389449119568,0.06193083897233009,-0.06130862981081009,0.35265886783599854,-0.5438992381095886,0.15017080307006836,1.5865482091903687,-0.19090038537979126,-0.06051076514781919,0.351910667625255,-0.5417410870643099,0.14781877608210803,1.5854529055046298,-0.19108470230012603
40.016187,1785472083.254,-0.05679677799344063,-0.019580170512199402,0.3620000183582306,-0.056870605633976334,-0.019747307212073854,0.3641982439538492,0.7511572140028444,-0.06433524114507466,0.027861862122173287,0.6563897723436701,0.7483540889090663,-0.08722913638236314,0.005367246594391558,0.6575168652156866,28.184278935280783,26.29552624811125,63.62104415893555,1,0.6324631704759999,-0.0024516757628653065,0.7102027167049386,0.09428306032363083,-0.07480526831620814,0.9912263697970612,0.05463661946982445,0.6323454976081848,-0.0024344082921743393,0.7095536589622498,0.09589017182588577,-0.07221853733062744,0.9908068180084229,0.06238139420747757,-0.054612405598163605,0.35440585017204285,-0.5484411120414734,0.13240782916545868,1.5904731750488281,-0.1910676509141922,-0.06083750029662488,0.35221700844016857,-0.5426235007095381,0.14878202909035637,1.5859014433169767,-0.19100922614516336
40.131316,1785472083.387,-0.057188455015420914,-0.02036314830183983,0.3620000183582306,-0.056887977478779515,-0.019779866458668704,0.3640828800799381,0.7455389585200075,-0.09804273684177246,-0.009629992297548764,0.6591407636687528,0.7476522739377284,-0.0900249601647844,0.0014940206714685693,0.6579584726449734,25.596283897691446,26.08737077345769,20.08056640625,1,0.6324952921120808,-0.002499457088365893,0.7106412568827354,0.09322524712311199,-0.0762636968284782,0.9915733377025578,0.04769924320466729,0.6323990821838379,-0.0024416788946837187,0.7098495960235596,0.09513125568628311,-0.07343949377536774,0.9910119771957397,0.058753885328769684,-0.049068644642829895,0.35547658801078796,-0.5519282817840576,0.11769972741603851,1.5929614305496216,-0.18969585001468658,-0.05792067806669886,0.3532425485364604,-0.5453478463114184,0.1411098324354582,1.588043569365521,-0.19103660509669879
40.200568,1785472083.454,-0.057188455015420914,-0.019971659407019615,0.3620000183582306,-0.056903144013168226,-0.019788478543064716,0.3639809606558078,0.7450333933025007,-0.09859108226021142,-0.010944581810335844,0.65960992828483,0.7470412506457594,-0.09207844570830243,-0.0014849206089911503,0.6583682287902021,24.901597650691514,25.733371397642287,63.111066818237305,1,0.6325442713596833,-0.0024736112064147092,0.7108142947941681,0.09403209996134851,-0.07470556733134262,0.9913882312025619,0.05221510719721568,0.6324298977851868,-0.0024595330469310284,0.7101080417633057,0.0944642499089241,-0.07442498952150345,0.9912201762199402,0.054954685270786285,-0.052661314606666565,0.3551214933395386,-0.5511872172355652,0.12720012664794922,1.5921982526779175,-0.18920281529426575,-0.054876465334360594,0.3540107884468357,-0.5476096840016399,0.13305915687758302,1.589734821826733,-0.1905755216342333
40.324247,1785472083.588,-0.05797179043292999,-0.019580170512199402,0.3620000183582306,-0.05704244567715759,-0.01977405224364056,0.36372746703378994,0.745443264590574,-0.06642198160733301,0.00027359894008392965,0.6632513737486886,0.7460663406609896,-0.08889744807491504,-0.004619022679281272,0.6598946307464368,33.4038031732455,27.55379811809341,61.61022186279297,1,0.6325693729432516,-0.002458604876089439,0.7111051037542717,0.09508917110218432,-0.07233654654897642,0.9910828040687032,0.058994483231773566,0.6324815154075623,-0.00246864533983171,0.7104421854019165,0.09425928443670273,-0.07455635815858841,0.9913000464439392,0.05367334559559822,-0.05805034562945366,0.3546673357486725,-0.5501492023468018,0.14141911268234253,1.5913946628570557,-0.18843357264995575,-0.053838538798067555,0.354531155634488,-0.5492843466064157,0.13031393477048805,1.590889084522933,-0.18993233029955972
40.44844,1785472083.721,-0.05875513330101967,-0.018797196447849274,0.3620000183582306,-0.057206455506168104,-0.019698661298101966,0.3636189237251399,0.7438326488785199,-0.09857049615162135,-0.02775273482180747,0.6604745517131587,0.7459943599124044,-0.08948552822321049,-0.010511432133931636,0.6598289664844889,43.769177576578016,34.61093825410738,59.713125228881836,1,0.6325361154198892,-0.0022424223053703948,0.7113476461454672,0.09914619748908629,-0.07158726818452688,0.9909588791634941,0.055188715915151045,0.6325095891952515,-0.0024654893204569817,0.7106663584709167,0.09454169124364853,-0.07379218190908432,0.9912294149398804,0.05550485849380493,-0.054943546652793884,0.3487497568130493,-0.5422598123550415,0.13415086269378662,1.580014944076538,-0.1855189949274063,-0.05528698087261434,0.3545779411505856,-0.5495805719000221,0.13413306395933677,1.591062952912038,-0.18941690944056017
40.572658,1785472083.821,-0.057421062141656876,-0.018745271489024162,0.36100003123283386,-0.05723604384540731,-0.019615359488392763,0.3633619340673272,0.7350106477166368,-0.16973054829457976,-0.08119077089506854,0.6514283901091938,0.7487101444278361,-0.09594675403101018,-0.01944271601785374,0.6556289505624434,50.79518880187116,42.68694432024684,57.48605728149414,1,0.6324233554467158,-0.0019964677289455715,0.7115107781134778,0.10293223655960392,-0.0707801719274138,0.9903732052264373,0.05963251049785366,0.6325243711471558,-0.0023594973608851433,0.7109774947166443,0.0966973751783371,-0.07275868207216263,0.9911063313484192,0.055354367941617966,-0.05846775323152542,0.34398534893989563,-0.5348238348960876,0.14437784254550934,1.5711694955825806,-0.1872868686914444,-0.055126063452996824,0.35184704010336343,-0.5461490229446097,0.13414147024825623,1.585886308940085,-0.18759050883591755
40.651157,1785472083.955,-0.056639883667230606,-0.019916489720344543,0.36100003123283386,-0.057191776008060885,-0.019634477191865087,0.36321144742367306,0.7389389728171015,-0.14514262037384076,-0.05911810441011103,0.6552921973699802,0.7458525702257245,-0.1120743391788813,-0.03242317709047981,0.65581401599284,50.942120471810085,45.24121693201113,16.961097717285156,1,0.6322987036024736,-0.0019523523546595071,0.7118963906508118,0.10483418455379163,-0.07384093283405475,0.9891906363499819,0.0711280208121677,0.6324968338012695,-0.0022602626122534275,0.7111203074455261,0.09838443994522095,-0.0722309947013855,0.9909133911132812,0.05651498958468437,-0.06818139553070068,0.3432604670524597,-0.5326026678085327,0.1700718253850937,1.5704880952835083,-0.2010350376367569,-0.056031662599504914,0.3497164807303773,-0.5430788671858258,0.13691557879788208,1.5818980525202013,-0.1875082242605233
40.746209,1785472084.021,-0.05554923787713051,-0.01864141784608364,0.359000027179718,-0.05702849762562555,-0.019568849553073857,0.36270874942354714,0.7502402864371706,-0.07159550981427062,0.021764881504900094,0.6569169548079762,0.7436438434673309,-0.12340667045040013,-0.041559278958521476,0.6557724102872349,52.296654691658205,47.4303237335642,21.126270294189453,1,0.6323274752436078,-0.0020189997166088474,0.7121220361186344,0.10273671948583134,-0.06849905970883054,0.9881478278677378,0.09119712478234901,0.6324559450149536,-0.0021992765832692385,0.7112482786178589,0.09958234429359436,-0.07255781441926956,0.9906068444252014,0.059303153306245804,-0.08382400870323181,0.3484066426753998,-0.5369169116020203,0.21114379167556763,1.5805964469909668,-0.2011776864528656,-0.05834011241987948,0.34848981637628973,-0.5410878494992123,0.14321529344450173,1.5797301606452296,-0.19007831991250868
40.808558,1785472084.088,-0.055937666445970535,-0.019029662013053894,0.359000027179718,-0.056951743448961076,-0.01954424408361032,0.36234767241800375,0.7432161846516214,-0.12057623000362644,-0.029930074943158018,0.657415596288905,0.7435280509900116,-0.12256705718353159,-0.038102521835322464,0.6562709438289587,53.0836207832893,49.1691964911974,18.155574798583984,1,0.6322293312742684,-0.002264567483834001,0.7128759104119025,0.10123213443081266,-0.06471780030100775,0.9871540451888653,0.1053116914214209,0.6323987245559692,-0.0021347131114453077,0.7113779187202454,0.10032705962657928,-0.07147254794836044,0.9900542497634888,0.06796137243509293,-0.09506426751613617,0.35218605399131775,-0.5409983992576599,0.24003763496875763,1.588987946510315,-0.20097945630550385,-0.06524624859306583,0.34846726321347354,-0.5399572010932696,0.16162393563261868,1.5799649242449245,-0.19308624926380102
40.90046,1785472084.155,-0.05678481608629227,-0.018151486292481422,0.3570000231266022,-0.056906522606005504,-0.019437818266643717,0.36151316623579294,0.7481348952963826,-0.11331222490041747,-0.01480776444018045,0.6536323494444503,0.7442615694802366,-0.12061386399340494,-0.032508363899504816,0.6561022925458901,53.87876846588523,51.13689563132487,59.26012992858887,1,0.6321926900441106,-0.0023801954437172586,0.7134174382299412,0.09937256277573066,-0.064811470598782,0.9876556030572897,0.10227891667273477,0.6322984099388123,-0.0021536173298954964,0.7118134498596191,0.1005367860198021,-0.06867945939302444,0.9890603423118591,0.08327686041593552,-0.09263685345649719,0.3546016812324524,-0.5466502904891968,0.23310188949108124,1.59451162815094,-0.19839540123939514,-0.07745702644028131,0.3499901023074889,-0.5403825067674607,0.1937351989114677,1.5836599420928246,-0.19631860068602403
41.008891,1785472084.255,-0.05755734071135521,-0.018151486292481422,0.3570000231266022,-0.056966070669839046,-0.0192893196854123,0.3606696950023337,0.7520012423254283,-0.058229094347763286,0.017244375670364572,0.6563582372608657,0.7496843830401723,-0.08237854017884333,-0.00013626663452181043,0.6566483711813225,52.29104506746092,52.09556768646782,61.15007400512695,1,0.6320338422676326,-0.0024491096691674624,0.714669238970822,0.09679263572716479,-0.06634269834969644,0.988326955862275,0.09715791455500848,0.6322434544563293,-0.002247223164886236,0.7125203609466553,0.09995469450950623,-0.0668385773897171,0.9884549975395203,0.09218715876340866,-0.08850985765457153,0.35816705226898193,-0.5560644865036011,0.2218046933412552,1.6035008430480957,-0.19684749841690063,-0.08456967273404678,0.35215083020421245,-0.5433175786523213,0.21218093704695182,1.588744597260529,-0.19729171227136805
41.132486,1785472084.388,-0.057396113872528076,-0.017715640366077423,0.35600000619888306,-0.057010493639593596,-0.01913133187117226,0.35980809098837224,0.7482484690242696,-0.09242351964292046,-0.005844809121502621,0.6569231003899808,0.7492747857920694,-0.09267404570121024,-0.007091554971584003,0.6557046030627691,52.817394310773324,52.61079089474556,61.647891998291016,1,0.631812032353369,-0.002360828498352656,0.7159346836443579,0.10054856681770577,-0.07757265395801657,0.9907300359775881,0.04823344151791329,0.6321505904197693,-0.002340116072446108,0.7135217785835266,0.09847176820039749,-0.06659268587827682,0.9883999824523926,0.09452100098133087,-0.05015284940600395,0.3482247292995453,-0.5526466369628906,0.12095320224761963,1.5866838693618774,-0.1930602639913559,-0.08641588403542437,0.3549697189720709,-0.5492885303255731,0.2166903577529978,1.5956587690305055,-0.19708358037398904
41.27129,1785472084.522,-0.05646669492125511,-0.01613020710647106,0.35500001907348633,-0.05695998968615713,-0.018536825225650647,0.35909210939626585,0.7375439607773385,-0.1699163216544021,-0.07345762703792305,0.6494315411082763,0.7489287906683034,-0.09258954566072473,-0.006670828598573618,0.6561161045030532,53.145127503133544,52.736848097221255,66.5578842163086,1,0.631575987176596,-0.0022952490471758453,0.7172273149993373,0.09833762196858774,-0.07606456653634455,0.9904014628701528,0.06040559715674059,0.6319443583488464,-0.0023453151807188988,0.7143753170967102,0.09922957420349121,-0.0717196837067604,0.9898003935813904,0.07283565402030945,-0.059613969177007675,0.3531351089477539,-0.5613005757331848,0.14599893987178802,1.5985441207885742,-0.195642352104187,-0.06949363506046842,0.35180924912507766,-0.5508608460492549,0.17183192809784398,1.5914534990166729,-0.19519842425833794
41.347197,1785472084.622,-0.05646669492125511,-0.01651412434875965,0.35500001907348633,-0.056922211442097075,-0.01836455742589411,0.35865404581446747,0.7489676716805572,-0.10306634932356448,-0.006703159619898713,0.65450731246154,0.7489464293378919,-0.09521492279953823,-0.006678997758585203,0.6557200282492835,52.75193036474833,52.742669773903984,67.03996658325195,1,0.6306848908833512,-0.0023712726036073844,0.7183018192141019,0.09809066239649762,-0.07559798902893476,0.9904879556636786,0.05997312473586872,0.6317923665046692,-0.00232081045396626,0.7155249714851379,0.09884990751743317,-0.07352613657712936,0.9900673627853394,0.06774438172578812,-0.05942224711179733,0.35188382863998413,-0.5621951818466187,0.14497704803943634,1.6009479761123657,-0.19428464770317078,-0.0654478136693982,0.3523521863324171,-0.5551356113928071,0.16125308466742458,1.594357179538484,-0.19538021853138401
41.439549,1785472084.722,-0.056082598865032196,-0.01651412434875965,0.35500001907348633,-0.05687031977418443,-0.018265819202557338,0.35841819633422795,0.7449934449930058,-0.12527145830293632,-0.03421318627327482,0.6543097787265135,0.7480979453682466,-0.10256313670070472,-0.013398073592375801,0.6554775043812976,53.12377179754998,52.85586469677419,23.556232452392578,1,0.6304268860186543,-0.002428355416612506,0.7189590345515875,0.09626825314983253,-0.07562972459237012,0.9905456016074007,0.06190298320593858,0.6313408017158508,-0.0023378513287752867,0.7166546583175659,0.09853518754243851,-0.0743885412812233,0.9902468919754028,0.0645621046423912,-0.06093083694577217,0.3544788658618927,-0.5673769116401672,0.14863412082195282,1.6077879667282104,-0.19470180571079254,-0.06298028496167186,0.35216036241248444,-0.5580258732396023,0.15458792436501065,1.5970561766434546,-0.194931573630217
41.501412,1785472084.789,-0.05646669492125511,-0.01728196069598198,0.35500001907348633,-0.05685335407570987,-0.0182102896202649,0.35822410401365123,0.7458191095978621,-0.11142282884602399,-0.02193490098761811,0.6563974932076335,0.7476053794159806,-0.10451888731702409,-0.015281396773411227,0.655689314976958,55.709349476561286,53.707307987949875,21.477222442626953,1,0.6302789508312677,-0.0025064086750316667,0.7193128332620904,0.09591276533817322,-0.07364067680506636,0.9900705049216191,0.07168115128209458,0.6310946941375732,-0.0023628000635653734,0.7172784805297852,0.09792157262563705,-0.07472904771566391,0.9903287887573242,0.0638420358300209,-0.0688091591000557,0.35599637031555176,-0.5688706040382385,0.16897836327552795,1.6116046905517578,-0.19579195976257324,-0.06242488538054079,0.35278865677098076,-0.5605594724935582,0.15297447266746883,1.5999644917564235,-0.19486930823800214
41.609314,1785472084.855,-0.05685079097747803,-0.01766587793827057,0.35500001907348633,-0.05683783750894653,-0.018169123090571053,0.3579049865493152,0.738339150930859,-0.1458146158159381,-0.059747793149547965,0.6557618449032447,0.7449298039182076,-0.11756417355694106,-0.029181211427319755,0.6560538920164168,57.14781851906629,55.26591880615269,58.25638771057129,1,0.6301958319647415,-0.002532068633857425,0.7196040033443585,0.09587852744550039,-0.07272031767932802,0.9899496613773454,0.07428816399924955,0.6307622790336609,-0.002421616343781352,0.7181042432785034,0.09709303826093674,-0.07426854223012924,0.9902326464653015,0.06705503910779953,-0.07089384645223618,0.35630691051483154,-0.5695698857307434,0.1743355095386505,1.612849235534668,-0.19522786140441895,-0.06503931064465053,0.35410221819126,-0.5639621727774126,0.15952826909738282,1.604731269565101,-0.19524714592593573
41.732585,1785472084.989,-0.05685079097747803,-0.01728196069598198,0.35500001907348633,-0.05683846118364266,-0.018130812364383707,0.35777186422663526,0.7412385399778235,-0.1264943735846333,-0.04377897843797199,0.6577598356162401,0.7439696915621609,-0.11994496440275536,-0.03306804999821254,0.6565278422280663,56.98559424332262,55.77554496644413,19.768476486206055,1,0.6301343869682275,-0.002555756997017574,0.720082698477746,0.0965817085580823,-0.06756338039886174,0.9886854041304682,0.0927811126278032,0.6304936408996582,-0.002473303582519293,0.7188048362731934,0.096518874168396,-0.07353578507900238,0.9901081919670105,0.070444256067276,-0.08552490919828415,0.35742679238319397,-0.5685489177703857,0.2128557413816452,1.6154248714447021,-0.19463787972927094,-0.06778250778928252,0.3551352124431175,-0.5665887792321197,0.16646638715437814,1.6085350155818352,-0.19523811340959274
41.852087,1785472085.122,-0.05783969536423683,-0.017616113647818565,0.3540000021457672,-0.0569029760743306,-0.01816476897924519,0.35736958038873956,0.7435077619868738,-0.09689970937617795,-0.008760566755667772,0.6616115980378532,0.7438027257355599,-0.11493823931487115,-0.029542628937226933,0.6577795522871064,57.09458123987552,56.43761165578046,20.48325538635254,1,0.6301679575058527,-0.002581724260553399,0.7204681501661804,0.09951109472247956,-0.06515938955038929,0.9876556185322808,0.10192239774540408,0.63036048412323,-0.002490965649485588,0.719186007976532,0.09650056809186935,-0.07146456837654114,0.9896845817565918,0.07813356816768646,-0.09305689483880997,0.35476988554000854,-0.5631821155548096,0.23266954720020294,1.6102604866027832,-0.1958216279745102,-0.07388412049923011,0.35592327026582404,-0.5672624120810862,0.18241971259104897,1.610904437013075,-0.19503169487727834
41.92024,1785472085.189,-0.05707366392016411,-0.01723327860236168,0.3540000021457672,-0.05693725653547628,-0.01805178297671081,0.3570486418481718,0.7289809545626263,-0.18875093500837142,-0.06586167780212183,0.65469236425631,0.7453780380290951,-0.11019224416545963,-0.01265278279680019,0.6573501021808498,57.7451289359442,56.94903555694339,56.200504302978516,1,0.6301284870690979,-0.002458828120606391,0.7208859069915119,0.0986544215752617,-0.06578568506176274,0.9887818502241289,0.09082951839547193,0.6302820444107056,-0.002509982790797949,0.7195602059364319,0.09748656302690506,-0.06930675357580185,0.9890606999397278,0.08632484078407288,-0.08391964435577393,0.35476455092430115,-0.5667314529418945,0.20895890891551971,1.6109869480133057,-0.1903187483549118,-0.0804776388874294,0.3555265975271888,-0.5658585335588375,0.19970067195699345,1.6106829824669757,-0.1953033559439253
41.998738,1785472085.289,-0.05787979066371918,-0.017864931374788284,0.359000027179718,-0.05699949818890329,-0.018041505918212967,0.3573894655949449,0.7329503513366032,-0.16328203455268656,-0.028849006403214524,0.6597654844696201,0.7459239001480612,-0.10835221387534114,-0.006136052813150733,0.6571298819807937,57.29158258076306,57.05074296430135,20.597219467163086,1,0.6299593802985133,-0.0024077292603368813,0.721367479942618,0.0900060594218901,-0.06978883774957151,0.9905728071737524,0.07611794191134656,0.6302403807640076,-0.0024959417060017586,0.7199170589447021,0.09780427813529968,-0.06835123151540756,0.9889885187149048,0.08754559606313705,-0.07133983820676804,0.3651030361652374,-0.586576521396637,0.17614395916461945,1.6325860023498535,-0.18700926005840302,-0.0814104232956053,0.3553200657705469,-0.566094614180201,0.20220968523401453,1.6107653571300313,-0.19395252970312446
42.075812,1785472085.356,-0.05773918330669403,-0.0168862733989954,0.3630000054836273,-0.057038863284781,-0.017969671674938313,0.35870683588604424,0.7377980462050453,-0.14436902628088627,0.008443450693240933,0.6593484173084193,0.7434626052351576,-0.11984761857627974,-0.0014913263387972059,0.657949602085371,57.44246559833888,57.16585900854952,23.188352584838867,1,0.6299436993137943,-0.0023138538897979925,0.7208563463261457,0.08666226870553839,-0.07132736257780482,0.9911815125286454,0.07043626730548799,0.6301661729812622,-0.0024683275260031223,0.7202965617179871,0.09567299485206604,-0.06878360360860825,0.9894352555274963,0.08445940911769867,-0.06635191291570663,0.36861443519592285,-0.5918143391609192,0.1634908765554428,1.6391147375106812,-0.18615542352199554,-0.07868129497239694,0.35797124719303186,-0.5716451083599099,0.19514587980884202,1.616678751984603,-0.1920709040977307
42.169154,1785472085.422,-0.056787099689245224,-0.01627855747938156,0.367000013589859,-0.05702305184483481,-0.01784083867298592,0.3609930976301984,0.7402528999690776,-0.132918238228672,0.02533371142898099,0.6585716279181709,0.7425260968325317,-0.12396691322085786,0.006938737345953407,0.6582089743183254,56.58465121484698,56.99305831897852,21.13819122314453,1,0.6298346574326353,-0.002252781321270806,0.7188804232306996,0.0752665755434229,-0.06850323768698284,0.9919669029190099,0.07512597783479913,0.6300897598266602,-0.002409770153462887,0.7204638123512268,0.09254927933216095,-0.06971526145935059,0.9900656342506409,0.07965157926082611,-0.06863581389188766,0.38254162669181824,-0.6077837944030762,0.17007602751255035,1.6646796464920044,-0.17938552796840668,-0.07444122502779639,0.3616314254003305,-0.5785809018849462,0.18425974872483933,1.6243944874070213,-0.19003657213845795
42.231032,1785472085.489,-0.05529406666755676,-0.016948077827692032,0.37300002574920654,-0.05678706181254041,-0.017784491243704122,0.365784542054331,0.7179784519475738,-0.23604381583710277,-0.059266228927895834,0.6521332483876985,0.7417609661260223,-0.12712721645896577,0.013421176646783604,0.6583685988749777,56.47662155596932,56.79329882717512,19.890785217285156,1,0.6296390575963077,-0.0022729786911517354,0.715451141329106,0.06634707136724062,-0.06833078208457304,0.9928333631829248,0.07218644811585788,0.63001549243927,-0.0023497308138757944,0.7199078798294067,0.08660099655389786,-0.06934014707803726,0.9907515048980713,0.07812607288360596,-0.06541374325752258,0.39090487360954285,-0.6133872866630554,0.16167500615119934,1.6785173416137695,-0.1761738657951355,-0.07244474529184934,0.36882243058826497,-0.588623377397386,0.17938198974193348,1.638248553616347,-0.18637367955539946
42.293614,1785472085.589,-0.054399341344833374,-0.017175262793898582,0.37800002098083496,-0.056530644911823226,-0.017756356834310583,0.3699195039545561,0.7368299949605019,-0.1694250476937062,0.0010848251708569967,0.6545040373403671,0.7404216519905423,-0.13997360344952925,0.009685035244388823,0.6573350497982482,55.53354463773799,56.41717753135045,21.41880989074707,1,0.629549343657498,-0.002619867733009389,0.7082636916495185,0.059483808681787716,-0.06819402524925333,0.9934395959515838,0.06992153188086357,0.6299264430999756,-0.002324488013982773,0.7186803817749023,0.08110596984624863,-0.06910736858844757,0.991355836391449,0.07654757052659988,-0.06349851191043854,0.39353224635124207,-0.6017292737960815,0.15513311326503754,1.6772507429122925,-0.1761890947818756,-0.07053934436416753,0.374806766976959,-0.5953342127860398,0.17458340709481213,1.6491613951636483,-0.18360953062348448
42.403148,1785472085.656,-0.05457907170057297,-0.0193080585449934,0.3880000114440918,-0.05612504037729264,-0.017975725964465103,0.3792674592575501,0.6734221973505959,-0.34016846063809064,-0.1466062289381864,0.6397613431109531,0.7372669514857151,-0.16594790431812778,0.002659798535233771,0.654898206419237,54.833606415975986,55.67302873195732,61.775922775268555,1,0.6295025912901,-0.002998396183171694,0.7020609063576365,0.05310904225815513,-0.06624814743480396,0.9930387300040974,0.0816375728676909,0.6297937035560608,-0.0024439000990241766,0.71437668800354,0.07224628329277039,-0.06875567883253098,0.9922683835029602,0.07386939972639084,-0.07259894162416458,0.3982481062412262,-0.5928322672843933,0.17758050560951233,1.6801265478134155,-0.17885689437389374,-0.06765605449251595,0.38247502614119505,-0.5979526565178156,0.16661833776076243,1.6606642639601956,-0.18057078909308405
42.528062,1785472085.789,-0.053717900067567825,-0.0200327318161726,0.39400002360343933,-0.055880538626909025,-0.0182965778465715,0.38800292936318065,0.7141906632024194,-0.2369118051403749,-0.06470029168854617,0.6554527942079691,0.7263949243953114,-0.20087487533862552,-0.031144646728833436,0.6565285288931151,53.826885540900015,54.89840461101824,18.770217895507812,1,0.6298215858052252,-0.0035933918757818295,0.6880381654851767,0.0397533471510371,-0.06229946491548972,0.9917260569868488,0.10496607049351926,0.6297121644020081,-0.0027213057037442923,0.707962155342102,0.06311655789613724,-0.06738126277923584,0.9925634264945984,0.07933447510004044,-0.08999162912368774,0.4089938700199127,-0.5723033547401428,0.2214067131280899,1.6837966442108154,-0.18483905494213104,-0.07141948600552914,0.3898389682325725,-0.5938026608962989,0.1754900888096584,1.6690012734606676,-0.18046714880883705
42.626499,1785472085.923,-0.053717900067567825,-0.019606636837124825,0.39400002360343933,-0.05572860389451281,-0.018377024542384695,0.38954176473040264,0.7048113087858118,-0.25716967987010625,-0.08589092094213477,0.6555360588578253,0.7174071804746431,-0.22603434703354033,-0.05547746051800904,0.6566259686754832,53.586007696465266,54.51052017216008,14.362812042236328,1,0.6302936404113835,-0.003947764577561695,0.6749342841634923,0.038798272099608754,-0.04583351834366025,0.9865989576829195,0.15171183005060368,0.6298274397850037,-0.0030678478069603443,0.6996949911117554,0.05346713215112686,-0.06537768989801407,0.9923756122589111,0.0897647887468338,-0.12542714178562164,0.4065510630607605,-0.5259855389595032,0.31477609276771545,1.660137414932251,-0.1852026730775833,-0.07902496654330918,0.3976830767903354,-0.5849979477685714,0.19429343436029753,1.6750601257365607,-0.1822574896988642
42.746553,1785472085.989,-0.05214473232626915,-0.0192292220890522,0.39500001072883606,-0.055120818166294556,-0.018465700933726056,0.3915142863355426,0.6871366689666782,-0.308758908913592,-0.1391968566642988,0.6427560730344323,0.6995326889992999,-0.27775099736978665,-0.10825413801833902,0.6494531869837918,56.312065045316984,55.26551751276955,70.85466384887695,1,0.6304125424550562,-0.004173517148140865,0.6726257281530039,0.03784964578793571,-0.033886803274382024,0.9813495922215749,0.1853970515518516,0.6301210522651672,-0.003438629675656557,0.6863263249397278,0.04539346322417259,-0.05579173564910889,0.9899211525917053,0.12199527770280838,-0.15032880008220673,0.4088939428329468,-0.5116862058639526,0.38228434324264526,1.6600679159164429,-0.18225891888141632,-0.1032331282521082,0.4023095130995452,-0.5542103256251064,0.25714965487839103,1.6672749012495487,-0.183794004004125
42.857337,1785472086.123,-0.05356212705373764,-0.020134421065449715,0.3960000276565552,-0.055013061783289276,-0.018588713250715816,0.39236698033078904,0.7089629456213314,-0.22831439180760466,-0.0679190767297479,0.6638004815045161,0.6764459880664226,-0.32317419688026194,-0.1545977139821642,0.6434895574375141,55.38530465359486,55.544505976889376,60.34398078918457,1,0.6305427473974055,-0.005082420896460231,0.66966596722997,0.03724433399147971,-0.014447949559294737,0.965450170756827,0.25750744479466375,0.6301713585853577,-0.003607117338106036,0.6802509427070618,0.04191785678267479,-0.04721152409911156,0.9869767427444458,0.1479557603597641,-0.20238539576530457,0.41409435868263245,-0.4775884747505188,0.5273077487945557,1.662709355354309,-0.19040243327617645,-0.12251927864505524,0.4050058911206206,-0.5367958825740506,0.3083935912892939,1.6643235686857882,-0.18316537366847732
42.948698,1785472086.223,-0.05356212705373764,-0.020134421065449715,0.3960000276565552,-0.054947100455904056,-0.018684425134620385,0.3928350987440598,0.6622119881638687,-0.3400125265088862,-0.1820765105316638,0.6424289134695862,0.6697925884317796,-0.3312189872434657,-0.16766840515926207,0.6430856683853396,55.54426438643928,55.54443440322983,20.937681198120117,1,0.6307262551178929,-0.005242967463748496,0.6683866438223962,0.03580630966874772,0.008118227679787145,0.9466774350384127,0.32008410856575964,0.6299866437911987,-0.003141844877973199,0.6745384931564331,0.03863131254911423,-0.03495649993419647,0.9798148274421692,0.1929989904165268,-0.24362494051456451,0.4176878333091736,-0.4407441020011902,0.6533351540565491,1.6643919944763184,-0.18695561587810516,-0.154407606599516,0.4087276973638104,-0.5125494548855207,0.3980411632441877,1.663662532184414,-0.1861290251084666
43.068679,1785472086.29,-0.05356212705373764,-0.019706163555383682,0.3960000276565552,-0.05485904002706252,-0.018745867799380367,0.39327121633677753,0.6754523421836042,-0.321878705801388,-0.16118113313670537,0.6435673037927536,0.6725092736942004,-0.3267646062141481,-0.16457336707818215,0.6433286685431961,56.31796455922817,55.84401027872802,28.228759765625,1,0.6308692590738751,-0.005341349188833999,0.6676842724442354,0.03875900118568923,0.015002727420156323,0.9415999921740945,0.3341588136422405,0.6297606229782104,-0.0028852876275777817,0.6707403659820557,0.036106258630752563,-0.021029559895396233,0.9705896377563477,0.23708601295948029,-0.25313153862953186,0.41403424739837646,-0.4238857328891754,0.6830445528030396,1.6554614305496216,-0.1876712143421173,-0.18495266254257867,0.41180908150484,-0.4878553689154745,0.4858367876702617,1.6639133942665998,-0.18641329186207456
43.10338,1785472086.39,-0.05356212705373764,-0.020562678575515747,0.3960000276565552,-0.05480457908028364,-0.018870349785052996,0.39348896771150443,0.7163362838258855,-0.2104489607335046,-0.050646279090170894,0.6633313785846623,0.6734440940355622,-0.3252195596912909,-0.16350035888594508,0.6434072760289481,55.10274665448645,55.625715976136995,22.318601608276367,1,0.6309608627672014,-0.005472881382528487,0.6670299048611277,0.03995861138464767,0.012416744813119539,0.943368097273853,0.3290984151744992,0.6297979950904846,-0.0030292558949440718,0.6690757274627686,0.03602844849228859,-0.011782749556005001,0.9638696312904358,0.263663649559021,-0.25028395652770996,0.413000226020813,-0.42449381947517395,0.6730642914772034,1.652442216873169,-0.19137358665466309,-0.20342913960807654,0.4124120892278938,-0.4705191751470132,0.5392801304066476,1.6616229120992987,-0.1867541931789691
43.227399,1785472086.456,-0.05356212705373764,-0.01927790604531765,0.3960000276565552,-0.05471918279983478,-0.018933139061324097,0.39380522679208146,0.6726689534273551,-0.3235406907627731,-0.15803085907110978,0.646424124006013,0.6736868347231071,-0.32415872601986273,-0.1618014015030933,0.6441175944946508,54.98349071807903,55.326780860894075,57.747602462768555,1,0.6311472920977818,-0.005554417273641552,0.66670307126481,0.04037360893934741,0.011521293878971309,0.9439721641146591,0.32734352730007366,0.6300592422485352,-0.0035747464280575514,0.6679437160491943,0.03693139925599098,-0.0037673108745366335,0.9574108719825745,0.28633251786231995,-0.2492971420288086,0.413007915019989,-0.42499276995658875,0.6696097254753113,1.6513214111328125,-0.19269633293151855,-0.2195425124527732,0.4126143370362909,-0.4546906212373777,0.5852885406628484,1.6584656710110328,-0.18834280733304123
43.304385,1785472086.59,-0.05313366651535034,-0.019706163555383682,0.3960000276565552,-0.054624005067432535,-0.018964569047220905,0.3939257559685943,0.6908448014761701,-0.28297432331934186,-0.11854001908658574,0.6546810341611123,0.6793001514944468,-0.3115110160542108,-0.14843981384860264,0.6476710683063488,55.066973530450895,55.249686335784986,20.59793472290039,1,0.6312410413453025,-0.0056821306652290035,0.6662284938505287,0.039984165108845345,0.011517880448421943,0.9446739822216988,0.32536083397348564,0.630378782749176,-0.004131647292524576,0.6673511266708374,0.03793150186538696,0.0013610445894300938,0.9530231356620789,0.3005100190639496,-0.24816551804542542,0.4133037328720093,-0.42578577995300293,0.6653988361358643,1.650946855545044,-0.19177278876304626,-0.22977513081819292,0.4127496709944964,-0.4444769136191817,0.6142866447792978,1.6560087600389128,-0.18983999181061478
43.413707,1785472086.657,-0.05356212705373764,-0.02099093608558178,0.3960000276565552,-0.054539526400335485,-0.01915921451377455,0.39412338817262993,0.7052793607637516,-0.24123370741026878,-0.07755658632790542,0.6620968944247758,0.6964882160388409,-0.26963468298767584,-0.10577283117026108,0.6565161162038566,54.157662068174375,54.98218049874811,59.63420867919922,1,0.6312879382621622,-0.005824761829447782,0.666047528753703,0.04013498778559526,0.007051204387233018,0.950737148814601,0.3073082119566978,0.6307104229927063,-0.004716140683740377,0.6668270230293274,0.038700126111507416,0.005465376656502485,0.9496985077857971,0.31071722507476807,-0.23689675331115723,0.41199207305908203,-0.43586665391921997,0.6288086175918579,1.6487528085708618,-0.18895314633846283,-0.23730617903475731,0.4129765481688667,-0.43682211598746534,0.6352176412786943,1.6539358595296285,-0.1906314983947241
43.50775,1785472086.79,-0.05356212705373764,-0.020134421065449715,0.3960000276565552,-0.054499758964671685,-0.01920028861590848,0.39420883174059,0.6685924802937326,-0.3282377416831069,-0.16300387525446156,0.6470500883868857,0.7001974804313961,-0.2581712858761379,-0.094350549635446,0.658915054715003,54.63484976669312,54.879057198758595,20.174264907836914,1,0.6315795937588067,-0.005951445983529659,0.665750758344222,0.04130336287239048,-0.008539194241657024,0.9676249768713258,0.24884336139809207,0.6309465169906616,-0.005168380681425333,0.6665062308311462,0.03928583860397339,0.006116893142461777,0.9501259326934814,0.3093216121196747,-0.19819220900535583,0.4074326455593109,-0.4639299511909485,0.5108779072761536,1.640857458114624,-0.18281522393226624,-0.23713851550193943,0.41257338190038484,-0.43643035521255263,0.632593116380669,1.651813348331504,-0.18994420224780287
43.583036,1785472086.857,-0.05313366651535034,-0.019706163555383682,0.3960000276565552,-0.05442605128505671,-0.019227088178472046,0.39428657378306875,0.6330334086129422,-0.4013036556821271,-0.23806237906978414,0.6176976470634115,0.7021075319181354,-0.2519871533696138,-0.08820750666045628,0.6601264454097024,55.10274665448645,54.94471877655326,22.7203369140625,1,0.6316410654906974,-0.006011025868716499,0.6656224929349742,0.04167932740424787,-0.012080026906400433,0.9715267546373318,0.23292202910185172,0.6310788989067078,-0.0054797702468931675,0.6657902002334595,0.03975307568907738,0.0002095146046485752,0.9578040242195129,0.2846594750881195,-0.18728718161582947,0.4057811498641968,-0.46963536739349365,0.47881773114204407,1.6379103660583496,-0.18022261559963226,-0.2215630621459098,0.41046818218575976,-0.44769114024466594,0.582749565446618,1.6473268017287894,-0.18702482124313569
43.659431,1785472086.923,-0.05356212705373764,-0.020134421065449715,0.3960000276565552,-0.0543701928487856,-0.019286551378579563,0.3943933580217946,0.7144330974867605,-0.22293985717727963,-0.06151786710714664,0.6603777111046636,0.7075871017856514,-0.23947340672748235,-0.0766793986678316,0.6603735690326011,55.889520544905615,55.31091428825667,20.222187042236328,1,0.6316810886221116,-0.006121508596737489,0.6655057446621255,0.04187632705780891,-0.01397953269200505,0.9735086613769274,0.2243475699042979,0.6311869621276855,-0.00550617603585124,0.6654514074325562,0.04012991860508919,-0.004074017982929945,0.9628701210021973,0.26693466305732727,-0.18147936463356018,0.40493762493133545,-0.47243568301200867,0.46154579520225525,1.6362850666046143,-0.17898522317409515,-0.20977558741736105,0.4088562958352228,-0.4552372381804897,0.5470074527434108,1.644088489501725,-0.18468554904035145
43.768612,1785472087.023,-0.05342686548829079,-0.020510751754045486,0.39500001072883606,-0.054296189346154156,-0.01941920010659316,0.3944998636264732,0.6807759186408066,-0.3031890652977239,-0.13093419688446814,0.6538170809705705,0.7111197854840665,-0.2310756772100134,-0.06896871975576709,0.6604210761251336,55.32531646030708,55.24680135929441,59.392452239990234,1,0.6317701010688979,-0.006205217862832897,0.665345425941496,0.04291309157603341,-0.020366168003450563,0.9769651340756927,0.20804521761556075,0.6312709450721741,-0.005586845334619284,0.6652975678443909,0.040434546768665314,-0.0067909881472587585,0.9659575819969177,0.2554308772087097,-0.17017138004302979,0.403222918510437,-0.4772605001926422,0.42895326018333435,1.6330046653747559,-0.1822013407945633,-0.20210731167213108,0.4077943204037426,-0.45989751838188414,0.5238473888394632,1.641973761896608,-0.18314076673877186
43.880437,1785472087.157,-0.05342686548829079,-0.020083576440811157,0.39500001072883606,-0.05425941461765182,-0.01945069243564943,0.39453146655520654,0.6581404793539497,-0.34921895365264105,-0.17639133689200942,0.6432599226711996,0.7119575667805179,-0.22904311733885188,-0.06710550888632838,0.6604184462753688,55.407571197707355,55.29447822899547,22.950410842895508,1,0.6319688681521565,-0.006316241323778704,0.6651854239287043,0.043597678999810485,-0.024626745071313426,0.9790991183815159,0.19712352015312745,0.6313731670379639,-0.005684575531631708,0.6650746464729309,0.04107913747429848,-0.011490106582641602,0.9700374007225037,0.23918163776397705,-0.1625753492116928,0.40236249566078186,-0.48045411705970764,0.4071422219276428,1.6306941509246826,-0.18441082537174225,-0.19112454549686797,0.4062221985698741,-0.46586812712565573,0.49121334696222285,1.638889289602743,-0.18281770436477604
43.966261,1785472087.224,-0.05299948528409004,-0.0192292220890522,0.39500001072883606,-0.054189606715825636,-0.019434615147976404,0.3945576215052135,0.6445696245974877,-0.3806032536072662,-0.20422262247820155,0.6308441034502447,0.7124979901059623,-0.2277232935392411,-0.06589628488896572,0.6604138061188887,55.753321788984486,55.42936693402511,21.703243255615234,1,0.6320160260329316,-0.006371398456611124,0.6651379335800348,0.043762041344394646,-0.025654932801131385,0.9795934631034814,0.19448227478428287,0.6314866542816162,-0.005782661028206348,0.6649386286735535,0.04162948578596115,-0.01506711170077324,0.9726976752281189,0.2278139740228653,-0.1607765555381775,0.4021468758583069,-0.4811563193798065,0.40188154578208923,1.6300967931747437,-0.1850023865699768,-0.18338771372606655,0.40517620947141475,-0.46982063809229363,0.4684301001809546,1.6366684070209885,-0.1832494435818588
44.032809,1785472087.29,-0.052572112530469894,-0.01965639926493168,0.39500001072883606,-0.05403099719317573,-0.019431518947422698,0.39460091176699097,0.7184612657387024,-0.2175419662918331,-0.047109100012577204,0.6589913772053696,0.7128586289433069,-0.22800271640583838,-0.06289512871258279,0.660220826115668,55.7389834296331,55.47389311386343,56.24556541442871,1,0.6319917916252572,-0.0064760507550047355,0.6650986153482019,0.04386849181544395,-0.02632194824321255,0.9799098620839023,0.19276766496803288,0.6316350698471069,-0.005935789085924625,0.6648876070976257,0.042273227125406265,-0.018721221014857292,0.9752155542373657,0.21637263894081116,-0.1597200632095337,0.4018877446651459,-0.48142099380493164,0.3984527289867401,1.6297067403793335,-0.18550212681293488,-0.17561173707690858,0.4041344069993726,-0.4737185420019546,0.4455440947398184,1.6344084290192649,-0.18385228568606787
44.140925,1785472087.424,-0.05227674916386604,-0.020134421065449715,0.3960000276565552,-0.05391708462300154,-0.0194695910314984,0.3946950352068799,0.7160141105089258,-0.22902302099833122,-0.0658256236447912,0.6561548877183525,0.713486699548879,-0.22820579181430556,-0.06347669702970933,0.6594160712960003,55.9028713864433,55.59997882060182,19.762039184570312,1,0.631986894547841,-0.006713897324017713,0.6650334508677564,0.04156413923569462,-0.027063404624145502,0.980340668951187,0.19097687624444198,0.6317404508590698,-0.0060970960184931755,0.6648998856544495,0.042777784168720245,-0.02134081721305847,0.9769035577774048,0.20826464891433716,-0.15850350260734558,0.4047503173351288,-0.4862237870693207,0.39413371682167053,1.6352424621582031,-0.18460552394390106,-0.17014659117676006,0.4033617631762941,-0.4763669259946735,0.4293494216573637,1.6327915182959925,-0.18441967153920927
44.209621,1785472087.49,-0.05313366651535034,-0.020134421065449715,0.3960000276565552,-0.05389541827984851,-0.019487742084408916,0.3947384043313752,0.7127509643275345,-0.21661409397357823,-0.05617959782940392,0.6647617993912571,0.7134039565254662,-0.22677263579899948,-0.06257356683720808,0.6600859907616997,55.13899588894172,55.51851628445804,15.32602310180664,1,0.632043756865044,-0.006884678148771265,0.6648920601329027,0.04184309512653329,-0.027968125604397074,0.9801661157390856,0.19168026736563681,0.631799578666687,-0.006253993604332209,0.6649078726768494,0.04242751747369766,-0.022908248007297516,0.9778687953948975,0.20358747243881226,-0.15930022299289703,0.4048812687397003,-0.4857759177684784,0.3956545293331146,1.6350417137145996,-0.18729136884212494,-0.16699131479210794,0.4037380476929142,-0.47903773670839583,0.41980600432867154,1.6334557240826515,-0.18447004192360428
44.232555,1785472087.524,-0.05227674916386604,-0.019706163555383682,0.3960000276565552,-0.05379779604110105,-0.019497893591695025,0.3948099781866981,0.6320991296697249,-0.3999725072613834,-0.2368171450790103,0.6199921963238294,0.7132802743266656,-0.22470157631163723,-0.061268921227611205,0.6610495981022504,54.65201372055025,55.26042752516119,19.420623779296875,1,0.632070910731099,-0.006917137941740551,0.6648269562417815,0.0422307277465208,-0.027702168724112044,0.9804939933661707,0.1899491628168964,0.6318431496620178,-0.006369851995259523,0.6648945808410645,0.04231094941496849,-0.023874960839748383,0.9783185720443726,0.20132705569267273,-0.15815232694149017,0.4041109085083008,-0.4852374196052551,0.3922746181488037,1.6334214210510254,-0.18609613180160522,-0.1655300078642833,0.4039552494347315,-0.4803176917963388,0.4152172530208542,1.6337570621127215,-0.1850060972753899
44.324793,1785472087.591,-0.05270520970225334,-0.020134421065449715,0.3960000276565552,-0.0537538831963219,-0.019529711898455034,0.3948709857986428,0.6750461005737454,-0.32238572346834204,-0.16179323128747097,0.6435861696102033,0.7131874748372474,-0.22319849852352744,-0.06032241900740936,0.6617456171046455,55.20204085838469,55.2433061541234,19.42753791809082,1,0.6320859366180781,-0.007063479631040397,0.664719442204268,0.042790289390445345,-0.02731791777106309,0.9809617519244298,0.18744802950121692,0.6319006681442261,-0.006513883825391531,0.6648640036582947,0.04228149354457855,-0.024914035573601723,0.9789227247238159,0.198247030377388,-0.15664710104465485,0.40300843119621277,-0.48443329334259033,0.3873700499534607,1.6311404705047607,-0.18455404043197632,-0.1635306570725341,0.4039974189246584,-0.4816505264449763,0.4089998386425364,1.6336661033850017,-0.18530150102565648
44.460871,1785472087.657,-0.05227674916386604,-0.020134421065449715,0.3960000276565552,-0.053632800529647175,-0.019567830440366307,0.39497545344356233,0.6784906607351151,-0.3186416648402566,-0.15790685269937396,0.6427933871732306,0.7130617047119843,-0.2212241288136359,-0.05907958412387958,0.6626556366949853,55.641461626775225,55.5518854517011,65.97471237182617,1,0.6321335441114316,-0.007129301266478627,0.6646278340752468,0.043195943876544594,-0.02703910882112855,0.9812967524569254,0.18563318842347512,0.6319611072540283,-0.006699980236589909,0.6648008823394775,0.04244524985551834,-0.025742553174495697,0.9796384572982788,0.19453588128089905,-0.1554638147354126,0.4022746682167053,-0.4839060604572296,0.3838109076023102,1.6294522285461426,-0.18333172798156738,-0.16116340313799626,0.4036572873844403,-0.48260697819199977,0.40156140635554316,1.6327975382374869,-0.1850444550421734
44.528346,1785472087.791,-0.05227674916386604,-0.020134421065449715,0.3960000276565552,-0.05352367439958063,-0.01960205858832961,0.395062788470011,0.6703250654554935,-0.33241235122598894,-0.1705631446132401,0.6411509565415473,0.7129865030279883,-0.2200753167871624,-0.05835665669891544,0.6631829325758282,55.505098118611144,55.72168653306902,61.27643585205078,1,0.6321904561418057,-0.00731082212886861,0.664470916495418,0.0437282190322265,-0.026672958513534066,0.9817310830273135,0.18324976606376103,0.632006049156189,-0.006813036277890205,0.6647459268569946,0.042639926075935364,-0.026093928143382072,0.9800963997840881,0.19212506711483002,-0.15407121181488037,0.40131181478500366,-0.48312318325042725,0.3791239857673645,1.627207636833191,-0.18190284073352814,-0.15961881541035125,0.4032825834521336,-0.48295862117049276,0.39675106030961743,1.6318909593111326,-0.1845803102831067
44.60549,1785472087.924,-0.05270520970225334,-0.019706163555383682,0.3960000276565552,-0.053503237154017814,-0.01960476918945448,0.395083570830514,0.6822908973563931,-0.30729560196509004,-0.14656317047394543,0.6469681456286283,0.7129705502881858,-0.21983449199972774,-0.05820513144368501,0.6632932633629007,55.421632261903795,55.66873512838056,17.749547958374023,1,0.6322415657727016,-0.007474428194454462,0.6643397193053542,0.044037631232359334,-0.026459950815038383,0.9819808248604884,0.181863183862549,0.6320672035217285,-0.006980882491916418,0.6646421551704407,0.043004110455513,-0.026291266083717346,0.9806685447692871,0.18907283246517181,-0.1533510684967041,0.40081334114074707,-0.48266541957855225,0.3764174282550812,1.6258893013000488,-0.18116135895252228,-0.15771099545671272,0.40260481730736497,-0.4830146748599081,0.3906891609142141,1.6302803647109685,-0.18365953412525518
44.730184,1785472087.958,-0.05297139659523964,-0.0193752683699131,0.398000031709671,-0.05346361878432673,-0.01957711625784773,0.39549370905957104,0.7138960583924426,-0.20676276027831775,-0.10397355465036702,0.660901716374827,0.7128543343974205,-0.21734537068218962,-0.07217066723111562,0.6628658103758616,55.97676493637091,55.60978128245074,61.081647872924805,1,0.6322455836077567,-0.007505057144248788,0.6643085130896333,0.044102465288842194,-0.026415302002702062,0.9820329005743202,0.18157253802582551,0.6321474313735962,-0.007209409028291702,0.6644957065582275,0.04347962886095047,-0.026366574689745903,0.981290340423584,0.18569760024547577,-0.15319232642650604,0.40068066120147705,-0.482509583234787,0.3758358061313629,1.6255743503570557,-0.1810210645198822,-0.1556681136501916,0.4017653780657551,-0.48285026266408826,0.3840020851061481,1.6282228924302113,-0.18248899961851625
44.808278,1785472088.091,-0.05306881666183472,-0.021308979019522667,0.4020000100135803,-0.053444351260938126,-0.019741154337097937,0.3967387244990752,0.7319119127104241,-0.10238567138551416,-0.050552492040773445,0.671763776841215,0.7132106776161189,-0.21454822505295015,-0.0806566728583352,0.6624153452211148,55.26664128289677,55.50790697414145,25.786399841308594,1,0.6322036341918312,-0.007563847257321505,0.6636932763714852,0.055708488768206006,-0.02509743518928557,0.9800020722750995,0.18937428907481832,0.6321806311607361,-0.007310383953154087,0.6644288301467896,0.04369138926267624,-0.02638283744454384,0.9815478920936584,0.18427899479866028,-0.1605149805545807,0.3867848813533783,-0.45748215913772583,0.3954547047615051,1.5974010229110718,-0.19223499298095703,-0.15481669133839907,0.4013923221932996,-0.4827324897056746,0.3811937601313784,1.627312058811253,-0.1819841831009233
44.884995,1785472088.158,-0.05306881666183472,-0.021308979019522667,0.4020000100135803,-0.053427191603489174,-0.019863992916892798,0.3975296660496445,0.715686622942412,-0.1531790282861134,-0.12526529446296794,0.6698040377884518,0.7145604783376194,-0.19299364146118145,-0.09648186278323448,0.6654682767099741,53.30678424112097,54.85382194158517,19.224166870117188,1,0.6324483971673331,-0.007591139654547069,0.6618255589540839,0.06367377485336287,-0.024853836281154628,0.9787630745274827,0.19326350188160754,0.632194995880127,-0.007387945894151926,0.6641732454299927,0.0478183776140213,-0.025974730029702187,0.9810305833816528,0.1860584169626236,-0.16441135108470917,0.3774571418762207,-0.4378398060798645,0.40625545382499695,1.5751903057098389,-0.20183463394641876,-0.15677633340140304,0.3963688086300185,-0.47404849605494603,0.3860981379129203,1.6170256535651808,-0.18550944095446012
45.009972,1785472088.224,-0.0534648559987545,-0.01927804946899414,0.4050000309944153,-0.05343201060522467,-0.019901150225794834,0.4002154741954963,0.7224711908112362,-0.12114846827611615,-0.11257301650607374,0.6713313213584395,0.719264950948472,-0.1474494806202704,-0.11210902183259454,0.6695880436698699,54.41904562008716,54.613209478770834,67.60311126708984,1,0.6326318263961597,-0.0076158815173266005,0.6606389970092751,0.09014099063090394,-0.023786149719792857,0.9776502489643107,0.18843781889421302,0.6323148608207703,-0.007450036238878965,0.6632071137428284,0.05429902300238609,-0.02558867260813713,0.9801271557807922,0.18907032907009125,-0.1643635779619217,0.3445645868778229,-0.3882823586463928,0.4070509672164917,1.5066964626312256,-0.21723037958145142,-0.1599029492774857,0.38862427454889764,-0.45922021861614715,0.3943528056265451,1.5998936602649396,-0.19219477610130759
45.164044,1785472088.391,-0.05341945216059685,-0.019862083718180656,0.40800002217292786,-0.05344032473986459,-0.019822374073383633,0.40217523774537955,0.7297076372750203,-0.06133096642214216,-0.06584652537676741,0.6778122983216226,0.7209099972409445,-0.1344881803229308,-0.11234779357609338,0.6705070309177016,53.729666526601264,54.27519137736484,59.661865234375,1,0.6326848318853852,-0.007604765948205107,0.6566102567901961,0.13337351001588993,-0.026693920743696243,0.9766060397671544,0.1665520474557005,0.6326335072517395,-0.007442553527653217,0.662014901638031,0.06641986221075058,-0.02501559630036354,0.9793919324874878,0.18908755481243134,-0.15342509746551514,0.2898693382740021,-0.30557045340538025,0.3825802206993103,1.3861907720565796,-0.240920290350914,-0.1614369594258658,0.3739580180778215,-0.4348248067017652,0.3987196907426571,1.5678431439987053,-0.2008045184741024
45.243184,1785472088.491,-0.053728874772787094,-0.020693710073828697,0.40700000524520874,-0.05351214401652366,-0.019881940603432513,0.4033303473628938,0.7243268784899088,-0.09092823289952248,-0.1030131815343018,0.6756263123865263,0.7202499932115087,-0.11944117953754393,-0.1169114754862586,0.6732796289871897,53.90182125760104,53.94064584693509,61.66410446166992,1,0.6325646817114277,-0.0075893192597011674,0.6536707060954334,0.1426896334256639,-0.02844465810255722,0.976739816658611,0.15751158843710938,0.6333704590797424,-0.007262614089995623,0.658856987953186,0.09333870559930801,-0.02538164146244526,0.9788028001785278,0.1805235892534256,-0.14765776693820953,0.27696341276168823,-0.28293707966804504,0.3687891364097595,1.3541542291641235,-0.24534854292869568,-0.15815602383952898,0.3408708181277662,-0.38189404010579964,0.392110394877093,1.4934546811646854,-0.2172323247361711
45.322308,1785472088.625,-0.05341945216059685,-0.02030332013964653,0.40800002217292786,-0.05350769422254558,-0.019901016167030307,0.4038015922795504,0.724415979678033,-0.0854387549502354,-0.10698780549351873,0.675629570856213,0.7218077412284118,-0.10759738327962726,-0.11346674886294217,0.6741970666775325,53.872974704241166,53.92080045156711,21.283626556396484,1,0.6326529489059509,-0.007479975987760555,0.6519380873057619,0.15640035103962824,-0.02693843384847768,0.9759449015221087,0.14948177203081994,0.6333020329475403,-0.007228421978652477,0.6570020318031311,0.11038541048765182,-0.02622106298804283,0.9783909916877747,0.17285428941249847,-0.1425381600856781,0.2596009373664856,-0.2553994059562683,0.35865673422813416,1.3125760555267334,-0.24554041028022766,-0.15454567824250162,0.318893075710514,-0.34786298051584547,0.3840901844592681,1.4455492557216922,-0.2269014866438424
45.423749,1785472088.691,-0.05341945216059685,-0.02030332013964653,0.40800002217292786,-0.053503612688419036,-0.01991883538216973,0.4041576238546587,0.7261679127287142,-0.0689815553865905,-0.0916319023412112,0.6778829559835534,0.7235425829474971,-0.09373072216355254,-0.10563814293002523,0.6756783740380176,53.09554115422741,53.67505507302783,18.00394058227539,1,0.6326810761913056,-0.007485985163592223,0.6512311944521576,0.16231480500369033,-0.028986842117317828,0.9765099557178224,0.13871544054162188,0.6333078742027283,-0.007192125078290701,0.6559826135635376,0.11915719509124756,-0.026203440502285957,0.9781180620193481,0.1685231775045395,-0.1347605586051941,0.25138917565345764,-0.24485358595848083,0.33846038579940796,1.2927852869033813,-0.24300439655780792,-0.15226424897676782,0.3076275668656932,-0.33029485710838935,0.37925783431395665,1.42028434768465,-0.23044288310803032
45.460921,1785472088.758,-0.05341945216059685,-0.020744554698467255,0.40800002217292786,-0.05349986533702549,-0.019966685154153885,0.4044345860950305,0.7197656559135287,-0.11546110612620758,-0.144295007309771,0.6691674561759214,0.7245009215217706,-0.08533268188432151,-0.10089029842838154,0.6764893907516707,53.75567846410787,53.69895189957407,24.69038963317871,1,0.6327074368394915,-0.00749160913801557,0.6506971233096673,0.1665595391268826,-0.03152303400361626,0.9777637988805049,0.12345919103821697,0.6332807540893555,-0.007190190255641937,0.6545771956443787,0.13085007667541504,-0.0266535896807909,0.9779595732688904,0.16050849854946136,-0.12308944016695023,0.24444365501403809,-0.23783893883228302,0.3068828284740448,1.275922179222107,-0.2344682514667511,-0.14752075170075807,0.2923869686311592,-0.30714035351876356,0.3682017148475038,1.3857321022129263,-0.23384705084767185
45.567058,1785472088.825,-0.05328851938247681,-0.019813401624560356,0.40700000524520874,-0.05349989798299666,-0.019969954105481417,0.4046824571569473,0.7277274701106129,-0.07320282628187234,-0.09516110715856485,0.675276564938477,0.7242178694745344,-0.08450757558088413,-0.10333879815867383,0.6765264518097783,54.11780225084039,53.771888010940714,61.88225746154785,1,0.6327789243047997,-0.007496887189473813,0.6502816259356909,0.16910575114983142,-0.03305291200029574,0.9783993159877101,0.11421702329833823,0.6332086324691772,-0.007233667653053999,0.653351366519928,0.14043378829956055,-0.027587350457906723,0.9782071709632874,0.15042634308338165,-0.11591048538684845,0.24039626121520996,-0.23337140679359436,0.28754666447639465,1.265608310699463,-0.22897113859653473,-0.1408998707752484,0.27939433957351945,-0.288359790913794,0.3515842802527896,1.3559736130824143,-0.234015392520819
45.692407,1785472088.958,-0.05416924133896828,-0.019813401624560356,0.40700000524520874,-0.053666375861798385,-0.019973011108445238,0.4048869153806215,0.7249151032933262,-0.07963996345687337,-0.10153100049771799,0.6766439426875456,0.724017547037585,-0.0791429053624958,-0.09975437258171532,0.6779262919103297,53.685093472280705,53.73877131260753,64.92280960083008,1,0.632783575196534,-0.00749647927507079,0.6499098163186668,0.1713835486933222,-0.032595208814534635,0.9778949088647134,0.11526829059240196,0.6330577731132507,-0.00734104635193944,0.6517069339752197,0.1537228673696518,-0.029740221798419952,0.9786199331283569,0.13337114453315735,-0.11697548627853394,0.2379297912120819,-0.22840148210525513,0.2911655902862549,1.259251594543457,-0.231016144156456,-0.12919086121304904,0.26112142581826414,-0.2625943247805598,0.3215789013907978,1.313632137363161,-0.2316518672680163
45.787486,1785472089.092,-0.05416924133896828,-0.019373247399926186,0.40700000524520874,-0.053678186039824556,-0.01995205903489372,0.40493336362431254,0.7268095343494644,-0.058392555167144755,-0.08155738835608159,0.6794752406705501,0.7244948974107122,-0.07587508364240063,-0.09689021770997384,0.6782052794104556,53.3090235061564,53.66469454761742,24.99842643737793,1,0.6327881713789707,-0.007246467067211028,0.6496033698976805,0.17259794348882365,-0.03246053340385392,0.9784268190068358,0.10879900515506044,0.6329718828201294,-0.007403846364468336,0.6509189009666443,0.16092833876609802,-0.030793288722634315,0.9784135818481445,0.12593890726566315,-0.11122281104326248,0.23537692427635193,-0.22569113969802856,0.2766413688659668,1.2528257369995117,-0.22350361943244934,-0.12418852221748344,0.251624181172924,-0.2485915343740974,0.3091244114064112,1.291362761273064,-0.2313915477739127
45.916111,1785472089.125,-0.053728874772787094,-0.019813401624560356,0.40700000524520874,-0.05368185428667358,-0.019942955638089673,0.4050614466680775,0.7243737412040939,-0.10103106536076473,-0.12096827182853086,0.6711498223920439,0.7245565829007238,-0.08476024398425124,-0.10539814877403811,0.6758140938527123,53.114468219922436,53.45182575900371,22.45783805847168,1,0.6327567114957784,-0.00722865620400089,0.6495337362547648,0.1728732234442498,-0.033283742730307604,0.9788166008042815,0.104523217879136,0.6329017281532288,-0.007337014656513929,0.650334894657135,0.16566342115402222,-0.03139203414320946,0.978486180305481,0.11889033764600754,-0.10776567459106445,0.23443590104579926,-0.22526368498802185,0.2670988440513611,1.2506612539291382,-0.22032882273197174,-0.11887891562006615,0.2449707339805269,-0.23921319084295575,0.2958223350848625,1.2755814644628016,-0.22816137541746898
45.971059,1785472089.225,-0.05416924133896828,-0.020253555849194527,0.40700000524520874,-0.05370565186911562,-0.01995914192704387,0.4051424809475576,0.7220885074560234,-0.08892496070866823,-0.11100297298245944,0.6770220666654445,0.7239945402213005,-0.08571515722155379,-0.10668321605825604,0.6760943047857297,52.64984598837162,53.21304851366109,20.743608474731445,1,0.6327429307211229,-0.007222954171631003,0.6493416264853473,0.1726550180900324,-0.03303911491470238,0.977453393497459,0.1169766008836192,0.6328727006912231,-0.007315809838473797,0.6501632928848267,0.16701026260852814,-0.03172224014997482,0.9785758852958679,0.11614899337291718,-0.11809518933296204,0.23659385740756989,-0.22459612786769867,0.29596075415611267,1.2554618120193481,-0.23480810225009918,-0.11676739224285895,0.24296910198443955,-0.23656261920289592,0.29036489396772924,1.2708466244614056,-0.22667319581654
46.050707,1785472089.292,-0.05328851938247681,-0.020253555849194527,0.40700000524520874,-0.0536789518400399,-0.019973471561354143,0.4052193555354561,0.7261864285982388,-0.08602752216772104,-0.10694199614422173,0.6736586270583244,0.7244107950731294,-0.08577446287239007,-0.10673237795984943,0.6756329928263609,52.21195413499936,52.9146211951581,16.29495620727539,1,0.6327671588756941,-0.00718716035560753,0.6492200934908338,0.17287527312493622,-0.03219358820927325,0.9772657097835632,0.11844595941364598,0.632832944393158,-0.007276852149516344,0.6498679518699646,0.16897188127040863,-0.03209958225488663,0.9781742095947266,0.11659026145935059,-0.11915731430053711,0.2364916354417801,-0.22373923659324646,0.29920268058776855,1.2548893690109253,-0.23489707708358765,-0.11733022318492142,0.24076641358743694,-0.2323614198217891,0.29261353435869397,1.2654985431617398,-0.22947969535840015
46.188226,1785472089.425,-0.05416924133896828,-0.020253555849194527,0.40700000524520874,-0.053772101079607185,-0.019883618489606673,0.40542686740342154,0.7268801169850675,-0.06602314946277762,-0.0796973610773775,0.6789216227990478,0.7253001253757442,-0.07865932678223155,-0.09424492973486426,0.677399683834711,50.33617880219796,51.87845137338129,62.05558776855469,1,0.6327315519932935,-0.007133412141931032,0.6489966639562474,0.17283632348445765,-0.031204255969758246,0.9765108124222895,0.12482200493546754,0.632807731628418,-0.0072388844564557076,0.6496006846427917,0.1705676168203354,-0.03214452043175697,0.9778043031692505,0.11735457926988602,-0.12421494722366333,0.23729945719242096,-0.2226010411977768,0.3136886656284332,1.2566457986831665,-0.24044588208198547,-0.11807840974778414,0.2390158043779285,-0.22883001681100137,0.2953119278049954,1.2611539802552396,-0.23169818524982008
46.296224,1785472089.559,-0.053728874772787094,-0.019373247399926186,0.40700000524520874,-0.05376788981176756,-0.01987299244267361,0.4055680580270311,0.7329356878765244,-0.062114965216232304,-0.07481810783936323,0.6733121558924134,0.7277603642231266,-0.07362653553516703,-0.08797568192990368,0.6761688139214047,72.20769716587394,58.054953878091496,60.60075759887695,1,0.6326536714266429,-0.007086970587446927,0.6487936884814354,0.1691100531866901,-0.0344767483950953,0.9793941672938953,0.10488188023673968,0.6327658295631409,-0.007185324560850859,0.6493116021156311,0.1716168075799942,-0.031714197248220444,0.9772074222564697,0.12086198478937149,-0.10762779414653778,0.23839998245239258,-0.22979119420051575,0.26650217175483704,1.2590281963348389,-0.2212609350681305,-0.12095370820163487,0.23821154097119823,-0.2259107411379802,0.30392260087603645,1.2590416312060104,-0.2357970192086221
46.422926,1785472089.692,-0.05416924133896828,-0.020253555849194527,0.40700000524520874,-0.053787296070655154,-0.01989339666861651,0.4056606318812518,0.7249920559408422,-0.10183112914902871,-0.11264066516027971,0.671810256330725,0.7271945361793185,-0.08098312475889041,-0.09424955700789521,0.67509026141624,31.645937944863444,45.2360288589704,56.250810623168945,1,0.6326375829555266,-0.007093066606723837,0.6485819073696749,0.1682685052331376,-0.038343586287330866,0.9801674547995868,0.09740246449105677,0.6327142119407654,-0.007141417823731899,0.6490970849990845,0.170707568526268,-0.03267459571361542,0.9779974222183228,0.11537949740886688,-0.10179581493139267,0.23864254355430603,-0.23157614469528198,0.2500535249710083,1.2592408657073975,-0.22033905982971191,-0.11637090464549886,0.23827630885224546,-0.2272447899162678,0.291053775547856,1.2590370109538145,-0.23079807498329247
46.516116,1785472089.792,-0.054609596729278564,-0.020693710073828697,0.40700000524520874,-0.05383844981983943,-0.01994661035202677,0.405717413577272,0.7225614768248236,-0.07096768659980507,-0.08527366653002397,0.6823466138729846,0.726056382998122,-0.07848715312507665,-0.09201317084875855,0.6769161483465749,30.188575316966215,40.348658196697656,21.455764770507812,1,0.6326681204758625,-0.007063848404620151,0.6484430542905582,0.16754608135965463,-0.03718280583194983,0.9793332214990074,0.10701490942790999,0.6326687335968018,-0.007106616627424955,0.6488423943519592,0.16965961456298828,-0.03500832989811897,0.9789381623268127,0.10802820324897766,-0.10954823344945908,0.2408408373594284,-0.23211632668972015,0.27160972356796265,1.2639745473861694,-0.2288627177476883,-0.11040223237741183,0.23842623642066946,-0.2290179413877697,0.2742638402206134,1.2591204915139542,-0.226515022757174
46.625025,1785472089.859,-0.05416924133896828,-0.02157401666045189,0.40700000524520874,-0.05385825805244361,-0.020136656151736435,0.40579549528272235,0.7285293549356862,-0.04837923572845146,-0.06337982146824706,0.6803583076423607,0.7270581930152356,-0.06805326053409719,-0.08209372322596319,0.6782446153910828,28.32024678865739,35.42741345082803,61.90848350524902,1,0.6327479503907245,-0.006987104591380037,0.6483579024324815,0.16768518695761978,-0.03564457769232004,0.9797581558434433,0.10336874873180767,0.6326692700386047,-0.007091418374329805,0.6487045288085938,0.16893270611763,-0.035757120698690414,0.979075014591217,0.10768143087625504,-0.10616377741098404,0.24002011120319366,-0.23168963193893433,0.2626499831676483,1.2615416049957275,-0.22113914787769318,-0.11010853346382618,0.23925660478371913,-0.2300833259465582,0.27335110920496775,1.260789801328409,-0.22732239989508973
46.74869,1785472089.992,-0.054609596729278564,-0.02289447747170925,0.40700000524520874,-0.05391117806101788,-0.02063392631272726,0.40608353262594094,0.7248673794464191,-0.04493683908260166,-0.060860758738568714,0.6847217907687115,0.7272113143670663,-0.05700548274372832,-0.07438842212463247,0.6799856188534324,28.048320601173714,30.832817670616677,64.1934871673584,1,0.6332340001420395,-0.006942058960156254,0.6481045877925916,0.16924190889270388,-0.038323815961732115,0.9812102736192765,0.08434963158467072,0.6327047348022461,-0.007042194250971079,0.6485380530357361,0.16834229230880737,-0.03570622578263283,0.9793988466262817,0.1056593507528305,-0.09055621922016144,0.23685447871685028,-0.23051254451274872,0.22003866732120514,1.2513319253921509,-0.20490974187850952,-0.10826015289568218,0.23961429629761485,-0.23083530829563229,0.2683370862656996,1.261142065702964,-0.22442520236606708
46.923707,1785472090.126,-0.054743774235248566,-0.022950729355216026,0.40800002217292786,-0.05395326447629333,-0.020861427421484557,0.40625422913333864,0.7263417242304581,-0.049352217920114023,-0.07436240758202124,0.6815147031186459,0.7279641342415055,-0.055180916642519666,-0.07347911615724459,0.6794292495803053,28.449094603695208,29.44524812894985,71.48241996765137,1,0.63377864631175,-0.006878379346500424,0.6478081295202032,0.17022043975732945,-0.03864651634093816,0.9817308034125457,0.07573690180148954,0.6329562067985535,-0.0069814990274608135,0.6482427716255188,0.168711856007576,-0.03705519437789917,0.9804211854934692,0.0945388600230217,-0.08322599530220032,0.23579467833042145,-0.22966068983078003,0.20037756860256195,1.2456145286560059,-0.19549117982387543,-0.09902392704225248,0.2381744326781694,-0.23066623450186155,0.24313973687589435,1.2560240850913778,-0.2142439464583198
47.012702,1785472090.259,-0.05562666058540344,-0.022509494796395302,0.40800002217292786,-0.05409079861850986,-0.020998432091211768,0.40640370821009997,0.7239252839617158,-0.02421081257980251,-0.04152069816867143,0.688202042585432,0.7280071293407572,-0.04681355181407929,-0.06424263024354798,0.6809456626302655,28.83014136245406,29.087891805558264,17.55690574645996,1,0.6341197791980195,-0.006815298705833358,0.6475519144674726,0.170859953237324,-0.039852231660832925,0.9817072234869109,0.0739567668642386,0.6332861185073853,-0.006934184115380049,0.6479870676994324,0.16927562654018402,-0.037807345390319824,0.9809284210205078,0.08772614598274231,-0.08177889883518219,0.23570619523525238,-0.22903521358966827,0.19688451290130615,1.243260145187378,-0.1961997002363205,-0.09331605213230715,0.2373391846175003,-0.23020113256773173,0.2277702010268815,1.2519969057742142,-0.20792950151913175
47.120965,1785472090.393,-0.05593068152666092,-0.02245432324707508,0.40700000524520874,-0.05425311271378763,-0.021087618852021338,0.4064537207143286,0.7207897308222303,-0.05543980915144061,-0.06221732332385782,0.6881261484501829,0.7273407882591574,-0.04691667763166291,-0.059895484637757714,0.6820459911285766,28.166569445507545,28.71965349524458,20.245790481567383,1,0.6343253147009605,-0.006608958723644881,0.6473277576569302,0.17013512727742075,-0.04081197654980819,0.9826529084945214,0.06149538571024519,0.6336321234703064,-0.006864353083074093,0.6477342247962952,0.16978317499160767,-0.038723286241292953,0.9813968539237976,0.08083602786064148,-0.07087696343660355,0.2353813499212265,-0.230221226811409,0.16749966144561768,1.2410529851913452,-0.1822448968887329,-0.08750125487939756,0.23663791903629067,-0.22984162959989626,0.2121837925403869,1.2481983989466956,-0.201730567263699
47.243955,1785472090.493,-0.05504995957016945,-0.02201416902244091,0.40700000524520874,-0.0542591861131889,-0.021164440939049543,0.4065056582574382,0.7297270223693996,-0.040541377188282726,-0.04694005840303142,0.6809195991280376,0.7293228178763679,-0.05239129180496808,-0.06300198244794186,0.67924526503724,29.486119286561056,28.698102428587994,61.73825263977051,1,0.6344592573395753,-0.006365531745360399,0.6472528856780333,0.166984355088318,-0.040124577223388046,0.9834103091205186,0.058398693254806844,0.6338968873023987,-0.00675711827352643,0.6475086212158203,0.16984477639198303,-0.03956644982099533,0.9819728136062622,0.07291513681411743,-0.06743006408214569,0.23871560394763947,-0.23571915924549103,0.1586073487997055,1.2480500936508179,-0.17509278655052185,-0.08069341959202121,0.2361232868777599,-0.22999644408976946,0.19388526317295585,1.2452722805597423,-0.19375100564837444
47.382244,1785472090.626,-0.055490318685770035,-0.02157401666045189,0.40700000524520874,-0.05434230673323953,-0.021181798790805666,0.40654888292600205,0.7286555317263301,-0.028350550342324983,-0.02660437485228276,0.6837759644932144,0.7304718055708505,-0.039644799389268154,-0.04340561294283529,0.6804081010044656,28.03983583344492,28.394939295440523,64.3775463104248,1,0.634574445466187,-0.006356446533266911,0.6471749099346658,0.16544560864804544,-0.04253626589242656,0.983156992364684,0.06496726119697044,0.6341774463653564,-0.006546101998537779,0.647340714931488,0.16829615831375122,-0.039873093366622925,0.9827588200569153,0.06535758823156357,-0.07317852228879929,0.24173617362976074,-0.23897363245487213,0.17430810630321503,1.2544008493423462,-0.1877688318490982,-0.07377386239919485,0.23747563749283312,-0.23298119735346956,0.17548074688948498,1.2467214742605772,-0.1840169719482559
47.459431,1785472090.76,-0.05504995957016945,-0.020693710073828697,0.40700000524520874,-0.054375718413244116,-0.021145959187686296,0.4065679707998958,0.7301686750882554,-0.035648051961276184,-0.033273168489295256,0.6815246279995395,0.7303970397701058,-0.038544169768991464,-0.040614643192814076,0.6807238515214565,26.907356660691892,27.954763274104668,65.73724746704102,1,0.6346005475367805,-0.006231725185749549,0.6471101770030437,0.16042764644709198,-0.04625272840699945,0.9850486454096895,0.04245964609945716,0.6343140006065369,-0.006482378114014864,0.6472855806350708,0.16731412708759308,-0.04078985005617142,0.9828978776931763,0.06522206962108612,-0.05391982942819595,0.2449893355369568,-0.24720317125320435,0.12120605260133743,1.2616292238235474,-0.16653768718242645,-0.07356911064998228,0.23894080018877364,-0.2350415820814583,0.17507751618642386,1.2493624113511974,-0.1853072448221171
47.538285,1785472090.826,-0.05504995957016945,-0.02113386243581772,0.40700000524520874,-0.05440652208005864,-0.021145353601980464,0.4065861930245284,0.7238924493245856,-0.06434079092583699,-0.0698735419224696,0.6833430123833115,0.7285561399635911,-0.046330646158354034,-0.04944566335879105,0.681626399520229,28.118371334394652,28.003276537487533,21.014690399169922,1,0.6345468126716585,-0.00618153262146385,0.6470816307115886,0.1592090562091165,-0.04644133405289401,0.9853516272176048,0.03972215568178901,0.6343867778778076,-0.00637066550552845,0.6471510529518127,0.1648545116186142,-0.042726460844278336,0.983716607093811,0.057437263429164886,-0.05145208537578583,0.24593482911586761,-0.24899077415466309,0.11447595059871674,1.2640341520309448,-0.16319146752357483,-0.06681170332382325,0.2410208295337932,-0.23922322826864342,0.15655118785050856,1.2535809681604384,-0.17885240744689584
47.649284,1785472090.893,-0.054743774235248566,-0.02118578925728798,0.40800002217292786,-0.0544411187356313,-0.021150986426230374,0.4068967863864284,0.7263300604564005,-0.05770384684230227,-0.0632103651066608,0.6819965975575569,0.7279241407026179,-0.04922206413133551,-0.05740766584161313,0.6814748665120554,27.45386053809386,27.71477288838082,63.16828727722168,1,0.6345459262510944,-0.006135299661152281,0.6470543431255736,0.1600442337471587,-0.0426537893427584,0.9848674553665959,0.051015613871779865,0.6344261169433594,-0.006291843485087156,0.6470832824707031,0.16285602748394012,-0.04404202476143837,0.9843267202377319,0.05137236416339874,-0.06051986292004585,0.2459791749715805,-0.2475907802581787,0.1396808922290802,1.2641087770462036,-0.16859713196754456,-0.06152951354503697,0.242710692257628,-0.24258156246385718,0.1420815762294931,1.2571758180935055,-0.1734666219652612
47.738858,1785472091.026,-0.0551852211356163,-0.02118578925728798,0.40800002217292786,-0.05447913276103596,-0.021152493151277235,0.4069514611299365,0.7263619649087166,-0.05723880233916951,-0.06277453911744935,0.6820420607846098,0.7275782131072769,-0.051028944877583034,-0.05861750201355966,0.6816083766019847,26.51479827226608,27.356608573892707,22.28522300720215,1,0.6345541045099918,-0.006082956968117356,0.6465884983343747,0.1636548023233067,-0.04102501338129605,0.983928361558695,0.0584725001518326,0.6344673037528992,-0.006238083355128765,0.647072970867157,0.16188910603523254,-0.043566007167100906,0.9845137000083923,0.05125105753540993,-0.06682887673377991,0.24257071316242218,-0.24019412696361542,0.15780073404312134,1.2554045915603638,-0.17548827826976776,-0.06118227874772015,0.24383466148367336,-0.24430350220049318,0.14125604079796533,1.2595600626773384,-0.17179201522413085
47.799973,1785472091.093,-0.054743774235248566,-0.02118578925728798,0.40800002217292786,-0.0544917994994015,-0.02115390613945521,0.4070005995472499,0.728360617062911,-0.0376464091206361,-0.035314643225237904,0.6832469797708084,0.7278150234168379,-0.04780748110959485,-0.053005997265324616,0.6820484591967144,26.763640139495745,27.180281057441768,19.82569694519043,1,0.6345563588952777,-0.006025857836721987,0.6465065404136271,0.16325289336743742,-0.040361972460402754,0.983897669531573,0.0605374254210193,0.6344878673553467,-0.006194547284394503,0.646935760974884,0.16236063838005066,-0.04288191348314285,0.9843620657920837,0.05321168527007103,-0.06834205985069275,0.24319905042648315,-0.24066206812858582,0.1622198522090912,1.2566769123077393,-0.1762917935848236,-0.06271248761041853,0.2434920573277796,-0.2431889867422884,0.14573972463032822,1.2584339300046383,-0.17279371559946002
47.910116,1785472091.16,-0.054609596729278564,-0.020693710073828697,0.40700000524520874,-0.054406389903211165,-0.021107581607334065,0.40704235981641823,0.7267609056481023,-0.02920484439600896,-0.02755545513870842,0.6857159470053571,0.7288867641258999,-0.0385759682437599,-0.042363607720926524,0.6822325882695716,28.43564572626607,27.880603823401945,61.5692138671875,1,0.6345584449697033,-0.0060067875931258275,0.6464328499493814,0.1615218557321533,-0.04124640160624194,0.9845063292986657,0.054375656743117944,0.6345102190971375,-0.006133163347840309,0.6467808485031128,0.16266214847564697,-0.04201993718743324,0.9842098951339722,0.05573399364948273,-0.06306399405002594,0.24446538090705872,-0.24343286454677582,0.14751137793064117,1.2594635486602783,-0.1700689196586609,-0.0646484724017116,0.24339119943172224,-0.2423188858424295,0.1514073330983223,1.2578296916186749,-0.17399672175888886
47.989008,1785472091.293,-0.05328851938247681,-0.019373247399926186,0.40700000524520874,-0.05431659134544595,-0.02094770602238363,0.40703973977276336,0.7346736611297635,-0.02893088779873659,-0.026670713720922775,0.6772785899487618,0.7303684959604104,-0.036153207445793784,-0.03842092580859129,0.6810129500677062,28.039838605025924,27.9278252728334,19.795894622802734,1,0.6344888032961171,-0.006134779780749515,0.6463701317659383,0.1603876372659268,-0.04410990333236022,0.9852316565470062,0.0406042507369062,0.6345235705375671,-0.0060982233844697475,0.6466853618621826,0.1623537838459015,-0.04181035980582237,0.9842905402183533,0.055366359651088715,-0.051899153739213943,0.24424685537815094,-0.24483196437358856,0.11607830971479416,1.2591776847839355,-0.15960568189620972,-0.06421905892227431,0.24368223061878708,-0.2426199261036731,0.1503516019684595,1.2582724668769494,-0.1729323009526267
48.096725,1785472091.36,-0.05403614789247513,-0.017130287364125252,0.406000018119812,-0.054311294345625975,-0.02017721615672753,0.4068790685334779,0.7321748753175593,-0.03449282830010639,-0.03201079876768533,0.6794891504003803,0.7315396780894932,-0.03447359699676991,-0.034974786275735185,0.6800279662012376,25.327097904409317,27.724915567240622,57.823896408081055,1,0.6342488745965242,-0.006269271166886985,0.646374093428602,0.15930095434346145,-0.04672874178476818,0.9854485561420684,0.036479772943204175,0.6344967484474182,-0.006107853725552559,0.6465233564376831,0.16150526702404022,-0.042759545147418976,0.9847103357315063,0.04932863637804985,-0.048914846032857895,0.24463266134262085,-0.2460109293460846,0.10714592784643173,1.26123046875,-0.16034285724163055,-0.05917390596256951,0.24391333999481885,-0.2435244804472956,0.13631645272680953,1.2586431626620391,-0.1674749366317274
48.173012,1785472091.493,-0.05434124916791916,-0.015336132608354092,0.4050000309944153,-0.05431202185273681,-0.01972848247977427,0.406773636729966,0.7342137605787926,-0.03889143224140711,-0.03585310800263875,0.6768546113616356,0.7318239908385012,-0.03494122448209391,-0.035067806466723035,0.6796933177650885,25.718076423478415,27.36560352242964,19.246816635131836,1,0.6330932972609508,-0.0062764392219080934,0.646615878461099,0.15804406587748904,-0.04883225120110937,0.9856660489837581,0.03316510763274617,0.6344022154808044,-0.006158108823001385,0.6464459300041199,0.16072551906108856,-0.044132355600595474,0.9849885106086731,0.04491444304585457,-0.046392545104026794,0.24316667020320892,-0.24543526768684387,0.09983862191438675,1.2639105319976807,-0.16072995960712433,-0.05564579234671726,0.24416061770642072,-0.24437842785848532,0.12628479731593273,1.2595329372256887,-0.16502222998692048
48.294873,1785472091.527,-0.055217642337083817,-0.010518234223127365,0.4050000309944153,-0.05443191914717592,-0.016948066863219716,0.40650235040752214,0.7353303510467253,-0.04999915637070018,-0.04584970350406731,0.6743049487289168,0.7329131050068298,-0.03653813271407562,-0.033937509903443776,0.6784921449719002,24.652057653972793,26.1414658795922,65.40322303771973,1,0.6324203055495359,-0.006274912557537294,0.6467744849460427,0.15779515307649788,-0.04920720045397086,0.9856714763446597,0.03363155972574441,0.6337814927101135,-0.006206739228218794,0.6465054750442505,0.1594521701335907,-0.0463433563709259,0.9853293299674988,0.039413932710886,-0.04687295854091644,0.24197109043598175,-0.24435321986675262,0.10101202875375748,1.2647123336791992,-0.16211099922657013,-0.051310073637059445,0.2436947695213756,-0.2448721432927032,0.11389330953314855,1.2615840986544584,-0.16301106562710238
48.418692,1785472091.66,-0.0549449622631073,-0.0048005301505327225,0.40300002694129944,-0.054555949773199115,-0.012207397209154742,0.40575353802318537,0.7380963932905258,-0.0435060170563665,-0.030775080172873285,0.6725874182080438,0.7343779225757027,-0.03818844121402567,-0.030366387081526836,0.6769849276953314,25.737709319255668,26.01456444016541,17.138004302978516,1,0.6282501188635612,-0.006091809165386631,0.6471844264919565,0.15592169742477363,-0.05079472075398804,0.9858676101686897,0.03425457394244317,0.6332218647003174,-0.006231572013348341,0.6466102004051208,0.15876993536949158,-0.04751942679286003,0.9854753017425537,0.03704669326543808,-0.04750068485736847,0.23452386260032654,-0.2366648018360138,0.10253806412220001,1.2686012983322144,-0.16597460210323334,-0.0494930104067679,0.24298880129795572,-0.24465840683266865,0.10861837967093584,1.2628651421794401,-0.16264249262631908
48.544142,1785472091.794,-0.0549449622631073,0.0013010593829676509,0.40300002694129944,-0.05465510751097718,-0.006415108802271611,0.40534300871199097,0.7386520267187858,-0.026950845855958104,-0.02455908225686765,0.6731000570573284,0.7347942873642352,-0.03882541428221693,-0.03288893678156006,0.6763787846318648,26.258590410180165,26.46770944508284,66.99109077453613,1,0.6211400449571685,-0.005900628602651971,0.648312662650875,0.15228909222428916,-0.05316246920739206,0.9863423895360564,0.033323788223693245,0.6308926343917847,-0.0061628432013094425,0.6468818783760071,0.15743446350097656,-0.049056414514780045,0.9856625199317932,0.03573868051171303,-0.04696185514330864,0.2222435474395752,-0.2253861278295517,0.10023444890975952,1.2768670320510864,-0.16935046017169952,-0.04855946929487511,0.23902237571850382,-0.24091172517868348,0.10576947244621605,1.2655528697702279,-0.16420379458704443
48.668631,1785472091.927,-0.05437367036938667,0.008688518777489662,0.4020000100135803,-0.054585208614487055,0.0006587936434183897,0.40478854707486406,0.7469734751250064,-0.02186822548207627,-0.019445246855118413,0.664209523078885,0.7405725809661491,-0.029671585337787236,-0.023683019034834083,0.6709030958000377,25.025830742980293,25.8004000407172,59.07869338989258,1,0.6124521664662732,-0.005744879134363809,0.6489345110587851,0.1536483599463262,-0.05349391960043261,0.9860334890898679,0.03561657542279897,0.6263315081596375,-0.006030994933098555,0.6475620865821838,0.15502598881721497,-0.05098408833146095,0.9859868288040161,0.034605566412210464,-0.04962553828954697,0.2008737176656723,-0.20032665133476257,0.1063440591096878,1.271283507347107,-0.17411112785339355,-0.04781087253125151,0.2311603935158517,-0.23363576292543656,0.10317607129630148,1.2708542223343846,-0.16661532319506928
48.760032,1785472092.061,-0.05524357035756111,0.013905474916100502,0.4020000100135803,-0.05462395135471244,0.00515743367286646,0.4046015650841985,0.7482855550306976,-0.010160066076018597,-0.01794312526838905,0.6630562159012875,0.7425382007752197,-0.024794567248282832,-0.022249048831953815,0.6689747600997688,26.44212653993727,25.989261630335058,23.673295974731445,1,0.6018417923521514,-0.0058412405021966264,0.6497733177924682,0.15354196339316337,-0.06339067680101014,0.9858135417202963,0.0240447194404085,0.6206900477409363,-0.005921283271163702,0.6480926871299744,0.15439897775650024,-0.05200948193669319,0.9860168695449829,0.035025704652071,-0.0417344868183136,0.17587125301361084,-0.17331944406032562,0.08321581035852432,1.2671023607254028,-0.18301887810230255,-0.04855398036550692,0.21888581767176898,-0.21999447778536665,0.10447345011930029,1.2710300188399446,-0.1696849380475831
48.821958,1785472092.127,-0.055817026644945145,0.018734171986579895,0.40300002694129944,-0.05471078067283129,0.01002899988209385,0.40451433236827733,0.7493519827960732,-0.005167597732925602,-0.022290018965034422,0.6617764402483687,0.7442721073519979,-0.01989803209798315,-0.022260279623966723,0.6672087967701764,25.449629103685478,25.828853254087537,17.327308654785156,1,0.5950940779611607,-0.0057774864976528,0.6500584371147856,0.15591449926741008,-0.0667558736971852,0.9853088893174097,0.020017863952252565,0.6172165870666504,-0.005891634151339531,0.6482316255569458,0.15405449271202087,-0.05415942147374153,0.9860262274742126,0.03295717015862465,-0.03915935382246971,0.15746481716632843,-0.15190522372722626,0.07587440311908722,1.2584813833236694,-0.1866227388381958,-0.047258270281769654,0.21109435743608934,-0.2111259276818227,0.10043451745910431,1.2702837637981816,-0.17221838927197478
48.88431,1785472092.194,-0.05640775337815285,0.02471250854432583,0.4010000228881836,-0.054850469733784595,0.0156979409248832,0.4041785498919339,0.753159657050526,-0.018389838410695896,-0.016051310082212385,0.6573847429621463,0.7463438333423459,-0.01954927897723323,-0.02082337607599991,0.6649474378716865,26.51267131829594,26.03229678531102,16.31307601928711,1,0.5877869362653827,-0.005640966258235228,0.6501943835390646,0.15931740221401278,-0.06966421999998482,0.984621012161938,0.016921117361838156,0.611242949962616,-0.005827893503010273,0.6488368511199951,0.15456822514533997,-0.0575554296374321,0.985864520072937,0.029448112472891808,-0.0373319573700428,0.13682186603546143,-0.12752671539783478,0.07083728909492493,1.247294545173645,-0.19049789011478424,-0.04506346620624254,0.19656076513964352,-0.19507726190528413,0.09377871798773903,1.2670853186895887,-0.17612196709960662
48.994185,1785472092.261,-0.05669986829161644,0.03200479969382286,0.4000000059604645,-0.0551192164541314,0.023179372304777686,0.4035257007015523,0.754221324743361,-0.009494503964554455,0.00039542477672761486,0.6565515146095411,0.7490067786808693,-0.018024219336357554,-0.015289365645855505,0.6621406257779154,26.579785308174,25.689376397809298,57.158470153808594,1,0.579284055864629,-0.005424472473405725,0.6507040452878139,0.15857722804299365,-0.07290094068467705,0.9845187154038598,0.016174505031787346,0.6032066345214844,-0.005727734416723251,0.6494638323783875,0.15621215105056763,-0.061689916998147964,0.9854745864868164,0.0251397006213665,-0.03725016862154007,0.11841560900211334,-0.10820284485816956,0.07015374302864075,1.2479146718978882,-0.196852445602417,-0.04240460928887864,0.17601660858777607,-0.1718471872045374,0.08588912805924263,1.2602792716774556,-0.18106584362252304
49.116315,1785472092.361,-0.05669986829161644,0.038493551313877106,0.4000000059604645,-0.05537436444973,0.03125623829628091,0.40312361574882716,0.7519261330254782,-0.0064897498862162796,0.00290914504467525,0.6592090036512506,0.7502478251459058,-0.010236456406617198,-0.008299892109478688,0.6610253607956694,25.635586510800984,25.985001128682562,16.157150268554688,1,0.5680629345042829,-0.005012474294004202,0.6516913449992178,0.15574074342093053,-0.07756171535296863,0.9846760832777917,0.011916885956841462,0.593437910079956,-0.005577393341809511,0.650141179561615,0.15719261765480042,-0.06626562029123306,0.9851083159446716,0.021469596773386,-0.03356258198618889,0.09588084369897842,-0.08655610680580139,0.060912907123565674,1.2535569667816162,-0.2007887065410614,-0.04029382414412681,0.15242848066272568,-0.14578480360628304,0.07944529646428197,1.255215844421725,-0.18753061211942854
49.22358,1785472092.494,-0.05611346662044525,0.04085974767804146,0.4020000100135803,-0.05541522864273314,0.03444879229275449,0.40304284606720486,0.7518317102663244,0.006745178416007449,-0.002911499076320067,0.6593141172303825,0.7506437663076683,-0.006225919540112183,-0.007027467467735564,0.6606404383099089,26.997976302324403,26.286990774568036,28.472185134887695,1,0.5559483883623035,-0.004619723937166658,0.6523030862039627,0.15612424441560918,-0.08083460028341154,0.984422454535411,0.0018489751629005226,0.5830943584442139,-0.00530562037602067,0.6508749127388,0.15655328333377838,-0.07088428735733032,0.9849660396575928,0.017563553526997566,-0.024168625473976135,0.06714800000190735,-0.05687464401125908,0.038258980959653854,1.249229073524475,-0.19443096220493317,-0.037537318252718145,0.12938117434265367,-0.12153048793503886,0.07185607527544997,1.254536517439324,-0.1929599331041631
49.33248,1785472092.561,-0.054808616638183594,0.04911993071436882,0.4020000100135803,-0.05538608798077475,0.04178540788327344,0.4029004973176048,0.7522714979000105,-0.011876996184941795,-0.019316742066456165,0.6584629024362992,0.7508054187923722,-0.006998864349859123,-0.010542202777471936,0.6604022266546514,25.462558470103843,26.11613113228769,60.56404113769531,1,0.5511596963781744,-0.00455434910103447,0.6524275577318341,0.15796887574900295,-0.08192328093825058,0.9840382061236156,-0.0017942195867397968,0.5720794796943665,-0.004941352177411318,0.6514320373535156,0.15618360042572021,-0.0749448835849762,0.984817624092102,0.01114464458078146,-0.020999565720558167,0.05403914675116539,-0.042635753750801086,0.0305048618465662,1.2435203790664673,-0.19232086837291718,-0.03206270900749139,0.10425393426822611,-0.09505367206748835,0.05809771020112331,1.2523630660817542,-0.19356233379266416
49.458289,1785472092.728,-0.054072894155979156,0.05490788444876671,0.40300002694129944,-0.0551421869466081,0.0479019053740012,0.40276600506725335,0.7480662998977858,-0.007106287415958885,-0.02433528261771987,0.6631395823326439,0.7508353424582428,-0.007731531449088236,-0.012702057530357946,0.660322019677945,25.16855608019617,25.669501575660057,60.80365180969238,1,0.5401548864770611,-0.004588623873172201,0.6526485233010126,0.15994579203204115,-0.08168340879610501,0.9837396601430962,0.001202247993216718,0.5635176301002502,-0.004731391556560993,0.6519543528556824,0.15689821541309357,-0.07778587937355042,0.984529435634613,0.005840776953846216,-0.024822045117616653,0.027641255408525467,-0.014977558515965939,0.03839968517422676,1.2390673160552979,-0.19718079268932343,-0.027532245760547792,0.08369051944711209,-0.07358843095637575,0.046798144394566574,1.248741897322124,-0.19305394145908733
49.582408,1785472092.828,-0.05237200856208801,0.06055530533194542,0.4000000059604645,-0.05464973815360359,0.054083872997782084,0.40239800728878933,0.7498847501181641,-0.018751588339018372,-0.0074914628087231604,0.661260249417707,0.7509816581904054,-0.01028746022072982,-0.01159583418860327,0.6601410863241783,24.512764870355866,25.514421907330764,61.72943115234375,1,0.5309799620538098,-0.004946631392317838,0.6528561447600519,0.1609821914585163,-0.0814167224835937,0.9835881920269235,0.003212450536756196,0.55263751745224,-0.004651369992643595,0.6523293852806091,0.15821924805641174,-0.07960732281208038,0.9841828346252441,0.0036795043852180243,-0.028285201638936996,0.0062988256104290485,0.00664482731372118,0.04388698935508728,1.2372928857803345,-0.20112290978431702,-0.026262359559515173,0.057648376240439086,-0.04612619480093351,0.04286295358305656,1.2442087851983212,-0.1949876153437557
49.705014,1785472092.961,-0.051073651760816574,0.06574630737304688,0.4000000059604645,-0.05403718966070287,0.05906498938847149,0.4021554888650947,0.7537670258343587,-0.00921749924321602,-0.008034518120460651,0.6570279712395041,0.7516888080339618,-0.006933675263015377,-0.007769251355663377,0.6594357427052322,24.434313860141792,24.868657630366005,18.09382438659668,1,0.5217067434375524,-0.005677716351824806,0.6534137270476489,0.15844894555082578,-0.08154055734182317,0.9839849748221061,0.004317231353042956,0.5407320261001587,-0.0049521890468895435,0.6528775691986084,0.1590302437543869,-0.08047907054424286,0.9839812517166138,0.0036714989691972733,-0.03141901269555092,-0.01138127688318491,0.022167641669511795,0.04656117781996727,1.2449525594711304,-0.20467880368232727,-0.027805608578194745,0.03023076268519735,-0.018450895663521684,0.04385085491069351,1.24242361628418,-0.1985379833305682
49.842833,1785472093.095,-0.05180937796831131,0.07205446809530258,0.39900001883506775,-0.053820819049199047,0.06390287212794232,0.4017173550179071,0.749841042550514,-0.045022973599947266,-0.048701256105632765,0.658285295604201,0.7512962704536058,-0.010236502052630608,-0.007913417330184977,0.6598382421884831,25.88988577563027,24.93901474982046,67.52443313598633,1,0.5142345146979086,-0.006590345473223478,0.6537816893599497,0.15803206541325568,-0.08333008366652599,0.9839114194691112,-0.000531126754204606,0.5329427719116211,-0.005265591200441122,0.6531912088394165,0.1587904691696167,-0.08091381937265396,0.9839832782745361,0.003935615997761488,-0.029017658904194832,-0.028012409806251526,0.03751037269830704,0.03621284291148186,1.2459017038345337,-0.20409993827342987,-0.029285346626911814,0.013190301390730167,-0.0018179745588840154,0.044960725615622116,1.243459243808668,-0.20105271272377612
49.950791,1785472093.195,-0.051201339811086655,0.07675229758024216,0.4010000228881836,-0.05352965891882776,0.06980380663492683,0.4014746908359821,0.7482113470318439,-0.022827788735339107,-0.0385032647619892,0.6619487675318358,0.7502396697481426,-0.01828298354355456,-0.020026625137642515,0.6606096462621027,27.011510555516026,25.683486468102316,58.07137489318848,1,0.5069778568446519,-0.006909183245555643,0.6544435086889208,0.15586806852264823,-0.08244190911281139,0.9843297767706559,0.001835047542891401,0.5265086889266968,-0.005717750173062086,0.653476357460022,0.15853102505207062,-0.08174660056829453,0.9839611649513245,0.0024004094302654266,-0.03242823854088783,-0.04144762456417084,0.04827311262488365,0.04130483791232109,1.2535738945007324,-0.20628249645233154,-0.029193294035446394,-0.0009792769349714998,0.01170673934678336,0.041952315618426834,1.2442992058115634,-0.20210065462530002
50.029009,1785472093.328,-0.05150643736124039,0.07915639132261276,0.4000000059604645,-0.05342351270313195,0.0724843711094509,0.4014097340636362,0.7431514867213954,-0.017504951302332174,-0.025003303428198544,0.6684267194549901,0.7486673177031447,-0.018109635729760057,-0.021137066209773077,0.6623613159967584,27.06446116383805,26.09612879745516,19.701242446899414,1,0.4981263247485298,-0.007338521249869268,0.6548130987859672,0.1589531765814053,-0.07886335206615797,0.9840069325485032,0.015646598737593526,0.519791841506958,-0.006140972953289747,0.6538917422294617,0.1576165407896042,-0.08198457211256027,0.9840887784957886,0.0022034314461052418,-0.049432482570409775,-0.0625968724489212,0.0688231810927391,0.07496630400419235,1.2523231506347656,-0.2216542512178421,-0.03030579575052263,-0.014896316713229288,0.024281695307641203,0.04172963857502507,1.2474887712517686,-0.203538790932136
50.09184,1785472093.395,-0.05180937796831131,0.08111601322889328,0.39900001883506775,-0.05335543128381222,0.0748070857029893,0.4012268518507954,0.7461964063944967,-0.0057059169869083685,-0.014549495567271274,0.6655423936715192,0.7481569796796996,-0.015481114597322806,-0.019741273398577567,0.6630473218194737,26.509144855557302,26.218807766121927,19.459247589111328,1,0.49410540705397493,-0.007494311730365816,0.6549131132978576,0.15983162281420857,-0.07642190991967739,0.98405305693702,0.015909907784504344,0.5139038562774658,-0.006547928787767887,0.6542165875434875,0.15792788565158844,-0.08112819492816925,0.9840949177742004,0.005848987959325314,-0.05026104301214218,-0.07248817384243011,0.07813873142004013,0.0752331092953682,1.251082181930542,-0.21761345863342285,-0.03548913245487444,-0.027823144699170514,0.03635224104625487,0.05073676590618811,1.2487988880645609,-0.20844808150687538
50.229957,1785472093.462,-0.05167953297495842,0.08779944479465485,0.398000031709671,-0.05321817335491633,0.08075767683188045,0.40085362439846195,0.7510282191832336,-0.014402045430405104,-0.02183105219527252,0.6597519232544373,0.7490316982921708,-0.013252618732147134,-0.020296418179716544,0.6620905817630702,25.487492398850865,26.019131423212386,71.39444351196289,1,0.49062143409229897,-0.007593648312458332,0.6551897064924928,0.160631835241262,-0.07601655657119977,0.9839976016003571,0.012946686017148764,0.5046114325523376,-0.007063800003379583,0.6546369791030884,0.15879057347774506,-0.07891668379306793,0.9840965270996094,0.010567568242549896,-0.0475594662129879,-0.081419937312603,0.0859578400850296,0.06832245737314224,1.2495784759521484,-0.21298235654830933,-0.04241065717219615,-0.04875129708900506,0.05593125775628268,0.062214727462417976,1.249868745955111,-0.2127426034035973
50.33832,1785472093.595,-0.05283830314874649,0.09358958899974823,0.3970000147819519,-0.05313636393043825,0.08634308706084473,0.4001058206700121,0.748866366677867,-0.022290490701545335,-0.028930106597178748,0.6617139471216023,0.7492383417190722,-0.01687717269312632,-0.02367699080228034,0.6616618988928484,24.849680329126663,25.495035672161116,59.525251388549805,1,0.4816957526249029,-0.007792259268364933,0.6557554174178397,0.16256915499150104,-0.07743626533260803,0.9835813765066308,0.011940286680340518,0.49887773394584656,-0.007297478150576353,0.6549201607704163,0.15954259037971497,-0.07772818207740784,0.9840585589408875,0.011542556807398796,-0.04846969246864319,-0.10324464738368988,0.10517916828393936,0.06754804402589798,1.248178482055664,-0.21666301786899567,-0.0445191682242978,-0.06212937080442781,0.06822692581059221,0.06471587759636517,1.249749877486198,-0.21284078741211515
50.47761,1785472093.728,-0.05240875855088234,0.09745363891124725,0.3970000147819519,-0.0530833024249337,0.09020618462426298,0.39975911234924627,0.7478003273156405,-0.014819954711233478,-0.02256529995685004,0.6633745899918351,0.7492129933185271,-0.01612285500577144,-0.023147833035991605,0.6617281330084835,24.823284150826453,25.244470323374927,62.56437301635742,1,0.47331829680372456,-0.007908726532906389,0.6568827009866793,0.1624905842323857,-0.07710349845698317,0.9835476572118699,0.016907588667641155,0.4929817318916321,-0.0074834260158240795,0.6552551984786987,0.16054680943489075,-0.07762682437896729,0.9839015603065491,0.011686518788337708,-0.055661894381046295,-0.12083712220191956,0.1184471845626831,0.07991091161966324,1.2545233964920044,-0.22478339076042175,-0.0458777719322415,-0.07619461921868932,0.08093441243299396,0.06568983971272156,1.2492094745976374,-0.21415525465874047
50.571284,1785472093.828,-0.05267278105020523,0.09967060387134552,0.39900001883506775,-0.05305141394023627,0.09339243637968406,0.3996725633571034,0.7441331460681007,-0.01132107421322568,-0.03818346656659094,0.6668430977991806,0.7481731098202691,-0.015122707020658517,-0.026281386940765972,0.6628103727120636,24.811913354904686,25.076196254988357,21.779537200927734,1,0.467523937504578,-0.007983748339942122,0.6574066267617981,0.16263136606779588,-0.07717900496667324,0.9835336907961266,0.01599746955697018,0.48375558853149414,-0.0077311391942203045,0.6561223864555359,0.1614428460597992,-0.07737088948488235,0.983742892742157,0.014137131161987782,-0.05562466382980347,-0.13386274874210358,0.1286657601594925,0.07802283763885498,1.256788969039917,-0.2244005650281906,-0.05046222568163082,-0.09711222164182999,0.09851099924036291,0.0723532317142782,1.25169936052654,-0.21913516593836957
50.647627,1785472093.929,-0.05323758348822594,0.10165072977542877,0.4000000059604645,-0.05306389573504368,0.0953921877421552,0.39970459603417,0.743458269281569,-0.024342595296410693,-0.059503327856782647,0.665685056062593,0.7472681186035692,-0.017040809097728968,-0.0331900350883184,0.6634744842982381,23.629828750708576,24.64838079710149,23.407936096191406,1,0.46274460905135384,-0.008027519180655723,0.657539654268928,0.16552109600145382,-0.07539777959466286,0.9831696348103676,0.0171875186551451,0.4781641364097595,-0.007839210331439972,0.6566336154937744,0.16184814274311066,-0.07730039954185486,0.9836723804473877,0.014778099954128265,-0.05798289179801941,-0.1473931521177292,0.141096293926239,0.08155519515275955,1.2524665594100952,-0.2239179164171219,-0.05223759877963388,-0.10975069856700462,0.10888098516217828,0.07430299631006466,1.2534496768942904,-0.22094593849196467
50.724195,1785472093.995,-0.05323758348822594,0.10294847935438156,0.4000000059604645,-0.05307431417956967,0.09708659572125203,0.39972897230468263,0.7503805777561185,-0.009229717787217099,-0.008128999109713979,0.6608916100310521,0.7480308782754548,-0.015244811184560144,-0.02742642901936895,0.6629217087029543,24.542004606730174,24.616844242859028,20.444869995117188,1,0.45974496763403333,-0.008006120669102681,0.6574936638390635,0.16908796494088896,-0.07324298276169011,0.9826042006132248,0.023102175775565635,0.47285372018814087,-0.007923656143248081,0.6570143699645996,0.1631099432706833,-0.07664594799280167,0.9835023880004883,0.015610214322805405,-0.0658709853887558,-0.1571177840232849,0.1509982794523239,0.09683187305927277,1.247374176979065,-0.23020000755786896,-0.05421341670496815,-0.12269590768582984,0.11995958573998106,0.07679701398915867,1.2531115827914758,-0.22196800372385764
50.80137,1785472094.062,-0.05453593656420708,0.10511139780282974,0.4000000059604645,-0.053260181352229805,0.09935503528579606,0.3997550996644753,0.7459817759264518,-0.05471786832641276,-0.04855312491246923,0.661936355651104,0.7475024245730054,-0.028679213151910632,-0.03462111148337457,0.6627360007047464,23.953426164043574,24.36004409933168,23.17523956298828,1,0.45720334609708363,-0.007988229807861371,0.6574588434585871,0.16624708432055332,-0.07506399148556799,0.9830576122954021,0.01802872833098113,0.46832916140556335,-0.007982147857546806,0.6572269797325134,0.1651509404182434,-0.07547976076602936,0.9832074046134949,0.01820025034248829,-0.05981321632862091,-0.16039055585861206,0.1525803655385971,0.08397209644317627,1.2528856992721558,-0.22538189589977264,-0.058222466539538185,-0.134533563427931,0.1306335757396473,0.08368698964016283,1.2511384889325876,-0.22479899177298787
50.926438,1785472094.162,-0.05668909102678299,0.10589973628520966,0.40300002694129944,-0.053970207053806174,0.10128833079569187,0.4004055126190036,0.7501287144048467,-0.009416791957201671,-0.008300076616548316,0.6611727040514651,0.7483192573521479,-0.0238815981636017,-0.029495395178412466,0.6622522027206489,24.869150901725153,24.83009151871607,57.87253379821777,1,0.4538009067488696,-0.007706408887282529,0.657422239063643,0.16212020965419965,-0.07262335902470887,0.9835582598111907,0.03249669064426476,0.4637683928012848,-0.007987272925674915,0.6573588848114014,0.16560034453868866,-0.07530935853719711,0.9831461310386658,0.01812952570617199,-0.07657113671302795,-0.16155372560024261,0.15296921133995056,0.1168241947889328,1.2677297592163086,-0.24134992063045502,-0.05887391569003635,-0.14512220680075782,0.13962058419267764,0.08380371936440602,1.2518539890387441,-0.2250377007820637
51.034782,1785472094.296,-0.05843321979045868,0.10589973628520966,0.40300002694129944,-0.054978594800508006,0.10215436163802065,0.40087100347593,0.750503363617396,-0.0186002164608532,-0.007282803569893185,0.6605646780738025,0.7480527184245478,-0.022517645416861718,-0.02279343768288484,0.6628654051171481,25.57361440301426,25.113645892924026,20.8742618560791,1,0.45090123662593357,-0.006637876574304265,0.6564496326646821,0.1617975170467776,-0.07464155400114111,0.9836610122514785,0.025714098665696853,0.459379643201828,-0.007806205190718174,0.6572758555412292,0.1640913039445877,-0.07438162714242935,0.9833604097366333,0.023317258805036545,-0.06613113731145859,-0.16896601021289825,0.1607886701822281,0.10016633570194244,1.2649526596069336,-0.23265060782432556,-0.06507709394876254,-0.15259233291545093,0.14586913019266973,0.09566016068822643,1.258077565723221,-0.23084778452112512
51.111501,1785472094.429,-0.05799718201160431,0.10589973628520966,0.40300002694129944,-0.055235715162548285,0.10247043444629819,0.4010260925797143,0.744776050281207,-0.015584936899806364,0.004084434328991853,0.6671199757656536,0.7472932947153276,-0.020794317544107738,-0.016107335937761137,0.6639735550158405,26.42715659779979,25.50595752350259,17.241477966308594,1,0.44960304347763436,-0.005123475610171902,0.6557537572938034,0.15797316707783413,-0.0750095245106404,0.9843858663303214,0.020062798538313584,0.45708003640174866,-0.007491931784898043,0.657062828540802,0.1634695678949356,-0.07444986701011658,0.9834432005882263,0.023965852335095406,-0.05459439381957054,-0.16893170773983002,0.16070912778377533,0.0837644711136818,1.2699999809265137,-0.2190605252981186,-0.06536272638438494,-0.15702961261102075,0.14991242565276316,0.09688134027709298,1.2599407161657072,-0.23133634852851323
51.219339,1785472094.496,-0.057703983038663864,0.10485178977251053,0.40400001406669617,-0.055451602618336225,0.1027168644796161,0.4013595598452187,0.7422715310598196,-0.014916818746599262,-0.004379157042281652,0.6699188649979874,0.7458618707898294,-0.019849192495810956,-0.012034095109326064,0.6656960716528676,24.27791906546825,25.35128045587895,56.357383728027344,1,0.4491291147936135,-0.004737152611337698,0.6555218228475028,0.15439038583887993,-0.07472027062307715,0.9850801524812852,0.014056425789793667,0.45450830459594727,-0.006656202487647533,0.656613290309906,0.1615685075521469,-0.07465066015720367,0.9837735295295715,0.022638870403170586,-0.045411013066768646,-0.1670692414045334,0.15824443101882935,0.06739675998687744,1.275480031967163,-0.2065678834915161,-0.06165949454097372,-0.16112275438447676,0.15362549772726258,0.09237045415183365,1.2634000973169486,-0.227114691944633
51.342846,1785472094.596,-0.05798964947462082,0.10361456871032715,0.406000018119812,-0.05569038246412879,0.1028851134356674,0.4022518155698002,0.7372404305449195,-0.06080240768071492,-0.028253944833759436,0.6722955669878394,0.7450617592582829,-0.013920748857611402,0.003084453013852394,0.6668430653398153,24.31380693235711,24.703225912515475,60.98031997680664,1,0.4487594141980525,-0.004412509067253785,0.6550221899061944,0.15211345890365707,-0.07312783315940971,0.9856007346737031,0.01024731420576597,0.4526526927947998,-0.005969668738543987,0.6562204360961914,0.1590622216463089,-0.07469630241394043,0.984241247177124,0.01972031779587269,-0.03912480175495148,-0.1661166548728943,0.15769906342029572,0.056515663862228394,1.2782241106033325,-0.19534505903720856,-0.05607163221593965,-0.16316776897391042,0.15521408357907654,0.08378200850294454,1.2675543868431576,-0.22004864299483118
51.459249,1785472094.729,-0.05813247710466385,0.10166900604963303,0.40700000524520874,-0.05583885180403321,0.10272739933197346,0.40285137360552714,0.7338548866367424,-0.0737401536352744,-0.04918096808214521,0.6734987954552875,0.7447835053432276,-0.012143832745415023,0.007613898207584377,0.6671522210477834,23.14182962241519,24.236165500674538,20.658493041992188,1,0.44850644587037486,-0.004052810868283051,0.6536843286316638,0.1453862607128212,-0.07424979713275584,0.986574543824157,-0.004524632564622945,0.45130684971809387,-0.005413321778178215,0.6557874083518982,0.1566239297389984,-0.07417713850736618,0.9847307205200195,0.016497552394866943,-0.018824396654963493,-0.16141463816165924,0.15448227524757385,0.018826082348823547,1.286361575126648,-0.17168457806110382,-0.05024360976619426,-0.16418191396620663,0.15606884413260927,0.07440512226063406,1.2712237048442816,-0.21155307851795244
51.48212,1785472094.796,-0.0573924258351326,0.10147757083177567,0.40800002217292786,-0.05591805489568728,0.10258905786130436,0.4035284017832892,0.7378825031407223,-0.04661652237385446,-0.024280838749093356,0.6728794485420031,0.7428877424637093,-0.02251103476619455,-0.0019734876830078147,0.6690344989290865,25.281087719189838,24.547725401800463,18.87369155883789,1,0.4487426012709485,-0.0038294357598786487,0.652785048746797,0.14336323348339308,-0.07458210372266857,0.9868152753856843,-0.008950159493746236,0.45074960589408875,-0.005128553602844477,0.6553287506103516,0.15437115728855133,-0.07422549277544022,0.9851406812667847,0.012569328770041466,-0.012472160160541534,-0.15935777127742767,0.15417461097240448,0.007570133078843355,1.287783145904541,-0.16439910233020782,-0.04427395915819436,-0.1636561323830768,0.15576740227461316,0.06384510492859743,1.2740999001979312,-0.20397806337195287
51.56023,1785472094.863,-0.05695098266005516,0.10147757083177567,0.40800002217292786,-0.05595298749371827,0.10253177594019003,0.40380260614838426,0.7375791891787707,-0.05627117005756928,-0.03282081337763782,0.6721110691842306,0.7418659421149174,-0.02987041729833862,-0.008694532472905357,0.6698261619296806,25.937870368212188,24.78931211480037,23.465633392333984,1,0.44894952767240637,-0.003709820938212713,0.6517694820519494,0.14306148929571944,-0.06974404926157521,0.9872427630586984,0.0045721615584512565,0.4501713812351227,-0.0047499616630375385,0.6545628309249878,0.1512334793806076,-0.07435940951108932,0.985673725605011,0.006820340640842915,-0.028239592909812927,-0.1574920415878296,0.15470601618289948,0.038454197347164154,1.2888468503952026,-0.1746903955936432,-0.03565567081005683,-0.16249128160589127,0.15533579444604648,0.048594589271954675,1.2778080597844226,-0.19325216454740526
51.669223,1785472094.896,-0.05695098266005516,0.10191880911588669,0.40800002217292786,-0.05603487407506076,0.10247404778655603,0.40433677570689247,0.73356520916145,-0.05548120207822417,-0.03259318075698368,0.6765660386776858,0.7385116357647199,-0.04059826783292607,-0.01870207155512734,0.6727574429232506,25.94374842643755,25.237204395982737,62.92986869812012,1,0.4490352170504854,-0.0036570955566339815,0.6513581685136822,0.14277600613733574,-0.06692336194314145,0.9873875973744489,0.01421296059278571,0.4496729373931885,-0.00431766826659441,0.6534104347229004,0.14787797629833221,-0.07247383147478104,0.9863287806510925,0.005925577133893967,-0.03968864306807518,-0.15609870851039886,0.1545381247997284,0.06065687537193298,1.2906829118728638,-0.18355725705623627,-0.0326187069348682,-0.16044406004720546,0.15507802466065507,0.044442003219582554,1.2823285549274432,-0.1856509332335514
51.824896,1785472095.063,-0.05606810376048088,0.10236004739999771,0.40800002217292786,-0.05606659156089379,0.10241208107875059,0.40501366179552734,0.7347356356568496,-0.0364898859895913,-0.015084523235963281,0.6772034340396803,0.7357654046506255,-0.045780500892280696,-0.023592961748639063,0.6752753417779155,27.319936162688123,25.875941042896237,77.18229293823242,1,0.44916938249542226,-0.0034859649170942905,0.6501441926083377,0.14235879382838135,-0.05641521574273514,0.9876273607102393,0.03381558263517376,0.44937318563461304,-0.0040140701457858086,0.6524397730827332,0.1454850137233734,-0.06987319141626358,0.9868412613868713,0.00980558805167675,-0.061799559742212296,-0.15373583137989044,0.15612341463565826,0.10399474203586578,1.2932283878326416,-0.19058480858802795,-0.03593136368683881,-0.15840804412721274,0.15482533462568757,0.05203964035020621,1.2862430640634326,-0.1846699194902894
51.949738,1785472095.196,-0.05562666058540344,0.10236004739999771,0.40800002217292786,-0.05603519821507687,0.102409751590537,0.4051714815397315,0.7313221543423615,-0.05557257649514145,-0.0330616359185068,0.6789598836014769,0.7347141272233428,-0.048130585775743424,-0.025865018148269765,0.6761727581081001,26.689938678681962,26.11832512299254,22.340774536132812,1,0.4492136746511276,-0.0034850722120446233,0.6495416305885031,0.14228572107469617,-0.05545112779266266,0.9876701041584163,0.034463188425895575,0.44923874735832214,-0.003768462920561433,0.651282012462616,0.14393197000026703,-0.06357201933860779,0.98731929063797,0.02104499191045761,-0.06240716576576233,-0.153657004237175,0.15742045640945435,0.10523678362369537,1.292137861251831,-0.18955254554748535,-0.048052129266886755,-0.1562188652353782,0.15543377714569245,0.07638368169632664,1.2895161003834095,-0.18744139161570514
52.039854,1785472095.263,-0.05504995957016945,0.10342961549758911,0.40700000524520874,-0.055913784705590594,0.10248083799838023,0.405430787743461,0.7268802998221789,-0.06471841085114437,-0.0330627393856084,0.6829080555181943,0.732938727152167,-0.05209231010467195,-0.028581335002626353,0.6776948581463398,31.163263999090724,26.92970625072093,67.26479530334473,1,0.44921696676516243,-0.0035319339754859907,0.6493048527857599,0.1422540861586483,-0.05357729702319098,0.9876683239020905,0.03747706198852786,0.4492157995700836,-0.0036502156872302294,0.6505440473556519,0.14323222637176514,-0.060253772884607315,0.9874967336654663,0.026538847014307976,-0.06594202667474747,-0.15337875485420227,0.15792794525623322,0.11185514181852341,1.2923718690872192,-0.19025731086730957,-0.05393063796146431,-0.15516980946607695,0.156247735041322,0.08819933632016344,1.2905897376766369,-0.18830592570647253
52.118562,1785472095.396,-0.053938716650009155,0.10215898603200912,0.4020000100135803,-0.05572056794628236,0.10246263037627346,0.4047354986380441,0.7288542631736166,-0.049679330929458865,0.0192254159089363,0.6825934445298857,0.7319509147286665,-0.051418324261196094,-0.014989903351333054,0.6792490832938655,24.392578317039227,26.16646967458879,22.4153995513916,1,0.4491099132593435,-0.0037135806314322712,0.6489157884653296,0.14140673296269288,-0.0505505912785834,0.9877762302655128,0.04179584329399157,0.4492076337337494,-0.003599530551582575,0.6500202417373657,0.1428125500679016,-0.057521216571331024,0.9875898957252502,0.03101622313261032,-0.07117509096860886,-0.15238547325134277,0.15805359184741974,0.12106796354055405,1.294333577156067,-0.19064219295978546,-0.058849397449485065,-0.15443640262401084,0.15693615995867405,0.09788664531348444,1.2913195383105844,-0.1891050330876765
52.226746,1785472095.463,-0.045192018151283264,0.10268254578113556,0.39400002360343933,-0.052952261514659774,0.10213429831614732,0.39953065623901846,0.7278063276414288,-0.10341568145092489,0.004061103189055606,0.6779282069039655,0.7309598484197394,-0.060203509588294596,0.01401627567077511,0.6796151715844523,26.288343781614532,26.433586308742896,18.999576568603516,1,0.4491376789629865,-0.004004448368781025,0.6499584198315743,0.13219543072356915,-0.050566151028926094,0.9894239010873526,0.031745494530951185,0.44916021823883057,-0.0036463297437876463,0.6495526432991028,0.14221808314323425,-0.05466878414154053,0.9876893162727356,0.03542863950133324,-0.058225978165864944,-0.14344429969787598,0.14460837841033936,0.09434446692466736,1.3133264780044556,-0.17262998223304749,-0.06389685339286058,-0.15359656792089732,0.157394070051018,0.10737964485862003,1.292553817358198,-0.18973451153780896
52.367074,1785472095.596,-0.04359721392393112,0.10251598060131073,0.39500001072883606,-0.048936466499990464,0.1021727985141009,0.39774498521024354,0.7123893448484311,-0.14443056885092798,-0.043517156349708305,0.6853812728919981,0.7301861519523787,-0.06471184720448508,0.028967913777881365,0.6795597253367199,27.771772928535338,27.109960726883905,65.85526466369629,1,0.44963183837053233,-0.008164963509675036,0.657761288575299,0.10541623682779315,-0.05243669393016642,0.9928803400254194,0.018067665420536158,0.44914954900741577,-0.0038090022280812263,0.6497336626052856,0.13751274347305298,-0.05276908352971077,0.9885179400444031,0.033734772354364395,-0.04897300526499748,-0.11267546564340591,0.09282059967517853,0.05808086320757866,1.3842638731002808,-0.15937113761901855,-0.06123969732846978,-0.14883966055922276,0.1514034406999624,0.10127190745991045,1.3022870344579478,-0.18172002763240103
52.482308,1785472095.763,-0.04402459040284157,0.10123445093631744,0.39500001072883606,-0.048512765249056705,0.10213537165314023,0.3975746103188751,0.7063716124302508,-0.15422319162012227,-0.052972376501171654,0.688802061297009,0.7300820296767198,-0.06524813505277331,0.030749508190356156,0.679542035904555,23.347306928114936,26.42656718866629,21.561622619628906,1,0.4495706244654818,-0.014191217044179812,0.6604339511417116,0.09156999858501781,-0.05338237329686111,0.9943058248612017,0.011008370788627571,0.44931474328041077,-0.005244251806288958,0.6524614095687866,0.12648043036460876,-0.052921805530786514,0.9901461005210876,0.028508268296718597,-0.053909365087747574,-0.09722398221492767,0.06987519562244415,0.041869621723890305,1.4182032346725464,-0.1638149917125702,-0.05702117204931823,-0.13648682569221016,0.13125697845992274,0.0864185166132867,1.330478869267046,-0.17403424228827677
52.524436,1785472095.797,-0.04487933963537216,0.10123445093631744,0.39500001072883606,-0.04815208403755821,0.10207709493273684,0.3973342767688845,0.7041547319103635,-0.16533820348630096,-0.06257195428951925,0.6876875326284148,0.7299481842810654,-0.06591880344391828,0.032978436076703005,0.6795165799090062,24.339219399502742,25.806667090044566,24.109840393066406,1,0.44962638090682333,-0.014827067250967354,0.6606888545779701,0.08991818989412353,-0.0534942171697321,0.9944595134915702,0.010166802922817297,0.44941383600234985,-0.007617996074259281,0.654547929763794,0.1170210987329483,-0.053297415375709534,0.991411566734314,0.023843538016080856,-0.05429253727197647,-0.09526398777961731,0.0671921893954277,0.03989782929420471,1.4220635890960693,-0.1641927808523178,-0.056177867941990985,-0.1258466085326681,0.11462262064108954,0.07434577112942922,1.3542521722919365,-0.17126482413570485
52.664724,1785472095.863,-0.04402459040284157,0.10038009285926819,0.39500001072883606,-0.047429449402934844,0.1019096729007151,0.3969494301243906,0.7159274371837803,-0.13236133720382337,-0.019260523855870886,0.6852425945034922,0.7223784139243993,-0.1004391001472298,0.0058795697930330935,0.6841394922943222,28.079164113644644,26.51978480583545,70.39356231689453,1,0.4497135663139578,-0.01536851741043557,0.6610487669519792,0.08785105590597,-0.05363389128879804,0.9946469404661438,0.009113808356948808,0.449545294046402,-0.011349417269229889,0.6576952338218689,0.1028810665011406,-0.05358998104929924,0.9931076169013977,0.016760073602199554,-0.05411494895815849,-0.09278946369886398,0.06372164189815521,0.037301916629076004,1.4269524812698364,-0.16400404274463654,-0.05519427770769926,-0.1098915991603305,0.08987832782524542,0.05637418674769761,1.3896295986540448,-0.1675753136436455
52.741491,1785472096.03,-0.0430605486035347,0.10097816586494446,0.39400002360343933,-0.046955771121561414,0.10186104089809707,0.39668542536729734,0.7164196105177555,-0.13004487723415953,-0.009208879118801014,0.6853805279668479,0.7204507825723011,-0.11048816396053825,0.0007654080095372846,0.6846476828750442,24.444906802621126,25.89719726755382,22.609710693359375,1,0.4499641406554186,-0.016453252497348896,0.6616248073559784,0.0830905210560523,-0.03836202038986633,0.9945000030626332,0.050931960601020836,0.4496074914932251,-0.012726576067507267,0.6588342785835266,0.097710981965065,-0.05365698039531708,0.9936667084693909,0.014142448082566261,-0.10339665412902832,-0.0820348709821701,0.05445956438779831,0.1250179558992386,1.4482176303863525,-0.18646465241909027,-0.05482309141394554,-0.10401019755423112,0.08088322992582732,0.04981524061926153,1.4024649379856156,-0.16634715146798323
52.896333,1785472096.097,-0.042634252458810806,0.10097816586494446,0.39400002360343933,-0.046259445644412533,0.10177967195852385,0.39632241539960483,0.7142072486435876,-0.13029135650618312,-0.009843175058975879,0.6876301915342967,0.7172709499227516,-0.12092166564086317,-0.004945068982086832,0.6862039649173671,25.700510215401994,26.078755296939207,60.40477752685547,1,0.45003673445561493,-0.01716422012559737,0.6620200708649967,0.07968106789375706,-0.035035972763216766,0.9943140540411162,0.06134305150680064,0.4496557116508484,-0.014083477668464184,0.6596234440803528,0.09199826419353485,-0.04782986268401146,0.9942242503166199,0.027690675109624863,-0.11621970683336258,-0.07665383070707321,0.049294888973236084,0.14600543677806854,1.459092378616333,-0.19284337759017944,-0.07280984412932541,-0.09591478016137014,0.0712796757925717,0.07777620300829087,1.419286763725227,-0.1739034324207588
52.928241,1785472096.23,-0.0430605486035347,0.10140425711870193,0.39400002360343933,-0.04606342070330954,0.10176063636971713,0.3961872933487071,0.7125675094305689,-0.1387390434867578,-0.01865809490613889,0.6874961074877218,0.7160137151972459,-0.12583414504865276,-0.008721272356748034,0.686595999841094,25.67133173050973,25.957745750496503,17.55833625793457,1,0.4501582415992191,-0.01820934638345294,0.6625634826049918,0.07637604546239116,-0.02998923363541453,0.9940105047810847,0.07218352949489794,0.4496888518333435,-0.014667225070297718,0.6599792242050171,0.08949468284845352,-0.045292653143405914,0.9943751096725464,0.03402058035135269,-0.13006654381752014,-0.07115200906991959,0.043990783393383026,0.16757893562316895,1.4701807498931885,-0.1965709775686264,-0.08105771471037722,-0.09225521363466767,0.06710268295517025,0.09073976289060984,1.4268498305545372,-0.17750202058936648
53.037817,1785472096.297,-0.042634252458810806,0.10183034837245941,0.39400002360343933,-0.04568839252238619,0.10173012921920027,0.39597068130140217,0.7165769121000983,-0.12749144616008223,-0.00813606857240039,0.6857093149354793,0.715333141467255,-0.12740176071648848,-0.009138801202089082,0.6870107498413074,25.034978403209678,25.423907467016917,62.57987022399902,1,0.45018667475971497,-0.01850360658097382,0.6627658590268439,0.07559353174043665,-0.027879481928018385,0.9936847444419251,0.07809597371067882,0.44980379939079285,-0.01610558293759823,0.6608396172523499,0.08380130678415298,-0.03882313519716263,0.9944930672645569,0.049534596502780914,-0.1371614933013916,-0.06936373561620712,0.04272383078932762,0.17967402935028076,1.4739872217178345,-0.19958873093128204,-0.10112731281415474,-0.08361325878642678,0.05763828693657594,0.12220618098224126,1.4445942753329082,-0.18531094714131077
53.17637,1785472096.43,-0.0430605486035347,0.10183034837245941,0.39400002360343933,-0.0454572080662505,0.10173852666321673,0.3958341871356756,0.7125172662538964,-0.1384411865131677,-0.01904948320314702,0.6875974842570278,0.7177506636788503,-0.12013488758929587,-0.0017262020044821274,0.6858561174175797,25.66341771534176,25.35883370598276,69.0762996673584,1,0.4502321627910033,-0.01906650590719103,0.663090196492313,0.07477439103345353,-0.02690869857502912,0.993671596346141,0.07938180522945029,0.4499588906764984,-0.0173445213586092,0.6617293357849121,0.07933522760868073,-0.03300733119249344,0.9942188262939453,0.0643845796585083,-0.13968993723392487,-0.06800532341003418,0.04080754891037941,0.18210411071777344,1.4768562316894531,-0.1999407410621643,-0.11992643403378489,-0.07617928102708767,0.049857740202761756,0.15218735755085158,1.4599286665800582,-0.1927597062846754
53.301478,1785472096.531,-0.04295125603675842,0.10199691355228424,0.3930000066757202,-0.045254415666028495,0.1017823916390033,0.3955453906934292,0.7171792023691265,-0.11523344228328128,0.01303163411538097,0.6871720468565438,0.7166868363410641,-0.12193982615549456,-0.0023519597177438347,0.6866477449887173,26.661158904876757,26.016896994732306,56.9610595703125,1,0.4502194015696781,-0.019413471278865384,0.663294607580733,0.0746448421744813,-0.031050631079681004,0.9942996269532209,0.06951444229069222,0.4500771760940552,-0.018179774284362793,0.662361204624176,0.07713957875967026,-0.030536100268363953,0.9940620064735413,0.07041099667549133,-0.12963984906673431,-0.0689522922039032,0.0396362766623497,0.16174639761447906,1.4749534130096436,-0.1974836140871048,-0.12818176789521796,-0.07244403908418666,0.04550043974868864,0.16416937361217174,1.4676699476921702,-0.19587872699357298
53.412889,1785472096.664,-0.0430605486035347,0.10183034837245941,0.39400002360343933,-0.04516148924294166,0.10178433890972906,0.39547020629766405,0.7117304399046022,-0.13208852820781578,-0.012629178491496664,0.689806426093382,0.7154944905142366,-0.12441689781373408,-0.00485768418488843,0.6874332494770234,25.355650133161088,25.82019655817358,26.577234268188477,1,0.4501536316288779,-0.019718025168893878,0.6637275496901736,0.07379960969849746,-0.029500201019141487,0.9943029930031623,0.07102755699820443,0.4501265585422516,-0.018603241071105003,0.6626816391944885,0.07628356665372849,-0.030715256929397583,0.9941444396972656,0.07010146975517273,-0.13185162842273712,-0.0678761899471283,0.03776898235082626,0.16453880071640015,1.4780001640319824,-0.19635702669620514,-0.1286831857508244,-0.07124325588598245,0.04348400761163517,0.16333612816182774,1.4701747314148494,-0.1964306442441323
53.488823,1785472096.731,-0.042634252458810806,0.10183034837245941,0.39400002360343933,-0.04490929877681206,0.10176681716560597,0.3953407137921651,0.7165789370276284,-0.12748006435225478,-0.008125177066933255,0.6857094440787075,0.7156523245441606,-0.12721813292986667,-0.007406385157153631,0.6867331668758122,24.700188125625232,25.250884852848646,54.35991287231445,1,0.4501506650812962,-0.01985752230261405,0.6638401920946614,0.07381954154363286,-0.02756068601910507,0.9941185897050953,0.07429208218374786,0.4501379132270813,-0.019060799852013588,0.6631085276603699,0.07526672631502151,-0.03021830879151821,0.9942102432250977,0.07048254460096359,-0.135726660490036,-0.06748617440462112,0.03766404464840889,0.17124256491661072,1.479058027267456,-0.19648121297359467,-0.1299806765260337,-0.0698644393269696,0.041143920641502435,0.1638286518107888,1.4733793243258915,-0.19640049345625538
53.612804,1785472096.864,-0.04295125603675842,0.10242192447185516,0.3930000066757202,-0.04474084856027221,0.10183157476907104,0.3951192655530632,0.7112065240315927,-0.13617736610708528,-0.008947530842746644,0.6896092711288434,0.7144064475604247,-0.13053022493555044,-0.00949447240045263,0.6873828213275378,24.68655585479478,25.16902657682264,61.68723106384277,1,0.45017674784808775,-0.020236020475175663,0.6640340434912991,0.07367798432875126,-0.027562298289734725,0.993834502632798,0.07813357610437986,0.45014244318008423,-0.01938692480325699,0.6634061336517334,0.07467138022184372,-0.029126517474651337,0.994175910949707,0.07204197347164154,-0.1409243643283844,-0.06648451089859009,0.03690401837229729,0.17942185699939728,1.4812767505645752,-0.20178234577178955,-0.13233369617330754,-0.06889054671571467,0.03971915119999058,0.16686474072867954,1.4757048099674916,-0.19643354523103276
53.735968,1785472096.998,-0.042634252458810806,0.10140425711870193,0.39400002360343933,-0.044561335226317694,0.10182282680419884,0.39501045611462543,0.7059168423953173,-0.15851042279134467,-0.046614663346013656,0.6887546229610888,0.711638436096536,-0.1393254564483892,-0.022225180387893492,0.6882333868770463,22.949829258719443,24.600901894917822,60.22834777832031,1,0.4500796155394865,-0.020488934972902086,0.6643660349795952,0.07281015288478511,-0.025650582310236876,0.993661148835546,0.08172056386775,0.4501558840274811,-0.019785452634096146,0.663695752620697,0.07419445365667343,-0.02839016355574131,0.9940221905708313,0.07489350438117981,-0.14529599249362946,-0.06518837064504623,0.035445474088191986,0.186510369181633,1.4847922325134277,-0.20217974483966827,-0.13635890561147998,-0.06776321340911198,0.03840042200993782,0.1727485114675807,1.4783155928817207,-0.19893976946692984
53.860239,1785472097.131,-0.04231508448719978,0.10166162252426147,0.39500001072883606,-0.04436958575898014,0.10179655344680219,0.39500927361591825,0.7156685976512123,-0.09422888699335444,-0.0135880758706182,0.6919210499660168,0.7131543275078899,-0.12507252029545785,-0.020279724595373416,0.6894610232595078,23.403997856762327,24.155723250620227,57.29198455810547,1,0.4500926121843669,-0.020758375696975424,0.6645289771889678,0.0756162839706442,-0.020648872590284237,0.9922597893440304,0.09631361331692265,0.45012348890304565,-0.020072439685463905,0.6639633774757385,0.0736185610294342,-0.02726184017956257,0.9938820004463196,0.07768984138965607,-0.1624799519777298,-0.06608233600854874,0.0391685776412487,0.2178599238395691,1.4840872287750244,-0.210649311542511,-0.1400187106390779,-0.06670881949892908,0.03719061071890439,0.1783841472883102,1.4809678415773009,-0.20026656813298935
53.952537,1785472097.231,-0.04199375584721565,0.10106248408555984,0.3960000276565552,-0.04422271080809633,0.10175002111730644,0.3951031574389789,0.7183175016004462,-0.07194173592140195,-0.030241198418478006,0.6913246874264816,0.7151385455257868,-0.10712248853752596,-0.023659631674712342,0.6903201105152642,23.688534297909037,24.01690534488841,28.45311164855957,1,0.45013177113443203,-0.021046035922369956,0.6645304433020228,0.08426950973472222,-0.022495867091228472,0.9925723971315552,0.08480932817445057,0.45008790493011475,-0.02034388855099678,0.6641498804092407,0.07436418533325195,-0.024552572518587112,0.993270754814148,0.08532469719648361,-0.15204781293869019,-0.0769152045249939,0.04846804216504097,0.19735053181648254,1.4627711772918701,-0.2052575796842575,-0.14921679215761016,-0.06645229931611416,0.0380008883979655,0.19454989111083373,1.4822452618286406,-0.20451840154023113
54.061252,1785472097.298,-0.041565295308828354,0.10106248408555984,0.3960000276565552,-0.0439626000681172,0.10171406935542475,0.39522751976822845,0.7215192375854274,-0.055602879867592825,-0.06286902586270769,0.6872887276331889,0.7172150251705782,-0.08436432695410727,-0.04919832898060447,0.6899744867983623,23.7970768094497,23.674068780420303,57.993412017822266,1,0.45020128069061977,-0.021266271748673307,0.6643893550851997,0.09927005862611887,-0.024608327732992756,0.9919704083116345,0.07439485668110124,0.4501003623008728,-0.02053409442305565,0.6642495393753052,0.07704824209213257,-0.02399727888405323,0.9930912852287292,0.08519037812948227,-0.1436401903629303,-0.09432244300842285,0.06589929759502411,0.1813928186893463,1.4284684658050537,-0.2036387026309967,-0.14998398826852322,-0.06928776181571386,0.04083762374797332,0.19530887391893376,1.4769677849191758,-0.20471871690942822
54.185053,1785472097.431,-0.041565295308828354,0.10106248408555984,0.3960000276565552,-0.043696459720277685,0.10161507096707689,0.39531402140252675,0.7224597037377204,-0.032127010223455446,-0.09069176828461152,0.6846859388469416,0.7210990107439968,-0.04652578966241282,-0.06541362500622522,0.6881661320232659,25.154306044736543,24.23196796765786,60.736894607543945,1,0.45025473937455657,-0.021656302538252462,0.6642023940961475,0.13325696300534665,-0.025268668921364753,0.9878524451447399,0.07583945413235163,0.4501531720161438,-0.020870588719844818,0.6642735004425049,0.08745180070400238,-0.02424498461186886,0.9926458597183228,0.08011601865291595,-0.1529863476753235,-0.13009537756443024,0.10687491297721863,0.20005670189857483,1.358845829963684,-0.22318129241466522,-0.14701156712132368,-0.08101794688635339,0.05258014034387521,0.18878835707197494,1.4542429924543818,-0.20421267155455333
54.263478,1785472097.565,-0.04113684222102165,0.10149075090885162,0.3960000276565552,-0.04353371253568544,0.10160875210896828,0.39534820726945513,0.725402167016891,0.005396801674555906,-0.055239125322286385,0.6860839669111303,0.7231024974235187,-0.025335100325537256,-0.06128040264677209,0.6875504513581637,25.956734954504693,24.74300602098462,17.655134201049805,1,0.4504027985866302,-0.022055516096550015,0.6640721509544998,0.17098125365178818,-0.030833782224042965,0.9829304055923276,0.06051864618054152,0.45040273666381836,-0.021115543320775032,0.6638487577438354,0.10291528701782227,-0.02464147098362446,0.9912530779838562,0.07885762304067612,-0.14380767941474915,-0.17190466821193695,0.1528487354516983,0.18490613996982574,1.2739042043685913,-0.2325228899717331,-0.14906629587220752,-0.09721632747290326,0.07125206385752685,0.19266353753055152,1.4214359082738308,-0.2107359809805035
54.341649,1785472097.631,-0.04199375584721565,0.10106248408555984,0.3960000276565552,-0.04345326892229053,0.10158303132939718,0.3953792107687704,0.7212805658845868,0.0013378019762284616,-0.0602029256149868,0.6900204078942008,0.7224767025313151,-0.01527784283519675,-0.060879240744525394,0.6885402819473605,25.95321630422149,25.10424489076093,25.536775588989258,1,0.4504120279221639,-0.02229959487230544,0.6640206273909859,0.18269850844047675,-0.035226478091968404,0.9816028729427249,0.04285032188268687,0.4507595896720886,-0.021279994398355484,0.66323322057724,0.11538095772266388,-0.025747235864400864,0.9901067018508911,0.07558462023735046,-0.12535716593265533,-0.186905637383461,0.16780124604701996,0.14922717213630676,1.241979718208313,-0.22051361203193665,-0.14806714545570282,-0.1103079479029282,0.08675551095351466,0.19118963752910656,1.3934048845318354,-0.21487549237009956
54.451715,1785472097.698,-0.04146033152937889,0.10123445093631744,0.39500001072883606,-0.04323068675416615,0.1015874548330482,0.3953788478785194,0.721188375098625,0.00649540255625437,-0.055038276722773304,0.690518591685716,0.7221946941703026,-0.003013510661032744,-0.059644313999264016,0.689106884505819,25.920900529144017,25.64599227147103,64.6965503692627,1,0.4504504716438042,-0.022420248567157904,0.6639739781187309,0.18929561029890435,-0.03511433076721467,0.9806599159841927,0.035217678489819666,0.4507300555706024,-0.021614285185933113,0.6631752252578735,0.1385289877653122,-0.028687098994851112,0.9878582954406738,0.06420942395925522,-0.11707059293985367,-0.19503751397132874,0.17650318145751953,0.13315261900424957,1.2244850397109985,-0.2107798159122467,-0.1402572070716212,-0.136649868061076,0.11462693987114259,0.17675873177298704,1.3413297698331759,-0.2168144448972642
54.576341,1785472097.832,-0.04103295877575874,0.1020888015627861,0.39500001072883606,-0.042997672419013436,0.10164659767626669,0.39533610679891756,0.7247842518909132,-0.0016418010331912653,-0.07199368891635663,0.6852021610127272,0.7229754464344652,-0.005200604039745543,-0.06826851536135538,0.6874728121030415,25.338705088681603,25.402844568070904,61.02323532104492,1,0.45044354393178815,-0.02275411624840274,0.6639742009825815,0.19680842195254453,-0.03585237086339214,0.9794536197516707,0.02552761852137284,0.4506511390209198,-0.02201748639345169,0.6633040904998779,0.1622513383626938,-0.03140602633357048,0.984959602355957,0.05042652785778046,-0.1069163903594017,-0.20437084138393402,0.1864914745092392,0.11237645894289017,1.2045273780822754,-0.19995194673538208,-0.12939294396389497,-0.16400788842482433,0.14361932801142624,0.15632667555543445,1.2865811199318586,-0.21398686936925107
54.699776,1785472097.965,-0.040708381682634354,0.10191899538040161,0.3960000276565552,-0.04277767220372137,0.10165999823249329,0.3953636181530471,0.7244207997806523,0.0029163967284124965,-0.07835598649074078,0.6848841791546549,0.7236069449071544,-0.0030892661452132483,-0.07112320826506068,0.6865310881255875,24.532418729203656,25.201943315141897,58.58659744262695,1,0.4503545667187572,-0.02310362233527938,0.664038031635044,0.20140971955559264,-0.0362271169218424,0.9782718160531023,0.033256199185022026,0.45056653022766113,-0.022401871159672737,0.6634649634361267,0.17834898829460144,-0.033275056630373,0.9826474189758301,0.038581542670726776,-0.11898873001337051,-0.2080880105495453,0.1917751431465149,0.13528503477573395,1.1977792978286743,-0.21751058101654053,-0.1188613848575154,-0.18292027383047646,0.16370715907797104,0.1357333855926759,1.2481341007045599,-0.20741068385068623
54.792392,1785472098.098,-0.04103295877575874,0.1020888015627861,0.39500001072883606,-0.042740102628275545,0.10167185182260909,0.3953525836018193,0.7227620895248446,0.003280027551925134,-0.06797068003858427,0.6877384604775509,0.7235145489048872,-0.002378462869433539,-0.07077157275248855,0.6866676233284015,25.529153418611852,25.25970073809067,21.212100982666016,1,0.45033414842975106,-0.02343356444095021,0.6639964561022926,0.2048780364597858,-0.037161489351814236,0.9774949037182681,0.033878121116017,0.45050784945487976,-0.02263651229441166,0.6636369228363037,0.18629713356494904,-0.03429463133215904,0.9812055826187134,0.036781493574380875,-0.12162472307682037,-0.21151739358901978,0.19615763425827026,0.1395263671875,1.1905854940414429,-0.22348012030124664,-0.11890520293039666,-0.1915754274729244,0.1733595050169421,0.13557918163292035,1.230817083995543,-0.2108840411855425
54.900555,1785472098.132,-0.04103295877575874,0.10251598060131073,0.39500001072883606,-0.04257179761750662,0.10172655803070274,0.39531053318297127,0.7225512263711891,0.006497667985643371,-0.06405493201282769,0.6883127713947135,0.7232179856726945,-0.0018707170297124704,-0.07106956639918278,0.6869507714160872,25.5599192941994,25.346295826763512,20.804166793823242,1,0.45031632987273224,-0.023489919343327684,0.6640129649884049,0.20511394424222987,-0.037114585467557984,0.9774737022126091,0.0331049679918655,0.4504584074020386,-0.022907942533493042,0.6637466549873352,0.1927230805158615,-0.035289615392684937,0.9799668788909912,0.03573956340551376,-0.12081925570964813,-0.21189558506011963,0.19645653665065765,0.13766850531101227,1.1898199319839478,-0.22228583693504333,-0.1197599109390479,-0.1984712736594095,0.18122955822108414,0.13675082454494217,1.2169048840045784,-0.21509640571062222
54.977758,1785472098.299,-0.04103295877575874,0.10166162252426147,0.39500001072883606,-0.042540208042232575,0.10172480619875589,0.39530320020478305,0.720094212627485,-0.00447448278954464,-0.08612432004074513,0.688496118683096,0.7228932700772635,-0.0021484525521606856,-0.07267611465182687,0.6871236326802813,23.566815077278346,25.036021362115065,18.053531646728516,1,0.45023409203649006,-0.023742366347543113,0.6640758498944324,0.20566273030883286,-0.03672052349728015,0.9773807898140147,0.03288215653717013,0.4504167139530182,-0.02310556173324585,0.6638322472572327,0.1969882845878601,-0.035921454429626465,0.9791276454925537,0.034846480935811996,-0.12124355882406235,-0.2126520723104477,0.19715408980846405,0.137435644865036,1.1886943578720093,-0.22194138169288635,-0.1201242244498068,-0.20308789147447054,0.18646609401386388,0.1370664133390212,1.2075903690046836,-0.21756885136057313
55.055106,1785472098.332,-0.0406055822968483,0.10251598060131073,0.39500001072883606,-0.04243358449519714,0.10177233580934572,0.3952895819613622,0.7241599681489463,-0.007911807867706969,-0.0878128427790505,0.6839726957049114,0.7231579093140234,-0.0032814484370172923,-0.07565323564007645,0.6865190880302695,23.910549872338876,24.700254756883382,27.45342254638672,1,0.45023668569550795,-0.0237897637187388,0.6640868013018648,0.2065944639287764,-0.036141478876956415,0.9771632712121208,0.034124219736065074,0.45038408041000366,-0.023224972188472748,0.6638758778572083,0.19863812625408173,-0.036074090749025345,0.9788017868995667,0.034476738423109055,-0.1230488196015358,-0.21345362067222595,0.1982734352350235,0.1409401148557663,1.1871042251586914,-0.22336900234222412,-0.12033688083098475,-0.20490510589338243,0.18849696326280788,0.1371365782043851,1.2040001268894756,-0.21839963059128442
55.178671,1785472098.399,-0.0406055822968483,0.10080727189779282,0.39500001072883606,-0.0422607258231299,0.10168484065405158,0.3952654770300328,0.7251514073291248,-0.002336997983141175,-0.0739439440490176,0.6846037306555467,0.7236937008329402,-0.003074400306396405,-0.07523666331634724,0.6860010349339872,25.338705088681603,24.65101346560627,65.96994400024414,1,0.4501652649256263,-0.023949656375509488,0.664107120988952,0.20792026560814883,-0.03625894668435199,0.9767704601745311,0.03706642773741639,0.45033469796180725,-0.023416489362716675,0.6639444231987,0.2013770341873169,-0.03610086441040039,0.978244960308075,0.03436357155442238,-0.12769736349582672,-0.2144174724817276,0.1997913271188736,0.1496392786502838,1.185648798942566,-0.23007917404174805,-0.12126948514887688,-0.2078449788029912,0.19185938126080831,0.13844463561270995,1.1981896262842588,-0.22010859466353147
55.240096,1785472098.532,-0.04103295877575874,0.10123445093631744,0.39500001072883606,-0.04219981816856786,0.10166102728593454,0.3952543222464795,0.7228681682138366,0.0005870105286819735,-0.0709768412807918,0.6873307462958521,0.7235869239844772,-0.002594614871925568,-0.07467860175629576,0.6861766083539086,25.09147575189545,24.781858929680244,18.635988235473633,1,0.45029630472632504,-0.024209094506892744,0.664142935930937,0.20778290546404943,-0.03706721884778423,0.9767812741864402,0.03675088954736413,0.4502898156642914,-0.023558305576443672,0.6639859080314636,0.20314529538154602,-0.03615177795290947,0.9778509736061096,0.03510807082056999,-0.1281498521566391,-0.2139119952917099,0.19923274219036102,0.14945264160633087,1.1860469579696655,-0.23211513459682465,-0.12301141594989184,-0.20962615184274924,0.19400914204775507,0.14147839898627146,1.19479106207466,-0.2228106196963892
55.351908,1785472098.599,-0.04103295877575874,0.10166162252426147,0.39500001072883606,-0.04214584084024368,0.10166105435675733,0.39524390824042843,0.7227472791723156,-0.005885618711972641,-0.07669410924654257,0.6868185666886647,0.7234896764572674,-0.002978117861029188,-0.07491353049488389,0.6862519812886201,25.338705088681603,24.94565671734075,15.874385833740234,1,0.45033195599253417,-0.024300503562128446,0.6641595545958008,0.207715698574526,-0.03698742769262521,0.9768267280413451,0.03599530722774484,0.4502912759780884,-0.023780139163136482,0.6640378832817078,0.20473693311214447,-0.03647154942154884,0.977486252784729,0.035681311041116714,-0.12736059725284576,-0.21386133134365082,0.1990622580051422,0.147485613822937,1.185906171798706,-0.2307857722043991,-0.12477848993980141,-0.21110008884366935,0.19580580219808436,0.1442207610412458,1.1917839646729524,-0.2260104398291312
55.423563,1785472098.665,-0.04103295877575874,0.10166162252426147,0.39500001072883606,-0.042095759483589255,0.10166107960791101,0.3952338584839188,0.7209233272720171,-0.021684161708008725,-0.08196205765917369,0.6878092573020076,0.7231138387863238,-0.005858000275492938,-0.07600064768845678,0.6865099864819255,23.510387303498366,24.51666269933839,19.81377601623535,1,0.45033185498508105,-0.0243814847105081,0.6641750965685627,0.20761626540903125,-0.0368003359772053,0.9768395468062081,0.036410457357926376,0.45030540227890015,-0.023958219215273857,0.6640796065330505,0.20575924217700958,-0.036649640649557114,0.9772608876228333,0.03579254075884819,-0.12806454300880432,-0.21367956697940826,0.1988767683506012,0.14851556718349457,1.1863266229629517,-0.2312714010477066,-0.1256664417379099,-0.21204971870191938,0.19692598490645738,0.1453435659518074,1.189762591703499,-0.22765267389572463
55.502811,1785472098.732,-0.040708381682634354,0.10191899538040161,0.3960000276565552,-0.0419637921675912,0.10169139674180735,0.3953519598985886,0.7202797241250803,-0.0989230721219502,-0.044298939901802795,0.6851634467335731,0.7224562132642133,-0.05021315852719463,-0.0637944743937497,0.686633762397016,24.437340869947242,24.520595488387656,64.54062461853027,1,0.45033176146153064,-0.024456621375018694,0.6641900978714154,0.20640209398985052,-0.03594402041772156,0.9770232248502015,0.03913848612462918,0.450313925743103,-0.024103492498397827,0.6641120314598083,0.20639684796333313,-0.03670213744044304,0.977116584777832,0.036006487905979156,-0.1313762068748474,-0.21197344362735748,0.19717782735824585,0.15463583171367645,1.1901038885116577,-0.2336694300174713,-0.12649111103705116,-0.21261026457487298,0.19759716532503502,0.14643444080606952,1.1885809620536247,-0.22889715127190605
55.627153,1785472098.899,-0.04038164019584656,0.10260570794343948,0.3970000147819519,-0.041823550653774404,0.1017704654257921,0.3955086297272695,0.7174561658440426,-0.11760062534544649,-0.015372114324213194,0.6864331293810992,0.7208141771496703,-0.08444921096598262,-0.03705053498958416,0.6869661641189124,25.31322973810895,24.73079864426957,54.0766716003418,1,0.45028599182894125,-0.02465435925148655,0.6640127835326068,0.1673338763433528,-0.03270101403157271,0.9833821429003093,0.06236648566345526,0.4503194987773895,-0.0242476686835289,0.664141833782196,0.20639552175998688,-0.03639122098684311,0.9770804643630981,0.03728858008980751,-0.1526261419057846,-0.16693393886089325,0.14775973558425903,0.19033648073673248,1.2839521169662476,-0.24487847089767456,-0.12849156652690163,-0.2123495209147579,0.19742574661956325,0.14979301619297303,1.1892046156674538,-0.23085144423399862
55.735398,1785472098.999,-0.040708381682634354,0.10191899538040161,0.3960000276565552,-0.04177762582483547,0.10177732267503806,0.3955292964382487,0.7092768693501941,-0.1304072706827904,-0.01964802091988435,0.6924840948583475,0.7161555178956934,-0.10393739040357468,-0.029692862218749852,0.6895191273611665,24.205143072127456,24.574561051280728,33.05768966674805,1,0.4501670447302662,-0.02486438780459823,0.6637776542350858,0.12470238134973655,-0.031416431160576457,0.9893398475906354,0.06833000737725695,0.45002859830856323,-0.024373671039938927,0.6644680500030518,0.19344475865364075,-0.03495752811431885,0.9794260263442993,0.04562712833285332,-0.15123015642166138,-0.12095154821872711,0.09626061469316483,0.1824001520872116,1.3751733303070068,-0.23042196035385132,-0.13679145085336922,-0.197910621024272,0.1803456389052259,0.16373591592649517,1.221788281364109,-0.23567533836975635
55.828543,1785472099.066,-0.040279924869537354,0.10234725475311279,0.3960000276565552,-0.041627754565399654,0.1018769014848892,0.3955669884405184,0.7060265648969829,-0.14385647277873242,-0.04315293231458429,0.6920763175633747,0.7114907447148677,-0.12208964447324541,-0.029613813187051672,0.6913740383945592,24.501134999904828,24.646777319097428,55.407047271728516,1,0.45015667738482745,-0.02493323568801579,0.6637465939272285,0.10580075544497258,-0.02542201693885295,0.9911189710181576,0.07644021513537415,0.4500134289264679,-0.024518994614481926,0.6642204523086548,0.16170711815357208,-0.03319120034575462,0.984681248664856,0.056142326444387436,-0.1563083380460739,-0.09992668777704239,0.07416552305221558,0.1904313564300537,1.416224718093872,-0.21994097530841827,-0.1435568167332732,-0.1626912904298693,0.14094704307777856,0.17248122635352203,1.2936582265117444,-0.2332138179652552
55.943427,1785472099.199,-0.040708381682634354,0.10191899538040161,0.3960000276565552,-0.04158377460749738,0.10187918213554459,0.39558473950697715,0.707251076775015,-0.12930596474074163,-0.019665514350508385,0.6947583388692632,0.7100948744000422,-0.12449225262191847,-0.026305582232458078,0.6925135123095578,23.84264841027861,24.407358168707347,16.134023666381836,1,0.45000707368313697,-0.025157856240467916,0.6636899380653769,0.09293618989731851,-0.01910806749380154,0.9915332637989048,0.08865400805554881,0.45012977719306946,-0.024623798206448555,0.6638749241828918,0.1425246000289917,-0.03042307123541832,0.9873063564300537,0.06314601749181747,-0.16771261394023895,-0.08491696417331696,0.06007785722613335,0.21020817756652832,1.4461047649383545,-0.2168072909116745,-0.14794204963623464,-0.14110655901603825,0.11798099791521781,0.17865428469943587,1.3358088429668382,-0.22864928544468197
56.021733,1785472099.266,-0.04017820581793785,0.10166162252426147,0.39500001072883606,-0.041509105000641346,0.10186641030900359,0.39554153575288953,0.7051090357979485,-0.15112358489500347,-0.03966367692109444,0.6916716724412453,0.7085583776269982,-0.1330900801278698,-0.030614588737620612,0.69231120388347,23.852297889525573,24.242349261199962,26.715755462646484,1,0.4500035767610213,-0.025223797109019435,0.6636632494002462,0.08886791633786853,-0.017523356107103823,0.9920085518804675,0.08783198980170649,0.45013201236724854,-0.024751054123044014,0.6636567711830139,0.12868811190128326,-0.027051061391830444,0.9888438582420349,0.06996741145849228,-0.16596770286560059,-0.0808844342827797,0.05549413338303566,0.20642060041427612,1.4536173343658447,-0.21081030368804932,-0.1531253774361432,-0.1254759300192602,0.10183090808231147,0.18682663432706456,1.3664502947638684,-0.22484040564090105
56.063402,1785472099.333,-0.040279924869537354,0.10234725475311279,0.3960000276565552,-0.04145339377478613,0.10189044375273393,0.3955642258959755,0.7092170643556813,-0.12951070341965587,-0.020080455764421544,0.6927011683422719,0.7087501338299352,-0.13209774154351056,-0.027689625076760864,0.6924281328327592,24.82269440998936,24.41308406426144,24.721860885620117,1,0.45002268027695325,-0.025335881525790322,0.6637279325969844,0.08585713413029994,-0.015201839214357478,0.9914787511304526,0.09678503324497383,0.450119286775589,-0.0248609259724617,0.6635646820068359,0.11791084706783295,-0.024394895881414413,0.9899006485939026,0.07482454180717468,-0.17554686963558197,-0.07620955258607864,0.052253205329179764,0.22392159700393677,1.4630159139633179,-0.21564064919948578,-0.15660562668288242,-0.11339165677653058,0.08927381951111651,0.19213661164774842,1.390072562496004,-0.221038245105338
56.185253,1785472099.399,-0.0406055822968483,0.10251598060131073,0.39500001072883606,-0.04139568925161474,0.10193751970792345,0.39551225244108446,0.7147326706609153,-0.11231825997311888,0.006167782928950422,0.6902925295990591,0.7110634348094756,-0.1249022362077498,-0.015336470470972169,0.6917752638977104,25.766515169625336,24.938667881993446,21.881580352783203,1,0.44998653371876834,-0.02541938344670146,0.6636938403346072,0.0844837394859682,-0.015722856788059444,0.9918485324804779,0.09408388891415904,0.45009100437164307,-0.025010865181684494,0.6635177731513977,0.10685698688030243,-0.021109946072101593,0.9906343817710876,0.08233816176652908,-0.1724676936864853,-0.0752316489815712,0.05060510337352753,0.21766431629657745,1.4647718667984009,-0.2130783051252365,-0.1631194849276637,-0.100604750516628,0.0765425850414604,0.20306747926748217,1.415157781065613,-0.21918200928342874
56.219522,1785472099.499,-0.04017820581793785,0.10251598060131073,0.39500001072883606,-0.04133419335147241,0.1019655076660257,0.39548311544352643,0.7083814295095859,-0.13624916318206884,-0.017458096665845902,0.6923345511520769,0.7104109494140313,-0.12770373375587576,-0.015860184119316553,0.6919223178198289,25.177445050682202,25.009513649493577,19.83046531677246,1,0.4499158968728431,-0.025505954434936567,0.6637717639800201,0.08081589849503079,-0.020065070099301068,0.9932442339696023,0.08082125462085564,0.45007532835006714,-0.02508290484547615,0.6635257005691528,0.10260472446680069,-0.020060695707798004,0.9909177422523499,0.0845680832862854,-0.1573179066181183,-0.07332102954387665,0.04550674930214882,0.18851231038570404,1.4680544137954712,-0.2048121839761734,-0.1648956312323544,-0.09578387572978966,0.07161458399914263,0.20584088677683762,1.4245844573548427,-0.21802230355162905
56.327099,1785472099.566,-0.040279924869537354,0.10234725475311279,0.3960000276565552,-0.041287711925021245,0.10198097340604548,0.39551535044412606,0.7073659948294259,-0.13754028682202504,-0.036361129585600796,0.6923827605560027,0.7096929146123196,-0.1301420124729393,-0.020929681583242717,0.6920700629035965,25.121757323831094,25.04279029266819,19.459247589111328,1,0.4498738637471217,-0.025598204111293685,0.6638154079362285,0.07920801984026773,-0.01916611170762621,0.9932037985029084,0.08309611539890882,0.45003509521484375,-0.025183098390698433,0.6635717153549194,0.09669987857341766,-0.020104072988033295,0.9915924072265625,0.08360258489847183,-0.15973831713199615,-0.07133415341377258,0.04367990419268608,0.1925937533378601,1.4721567630767822,-0.20518818497657776,-0.16284205241420052,-0.08969646187858923,0.06453950769611803,0.20114485284212733,1.436364815550253,-0.21444235882544146
56.35725,1785472099.633,-0.040279924869537354,0.10149075090885162,0.3960000276565552,-0.04124437900273239,0.10194716541430807,0.3955424726925655,0.7019698053406345,-0.1462612514009672,-0.07453010501682407,0.693030520377592,0.7075237264071,-0.13522226956635863,-0.03768148883093733,0.692607551058908,24.09311228620292,24.75978510690876,23.62060546875,1,0.44985057115337124,-0.025667858620691333,0.6637670031739773,0.08108241426569453,-0.017680218139479013,0.9926390148678131,0.08820905931730673,0.4499951899051666,-0.025287805125117302,0.6636266708374023,0.09196209907531738,-0.019866259768605232,0.9920573830604553,0.08348985761404037,-0.16594555974006653,-0.07263743877410889,0.04627876728773117,0.2040620744228363,1.4699852466583252,-0.2092013955116272,-0.1620009258724349,-0.08472029251240944,0.05888669326024296,0.19882751443461139,1.4460644333299426,-0.21193447558702228
56.435714,1785472099.7,-0.040279924869537354,0.10063422471284866,0.3960000276565552,-0.04118515168873675,0.10179235401686312,0.39557580720527075,0.7135256202805268,-0.05615304170660814,-0.05479133005566646,0.6962226190387071,0.7108349909925713,-0.09933942761543078,-0.04550099267944675,0.6948200870490249,23.03542404823128,24.08899539476335,21.14272117614746,1,0.44990119846374776,-0.02573286264614144,0.6637262218735577,0.089339472161072,-0.013165569782552934,0.990574232634929,0.10299425287851416,0.4499571919441223,-0.025388821959495544,0.6636576056480408,0.08901384472846985,-0.019268246367573738,0.9922295212745667,0.0847691148519516,-0.1841035634279251,-0.07909838110208511,0.05690550059080124,0.23856547474861145,1.4584109783172607,-0.22150321304798126,-0.1630699090069594,-0.08144585421312078,0.05547007487044032,0.2002460891073377,1.452546973741934,-0.21119380892901612
56.513247,1785472099.8,-0.039851464331150055,0.10106248408555984,0.3960000276565552,-0.04111148690771617,0.10175185761274673,0.395595551806274,0.7141088518822345,-0.008071972666485221,-0.07799794546076189,0.695629004157107,0.713069699848871,-0.06003458048335189,-0.05958935982328049,0.6959716664487716,24.118472580032844,24.097637372532212,20.739316940307617,1,0.4501333035300781,-0.025821858207136776,0.6636759754498507,0.12004875016597606,-0.016448761286122545,0.9891743502852125,0.08277584535096551,0.4499252438545227,-0.025475582107901573,0.6636412143707275,0.08904403448104858,-0.017607931047677994,0.9918230772018433,0.08971080929040909,-0.16776272654533386,-0.11467204242944717,0.09206506609916687,0.20954105257987976,1.3880008459091187,-0.21793843805789948,-0.16877001179200202,-0.08080971054534955,0.05585926174636595,0.21063065551603902,1.4541361189818478,-0.2139876546262653
56.57602,1785472099.866,-0.039750829339027405,0.10080727189779282,0.39500001072883606,-0.04103691378081179,0.10169509057848464,0.39555447763859536,0.7097448301768159,0.01701932473258417,-0.09575286947470367,0.6977134129499664,0.712164627250675,-0.024168793707060328,-0.07650152846766037,0.6974130262948666,23.20698334961042,23.832308599184266,19.18625831604004,1,0.45019393106574024,-0.02593237958573259,0.6636462093660775,0.1573301907907727,-0.019224268154090788,0.9852547241981364,0.06442644662661959,0.4502464234828949,-0.02557220309972763,0.663147509098053,0.09443709999322891,-0.017333984375,0.9914376139640808,0.08850246667861938,-0.1539163887500763,-0.15716224908828735,0.13714894652366638,0.1862543374300003,1.3029905557632446,-0.21626129746437073,-0.16857861492968443,-0.08620298831555256,0.06273845153314049,0.21042363707117184,1.4415704170980292,-0.21473830208165615
56.698138,1785472099.933,-0.03922390192747116,0.10310863703489304,0.39400002360343933,-0.040858145585589346,0.1018516161840645,0.39538868014001,0.7073367537102734,0.046967567599574614,-0.12922869065326936,0.6933748697179852,0.7099754116497171,0.02812877392218115,-0.10796817440828888,0.6953319784429526,23.394152227326334,23.7011332010738,72.48115539550781,1,0.45027902530957187,-0.026044373998436468,0.6637076534401015,0.19390914514877416,-0.01887930773791453,0.9795564103921713,0.05012039531580834,0.4505138397216797,-0.02571132220327854,0.6627511382102966,0.12353501468896866,-0.01799273118376732,0.9891672730445862,0.07722371816635132,-0.1432039886713028,-0.19812463223934174,0.18287448585033417,0.16954997181892395,1.2185453176498413,-0.21073442697525024,-0.16170851982196205,-0.11866015894225403,0.0976039416144369,0.19909887891413247,1.3766375758508638,-0.2154519187652792
56.774634,1785472100.067,-0.03879760578274727,0.10438691824674606,0.39400002360343933,-0.04071205335041347,0.10214495419861169,0.3952876997968362,0.7078857174331895,0.07698275155425156,-0.11939899877082133,0.6918925827827325,0.7092705071774377,0.049808998301465554,-0.11307261332760682,0.6940237715321649,23.18531505656032,23.549439278203806,17.258167266845703,1,0.4500441708012245,-0.026312563258292163,0.6639562473929088,0.25159521704778703,-0.019755371149180287,0.9670210378723899,0.03434944514313164,0.4507336914539337,-0.02583281882107258,0.6624806523323059,0.1520155966281891,-0.018062826246023178,0.9860057830810547,0.06601130217313766,-0.134287491440773,-0.26118773221969604,0.2573913037776947,0.15978112816810608,1.084517240524292,-0.2145577371120453,-0.15413075070590268,-0.15048880469985315,0.13252289008821913,0.18699829221855088,1.311897215194963,-0.2135200617094632
56.836584,1785472100.133,-0.03922390192747116,0.10438691824674606,0.39400002360343933,-0.04063968172378693,0.10235972428168078,0.39520515333858924,0.706365214311619,0.07141409270439718,-0.1307829690151534,0.6919855680498617,0.7081556344838603,0.05860933424193945,-0.12029343239219518,0.6932604369295728,23.089223259003074,23.412704870623724,19.339561462402344,1,0.44960407474713077,-0.026531463778968513,0.6641078031218149,0.26982895649094235,-0.02157076371119963,0.9624044463321699,0.022465931362717316,0.45145806670188904,-0.025992559269070625,0.6613065600395203,0.17797993123531342,-0.01815638691186905,0.9821861982345581,0.05747825279831886,-0.12257775664329529,-0.2825479209423065,0.28222376108169556,0.1372191458940506,1.038491129875183,-0.20483779907226562,-0.14875322062662547,-0.1781044726486259,0.16636216783641977,0.17962243638237363,1.2502772420592112,-0.21380127234504023
56.950125,1785472100.2,-0.039549559354782104,0.10412196815013885,0.3930000066757202,-0.04058987846284856,0.10248596684635107,0.3950085119842234,0.7027400666396012,0.07870702018953837,-0.13388093965058526,0.6942892032219202,0.7062008390619977,0.06605766872855524,-0.12533487402182622,0.6936915226988232,23.711772507194155,23.501469381755236,24.139881134033203,1,0.44928190872127005,-0.02663985975429625,0.6642317358510232,0.2807764520039431,-0.021225248212211566,0.9593062904918406,0.02110719927399004,0.45111796259880066,-0.02622109279036522,0.6617447733879089,0.20962688326835632,-0.018865566700696945,0.9765612483024597,0.04504315182566643,-0.1229754388332367,-0.29462072253227234,0.2970671057701111,0.1395246535539627,1.0129456520080566,-0.20739857852458954,-0.13975151057132398,-0.21402254589900668,0.20620675743277056,0.1650399281140613,1.1774439980791238,-0.21071873622748605
57.023396,1785472100.267,-0.039124347269535065,0.10412196815013885,0.3930000066757202,-0.04044917880701995,0.10271841895353265,0.39473776999071164,0.7042642238081837,0.08525379606276537,-0.13103690855995145,0.6925121095806165,0.7056828873470314,0.076414660888517,-0.12751966792010325,0.6927562315853943,24.40819589904701,23.930222311268977,17.43912696838379,1,0.44909267984256906,-0.026714686789884187,0.6645267535345932,0.2892535835779604,-0.019611246848811915,0.9568630963516861,0.018994162908820042,0.45068788528442383,-0.02638569287955761,0.6623108386993408,0.23417943716049194,-0.019469911232590675,0.9713078141212463,0.03663300350308418,-0.12110146135091782,-0.30398476123809814,0.30814990401268005,0.1367005705833435,0.9926618337631226,-0.20305772125720978,-0.13398224438150386,-0.24174023615563625,0.2374534633147439,0.15626521102858437,1.1208730168652838,-0.20957693484289794
57.099956,1785472100.4,-0.039124347269535065,0.10369696468114853,0.3930000066757202,-0.040388559760123725,0.10276404534646487,0.39463688248462464,0.7060757884745509,0.08834788935684744,-0.12921140392501462,0.6906200434913239,0.7057954433341006,0.07952467550610738,-0.12796225064898378,0.6922097085156459,24.728172768653124,24.167793550605502,19.19698715209961,1,0.44874409267123955,-0.02692582726710215,0.6649328973368561,0.29773093535124523,-0.02059351478457888,0.954336870707012,0.013165655807349338,0.45026928186416626,-0.026519019156694412,0.6629015803337097,0.25317254662513733,-0.01938905566930771,0.966748058795929,0.030430912971496582,-0.1153593510389328,-0.3139568865299225,0.3193494379520416,0.1244511529803276,0.9714818000793457,-0.19731225073337555,-0.12955257266512596,-0.2631461003926458,0.2617657612067133,0.14953691236797506,1.0767811909964506,-0.20733497698686404
57.22365,1785472100.467,-0.039124347269535065,0.10412196815013885,0.3930000066757202,-0.04024155139061122,0.10287300863349447,0.39447501577703764,0.7067368082363328,0.09942327878873757,-0.11692630521784936,0.6906274934195137,0.7068886277057361,0.0858023148679723,-0.12550743834204228,0.6907925258023692,25.001059226631426,24.40031461365079,62.58821487426758,1,0.4486756761753458,-0.027016843623911314,0.6650841862596981,0.30013284644673827,-0.02128806387294924,0.9535925491856703,0.011328855100799912,0.4496515095233917,-0.026757368817925453,0.663716197013855,0.27406540513038635,-0.01979735493659973,0.9612515568733215,0.022175589576363564,-0.11372149735689163,-0.31669655442237854,0.3224065601825714,0.12075848132371902,0.9655070900917053,-0.19642026722431183,-0.12290225460407828,-0.28695390783347174,0.28874678207559423,0.13778272258445,1.027442213687723,-0.2026387355991211
57.331955,1785472100.6,-0.03902479261159897,0.10428096354007721,0.3920000195503235,-0.04016489613265142,0.10298339965524611,0.39419375116780714,0.7099524465410956,0.07812983362206712,-0.1271504906222961,0.6882557703957233,0.7076496030066598,0.08466241733058279,-0.12448299453491093,0.6903392633538096,24.602583330800634,24.50987900221285,61.10429763793945,1,0.4485122028789437,-0.027237449951751563,0.6653268820182054,0.3026722953264977,-0.023944834993944477,0.9527782206252777,0.005457913615261965,0.4492848813533783,-0.02688579447567463,0.6642290353775024,0.2847430408000946,-0.02034757286310196,0.9582249522209167,0.017670409753918648,-0.1075112596154213,-0.32021278142929077,0.32584214210510254,0.10606761276721954,0.9580856561660767,-0.19161732494831085,-0.11914267242625268,-0.2991337871640004,0.3025305548918147,0.13081110147574643,1.0020791612239177,-0.2000922071489769
57.455249,1785472100.7,-0.03902479261159897,0.10428096354007721,0.3920000195503235,-0.04007220667213999,0.10310270091588067,0.3939378823717668,0.7080693754680253,0.07560201344109703,-0.12978258001342158,0.6899844759217648,0.7080748295776083,0.08214860695796133,-0.12578093680778807,0.6899715921900427,24.280951487099646,24.46127597483936,60.22453308105469,1,0.44834680220259016,-0.027352699798007758,0.6657487789951902,0.3012160186986006,-0.024817587499883734,0.9532158667259426,0.005701653440889412,0.4489324986934662,-0.027079323306679726,0.6647031903266907,0.2931247651576996,-0.02197009138762951,0.9557479023933411,0.011883745901286602,-0.1084466353058815,-0.3189200460910797,0.3230671286582947,0.10716549307107925,0.9628562927246094,-0.19435127079486847,-0.11369270223362724,-0.30901050588874174,0.31345314984140726,0.11921729133108604,0.9814656084875207,-0.19612122042517252
57.577169,1785472100.834,-0.03902479261159897,0.10343310981988907,0.3920000195503235,-0.039993369407655605,0.10315894903242674,0.3937491439539768,0.7080453571519585,0.07640578917435223,-0.1315818417715771,0.6895796882972987,0.7080771808071602,0.08033049354672732,-0.12760493515289864,0.6898483154660507,24.144676088653807,24.354879776363358,61.224937438964844,1,0.4481679892036683,-0.027491951997568678,0.666132567887138,0.3004438110025798,-0.02496803219211697,0.9534350560144663,0.008468043539756222,0.44869545102119446,-0.027197012677788734,0.6651231050491333,0.29643338918685913,-0.023124678060412407,0.954727828502655,0.009342854842543602,-0.11297024041414261,-0.318034827709198,0.32114604115486145,0.11627817898988724,0.9668752551078796,-0.2017545998096466,-0.11154436406160254,-0.31306858792644066,0.31739037309530355,0.11428197938141506,0.9738449075894509,-0.19539641220310108
57.701498,1785472100.967,-0.038403719663619995,0.10290538519620895,0.39000001549720764,-0.039840193367845,0.10312553444973753,0.3930382255412996,0.7186684906973052,0.04699144542959765,-0.12378182521758793,0.6826312798876836,0.711217733001788,0.07141280045927124,-0.12380519635925595,0.6882890537766874,23.55062704111703,24.139731912287708,58.49599838256836,1,0.44808370568232153,-0.027610410435002043,0.6664156172395693,0.30049182856063006,-0.024650004347222382,0.9534020481648794,0.011026006030468296,0.4484504461288452,-0.02733500301837921,0.6655967831611633,0.29831477999687195,-0.023990413174033165,0.9541240930557251,0.008938390761613846,-0.11701499670743942,-0.3178260028362274,0.32045778632164,0.12462262064218521,0.9685630798339844,-0.20760798454284668,-0.11221241500700818,-0.31539563419898664,0.31915066678866466,0.11521737038319851,0.9705792141923383,-0.19837560892170344
57.808836,1785472101.101,-0.039147019386291504,0.1026415303349495,0.3890000283718109,-0.03982184546264047,0.10310830170460686,0.39278995403871864,0.7180480926277877,0.02842609485277218,-0.08875422285164732,0.6897257293526301,0.7123868487336164,0.0676870856015797,-0.12380710534491568,0.6874556253753876,24.380828308068047,24.181222524354784,18.431425094604492,1,0.44813435041652794,-0.027841260040039388,0.6674817356769313,0.29193934401249794,-0.02758294828951811,0.9559167315371864,0.015290609813638348,0.4483497142791748,-0.02740916982293129,0.6658174395561218,0.2989002466201782,-0.02416975051164627,0.9539308547973633,0.009508583694696426,-0.12362945824861526,-0.3079625368118286,0.305912584066391,0.13612686097621918,0.993511974811554,-0.22167399525642395,-0.11351387550773993,-0.3160543123242377,0.3195052699716456,0.11776623079538229,0.9700328417812244,-0.20087759033510527
57.88873,1785472101.134,-0.03830525279045105,0.10180015116930008,0.3890000283718109,-0.03968514652471988,0.10285402808510692,0.3921519193291131,0.7228021037519243,-0.053413328646315164,-0.050776078866825204,0.6871142008062584,0.7151970055762876,0.05857480874135869,-0.12380346181162682,0.6853721163273875,23.524358859533077,23.984236418273984,58.63356590270996,1,0.44816042836293524,-0.027869168358192132,0.6678540982136718,0.28946462851828114,-0.028629956849276748,0.9565879617533533,0.01816661322721962,0.44826194643974304,-0.027598191052675247,0.6664847731590271,0.2960227131843567,-0.02553444541990757,0.9547660946846008,0.011842228472232819,-0.1278468519449234,-0.30475980043411255,0.3013856112957001,0.1446133255958557,1.001686453819275,-0.22983752191066742,-0.11765628180870295,-0.3127406792910361,0.31393916050835163,0.12528511642892326,0.9796477815484746,-0.20939393076329998
57.967104,1785472101.268,-0.038176532834768295,0.10216131806373596,0.3920000195503235,-0.03959937699521105,0.10282002832878205,0.3921355683251246,0.7227362162165021,-0.05866795879373555,-0.045579026681477716,0.687119338038742,0.7159694149955307,0.05602972601428056,-0.12380033833449355,0.6847787546514472,24.051733270265412,24.00403014672583,20.493268966674805,1,0.44854230885896745,-0.028075485867688814,0.6688106899712772,0.2833956085623208,-0.031187510416280595,0.9581646163380869,0.02519595680487071,0.4482271075248718,-0.027701713144779205,0.6669431328773499,0.2937394380569458,-0.02657068893313408,0.9554137587547302,0.013988379389047623,-0.13826294243335724,-0.2960805594921112,0.2897302210330963,0.16483058035373688,1.021702766418457,-0.2493801862001419,-0.12116079575381469,-0.30999608024081204,0.3096221887398613,0.13193210804423527,0.9872268809424029,-0.2164244855233941
58.043981,1785472101.334,-0.03775240480899811,0.10216131806373596,0.3920000195503235,-0.03947641090402247,0.10278905218534953,0.3921233972724,0.7222406448312193,-0.08999561961552337,-0.015619873303705165,0.6855838817838256,0.7165141246920658,0.05422403785324772,-0.1237975651860994,0.6843547513458541,24.476559822413464,24.144430693131696,24.288415908813477,1,0.448593212284493,-0.028204208709159323,0.6688350561568519,0.2816963578265203,-0.03190103153204735,0.9585885067227476,0.027158073450032044,0.4483086168766022,-0.02782479301095009,0.6674152612686157,0.29087015986442566,-0.027755646035075188,0.9562094807624817,0.01695806160569191,-0.14136651158332825,-0.2937922775745392,0.2871159613132477,0.17050345242023468,1.0269078016281128,-0.25502675771713257,-0.12579545998441022,-0.30622499206510523,0.3042316029474973,0.14084760896380608,0.9965698459064136,-0.22535548294309377
58.106235,1785472101.401,-0.03827391937375069,0.10327194631099701,0.3930000066757202,-0.03942655776978515,0.10282413521003575,0.3922167065044688,0.7037768212106322,-0.18182293987956832,-0.07623612246376946,0.6825149508193192,0.7169014636472751,0.05293447020616995,-0.12379530173789331,0.6840504049790561,23.732212577179435,24.021995160741568,21.486520767211914,1,0.44863952709817834,-0.02838871624470929,0.6688531010283633,0.2804896715973038,-0.03240704693761061,0.9588848908974644,0.02854984141073125,0.4483805298805237,-0.02794390730559826,0.6677730083465576,0.28832921385765076,-0.028827449306845665,0.956895112991333,0.019669296219944954,-0.1438250094652176,-0.29210591316223145,0.2852303087711334,0.1746259331703186,1.0306336879730225,-0.2592865526676178,-0.13001518229720807,-0.3028557576287291,0.2995935022633545,0.14888436877342348,1.0047914319069942,-0.2333964026655684
58.229124,1785472101.468,-0.03879760578274727,0.10268254578113556,0.39400002360343933,-0.03930672190713035,0.10284467992654227,0.39246528435680667,0.7116467164457555,-0.1275659651542675,-0.016572111283688892,0.6906600036442211,0.717394168623306,0.05128734681260079,-0.12379206791929805,0.6836598121891206,23.823565205620373,23.869765449485506,20.664215087890625,1,0.44858674192639186,-0.02846331302106062,0.6687131000604888,0.27962733430097536,-0.032768318900191946,0.9590943460299521,0.02954363893572387,0.4484848082065582,-0.02818245254456997,0.668222963809967,0.2844327986240387,-0.030520539730787277,0.9579103589057922,0.023963261395692825,-0.14545424282550812,-0.29112547636032104,0.28438544273376465,0.17752303183078766,1.033003568649292,-0.26223987340927124,-0.13679539178680922,-0.2976325965211605,0.2927034170533625,0.16149630919690475,1.0173503308955276,-0.24608860373953229
58.338313,1785472101.601,-0.03879760578274727,0.10310863703489304,0.39400002360343933,-0.03927850326641263,0.10285848984379546,0.3925987709894179,0.7115498278248888,-0.12706387504379266,-0.0173725613701066,0.690832691968662,0.7175576299988264,0.05073920347939106,-0.12379090648484922,0.6835293646452971,24.163874678544047,23.957056400364067,59.0975284576416,1,0.4485555139184425,-0.028642675373283816,0.6683400790005121,0.27852522175148536,-0.03322962809302452,0.9593591948035939,0.03081278972902852,0.44851061701774597,-0.028263282030820847,0.6683472990989685,0.28311389684677124,-0.03111526556313038,0.9582433104515076,0.02546026185154915,-0.14775411784648895,-0.28981587290763855,0.2836977541446686,0.18136955797672272,1.0356497764587402,-0.26633432507514954,-0.1391419048529145,-0.2958691981274417,0.2904494821808005,0.16583957815299993,1.0215923583267978,-0.25046560149545466
58.369935,1785472101.668,-0.038371309638023376,0.10310863703489304,0.39400002360343933,-0.03923836021462067,0.10287070147578802,0.3927019807719278,0.7122543378173228,-0.13494099134689055,-0.02393545927317109,0.6884125078062627,0.7190421098776703,-0.037555264014085675,-0.07684763727362341,0.6896828887343533,23.17434832615329,23.72404630006482,20.506858825683594,1,0.4485346259107434,-0.028684789525135566,0.668139821955285,0.2781582833034485,-0.03338311357285143,0.9594466664187846,0.031235099739588816,0.44852134585380554,-0.02837001346051693,0.6683369874954224,0.28185465931892395,-0.03167682886123657,0.9585567712783813,0.02689695730805397,-0.1484585404396057,-0.2894367575645447,0.28368207812309265,0.1826143115758896,1.036376953125,-0.2676570415496826,-0.1414757747613545,-0.2942287751450755,0.28861997586422494,0.17004822757875834,1.0254019186405543,-0.2547660287736633
58.467051,1785472101.735,-0.03879760578274727,0.10310863703489304,0.39400002360343933,-0.039215680926042884,0.1028815761939268,0.39278408314000685,0.7110461517385804,-0.1303674940233789,-0.01993133231163595,0.6906666551905507,0.7160276462855815,-0.08505803728099587,-0.047866035920968115,0.6912151493231664,24.511640391230635,23.956053015362755,19.121170043945312,1,0.44851615049308297,-0.02874483674855404,0.667984961058407,0.18514768438619583,-0.02774248633412268,0.9803896059398768,0.061537874382236256,0.4485223591327667,-0.02845720387995243,0.6682770848274231,0.2808413505554199,-0.03213296830654144,0.9588055610656738,0.028062637895345688,-0.16616052389144897,-0.1877903789281845,0.16279049217700958,0.19970393180847168,1.2557952404022217,-0.25211596488952637,-0.14336806361829355,-0.2929301725168552,0.28728206333000766,0.17345366644162724,1.028376152985839,-0.25825949697857364
58.558093,1785472101.801,-0.03794502094388008,0.10225644707679749,0.39400002360343933,-0.039097686491843586,0.10281886152622192,0.39287119867937326,0.7157028652184597,-0.140660865351796,-0.02655356275739879,0.6835779677413982,0.7146520030512622,-0.12407522974747431,-0.029265316077716853,0.6877655074026332,24.151161970824234,24.11853685130593,67.31390953063965,1,0.44849972492839146,-0.028778721039113945,0.6678617854734339,0.13180097509977615,-0.023676748635120117,0.988139504311689,0.07515473741200518,0.4466659128665924,-0.028178343549370766,0.6706715822219849,0.24526721239089966,-0.03033856488764286,0.9681138396263123,0.04097788408398628,-0.1702961027622223,-0.12916021049022675,0.09739045053720474,0.20133011043071747,1.3729562759399414,-0.2350752204656601,-0.1527018357753184,-0.2578819648257896,0.23716426677866317,0.1842034029524702,1.121506543473722,-0.2557436581849177
58.65316,1785472101.935,-0.03794502094388008,0.10225644707679749,0.39400002360343933,-0.03903751667693818,0.10278901759061838,0.3929333530042906,0.7161372614076001,-0.12551583515108597,-0.013833605370486356,0.6864414245311845,0.7152539875362132,-0.12464256674557465,-0.02322752496645509,0.6872673758825996,24.151161970824234,24.128102285018123,16.307830810546875,1,0.4485935528690652,-0.028955667319753266,0.6677308754618941,0.09138772651415761,-0.02368167138278325,0.9914035409118863,0.09058962937591278,0.4470910429954529,-0.028117205947637558,0.6700868606567383,0.21559026837348938,-0.02849910780787468,0.9747763276100159,0.0501982606947422,-0.17963360249996185,-0.08290831744670868,0.04932721331715584,0.2155328243970871,1.4619159698486328,-0.2355569303035736,-0.1574699049023445,-0.2246670694528458,0.19928551702195574,0.18884473492801876,1.1896494209720674,-0.2501425116246234
58.728281,1785472102.001,-0.03850219398736954,0.10105499625205994,0.39100003242492676,-0.038994515925437595,0.10263387154999783,0.39270194936232034,0.7069598641823219,-0.1487619038773601,-0.006848412828399944,0.6913976754602432,0.7125696561871734,-0.13319115087709957,-0.016117937361957282,0.6886543505304554,23.824358802216548,23.925083244306833,59.593915939331055,1,0.44863817625126623,-0.02904587011339854,0.667637525469749,0.08672225159166602,-0.025159910579130182,0.992108122853437,0.08699254305256104,0.44795989990234375,-0.028171179816126823,0.668531060218811,0.16530397534370422,-0.026236895471811295,0.9836350679397583,0.06669531762599945,-0.17485259473323822,-0.07834771275520325,0.04374736174941063,0.20595397055149078,1.4698964357376099,-0.2324334681034088,-0.166546135587464,-0.16728412760195893,0.13787628376489072,0.19977378914800797,1.3011452954025098,-0.24416956704629647
58.869427,1785472102.102,-0.03656646981835365,0.09883053600788116,0.3840000033378601,-0.038709076058516756,0.10203014380666521,0.3899661514170371,0.7147423910358528,-0.16645867179172052,0.007870393225561486,0.6792443462791307,0.713078355671403,-0.1505106868609543,-0.004848175941104524,0.6847205904627491,24.12333339840615,23.776784112540966,71.86436653137207,1,0.4488710743921987,-0.029110914252321686,0.6679844094202174,0.0756065300830314,-0.0223817876923394,0.993012115513085,0.08780459346028807,0.44846463203430176,-0.028491299599409103,0.6677250862121582,0.12441795319318771,-0.02565138414502144,0.9888744950294495,0.07739194482564926,-0.17318327724933624,-0.06603867560625076,0.02973969466984272,0.2023022323846817,1.4926931858062744,-0.2225060611963272,-0.17087959794859225,-0.12088576365498309,0.08876924214249296,0.20299803193789098,1.3891832884438664,-0.2380468023846724
58.961355,1785472102.235,-0.03650040924549103,0.09795355796813965,0.3790000081062317,-0.038534030305421206,0.10148756139927748,0.3867120989877169,0.7126286294597732,-0.158464696120949,0.029530966014633637,0.6827717763673473,0.7130289211413164,-0.15314322956328122,0.006440015258769329,0.6841750032399935,22.484914512593516,23.390988425903707,18.87798309326172,1,0.44977907764182257,-0.0295438765281842,0.6720870694290845,0.05543139176824435,-0.025204337737995273,0.9938015478989239,0.09300852412293974,0.4486464858055115,-0.028650594875216484,0.6677066683769226,0.10767855495214462,-0.024546386674046516,0.9905704259872437,0.08107417076826096,-0.17534665763378143,-0.03984486311674118,-0.006048180628567934,0.2046770304441452,1.544538140296936,-0.22404234111309052,-0.17167182339285655,-0.10202386102404391,0.06846907331012098,0.20275875300765153,1.4247803421467984,-0.2327023399583684
59.070245,1785472102.302,-0.035115424543619156,0.095596082508564,0.37300002574920654,-0.038036559609782104,0.10020136489739767,0.3810567637913807,0.7151490757485289,-0.16499216980018735,0.02664110922548807,0.6786970124141452,0.7138636364615483,-0.1575475988416052,0.013931643324078457,0.6821901288874163,22.12447968998555,22.899350069477933,20.417213439941406,1,0.45059603626908984,-0.029811926870187164,0.6769673346764141,0.04552398920599159,-0.026717190097982367,0.9947875843212985,0.08724345385320482,0.44917505979537964,-0.02890033833682537,0.669590175151825,0.08876427263021469,-0.0249704010784626,0.9921287298202515,0.08472298830747604,-0.16732843220233917,-0.026709269732236862,-0.03184345364570618,0.18898187577724457,1.5728766918182373,-0.21528230607509613,-0.1721337799172541,-0.07932694000489077,0.04026302550453722,0.2018489305313802,1.4687989040827607,-0.22884816344985767
59.207195,1785472102.435,-0.035021279007196426,0.09373057633638382,0.3720000088214874,-0.03737749588289062,0.0982617018027972,0.37695447564578277,0.7074211321177363,-0.2048500683955888,-0.025444302248866315,0.6759766111298904,0.7124022839797444,-0.17504423580850312,0.004231499889322626,0.6795767768982012,23.5110607400237,23.43088263827383,69.58985328674316,1,0.4532513754589654,-0.030924426664431,0.6874230521112946,0.034729237141667445,-0.029887794131008675,0.9953149831672902,0.08513920443742305,0.44988077878952026,-0.02926718443632126,0.6729904413223267,0.06853587925434113,-0.0258960984647274,0.9935938119888306,0.08604413270950317,-0.1644025444984436,-0.005132881924510002,-0.07780622690916061,0.1809062957763672,1.617276668548584,-0.2127109318971634,-0.16988216081035104,-0.05467250025069764,0.006477287436687953,0.1958199839294924,1.5175654882263077,-0.22249175313930072
59.36773,1785472102.569,-0.03551899641752243,0.09398254752159119,0.37300002574920654,-0.03722213422306897,0.09754049373426935,0.3758489189142934,0.7186595520984734,-0.16874800426012754,0.0007130065179844201,0.6745754597208163,0.7133113552630375,-0.1800626638900154,-0.003767051410062151,0.67731097499547,23.670439815804908,23.882570875183774,62.10517883300781,1,0.45544324394745095,-0.031565267075592,0.6915987742928329,0.03162786599695797,-0.027044546604555738,0.9936125498392917,0.104892189381735,0.45175883173942566,-0.030050307512283325,0.6801843047142029,0.05238347873091698,-0.02752586081624031,0.9943888187408447,0.08768784254789352,-0.18500779569149017,0.008231442421674728,-0.0966765284538269,0.21936333179473877,1.6395803689956665,-0.22212699055671692,-0.1693751588573312,-0.030123838347064065,-0.03490149678003905,0.19267774778492205,1.5665164292116414,-0.21885046660776503
59.424948,1785472102.702,-0.03551899641752243,0.09357915818691254,0.37300002574920654,-0.03715039033288979,0.09720410199536533,0.3756126778824296,0.7235191849137808,-0.13959426540326075,0.03764028554755537,0.6749938066620469,0.7172081900175367,-0.16580512079817564,0.010892765619828437,0.6767587618538995,25.55295722778932,24.382571291000712,19.652366638183594,1,0.45652597752794866,-0.0318008776111221,0.6932561448584263,0.033805611338372836,-0.02775139681065317,0.9924824387636701,0.11430507146585632,0.4527895450592041,-0.03042326122522354,0.6832727193832397,0.046728335320949554,-0.027270210906863213,0.9942562580108643,0.09234330803155899,-0.19530481100082397,0.010952997952699661,-0.1007622703909874,0.23909258842468262,1.6428600549697876,-0.23180299997329712,-0.1736115957434497,-0.019729575574701785,-0.05164232379048199,0.1999095548846169,1.5863167568931122,-0.21973840237189696
59.516298,1785472102.769,-0.03601887449622154,0.09383004158735275,0.37400001287460327,-0.03702691086619962,0.09668494559357914,0.37547815166771076,0.715712144881598,-0.17489221886950643,0.003117768273072211,0.6761354279793944,0.7183236510123326,-0.1626818544154289,0.014603605155070375,0.6762636182412481,24.090334489330427,24.36242306523971,57.69205093383789,1,0.45703071116356175,-0.03190928177729552,0.693610057874435,0.03352426284405493,-0.034118566066760815,0.9943684908137643,0.09456929590024218,0.4540913999080658,-0.030850576236844063,0.6866806149482727,0.042197085916996,-0.027274539694190025,0.9937305450439453,0.09987562149763107,-0.17488308250904083,0.009546712972223759,-0.10465217381715775,0.19970563054084778,1.6378378868103027,-0.22725120186805725,-0.18107188392751286,-0.00917785972427532,-0.06853441930243842,0.21338461738192585,1.6057619971016808,-0.2238874149623004
59.655104,1785472102.902,-0.035614222288131714,0.09383004158735275,0.37400001287460327,-0.036907969028972074,0.09638040612921993,0.3753575819362283,0.7224737368550778,-0.1570246327705016,0.031215302395766985,0.6726072919276816,0.7183387703817796,-0.16729447434428146,0.014338835194361568,0.6751269270481901,24.69255860402253,24.58899732281989,62.95514106750488,1,0.4578094199159983,-0.032095380447575955,0.6938111365351006,0.03310388638020387,-0.03601877977781758,0.994741620919847,0.08997715165306762,0.45563626289367676,-0.031403351575136185,0.690306544303894,0.037672702223062515,-0.03088691458106041,0.9940801858901978,0.0971156656742096,-0.17014279961585999,0.011215651407837868,-0.10774736851453781,0.1904030442237854,1.6377761363983154,-0.22693762183189392,-0.17784315253269062,0.0005907589548358311,-0.08737652724756972,0.20624829098351602,1.6224960881979267,-0.22564230731996693
59.766412,1785472103.036,-0.035614222288131714,0.09342557191848755,0.37400001287460327,-0.036880492961488376,0.09629539672792715,0.3753294062148314,0.7118318879665317,-0.1915730235953589,-0.009787457906637511,0.6756473529677008,0.7191654943023749,-0.1653043735067425,0.01761854282597404,0.6746592049717052,24.35102923882729,24.548046629253793,18.00704002380371,1,0.4582661952087763,-0.03227437008940966,0.6939915060969732,0.030036850370416653,-0.036332857347598856,0.9944939034516197,0.09359266581492812,0.4564298987388611,-0.031661201268434525,0.6915305256843567,0.03579241782426834,-0.032704491168260574,0.9942934513092041,0.09502601623535156,-0.17346177995204926,0.016356689855456352,-0.11284493654966354,0.19646595418453217,1.6457886695861816,-0.22962169349193573,-0.17552689531597146,0.004758749067278522,-0.09489162493653652,0.20140541456583694,1.6285521500928268,-0.2263561715030901
59.844652,1785472103.069,-0.03551899641752243,0.09478931128978729,0.37300002574920654,-0.036770258363566,0.09608853844576276,0.37511059761526727,0.720607469434085,-0.15444928588297643,0.030914791418312267,0.6752144613066319,0.7201459632576166,-0.15918093919441847,0.025213871983172438,0.674844782791242,25.28093637431485,24.725394166243504,59.661865234375,1,0.45839370179501676,-0.0323157371994858,0.6940336426769715,0.029116364285107242,-0.03784597164196603,0.9947899009881853,0.09007204146242664,0.4571825861930847,-0.03191276639699936,0.6925408840179443,0.033437326550483704,-0.03419815003871918,0.9943808913230896,0.09444064646959305,-0.16967050731182098,0.0171674657613039,-0.11454060673713684,0.1891101449728012,1.6467030048370361,-0.22931639850139618,-0.1746812019524552,0.009508184933274927,-0.10224317139502692,0.19938269054419497,1.6356106771905505,-0.22769343119455573
59.921833,1785472103.202,-0.03551899641752243,0.09398254752159119,0.37300002574920654,-0.036716045786172116,0.09599647292481384,0.3749760573539652,0.7203212528201591,-0.1579838605724086,0.030541231221136316,0.6747189235005427,0.7201871083961983,-0.1589131318993314,0.026407599122893068,0.6748183341599671,25.61244934824413,24.98964179435802,21.954059600830078,1,0.45870406696321875,-0.03248168154519439,0.6943614828493415,0.028021648526756374,-0.03996185530588448,0.9955517206511477,0.08058913601034408,0.45750969648361206,-0.03202321380376816,0.6929452419281006,0.03226430341601372,-0.03519550338387489,0.9944963455200195,0.09325970709323883,-0.1598406434059143,0.017678577452898026,-0.11762663722038269,0.16977690160274506,1.6464762687683105,-0.2251533716917038,-0.17332329929929777,0.011583827193104345,-0.10557545170445615,0.19659885229741733,1.6386166979827481,-0.2281332527274655
59.998305,1785472103.269,-0.03551899641752243,0.09398254752159119,0.37300002574920654,-0.03666521887575673,0.09591040795964917,0.37486352693115427,0.7258139252109875,-0.14977455533315356,0.037687473485755484,0.6703293092852464,0.721420286683395,-0.15693988100883055,0.02884816367104831,0.673862320628918,24.990958888895268,24.990032002861916,22.771596908569336,1,0.45884223093086074,-0.03256331853365664,0.6945631197700055,0.02735575074115273,-0.040185645296184944,0.9956415765123334,0.07959037588523254,0.45791226625442505,-0.032181043177843094,0.6934142112731934,0.030783047899603844,-0.03685501962900162,0.9948815107345581,0.08890929073095322,-0.1588083952665329,0.018666593357920647,-0.11930881440639496,0.1675533652305603,1.647979974746704,-0.2245834767818451,-0.16868660938950886,0.013679786668843839,-0.10971949239951677,0.18737480717606664,1.641319604375903,-0.2271084687698796
60.123501,1785472103.336,-0.03551899641752243,0.09398254752159119,0.37300002574920654,-0.03657660631324275,0.09572822427311266,0.37464393685727837,0.725881610722132,-0.14267687023893988,0.05400779134613637,0.6706879724493173,0.7217590312758237,-0.15434864034767587,0.03371069378874662,0.6738723819232315,25.359968474650643,24.912493457700826,68.64237785339355,1,0.45897137609702454,-0.03263983688329562,0.694731753036951,0.027027207181761194,-0.042214487115590206,0.995789196048434,0.07675509222674039,0.4583433270454407,-0.032362449914216995,0.6939429044723511,0.029161816462874413,-0.0384313240647316,0.9952507019042969,0.0845499336719513,-0.15592887997627258,0.019067663699388504,-0.12060048431158066,0.16180874407291412,1.6483356952667236,-0.22616010904312134,-0.16405807765016062,0.01601636444952777,-0.11421213907577046,0.17808732512924608,1.6444403808564754,-0.22592535700605393
60.233613,1785472103.503,-0.03542377054691315,0.09493748098611832,0.3720000088214874,-0.03648951442976609,0.09565858664283824,0.3743471596770947,0.7270415624346257,-0.13714173097693386,0.06647858179534401,0.6694649432791446,0.7226000833420976,-0.1502171204164925,0.043433709805881626,0.6733479406222826,25.96252937677968,24.9575244033138,62.17813491821289,1,0.4592447586369417,-0.03277331691156746,0.6950608222612282,0.025372078406107303,-0.04331068147948097,0.9961683046773843,0.07161809312822776,0.45846036076545715,-0.03241565078496933,0.6940884590148926,0.02875087410211563,-0.039154116064310074,0.9953590631484985,0.08307071775197983,-0.1504560261964798,0.02080867998301983,-0.12404210865497589,0.15096211433410645,1.6507304906845093,-0.22352121770381927,-0.16251352813015163,0.016596097044893288,-0.11542571489737125,0.17499440792284487,1.6451804905944227,-0.22596995826060542
60.356845,1785472103.603,-0.035021279007196426,0.09493748098611832,0.3720000088214874,-0.03635705088280587,0.09558792445981931,0.3740775114928334,0.7259278500735703,-0.14239302652042113,0.0616303075389502,0.6700408104575221,0.7232300031062733,-0.15105242245853945,0.04752596731953104,0.6722074164323463,24.332625073736104,24.719375033278773,57.74545669555664,1,0.45934940284893755,-0.0329044810829949,0.6955057891166448,0.021314534511758552,-0.045891275062694935,0.9967815252368681,0.06217935700962122,0.4588206112384796,-0.032585177570581436,0.6945279240608215,0.027147768065333366,-0.041115835309028625,0.995757520198822,0.07771366089582443,-0.14006784558296204,0.02417881414294243,-0.13008084893226624,0.13067251443862915,1.6569470167160034,-0.21952269971370697,-0.1568638728316368,0.018569904703283558,-0.11946246988670524,0.16373389321217385,1.6477809930866336,-0.22482257469215627
60.43433,1785472103.736,-0.03542377054691315,0.09493748098611832,0.3720000088214874,-0.03631861962746543,0.09555776101036492,0.3739701472734572,0.7175484640068871,-0.17066059415098517,0.026185764186019003,0.6747691969550654,0.721781151099349,-0.1562797638023258,0.041855061330552217,0.6729463271202272,23.50882535148613,24.358049234091215,19.470930099487305,1,0.4594554965540258,-0.03310366428170561,0.695909995012287,0.01779638159239992,-0.047557059217638996,0.9968948596519698,0.06018516196096205,0.4589533805847168,-0.03267049044370651,0.6947681903839111,0.025534367188811302,-0.04243120551109314,0.996063768863678,0.07351584732532501,-0.13772353529930115,0.028227191418409348,-0.13556358218193054,0.12550969421863556,1.664534330368042,-0.22045005857944489,-0.15231215018031397,0.020089912239404675,-0.12233994645157678,0.15477426557219823,1.650264985490193,-0.22338630776721446
60.557668,1785472103.803,-0.03572995588183403,0.09347862005233765,0.3710000216960907,-0.03624806819059251,0.09532542600689067,0.3735429322551652,0.7233457260467918,-0.1512464300209242,0.034997966153096284,0.6728080115314562,0.7204997397460932,-0.1631903192889169,0.027077314138156814,0.6734358646339359,24.561131832832093,24.468674620591816,69.43893432617188,1,0.4595008005417717,-0.03316150810523667,0.6960709541679331,0.018159050089264626,-0.04480422666315804,0.9965436856059212,0.0675537774809007,0.4591485857963562,-0.032847948372364044,0.6952120065689087,0.02233646623790264,-0.044564686715602875,0.996434211730957,0.06807386130094528,-0.14552952349185944,0.02911963127553463,-0.13579966127872467,0.14029623568058014,1.6663762331008911,-0.22119873762130737,-0.1463379643388851,0.023422182262273987,-0.12775474163317938,0.14279015444657062,1.6561084249111209,-0.22218388117568735
60.667259,1785472103.936,-0.035138096660375595,0.09137845784425735,0.36900001764297485,-0.036188115596553945,0.09474741657833952,0.37275985115507176,0.7220781328739296,-0.15566990062106179,0.023565018396532415,0.6736577335516156,0.7175434162592981,-0.1736670929024601,0.020415494310527107,0.6742064922690976,25.072327535314543,24.313686150939162,16.887664794921875,1,0.4598496453374015,-0.03326826666197663,0.6967114358723838,0.02386541160800897,-0.04102979992177262,0.9954693385153222,0.08238806784375308,0.4593012034893036,-0.03296341747045517,0.6955617666244507,0.021456357091665268,-0.04426886886358261,0.9963764548301697,0.06938228011131287,-0.16214680671691895,0.026439636945724487,-0.13179266452789307,0.17193284630775452,1.661175012588501,-0.22769026458263397,-0.1477216676501193,0.025113509781382836,-0.13012029014358026,0.14509617900158966,1.6591194020963438,-0.22249423996803638
60.760221,1785472104.036,-0.035941943526268005,0.08959843218326569,0.36500000953674316,-0.03617400432753372,0.09396480060327944,0.3712191403258095,0.6913183681088427,-0.24886769745458154,-0.07396474771660327,0.6742944454570279,0.7164175335295464,-0.1775442092498999,0.01794473412240836,0.6744642006293183,22.294779745157175,23.708091875740582,22.266626358032227,1,0.4607173780152242,-0.033360102899505445,0.6978853791655636,0.021163074265986865,-0.0365549530978383,0.9946729987808365,0.09402917200510322,0.45948296785354614,-0.033062927424907684,0.6959381103515625,0.022257059812545776,-0.043150849640369415,0.9960859417915344,0.0738610029220581,-0.173387348651886,0.03354661539196968,-0.13967297971248627,0.19407285749912262,1.6727793216705322,-0.22663208842277527,-0.15268247215782077,0.025569539684461358,-0.13069502469990169,0.15432533132958556,1.6598263265445967,-0.22428114988127615
60.853284,1785472104.103,-0.03603820130228996,0.08729606121778488,0.3620000183582306,-0.03616340571880514,0.09242515821358208,0.3686002213489352,0.7303784264857736,-0.14457767804962743,0.029285333358911887,0.6669235476304621,0.7216453337800891,-0.16551770147488049,0.022095343233745887,0.671821180478317,25.064294942485933,24.23473975568263,20.66946029663086,1,0.46189285264118146,-0.03338455645575385,0.7001956246327661,0.02016028636792862,-0.03489435663903552,0.9943364317344764,0.09834127950082759,0.45989343523979187,-0.03314875066280365,0.6965701580047607,0.021828174591064453,-0.040849700570106506,0.9956536293029785,0.08080051094293594,-0.1771908849477768,0.03892510011792183,-0.14956822991371155,0.20235663652420044,1.681213617324829,-0.22495512664318085,-0.1598028782508244,0.02831283545755025,-0.13378221574935192,0.16799452514906704,1.664280861568406,-0.22508963528842532
60.946377,1785472104.203,-0.03877990320324898,0.08690457046031952,0.3620000183582306,-0.03664468071652717,0.09099172686862436,0.3667724325649037,0.7299013597757003,-0.12726869536840926,0.04919543482722569,0.6697958594743381,0.7280237933328992,-0.14280515306337777,0.03885912423101565,0.6693862958439766,24.743904929654942,24.363684177514294,60.55736541748047,1,0.4642049694821131,-0.03340631628176244,0.7041224139551718,0.02582077350119876,-0.042098135973165356,0.9949164568596062,0.08776262572024861,0.4608238935470581,-0.03324558958411217,0.6982394456863403,0.021008096635341644,-0.03801164776086807,0.9950819611549377,0.08902646601200104,-0.16683600842952728,0.03863765299320221,-0.15999840199947357,0.18369853496551514,1.676120638847351,-0.23057852685451508,-0.1679501836752865,0.033285271265567,-0.14117829810690488,0.18409523870452618,1.6722148566728798,-0.22502660600559266
61.06973,1785472104.337,-0.03838822990655899,0.08651307970285416,0.3620000183582306,-0.03684922439782996,0.09032984405461113,0.3660472909089824,0.7189250608571011,-0.15330368316353968,0.023346400292810605,0.677568950877676,0.7255883522171571,-0.14546864703223425,0.03421547694415142,0.6717065706057119,25.047606496137842,24.57738812683306,59.32307243347168,1,0.46635761082140426,-0.032688967344955175,0.7068633375685495,0.029946854894305517,-0.05259306168366651,0.9962991532458396,0.06103403137840797,0.4624180197715759,-0.03332473337650299,0.7009972333908081,0.023261873051524162,-0.03992738947272301,0.9950093030929565,0.08843759447336197,-0.13807570934295654,0.03612857311964035,-0.1677120327949524,0.1318807154893875,1.6656649112701416,-0.22863249480724335,-0.16742812543228097,0.035793147757151304,-0.14999611839969548,0.18390939158128944,1.6740449460627682,-0.2276280051915171
61.21008,1785472104.437,-0.03849427402019501,0.08596692979335785,0.3630000054836273,-0.036994435451621975,0.08960140878612326,0.3657706690101291,0.7192187096194448,-0.1531669625368556,0.024814127958988925,0.6772359916411775,0.7204688589417757,-0.15915704633249705,0.01845673294725625,0.6747243932945991,25.113026731551695,24.720458114622378,59.66615676879883,1,0.4673514424338192,-0.03238408486455682,0.7079506735540015,0.031353337494793736,-0.048430818026237284,0.9961781142969381,0.06557887380127517,0.46444791555404663,-0.03300543874502182,0.703960657119751,0.026646971702575684,-0.046563103795051575,0.9958052635192871,0.07411988824605942,-0.14201873540878296,0.037770599126815796,-0.17113476991653442,0.14141009747982025,1.6662038564682007,-0.22300985455513,-0.1521148758363203,0.03596810937843947,-0.159238040817686,0.156765901635168,1.669673055933347,-0.2281520471429103
61.27191,1785472104.57,-0.03820648416876793,0.08541645109653473,0.36400002241134644,-0.03705548379550106,0.08924113177999916,0.36564675120265316,0.7245085552158159,-0.15419606436965147,0.01700024951609955,0.671581654505535,0.721552128922025,-0.15783213771886617,0.018067609534362095,0.6738880493352735,25.120653462137597,24.83931459198512,18.409252166748047,1,0.46844456757634495,-0.032167631455587806,0.7083650755831669,0.032886963629633205,-0.03942268043994,0.9950376292308584,0.08523154524462545,0.46544668078422546,-0.032797038555145264,0.7053204774856567,0.02824997529387474,-0.047212034463882446,0.9959452748298645,0.07117561995983124,-0.1615426391363144,0.04135793447494507,-0.17244736850261688,0.1812770515680313,1.6694836616516113,-0.21990036964416504,-0.14864281244653685,0.03658796244317281,-0.16332893238480045,0.15148506312362345,1.668479998237283,-0.22638364453975424
61.380706,1785472104.637,-0.03860032185912132,0.0858101025223732,0.36400002241134644,-0.03726738445580307,0.08880539594262063,0.3654612795799008,0.7215049086186797,-0.15128159213490144,0.026379306867690414,0.6751656677360456,0.7217489263016816,-0.15443897774924137,0.022310451512547645,0.6743362167994874,24.251842331539937,24.47016686542009,62.9572868347168,1,0.46898518933807126,-0.032076714237864984,0.7085506739944301,0.03412648202653572,-0.040843484056391904,0.9949787564531333,0.084761236668682,0.46647223830223083,-0.03256785869598389,0.706344723701477,0.029835613444447517,-0.044523146003484726,0.9956652522087097,0.07601477205753326,-0.16097323596477509,0.04132850468158722,-0.17282576858997345,0.18084684014320374,1.6674336194992065,-0.2223917841911316,-0.15307906201932736,0.03822833417690705,-0.1664643906301838,0.1617305494919776,1.6688251580854707,-0.2241540439741659
61.505083,1785472104.77,-0.038311444222927094,0.08604584634304047,0.36500000953674316,-0.037331679003769554,0.08862900812540347,0.3653694234439758,0.721799071346441,-0.14786986678322672,0.02100332470490133,0.6757954301800707,0.7222042115427353,-0.15226342159308973,0.02364563544769748,0.6742980136400935,24.15853849612217,24.422981019756573,61.24281883239746,1,0.4696392604612065,-0.031759708143428295,0.7088287470072394,0.03348466405335166,-0.04153731113163581,0.995413495182054,0.07940656563934038,0.4674985706806183,-0.03236180171370506,0.707236111164093,0.0315888375043869,-0.04301534593105316,0.99539715051651,0.07960166037082672,-0.1544552445411682,0.042631905525922775,-0.17584533989429474,0.16979019343852997,1.6675007343292236,-0.21832793951034546,-0.15631180422860125,0.03949785090813945,-0.16906884963450336,0.1695588966350726,1.6682553091190098,-0.22343237741550498
61.646484,1785472104.87,-0.037916529923677444,0.0864405706524849,0.36500000953674316,-0.037401269206149675,0.08841123091576136,0.3653202034465312,0.7122083946757531,-0.18842841576950092,-0.017206865526108443,0.6759865815700405,0.7186139252930225,-0.16578774807881183,0.0077572850718629575,0.6753134631341393,25.51391153245556,24.703682776268433,61.8901252746582,1,0.4699040202098937,-0.03166363289639329,0.7089664453147275,0.03407175174045672,-0.042264160679692034,0.99555268711851,0.07699158153000839,0.4683729410171509,-0.03211553022265434,0.7078893780708313,0.03236379101872444,-0.042407821863889694,0.9954048991203308,0.0795191153883934,-0.15182657539844513,0.04227849468588829,-0.1761651635169983,0.16515955328941345,1.6658557653427124,-0.21777741611003876,-0.15555152386970397,0.04078124164613337,-0.17184326604908365,0.16965365244678393,1.6679463031968447,-0.2213420553937349
61.755137,1785472105.004,-0.03741881623864174,0.08620375394821167,0.36400002241134644,-0.03740937983352339,0.08822731414315635,0.3652213059417814,0.7217918051470242,-0.15155669634428434,0.03608907656975628,0.6743476376233172,0.7191995175151538,-0.16460907037107905,0.01292058020362517,0.6748992269700275,24.23323817872705,24.534844598076187,61.495304107666016,1,0.47023082753071566,-0.03155960610431892,0.7090401549875135,0.035812654808990686,-0.035713565084816185,0.9939970972096253,0.09701425546435732,0.46917080879211426,-0.031880639493465424,0.7084527015686035,0.03325352445244789,-0.04233488813042641,0.9954831004142761,0.07820118218660355,-0.17215478420257568,0.043994348496198654,-0.17413729429244995,0.20596890151500702,1.6683732271194458,-0.2204948216676712,-0.1536082050865475,0.041562318253931196,-0.17409723204989044,0.1673091136146138,1.6668556631176765,-0.21948236753848635
61.833449,1785472105.137,-0.037812650203704834,0.08659740537405014,0.36400002241134644,-0.03742590699433987,0.08814390360927694,0.3651532286663668,0.7166122983518884,-0.15814265769729338,0.029407679731701778,0.6786699507419336,0.7185117418138272,-0.1628355915023906,0.01745676544492939,0.6759591025764262,23.986911851342132,24.3719637044512,21.925687789916992,1,0.4705068139646419,-0.03154782688200894,0.7091883253746949,0.03296920552628432,-0.037178878953493116,0.9944480763832461,0.09275659450620626,0.4694463312625885,-0.03178248181939125,0.7085762023925781,0.03390965238213539,-0.040540602058172226,0.9951213598251343,0.08330709487199783,-0.16712766885757446,0.04715684428811073,-0.17888905107975006,0.1963677853345871,1.6732463836669922,-0.21884705126285553,-0.158634326304427,0.042221384516555764,-0.17410784655087916,0.17778593094533862,1.667266922962156,-0.21975674125304262
61.895342,1785472105.204,-0.03741881623864174,0.08659740537405014,0.36400002241134644,-0.03742552330046595,0.08806966062447792,0.3650941296844715,0.7205817762540543,-0.15800126421625313,0.03111580385368721,0.6744103431792522,0.7190450430192729,-0.16162756980761991,0.020879655364714905,0.6755847798606373,23.974659194628053,24.253968743339982,19.73748207092285,1,0.47063202080095273,-0.031523245578366665,0.7092903803198475,0.030958615321045466,-0.03670679629628644,0.9949451138195298,0.08819521375737806,0.46973133087158203,-0.031714390963315964,0.7087340354919434,0.03364820033311844,-0.039623577147722244,0.994949460029602,0.08586767315864563,-0.16198065876960754,0.048814836889505386,-0.18190139532089233,0.1864277571439743,1.675853967666626,-0.21352103352546692,-0.16093602328240514,0.04355889608389448,-0.1754035879114524,0.18282161139301925,1.6688873568131666,-0.21951021546333652
62.004224,1785472105.271,-0.03731601685285568,0.08753720670938492,0.3630000054836273,-0.037419738021869355,0.08802935905705705,0.3649272236419394,0.7132142729408988,-0.18846980271606464,0.008981008747451912,0.6750732373746059,0.7175788407906226,-0.1686782900281687,0.017762227990908853,0.6755092486262184,25.216136666808534,24.537709448249863,63.6751651763916,1,0.4707434449254012,-0.031524005325912,0.7093789524206516,0.02937379945519707,-0.03789044907786855,0.9952187528655011,0.08509481605291824,0.47004079818725586,-0.03164728730916977,0.7089238166809082,0.03272416815161705,-0.03861863911151886,0.9949504137039185,0.0866687074303627,-0.1584993600845337,0.05041932687163353,-0.18449147045612335,0.17965872585773468,1.6784390211105347,-0.212885320186615,-0.1612952730973162,0.045366392325595827,-0.17763779786849979,0.18406178897916428,1.6712831742856713,-0.2174505337393835
62.148224,1785472105.371,-0.037501011043787,0.08744531869888306,0.36100003123283386,-0.03742430662151791,0.08795395018220001,0.3642894615785751,0.6958172454734671,-0.25905050120200823,-0.0014196601569541976,0.6698725127169676,0.7175415854926457,-0.17373664225680902,0.036603767428332976,0.6735056172268218,24.017999045536865,24.600625980427612,74.80907440185547,1,0.47083152681698726,-0.03152296294563159,0.7097418325977465,0.024314737600186972,-0.0354150544323285,0.9947973145457288,0.09237353748555782,0.4704071879386902,-0.03158346563577652,0.709160327911377,0.030976010486483574,-0.03824062645435333,0.99509197473526,0.08584985882043839,-0.16478006541728973,0.05732930451631546,-0.1914805769920349,0.19244080781936646,1.6916671991348267,-0.21141274273395538,-0.1598366361909222,0.04800247665256,-0.1812125296573138,0.1817647499584298,1.6750164017573277,-0.2150688432695119
62.278662,1785472105.504,-0.037501011043787,0.08822613209486008,0.36100003123283386,-0.03742889628908577,0.08798157837203363,0.36386465326640627,0.7109519215880805,-0.21789891771579317,0.0633414869490461,0.66562398009656,0.7151967752725608,-0.1910964391407577,0.04709147702373297,0.6706400796099022,26.439768824723338,25.316451869385403,19.99068260192871,1,0.47091782882053634,-0.03152716165851219,0.710585833888049,0.009502111200260791,-0.03907158601805508,0.9957284301763438,0.08311446557203836,0.4705834984779358,-0.0315558947622776,0.7093929648399353,0.02824532985687256,-0.03707420825958252,0.9949830770492554,0.08852379024028778,-0.15253788232803345,0.07284893840551376,-0.21227853000164032,0.16892430186271667,1.7212469577789307,-0.20651929080486298,-0.16186101996327287,0.05182189145411123,-0.18541713035163446,0.18613671897215422,1.6818350697913875,-0.21357163221005437
62.346478,1785472105.604,-0.037786632776260376,0.08953903615474701,0.36000001430511475,-0.037446691454097576,0.08814173344079441,0.36345174696201105,0.7116307158426547,-0.22318684401553457,0.06666231818079489,0.6628163337323688,0.7141884221520736,-0.2012334752578532,0.05326256832561388,0.6682836859560002,26.475874921561637,25.662424419264116,23.774385452270508,1,0.470876825469857,-0.03152086337854211,0.7112230808150122,-0.010400895237885323,-0.03902793686922208,0.9952593600112324,0.08847286494747864,0.4706466495990753,-0.0315483920276165,0.709608256816864,0.024679619818925858,-0.03748428076505661,0.9951514005661011,0.08751919865608215,-0.1539526730775833,0.0955953523516655,-0.2373817265033722,0.17307013273239136,1.7646909952163696,-0.2033451646566391,-0.1600896239244484,0.055817031647847334,-0.19052081753994732,0.18286635832631382,1.6893233285090208,-0.21223168745720247
62.437908,1785472105.671,-0.03661811351776123,0.08914971351623535,0.36000001430511475,-0.03733839375065213,0.08831320086017122,0.3629158353096095,0.7037976873456828,-0.2583774360850362,0.045548766090234276,0.6601781772496336,0.7073499736926211,-0.23976444506338365,0.04362595793121242,0.6635252831619003,24.603405843238036,25.10175744873319,63.301801681518555,1,0.47063703716845917,-0.031494565206496766,0.7118426292953693,-0.022075786381932208,-0.03973240466015601,0.9947496564904094,0.09169032984864667,0.4707331657409668,-0.03151731938123703,0.7101140022277832,0.012622025795280933,-0.03806548938155174,0.9953204393386841,0.08791454136371613,-0.1548212170600891,0.10862479358911514,-0.2521260678768158,0.1757247895002365,1.7906749248504639,-0.20280373096466064,-0.1579791284985019,0.06949677916701912,-0.20663592518541632,0.1794974576888426,1.715242269089678,-0.20917561069356388
62.514153,1785472105.804,-0.037397127598524094,0.08992835879325867,0.36000001430511475,-0.03734135246346889,0.08844141684815922,0.36272702356347203,0.6926805161611506,-0.2720795052286821,0.02824648670392956,0.6673594094295234,0.702212596992845,-0.25139389176040516,0.03811864857028825,0.6650154497763919,24.245258317671617,24.846665034682793,19.121170043945312,1,0.47038023980282356,-0.031657571561211406,0.7126465125384824,-0.0428281516673227,-0.0332172245551596,0.9905869810156914,0.12569724921346173,0.47070595622062683,-0.03148458153009415,0.7106585502624512,0.0006947102374397218,-0.03866082802414894,0.9952570796012878,0.08926503360271454,-0.18346664309501648,0.13573218882083893,-0.2747895419597626,0.2358483225107193,1.8430930376052856,-0.20201563835144043,-0.15689312685085216,0.08295288393376697,-0.2222795202750157,0.17820006393275087,1.7411835594058123,-0.2069843194325813
62.593149,1785472105.871,-0.03661811351776123,0.08992835879325867,0.36000001430511475,-0.03729823723219091,0.08854277731594597,0.3625697627496578,0.7097709158045179,-0.23587534458970627,0.06642889306633457,0.6604356676154648,0.7049216278797803,-0.24604662169449565,0.04793662010056478,0.6635123502643945,24.708511883487027,24.80570086941107,20.514726638793945,1,0.4701881122267288,-0.03165324163614176,0.7129298651043533,-0.04734769537526778,-0.026732254691101805,0.9890675868060179,0.13707257578195992,0.4705120325088501,-0.031392186880111694,0.7112448811531067,-0.014274294488132,-0.0364733561873436,0.9940367937088013,0.1017683893442154,-0.19347652792930603,0.1412552297115326,-0.27796223759651184,0.2571849524974823,1.8544867038726807,-0.1934279054403305,-0.16603176355090413,0.10086706735303044,-0.24033733825437756,0.19802532191320063,1.7762302289586112,-0.2052755887579982
62.669669,1785472105.938,-0.03622860461473465,0.08953903615474701,0.36000001430511475,-0.03719990357604651,0.08861005466678003,0.3623786644019293,0.7013877834055909,-0.2587115003143699,0.04331960202077565,0.6627570814221763,0.7036430203838325,-0.250691675279041,0.04624636391271659,0.6632506748098775,23.413325006582472,24.264892709683792,23.456096649169922,1,0.4700361751412875,-0.03171801163588224,0.7131657964276453,-0.050500187319478036,-0.031440866535521236,0.9901167404931077,0.1270041069709849,0.4704096019268036,-0.03136412426829338,0.711552619934082,-0.023317817598581314,-0.03360625356435776,0.9929383397102356,0.11135691404342651,-0.18341107666492462,0.14341320097446442,-0.2835712730884552,0.2363276183605194,1.8592395782470703,-0.1962822824716568,-0.17346929818795695,0.11181225259038115,-0.2505334305161583,0.21405759695535373,1.797437733660324,-0.20206486598751844
62.77885,1785472106.038,-0.03661811351776123,0.08953903615474701,0.36000001430511475,-0.03717482944447226,0.08865085963685307,0.36226617961584295,0.6971741712660332,-0.2757950630058348,0.02924587728337159,0.6610823978923152,0.7018758273860258,-0.25784221693558007,0.041425088996272126,0.6627002913071472,24.245258317671617,24.259136403544375,19.41823959350586,1,0.4699353245338395,-0.03186570359483777,0.7134523683716157,-0.05265261556648494,-0.030051761747670942,0.9894763355172282,0.13138179151338567,0.47030699253082275,-0.03142118453979492,0.7119429707527161,-0.030698640272021294,-0.03295134752988815,0.9922727942466736,0.11561368405818939,-0.18738895654678345,0.14622226357460022,-0.2859380543231964,0.24427787959575653,1.8651388883590698,-0.19510331749916077,-0.17616352977016056,0.12037609657743666,-0.25948615814952797,0.22009280397344533,1.8141860335433322,-0.20049778471603164
62.856571,1785472106.104,-0.03700761869549751,0.08914971351623535,0.36000001430511475,-0.03714358423463165,0.0886793438907149,0.36206702230868126,0.7081752705031045,-0.24222203458697295,0.06341181224428943,0.6601478730377739,0.7034391095722612,-0.2544146800327741,0.047798044471327614,0.6619380157180296,25.059329977531586,24.520452382154485,62.12162971496582,1,0.4698741987482568,-0.031903425958120804,0.7136211003405789,-0.054371705099080965,-0.027877101957317577,0.9883105856964167,0.1396738023807102,0.4701528549194336,-0.0315624475479126,0.7125133275985718,-0.03970771282911301,-0.03168771043419838,0.9912188649177551,0.1220831573009491,-0.19484713673591614,0.1490563601255417,-0.2868908941745758,0.2599813938140869,1.8708730936050415,-0.1942826360464096,-0.1807604682136755,0.1309603466380482,-0.2703177822873137,0.229996874937654,1.835051737118925,-0.19828869525420975
62.950629,1785472106.238,-0.03622860461473465,0.0887603834271431,0.36000001430511475,-0.037090039511853905,0.08868387078568815,0.3619780365400085,0.7190453589162885,-0.2202816219062699,0.08557607333017099,0.6535491676566334,0.7085038545307506,-0.24389530902472506,0.05954324765983213,0.6595392088488164,25.5929590184383,24.840304947035992,24.98602867126465,1,0.4698316342243144,-0.03195054814209651,0.7139198193908516,-0.056452039872253404,-0.030644430847890283,0.9890157613033851,0.1331236641088132,0.47003257274627686,-0.0316709503531456,0.7129238247871399,-0.04574226588010788,-0.03006204590201378,0.9900946617126465,0.1292923539876938,-0.18834154307842255,0.1506928950548172,-0.29117661714553833,0.24647395312786102,1.8743301630020142,-0.19558686017990112,-0.1865291079349057,0.13837083783817317,-0.2771041612470232,0.2422758631884498,1.8497209408135546,-0.19664817333452903
63.075041,1785472106.305,-0.03661811351776123,0.08914971351623535,0.36000001430511475,-0.037065060374757604,0.08870894756946136,0.3618165317705209,0.7203406632994032,-0.22206614612092812,0.08276702773064634,0.6518784968573582,0.7145056031524405,-0.2321529106884854,0.07228873132361996,0.6560191372561115,25.016173513444425,24.843576958660584,64.23163414001465,1,0.4698248641168345,-0.03203098961026615,0.7140532241486839,-0.05723525595178648,-0.03838095968051814,0.9905731426401911,0.11838866706772036,0.4699628949165344,-0.031762413680553436,0.7132604122161865,-0.04942833259701729,-0.03025834821164608,0.9897380471229553,0.13061346113681793,-0.1742849349975586,0.1502077877521515,-0.2949158847332001,0.21691903471946716,1.8734647035598755,-0.20328739285469055,-0.18715242185735254,0.14260838353122635,-0.2819429349192045,0.24371962991179563,1.8581840523241657,-0.19628318692317112
63.183154,1785472106.438,-0.03661811351776123,0.08914971351623535,0.36000001430511475,-0.037028056340625136,0.08874637381330032,0.36167098886887916,0.7009612256792339,-0.2722445548256562,0.03615224378837878,0.6582015479555727,0.7171402064581033,-0.22764626807112456,0.07698048685515935,0.6541873627318563,24.15320494769221,25.000709622104555,64.04471397399902,1,0.46978738067144954,-0.0320686619947676,0.7142954701329374,-0.05788500714308214,-0.04779463477304369,0.9919141729088832,0.10232923539948392,0.4698822498321533,-0.03190363943576813,0.713654100894928,-0.05351008474826813,-0.03452759236097336,0.9902063608169556,0.12424110621213913,-0.1587381809949875,0.1493554264307022,-0.2983104884624481,0.18461506068706512,1.8721870183944702,-0.21357211470603943,-0.18043944623000732,0.14657300080355348,-0.28870958374212186,0.22973775486243583,1.8661560154438543,-0.19993730151325073
63.299877,1785472106.571,-0.03661811351776123,0.08914971351623535,0.36000001430511475,-0.03701097082739626,0.08876344646766794,0.36160271303730973,0.7161716244393764,-0.22319413058438753,0.08127409932485934,0.6562599372196027,0.7169409744901071,-0.2267194815023606,0.07787533732335716,0.6546215300776853,25.006467634641854,25.002415551179663,19.819021224975586,1,0.46973134096254626,-0.03212433208322987,0.7145137683209171,-0.05799568548406778,-0.05194688168043086,0.9922933703767708,0.09639444514712105,0.46983224153518677,-0.031952012330293655,0.7138222455978394,-0.055037885904312134,-0.03911445662379265,0.9908681511878967,0.11670983582735062,-0.15305286645889282,0.1489078551530838,-0.2995797395706177,0.17262107133865356,1.8718012571334839,-0.21881447732448578,-0.1729763985359297,0.1475298689984289,-0.2920105609218163,0.21422010275212933,1.8682300773585712,-0.2046263130168313
63.339607,1785472106.638,-0.03661811351776123,0.08914971351623535,0.36000001430511475,-0.03699474636355294,0.08877957574680635,0.36153744680197814,0.6999882212271269,-0.2796793424600905,0.02969732293737852,0.6564404196533967,0.7168051625344661,-0.22609104871892774,0.07848179637254801,0.6549151122788747,24.076415476869943,24.726506560702205,18.96381378173828,1,0.46970577909053124,-0.0321500379420005,0.714616174391647,-0.05798498232950127,-0.05170967649747316,0.9924361950024964,0.09504867189888132,0.46978288888931274,-0.032004717737436295,0.7140152454376221,-0.0560726523399353,-0.043546851724386215,0.9914230108261108,0.10972688347101212,-0.15187382698059082,0.1486564576625824,-0.2998073399066925,0.17007531225681305,1.8715555667877197,-0.2176884561777115,-0.16612471068826637,0.14800375148151307,-0.29461290644284416,0.19991423229001667,1.8694582060831635,-0.2095056220120084
63.417942,1785472106.705,-0.037397127598524094,0.08992835879325867,0.36000001430511475,-0.03702121415615401,0.08885685917233524,0.3614749866276776,0.7015116524405054,-0.2590968862747233,0.041650243232932024,0.662582419214072,0.7129453574254715,-0.2348939905969689,0.0687467196445177,0.6571207035583462,27.547430700249286,25.57678710160682,28.00464630126953,1,0.4696816303465781,-0.03217444905756005,0.7147140663697817,-0.05797766532919413,-0.051548839868136055,0.9925319382326006,0.09413638520499171,0.46974873542785645,-0.03205053135752678,0.7141981720924377,-0.056744012981653214,-0.04636261612176895,0.9918026924133301,0.10468064993619919,-0.15109886229038239,0.14848852157592773,-0.30003297328948975,0.16835181415081024,1.871455192565918,-0.21695080399513245,-0.1612238480122515,0.14822820932274447,-0.2963984789783607,0.1896526677553296,1.8701794884294605,-0.2123196978379257
63.525447,1785472106.772,-0.03622860461473465,0.08953903615474701,0.36000001430511475,-0.03695601643012979,0.0889450426506497,0.361358656884084,0.6835319433614848,-0.3045027703728049,-0.0320512544558376,0.6625970587978534,0.7157211051372421,-0.22763729653912937,0.07506135061118253,0.6559652083227481,25.786718356304924,25.418154890966516,16.570091247558594,1,0.46956580374635437,-0.03213473733761024,0.7148078741778785,-0.057322585272566534,-0.045220798910970056,0.991637607934315,0.10641454361990553,0.46971648931503296,-0.032078828662633896,0.7143396139144897,-0.057018134742975235,-0.0471377819776535,0.991921067237854,0.1030513271689415,-0.16301199793815613,0.1489800661802292,-0.2981775403022766,0.1930101215839386,1.873042345046997,-0.21070152521133423,-0.15967129958187848,0.14834790312286963,-0.2971973379470259,0.1863459940011944,1.8706839194985485,-0.21294979913898993
63.618064,1785472106.905,-0.035938650369644165,0.08861654251813889,0.36100003123283386,-0.03689158608226931,0.08892180369948322,0.3613323260458258,0.727308579343899,-0.16220235756120616,0.07411519891063163,0.6627364203850452,0.7198829354735009,-0.2062385007039395,0.07478729265716869,0.6585143133588347,25.093194284014306,25.32169218406875,24.250030517578125,1,0.46943356137323455,-0.032232588391067574,0.7149823631542452,-0.05663087884082746,-0.049478887447979784,0.9924061618167136,0.09733854964424286,0.46965479850769043,-0.03210120648145676,0.7145305871963501,-0.057144131511449814,-0.04635167121887207,0.9918068647384644,0.10442821681499481,-0.15467745065689087,0.14699946343898773,-0.2984170913696289,0.17519599199295044,1.8700337409973145,-0.214972585439682,-0.16103936830028145,0.14860677096865696,-0.29759777563262646,0.189075068248915,1.8716497183448937,-0.2120291074503438
63.742555,1785472106.972,-0.0365305095911026,0.087144635617733,0.3630000054836273,-0.03685797318659847,0.08868907187492227,0.361572495312761,0.7185016971035928,-0.14511354856136532,0.025825072075871442,0.6797282066645913,0.7216713300498869,-0.1649859473581336,0.05236307475451524,0.6702449081944744,22.994032053360584,24.4760111699841,69.80347633361816,1,0.4694683618441399,-0.03232930296632952,0.7150217413119209,-0.04105588504785079,-0.052709626417204884,0.9943622289974483,0.08233994856157444,0.46955057978630066,-0.032161541283130646,0.7147352695465088,-0.05690993368625641,-0.04781907796859741,0.9920946955680847,0.10110757499933243,-0.14362308382987976,0.1281633973121643,-0.2817102372646332,0.1506425142288208,1.8351134061813354,-0.2181795835494995,-0.1580584538676305,0.14785364323464975,-0.29798069884434897,0.18257194965617402,1.8708925376148893,-0.21340829950525098
63.865452,1785472107.105,-0.037024978548288345,0.08699105679988861,0.36400002241134644,-0.03687061646104747,0.08848338251838095,0.36194816998257995,0.7200012463821441,-0.07809735465053663,0.030622032727120094,0.6888840973025916,0.7213635099076341,-0.1147732824524716,0.037204443149026115,0.6819659886085191,23.99057577882892,24.11044000217407,62.98685073852539,1,0.46981717041760934,-0.03237967626171423,0.7146612009910008,0.004448345415737989,-0.04706935251396293,0.9966376003837848,0.06691921830259272,0.46952739357948303,-0.032211486250162125,0.7147858142852783,-0.04954741895198822,-0.05004002898931503,0.99323570728302,0.09232449531555176,-0.13743680715560913,0.07638702541589737,-0.2281011939048767,0.13515351712703705,1.7369352579116821,-0.21039403975009918,-0.15129463306234067,0.13870144925820116,-0.2903567248797409,0.16761113955647236,1.8541279035695148,-0.2156439271657562
63.957603,1785472107.239,-0.03663114458322525,0.08541645109653473,0.36400002241134644,-0.03686034778624934,0.08813252189166146,0.3621273433157331,0.7136149039084949,-0.09583575789045962,0.0051982860188718215,0.693932456548688,0.71833465948859,-0.10705479854582188,0.024129439298614046,0.6869878872621116,24.029501285140494,24.08670153594384,20.975112915039062,1,0.4701253380918574,-0.032360431234857046,0.7140974980448713,0.05062416198887576,-0.041714797954268024,0.9970463131691989,0.0399464547897092,0.47033417224884033,-0.03226742520928383,0.7134790420532227,-0.032160792499780655,-0.04873529449105263,0.9947733879089355,0.08376485109329224,-0.11760898679494858,0.021532200276851654,-0.1696077585220337,0.0950767770409584,1.6310060024261475,-0.19133467972278595,-0.14652892658265,0.11954177462968538,-0.2689471005924768,0.15644896066889755,1.8138253527277863,-0.21383849101754557
64.064609,1785472107.305,-0.03663114458322525,0.0858101025223732,0.36400002241134644,-0.03681722861582589,0.08779030183218464,0.3623797500403223,0.7182031075630355,-0.09030405083673865,0.010442377564864427,0.6898698655834067,0.7190125248700678,-0.09528498158938192,0.01805653277187722,0.6881974447698417,23.336758060739566,23.44090264191517,57.71493911743164,1,0.4706514326248416,-0.03237603290894621,0.7138283652263993,0.06531595750356516,-0.035208458438812165,0.9963396013556964,0.042445128343862784,0.47080597281455994,-0.03214104846119881,0.7123960256576538,0.0006113087292760611,-0.04517928883433342,0.9968200922012329,0.06563641130924225,-0.12229034304618835,0.006415432319045067,-0.15155179798603058,0.10425414144992828,1.5995450019836426,-0.18385930359363556,-0.13468591898180104,0.08110922196327183,-0.22826698121817204,0.13131642184314568,1.738959000585762,-0.20462295645525738
64.141688,1785472107.439,-0.0367317795753479,0.08565110713243484,0.36500000953674316,-0.03681339013748658,0.08764876721264678,0.3626120553047172,0.7211227499787302,-0.07858153549787794,0.012450720899153422,0.6882237290961429,0.7196572094013196,-0.09037123753418534,0.016406985148647944,0.6882276885025602,24.013905289266212,23.609464236594285,17.868757247924805,1,0.47116444847341,-0.03244079160511362,0.7134493431027671,0.0778854833740967,-0.03522048563565472,0.9956109274341888,0.03810839861246555,0.4707854390144348,-0.03215043246746063,0.7127151489257812,0.027025235816836357,-0.04089062660932541,0.9972302317619324,0.05594222620129585,-0.11969305574893951,-0.007113911211490631,-0.13556909561157227,0.09913668036460876,1.5706969499588013,-0.18332359194755554,-0.12960980473085776,0.05052138903854634,-0.19685175903975127,0.12023412793085038,1.681867574018208,-0.19612003510016168
64.266641,1785472107.505,-0.03633686155080795,0.0848616436123848,0.36500000953674316,-0.03678556492715675,0.08731830862866112,0.3629376567472168,0.7183777272873839,-0.08730681398756783,0.0054131092690340174,0.6901316247041537,0.7184465669193184,-0.09063121831449185,0.00959902292778937,0.6895856520458558,23.363124380439544,23.479478869378223,67.24238395690918,1,0.47137650850816776,-0.032446394948518906,0.7131007354287306,0.08250181455396244,-0.03591963646217845,0.9953001982971021,0.035787505941008935,0.4709758460521698,-0.032225776463747025,0.7128472924232483,0.04781736060976982,-0.03843563795089722,0.9969356656074524,0.04853232577443123,-0.11792318522930145,-0.012213785201311111,-0.12910819053649902,0.09579077363014221,1.5594313144683838,-0.18382671475410461,-0.125548796781962,0.026919182591329992,-0.17175631765546098,0.11159449241184437,1.6363420917596403,-0.19087976615716037
64.376496,1785472107.639,-0.03633686155080795,0.08446691185235977,0.36500000953674316,-0.03674471240917642,0.08695740927548884,0.363159410538043,0.7234650787987065,-0.07767300234739626,0.014962027758236499,0.6858143496533773,0.7197907897685556,-0.08727728757200784,0.010263167615894922,0.688606245563399,24.623266598241695,23.857411732114635,59.64183807373047,1,0.4718718276913629,-0.03248808999928174,0.7126119557046318,0.0871565028211266,-0.03324374571115753,0.9948224781259893,0.040334035284711474,0.4711586833000183,-0.03229682520031929,0.7128716707229614,0.06200489029288292,-0.037335366010665894,0.9964384436607361,0.04326546564698219,-0.12343669682741165,-0.015944957733154297,-0.12306906282901764,0.10664383322000504,1.5495065450668335,-0.1839490383863449,-0.12242603394977744,0.010893869903046945,-0.1542919092635661,0.10512269185409304,1.604846359351098,-0.1879914738517504
64.532675,1785472107.772,-0.035941943526268005,0.08565110713243484,0.36500000953674316,-0.03667756508910381,0.08682801796342662,0.36329262574794136,0.7229703847897425,-0.13388939358043586,-0.03728418752029951,0.6767550091167306,0.7208424720058536,-0.08455539696632909,0.011595571834522606,0.6878241476643483,25.36935509728868,24.326398520150097,64.37349319458008,1,0.4724128966799227,-0.03254951819607027,0.7122788972109498,0.08904969932616914,-0.03527497610185469,0.9946866332661792,0.03774027970916593,0.47154390811920166,-0.032387200742959976,0.7127004265785217,0.075131356716156,-0.03520924597978592,0.995677649974823,0.04173283278942108,-0.12107624858617783,-0.01726379618048668,-0.1208697259426117,0.10205475986003876,1.544084072113037,-0.18626397848129272,-0.12295330009233423,-0.003107984889975584,-0.1380034754076498,0.10591624699158317,1.575975406685573,-0.1858825269173236
64.594756,1785472107.872,-0.0367317795753479,0.08604584634304047,0.36500000953674316,-0.036680658491912446,0.08677611585110812,0.363370544821334,0.7191142798061232,-0.195543645900313,-0.08252270812693113,0.6616852255947168,0.7213001459677804,-0.083364191102588,0.012178502411143575,0.6874795961682729,21.79184624662808,23.56377561638788,22.954225540161133,1,0.47260675944579145,-0.03265021396818735,0.7120788441833826,0.09001646600116553,-0.03698702168391881,0.9946345110650212,0.03508825265043451,0.4719054102897644,-0.03245152533054352,0.7125142812728882,0.0808316171169281,-0.035228751599788666,0.9952976107597351,0.04009765014052391,-0.11865454912185669,-0.018300829455256462,-0.11941538751125336,0.09700596332550049,1.5408991575241089,-0.18774166703224182,-0.12218462304880902,-0.00890496246879009,-0.13098662747838313,0.10433494847048627,1.5629155862647737,-0.18603873227040657
64.718775,1785472107.939,-0.03741881623864174,0.08777835965156555,0.36400002241134644,-0.036692099028034025,0.08669572313335337,0.3634955951748017,0.7729750427852962,-0.1638529530202551,-0.03016973253453326,0.6121695682214253,0.7218730113178673,-0.08186737226324176,0.012910831588245278,0.6870446850949987,25.353313677320788,45.59040878750268,69.44799423217773,1,0.47268453723822906,-0.032645527912426406,0.7119619172327237,0.09043914936061019,-0.037735970695101866,0.9946082958904241,0.033927783962032304,0.472194105386734,-0.0325322151184082,0.7123273015022278,0.08459342271089554,-0.03593853861093521,0.9950401782989502,0.03804551064968109,-0.11747698485851288,-0.018783478066325188,-0.11867508292198181,0.09476812928915024,1.539436936378479,-0.18827255070209503,-0.12073901745370814,-0.012752695765961415,-0.12624768480574075,0.10133367468456238,1.553899638531184,-0.18673609817059023
64.830676,1785472108.073,-0.038101520389318466,0.08792977035045624,0.3630000054836273,-0.0368630303429955,0.08687601287115541,0.3634314697808805,0.723871195623229,-0.3142668733810508,-0.13512926876971088,0.599155159507167,0.7221441545712737,-0.0811566424804601,0.013258500069154024,0.6868374127664826,23.564666821474834,36.383271178216205,62.40677833557129,1,0.472805013868317,-0.03262828955293541,0.7117742765689585,0.09096992034736905,-0.03867680163863935,0.994572418363226,0.032469728026622915,0.4723280072212219,-0.032562486827373505,0.7122236490249634,0.08617589622735977,-0.036420535296201706,0.9949289560317993,0.036928221583366394,-0.11598573625087738,-0.019386794418096542,-0.11767026782035828,0.091973215341568,1.5374994277954102,-0.18893936276435852,-0.11985500256225697,-0.014387064466661643,-0.12419517535625016,0.09955442741711744,1.5499802462478012,-0.18715247435912954
64.956574,1785472108.173,-0.037996556609869,0.08886200934648514,0.3620000183582306,-0.0369430049532507,0.0870556459193376,0.3632144460796692,0.7246585739163867,-0.35036698184709,-0.15240257487334197,0.5734861676211599,0.7223606422861403,-0.08058812259275673,0.013536575273737797,0.6866712591209772,23.239611840567736,31.093363552154813,56.5333366394043,1,0.47253486964863883,-0.032371749763248636,0.7118708988732654,0.09122180628151308,-0.03912342949330185,0.9945542380679933,0.031777458432265544,0.4724917411804199,-0.03258547931909561,0.7120659351348877,0.08782382309436798,-0.03719210624694824,0.99481201171875,0.0353943295776844,-0.11479775607585907,-0.020346973091363907,-0.11694831401109695,0.09056708216667175,1.5369760990142822,-0.18873800337314606,-0.11852435677131715,-0.016106503599606355,-0.12195086322088841,0.09694726690273424,1.5456880927820238,-0.1877669824060052
64.999042,1785472108.273,-0.03760489076375961,0.08847051858901978,0.3620000183582306,-0.036973744278640676,0.08716878703520822,0.3631180336172639,0.7501452521064911,-0.309917820597662,-0.11412319533189817,0.5728952273368333,0.7224734838139258,-0.08029141564085272,0.013681690984418788,0.686584419494037,25.312843469576627,29.343950664621623,29.059886932373047,1,0.4722657465996423,-0.03225186984137414,0.7121967345948607,0.09142322824351365,-0.03948064343164866,0.9945391650397676,0.03122373029859684,0.47250714898109436,-0.032512929290533066,0.711997389793396,0.08899034559726715,-0.03785473853349686,0.994726836681366,0.03415127471089363,-0.11405563354492188,-0.021092722192406654,-0.11694690585136414,0.0894649401307106,1.5371149778366089,-0.18872739374637604,-0.11724277319586283,-0.01756483630622912,-0.12023005352144996,0.09475314125368833,1.5426920381252975,-0.18810091340022225
65.153124,1785472108.339,-0.03760489076375961,0.08847051858901978,0.3620000183582306,-0.037080664718955415,0.08755689556164338,0.36295346211652324,0.7840664568467689,-0.24561036353830545,-0.06883628225882069,0.5658417683550053,0.7719792923522393,-0.20108522892692715,-0.04463067113697763,0.6013491548847508,25.75498289826188,27.028619713621158,65.93084335327148,1,0.47209617371329643,-0.03220575344429398,0.7123415136392206,0.09152832646699115,-0.03966705413956884,0.9945311113231164,0.03093475198619722,0.4723952114582062,-0.032393671572208405,0.7120886445045471,0.09012962132692337,-0.0386161208152771,0.9946410655975342,0.032779958099126816,-0.11369646340608597,-0.02155899815261364,-0.11682209372520447,0.08889926224946976,1.537153959274292,-0.18875625729560852,-0.11574940178362493,-0.019217911667729157,-0.1186910622632216,0.09227533611652221,1.5400788563334897,-0.1883944516421315
65.183753,1785472108.506,-0.03838822990655899,0.08886200934648514,0.3620000183582306,-0.03712809691520846,0.08759642637683501,0.3629260694891151,0.7714978714233958,-0.27058161892746513,-0.09001454103521837,0.5687477510197122,0.7725209340748602,-0.22785774693137545,-0.062032676445465285,0.589443975821685,24.866878277294667,26.641475457117025,17.6239013671875,1,0.47151431964179946,-0.03204510388206494,0.7125889232792386,0.04878453112851845,-0.11430597169979866,0.9771583284049815,0.17238275895552302,0.47233816981315613,-0.032357897609472275,0.7121363878250122,0.09039469063282013,-0.03881603479385376,0.9946207404136658,0.03242998570203781,-0.24936285614967346,0.06571242213249207,-0.18158096075057983,0.36243292689323425,1.7109178304672241,-0.4354994595050812,-0.11535934066251448,-0.01966273658754923,-0.11833573330054785,0.09163389218175923,1.5395231258922422,-0.1884631930267139
65.350088,1785472108.54,-0.03867277503013611,0.0893973559141159,0.36100003123283386,-0.03728985313545608,0.08778946360092664,0.36264215020440316,0.7594990492083258,-0.3026680762874757,-0.11524850075372862,0.564155131964698,0.7662555483172282,-0.2768282687145384,-0.09617703741579098,0.5718116138970045,24.113008603667534,25.405812126928232,62.87884712219238,1,0.47145511377006305,-0.03197394382391061,0.712630121990227,0.041853145501967795,-0.1180751395222402,0.9707307685319275,0.20491059187803898,0.4688708782196045,-0.029699454084038734,0.7143436074256897,0.0779603123664856,-0.05966130271553993,0.9928497076034546,0.06791311502456665,-0.2755640745162964,0.08377889543771744,-0.1883542835712433,0.4197136461734772,1.7458173036575317,-0.45827940106391907,-0.14831735360854717,-0.005733513534887229,-0.13547519067411604,0.16502043057845292,1.5859710908320623,-0.2554100212733396
65.433107,1785472108.673,-0.038282185792922974,0.0890069454908371,0.36100003123283386,-0.03737519205172731,0.0878852751403405,0.36245521413323195,0.778778274517603,-0.2682607815524437,-0.08521621025332522,0.5606056989813055,0.771884495097677,-0.2768426490189379,-0.09318756767614812,0.56468447042803,24.43440569391285,25.08003710383352,62.90459632873535,1,0.4711660602270746,-0.031731472003635436,0.7130564344656424,0.030303865215407948,-0.11667415986054273,0.9567472794370798,0.2647705789236963,0.4695175290107727,-0.029740333557128906,0.7113080620765686,0.05337917059659958,-0.08873914182186127,0.9850019216537476,0.13801206648349762,-0.3202258050441742,0.1142604872584343,-0.19303523004055023,0.5236930847167969,1.805249810218811,-0.4791180193424225,-0.21470235840332277,0.04025774035476326,-0.16306190611049148,0.29789470746756436,1.6693633555863694,-0.3612476020631201
65.573264,1785472108.806,-0.03867277503013611,0.0893973559141159,0.36100003123283386,-0.037483319993936406,0.08801983043837107,0.36231404673755485,0.7669977420086631,-0.30047132293235634,-0.10844130855890252,0.5564817431389144,0.7669140925734795,-0.29397627696580136,-0.10517228988904662,0.5606777261787891,24.116829362507083,24.61155317401929,64.84484672546387,1,0.4710226457625351,-0.03160361173031506,0.7133370611105152,0.02819505121521892,-0.12593287955348395,0.9558016776545294,0.26417627056025705,0.4698989689350128,-0.02957097813487053,0.7105393409729004,0.037563636898994446,-0.10239465534687042,0.9729122519493103,0.20382872223854065,-0.3179612159729004,0.1184501051902771,-0.19880852103233337,0.5202131271362305,1.8136730194091797,-0.49407780170440674,-0.2697542733434125,0.07842004037202274,-0.17869878076093057,0.4156944428014752,1.7402557402161234,-0.4227409624169356
65.688506,1785472108.94,-0.03789159655570984,0.09017816931009293,0.36100003123283386,-0.037506330017006,0.08818741283634109,0.3622537953310016,0.7777623548475167,-0.2767449729367002,-0.09159332263707495,0.5568739557427798,0.7704285470065471,-0.28849475012385867,-0.10084419139013114,0.5595007436735215,24.71271144124777,24.641541771818588,23.06342124938965,1,0.47082109903992947,-0.03144144994284741,0.7135491076953848,0.02403666397814436,-0.121980100229167,0.9505480752097867,0.2846075379322446,0.47030484676361084,-0.03009146824479103,0.7112926840782166,0.032734375447034836,-0.11181456595659256,0.9665480852127075,0.22849701344966888,-0.33206936717033386,0.12797942757606506,-0.19803471863269806,0.5553913712501526,1.8326047658920288,-0.49280625581741333,-0.28949550810983943,0.09481273251604741,-0.1869333364918021,0.45849592488692054,1.7703208502184717,-0.4519541085407784
65.710999,1785472109.007,-0.038282185792922974,0.0893973559141159,0.36100003123283386,-0.037538731449655624,0.08823619345934788,0.36219909584116183,0.7731165961780919,-0.292715302819306,-0.10130183523984432,0.5534856984479749,0.771155654691075,-0.28963083401450057,-0.10096779937783795,0.557887479439036,24.982672208603002,24.741753987802642,18.484115600585938,1,0.4705698172646463,-0.0314068029279542,0.7136396894187652,0.02502406654664508,-0.12635889174052364,0.9518385203306222,0.2782277085165809,0.470403254032135,-0.030243074521422386,0.7116349339485168,0.02982722595334053,-0.11442611366510391,0.9626096487045288,0.24372027814388275,-0.32732826471328735,0.12555088102817535,-0.1993533819913864,0.5438141226768494,1.8291583061218262,-0.4987793266773224,-0.3010330288674443,0.1038009011306325,-0.18994159612953043,0.48475460134554643,1.7871997913660058,-0.4630250395383575
65.837493,1785472109.073,-0.03789159655570984,0.0890069454908371,0.36100003123283386,-0.03758673944724675,0.08831334093662793,0.3620988442333471,0.769102669683985,-0.31236402443967637,-0.11285953024999866,0.5460517614224553,0.7727618605924124,-0.29307108305491386,-0.10130672421622276,0.5537918333808753,24.263172132105492,24.548547101499917,68.39942932128906,1,0.47049674474026015,-0.03135821685276424,0.7137218358182247,0.024275018996473652,-0.1278556104043377,0.951315936795704,0.27939515876150595,0.47046443819999695,-0.0306776724755764,0.7124477028846741,0.027265623211860657,-0.11994797736406326,0.9577707648277283,0.2598927915096283,-0.3277130424976349,0.12695610523223877,-0.2004403918981552,0.5452711582183838,1.8321110010147095,-0.5014004111289978,-0.3133539100134206,0.1139920398057454,-0.19435112781434455,0.5124274895830295,1.806859831081478,-0.4797780308831115
65.948466,1785472109.207,-0.038282185792922974,0.08978775888681412,0.36100003123283386,-0.037646648156926574,0.0884469609286708,0.36201005492960525,0.7652052336159163,-0.3167201532755661,-0.11765185935336628,0.548003042826049,0.7700617039847814,-0.3033548824864369,-0.10804828703336555,0.5507325621359705,23.955118389934515,24.209716180301825,59.05461311340332,1,0.4703811889093475,-0.031286250413368785,0.7138723621446154,0.021981378869298168,-0.13142831767888377,0.9498926123089038,0.2827497858108289,0.47047069668769836,-0.030877957120537758,0.7128477096557617,0.02614535763859749,-0.12264776974916458,0.9556143283843994,0.26659947633743286,-0.3288518786430359,0.1311732530593872,-0.20361433923244476,0.5494170784950256,1.8404022455215454,-0.5075116157531738,-0.3182920357788385,0.11845036853597452,-0.19644453260446876,0.5237224498868096,1.8155437084215165,-0.4872139651383808
66.088667,1785472109.34,-0.03817614167928696,0.0887603834271431,0.36000001430511475,-0.03766587858854672,0.08850489530013717,0.36179601303066716,0.7804442497194202,-0.28003762172259916,-0.08188606870009156,0.5529741180676412,0.7737162956919088,-0.296708841450177,-0.09961801115558634,0.5508204871276028,24.399425049491104,24.536546057822036,60.10246276855469,1,0.47018092833522657,-0.03119634188443757,0.7140057700731324,0.01913682516724676,-0.12976190744116464,0.9465095958462911,0.29481386376939556,0.47042709589004517,-0.03103865124285221,0.7132996916770935,0.024122435599565506,-0.12674640119075775,0.952989935874939,0.27415990829467773,-0.3367326557636261,0.13723383843898773,-0.20334455370903015,0.5697285532951355,1.852610468864441,-0.5073555707931519,-0.32323996970463253,0.1244117777135531,-0.19980322447498278,0.5357619204763626,1.8271913997065692,-0.4967246097022952
66.197227,1785472109.44,-0.03817614167928696,0.08914971351623535,0.36000001430511475,-0.037708356534622796,0.08856245586047645,0.36159561311517424,0.7604709684730142,-0.3290498423385712,-0.11780792464428913,0.5472946192478809,0.7683402261433125,-0.30977413502391554,-0.10645781736885965,0.5498727264388428,23.567002738922046,24.095711021296125,54.640769958496094,1,0.4700942702351831,-0.031167733768652395,0.7143269199665696,0.01813107897302349,-0.1340055255000741,0.9490438104439062,0.28465703744828474,0.47029218077659607,-0.031081311404705048,0.7136250138282776,0.021441718563437462,-0.12829382717609406,0.9496782422065735,0.2849425971508026,-0.3283909261226654,0.13580070436000824,-0.208865687251091,0.5501704812049866,1.850441575050354,-0.5094570517539978,-0.3302791761920657,0.1311010744242318,-0.2016498363372145,0.5534824358623126,1.8404526068853453,-0.5022708128058617
66.320212,1785472109.574,-0.038282185792922974,0.0890069454908371,0.36100003123283386,-0.03774414256182484,0.08858430999172309,0.36152605961461115,0.8009517755407995,-0.17371198738329552,-0.019960073350563604,0.5726272733368769,0.7646983325201399,-0.3188502581651502,-0.11179672551813911,0.548700706462418,26.669069248385927,24.95443128901806,66.00546836853027,1,0.47000818953516826,-0.031104234910975324,0.7146276405652511,0.013320186563655448,-0.1287112884356751,0.9456759017358164,0.29825000542378605,0.47022345662117004,-0.031109560281038284,0.7138655185699463,0.020303141325712204,-0.13026128709316254,0.9494653344154358,0.28484275937080383,-0.33690664172172546,0.14350008964538574,-0.20986662805080414,0.5726882815361023,1.8653048276901245,-0.5011852979660034,-0.32962982502462307,0.13271727093164942,-0.20413084269346604,0.5523434634584342,1.8438878130372918,-0.5047421592024985
66.44582,1785472109.707,-0.03760489076375961,0.08768754452466965,0.3620000183582306,-0.03775902195198362,0.08851436947795491,0.3615388647909389,0.7994545468050893,-0.15770513082268944,-0.017609997719943794,0.5793888221955711,0.7630399191945567,-0.3228930006654608,-0.11417788882404187,0.5481547240884674,26.06598626791821,25.687493042928075,58.54225158691406,1,0.46997552631227224,-0.031050629113989064,0.7147320454498618,0.010360193237493771,-0.12537640620665658,0.9429773913999927,0.3081672637890831,0.47011056542396545,-0.031089119613170624,0.7142452001571655,0.016643939539790154,-0.12943138182163239,0.947520911693573,0.29184699058532715,-0.3431183993816376,0.14865857362747192,-0.20955747365951538,0.5893953442573547,1.8750646114349365,-0.49655115604400635,-0.33342619163311477,0.13834269302065536,-0.20712241335622375,0.5629574293392372,1.8550611359744202,-0.5028865321609778
66.539778,1785472109.84,-0.037213217467069626,0.08690457046031952,0.3620000183582306,-0.03773855910904684,0.08842627490156764,0.3615569684161659,0.7867978691383004,-0.16119508150708875,-0.023070000794850675,0.5953427868721333,0.7627416405148488,-0.3236143599192557,-0.11460296781870866,0.5480557413675288,25.90015059525501,25.724997435820065,53.19857597351074,1,0.4700804435455843,-0.031028383227115132,0.7147127881329973,0.009037095239377018,-0.1238811217581133,0.9417332967316284,0.31258630233675416,0.47005993127822876,-0.031052755191922188,0.7143889665603638,0.014464886859059334,-0.12801523506641388,0.9459989070892334,0.29747113585472107,-0.34578368067741394,0.15118807554244995,-0.2094607800245285,0.5968552827835083,1.8792308568954468,-0.49444687366485596,-0.33675935976114024,0.14189032050388134,-0.20795934334314395,0.5720494328397608,1.861940331185292,-0.50070779556735
66.617583,1785472109.874,-0.03692326322197914,0.08635950088500977,0.3630000054836273,-0.03765865107674177,0.08814853916217735,0.36174140401860055,0.7870555724509606,-0.12210768131998326,0.021705965446075816,0.6042864313391474,0.7622256619725667,-0.32485812996813296,-0.1153360335008394,0.5478839612549206,24.482235034986562,25.2426595260508,24.483680725097656,1,0.4702125399606163,-0.031059166745120718,0.714685512865785,0.00880070803376203,-0.12361367147984767,0.9415085620608139,0.3133749117711171,0.4700654149055481,-0.031022677198052406,0.7144988179206848,0.012226903811097145,-0.12630580365657806,0.9442882537841797,0.3036724627017975,-0.34626471996307373,0.15191245079040527,-0.20969516038894653,0.5981854200363159,1.8799686431884766,-0.4940735101699829,-0.34045492819401163,0.14569784107963085,-0.20857370186617344,0.5822076779956508,1.8690209743688575,-0.4981438848356744
66.694576,1785472109.974,-0.03731601685285568,0.087144635617733,0.3630000054836273,-0.03764261994981905,0.0880949055997541,0.36183632154143736,0.7728211397559118,-0.10982796054200909,0.045214809710774434,0.623410720161576,0.7619699868112328,-0.3254725366441324,-0.11569822558343518,0.5477985831363278,26.70631680031665,25.680219910331697,20.453929901123047,1,0.47062885025002166,-0.031179123523195983,0.7144084592647532,0.008392912515696993,-0.12315207487236106,0.9411191143043663,0.31473471077258247,0.47012442350387573,-0.031034044921398163,0.7145644426345825,0.010815968737006187,-0.1251963973045349,0.9431646466255188,0.30765146017074585,-0.34704911708831787,0.15352842211723328,-0.2100238800048828,0.600412905216217,1.8808354139328003,-0.4936565160751343,-0.34283412185399104,0.1482427823323707,-0.20903227036147226,0.5887507236433349,1.8735041542271798,-0.49647702500698326
66.802951,1785472110.041,-0.03741881623864174,0.08620375394821167,0.36400002241134644,-0.037600971615868665,0.08786479035975726,0.3622016606650024,0.7500842881387588,-0.10462447209800749,0.04844786145253069,0.6512143159101014,0.7616251911141612,-0.3262991276812616,-0.11618557001824294,0.5476831756173465,26.038269704254343,26.01187493200195,56.351661682128906,1,0.47070918273462714,-0.031203101603112442,0.7142660048824817,0.008191365707549731,-0.12292383780570469,0.9409258155811063,0.31540646981314757,0.4702986180782318,-0.031082309782505035,0.7145062685012817,0.009979025460779667,-0.12448921799659729,0.9424681067466736,0.3100915849208832,-0.3474520742893219,0.15400061011314392,-0.20978350937366486,0.6014816761016846,1.8812077045440674,-0.4935356378555298,-0.3442836784936066,0.15006051151792532,-0.20937276685881082,0.5927613468071493,1.8760253744399427,-0.4955070515264699
66.926215,1785472110.174,-0.037812650203704834,0.08659740537405014,0.36400002241134644,-0.037605170331463975,0.08770992984439442,0.36242690480096745,0.7306611367910985,-0.1271025180252605,0.024072174550867024,0.670372869011844,0.7436412086392146,-0.169530284482162,-0.00431572348421835,0.6467137001701859,25.072969989014144,25.513057896541984,58.20655822753906,1,0.47105392831685083,-0.03126534117546109,0.7137177008107872,0.00792010953861747,-0.12261655567867587,0.9406648040248394,0.3163102568797053,0.47043830156326294,-0.031123075634241104,0.7144185900688171,0.009363201446831226,-0.12395139783620834,0.9419415593147278,0.3119208514690399,-0.34788480401039124,0.1550915539264679,-0.20921416580677032,0.6028216481208801,1.8810811042785645,-0.49365881085395813,-0.34537330976043706,0.15141550935439332,-0.20951350250994105,0.5957602660781173,1.8778075777627512,-0.49482908195806735
67.024038,1785472110.307,-0.038101520389318466,0.08675206452608109,0.3630000054836273,-0.03763522349004831,0.08766820448034897,0.3624609923054005,0.724316043455718,-0.13280177433772217,0.026895923140200676,0.6760226085301019,0.7336414343816502,-0.14997459597339524,0.012364434128138953,0.6626650640329117,24.670087532433048,25.262014349112846,21.391630172729492,1,0.4712859949519602,-0.0312589166044412,0.7133796829969133,0.0423093711622368,-0.07121233845216104,0.9900302228836372,0.11392487762120557,0.4706500768661499,-0.031170573085546494,0.7141748070716858,0.008864780887961388,-0.12349294126033783,0.9415051937103271,0.31343069672584534,-0.19012369215488434,0.049240268766880035,-0.18498243391513824,0.24405065178871155,1.6799861192703247,-0.3037734031677246,-0.3462370326643249,0.1526796991629924,-0.20941003977643227,0.5981886725684433,1.8789333435315392,-0.4944266253477569
67.082009,1785472110.374,-0.03692326322197914,0.08635950088500977,0.3630000054836273,-0.03758850278215886,0.08760081841996009,0.3624900479397502,0.7256240652298944,-0.12585273881659326,0.035029054290424105,0.6755766199678039,0.7298452782660413,-0.13821205439125295,0.023441792497297678,0.669084284808893,24.354795447488943,24.9917285535053,22.31287956237793,1,0.4713485877632037,-0.031213841804405965,0.7133285532202012,0.04401930090736555,-0.057157967071887715,0.9937123545889158,0.08562140085976552,0.47455182671546936,-0.03408625349402428,0.7065826058387756,0.00737412367016077,-0.1056012362241745,0.9530571103096008,0.2836833596229553,-0.1616513580083847,0.039856843650341034,-0.18112227320671082,0.18727409839630127,1.6611002683639526,-0.2548542022705078,-0.3290783817292153,0.14659627912475273,-0.20476879442336046,0.5435220057016801,1.8411333709219084,-0.45820251310069254
67.158721,1785472110.441,-0.03692326322197914,0.087144635617733,0.3630000054836273,-0.037549726886418944,0.08757388346644737,0.36251551677697325,0.7244253369633602,-0.10846517882790187,0.05017323404785019,0.678915224996857,0.7275275637059471,-0.12466341563705019,0.03564862066330428,0.6737149639829865,25.447966260974503,25.12727337570088,25.307655334472656,1,0.4714495757184949,-0.03128396881266303,0.7132848326229183,0.0442812537753755,-0.05258760086635115,0.9952798448660767,0.06849631524805251,0.47646063566207886,-0.029275627806782722,0.7009326219558716,0.00789403822273016,-0.08684100210666656,0.9709782004356384,0.22270548343658447,-0.14408442378044128,0.036163080483675,-0.18006764352321625,0.15226401388645172,1.653160810470581,-0.2324281632900238,-0.2724407838442949,0.12097239868316806,-0.19663675523934235,0.43418867170645864,1.7792199869522276,-0.3882710289578457
67.219453,1785472110.508,-0.03731601685285568,0.08753720670938492,0.3630000054836273,-0.03754027444611018,0.08757147412236116,0.3625380422468441,0.7200796243020448,-0.11128407795413935,0.04645004811666179,0.6833327020484846,0.724566781597158,-0.11928163589996321,0.04000072008281862,0.6776243891241083,25.1085672659985,25.12178933774716,17.29559898376465,1,0.4714899011579191,-0.03134213069180525,0.7132465451238962,0.044973989566173794,-0.050606320054192404,0.9964672426799647,0.0496928053028097,0.4746208190917969,-0.02857464738190174,0.7020925879478455,0.013100923039019108,-0.07707422971725464,0.980454683303833,0.18054510653018951,-0.1246667206287384,0.032092344015836716,-0.1781509518623352,0.11385921388864517,1.644790768623352,-0.2136225700378418,-0.23765620686580732,0.09798908129634817,-0.1921467450532394,0.3584829707089813,1.7450579501257013,-0.34603761325888965
67.318826,1785472110.574,-0.03731601685285568,0.08871491253376007,0.3630000054836273,-0.03753111474276357,0.08768157264780124,0.36255890893163806,0.7168891440722487,-0.11848361118078445,0.03868534850027853,0.6859555618291403,0.7218959450550042,-0.11900467848233764,0.03954188901435781,0.6805443189283368,25.121264060176753,25.12163371889749,21.209716796875,1,0.47149347978317785,-0.03135627949743312,0.7132127406412097,0.04554269885886586,-0.04688795072790576,0.9969726218813632,0.04210669633429715,0.4730488359928131,-0.02878284454345703,0.7039411664009094,0.02007979154586792,-0.06710214167833328,0.9884924292564392,0.13407732546329498,-0.11668305099010468,0.030023857951164246,-0.17665979266166687,0.09813076257705688,1.6406450271606445,-0.20005345344543457,-0.19800075009422874,0.07512036595519248,-0.18718499289736967,0.27278397657023434,1.7101614922607726,-0.299143170573405
67.406498,1785472110.708,-0.037024978548288345,0.08777835965156555,0.36400002241134644,-0.03750089065672905,0.0877152775859714,0.36274185495292294,0.7214963956011682,-0.11557931295741568,0.04383442011598251,0.681295029457804,0.7209798642586069,-0.11540533081458805,0.04087846763703688,0.6820546868374001,24.2207964791601,24.715903283094946,51.96428298950195,1,0.47128184009767854,-0.031377103438218354,0.7130295142290687,0.048279921010120255,-0.04136807431107455,0.9972367524989129,0.03842643778015474,0.4721490740776062,-0.029532982036471367,0.7066869139671326,0.028407881036400795,-0.05854605883359909,0.9932588338851929,0.095928855240345,-0.11312520503997803,0.025595201179385185,-0.1717340648174286,0.09092076122760773,1.6328133344650269,-0.18657733500003815,-0.16470033701132597,0.05665291881790025,-0.18287529785943538,0.20126170432787352,1.681693804637619,-0.25856494304023975
67.484049,1785472110.774,-0.03663114458322525,0.08738470077514648,0.36400002241134644,-0.03744776961062622,0.0876981613145315,0.3628117198096698,0.7214630986286364,-0.11443139861162505,0.04401386049441418,0.6815124594703549,0.7210815209514863,-0.11520191315984434,0.041533718191954914,0.6819420133704582,23.88362841760198,24.46805844148494,21.688222885131836,1,0.4712775152262682,-0.031414867407627264,0.7129071108360142,0.047531997214525445,-0.04178472948740895,0.997277697966646,0.03784096670025556,0.4718291759490967,-0.029946880415081978,0.7080565690994263,0.03306460380554199,-0.05376264080405235,0.994784414768219,0.08012682944536209,-0.11249720305204391,0.026286527514457703,-0.1722942739725113,0.08953921496868134,1.633984923362732,-0.18689100444316864,-0.15072347582594864,0.04823628848462189,-0.17985622321361489,0.17135929630787666,1.6684471972208468,-0.23905630241835504
67.547149,1785472110.841,-0.037024978548288345,0.08777835965156555,0.36400002241134644,-0.03743011084670445,0.08770183095471532,0.36287243713714723,0.7127453971142018,-0.1393748585656689,0.01041711048777367,0.6873573535661083,0.7190355252627718,-0.121484642206586,0.03347637628476191,0.6834535297654618,23.884922949738435,24.294671839875498,17.810344696044922,1,0.47130304854051014,-0.03149446902585419,0.7128022183631959,0.0472056591729168,-0.042036385591243716,0.9973040330925783,0.0372724242000979,0.4716876447200775,-0.030193563550710678,0.7088304758071899,0.035509396344423294,-0.051436033099889755,0.9954441785812378,0.07200262695550919,-0.11201991140842438,0.026590939611196518,-0.1724500209093094,0.08829686045646667,1.6343014240264893,-0.18703822791576385,-0.14346048373065468,0.04406584559267386,-0.17841965832302087,0.15581346850283836,1.661899365187805,-0.22914489701179575
67.67347,1785472110.908,-0.03731601685285568,0.08792977035045624,0.3630000054836273,-0.03742440316629348,0.08776917529682669,0.3629314776398607,0.7189788983037994,-0.11893296309880061,0.04007802661585009,0.6836066455681759,0.7177617778943045,-0.12459677243504422,0.0300095708828544,0.6843925044506286,24.43431595434495,24.322550865445344,64.54968452453613,1,0.4712974589820205,-0.031520863346511926,0.7127111203181886,0.04854781915904414,-0.03792772830167794,0.9969994579985628,0.04686872551442856,0.4714905321598053,-0.030696233734488487,0.7103002667427063,0.039981987327337265,-0.047534044831991196,0.9964007139205933,0.057685934007167816,-0.12226168811321259,0.026282690465450287,-0.17089422047138214,0.10821555554866791,1.633772611618042,-0.18707294762134552,-0.13058524859082654,0.036909726574911324,-0.1759755504681408,0.12816471379567615,1.6505977323028345,-0.2119017980037488
67.781001,1785472111.041,-0.03741881623864174,0.08817200362682343,0.36400002241134644,-0.03740031924650074,0.08779492507907193,0.36299936145028655,0.7172809219229498,-0.11656200562966156,0.04089369541832684,0.6857470988374555,0.7197445025002867,-0.11649388732705453,0.04170915304053814,0.6831232479492171,23.53793608767421,24.250114536474136,59.21626091003418,1,0.47119637486097715,-0.031529249807247445,0.7126226199765033,0.04882387910828161,-0.03564327876041381,0.9968564476118958,0.05121531375105625,0.47141018509864807,-0.031029826030135155,0.7112684845924377,0.04344399645924568,-0.04358787089586258,0.9966844916343689,0.05322364345192909,-0.12683816254138947,0.02620846778154373,-0.17011338472366333,0.11710333079099655,1.6340488195419312,-0.1861969381570816,-0.12717665119548135,0.03255782193169026,-0.17389426031582267,0.11999535569907613,1.6437076771312051,-0.201734132755345
67.913661,1785472111.175,-0.03741881623864174,0.08856566250324249,0.36400002241134644,-0.037401185665880306,0.08784005647073893,0.36305288645006084,0.7165728011652586,-0.11737774113447436,0.030024086354518108,0.6869093395455614,0.7190367070744482,-0.11669561758836046,0.0390645602141356,0.6839899903145377,24.7658647487334,24.401784451725117,20.263671875,1,0.4711576493543145,-0.031565242324505915,0.7125207853322189,0.04614178738939098,-0.040175181090814326,0.9974107709975614,0.0377974096848286,0.47132137417793274,-0.03123173676431179,0.711820662021637,0.0456441268324852,-0.04033532366156578,0.9967671632766724,0.05239249765872955,-0.11250194162130356,0.027284612879157066,-0.1725984662771225,0.0889037624001503,1.635892629623413,-0.18367785215377808,-0.12703803445860093,0.029957670714159272,-0.1723455166094454,0.1188110639089904,1.6397522783598215,-0.19537149351379077
68.036017,1785472111.241,-0.03731601685285568,0.08832234144210815,0.3630000054836273,-0.037379868435527076,0.0878608172341816,0.3630937013556918,0.7220735267758909,-0.10012935931526624,0.06541183306312334,0.6813994609829561,0.7205317334289028,-0.10859523434560728,0.05012050676940236,0.6830293046425912,25.095107205520126,24.547448155716673,67.10004806518555,1,0.47108989890753505,-0.031563804928114766,0.7124405452041878,0.04788337645758263,-0.03872499723367109,0.997317289715476,0.03956994418559346,0.4712340533733368,-0.03138323500752449,0.7121232748031616,0.045828428119421005,-0.04026180878281593,0.9970976710319519,0.04555279016494751,-0.11462463438510895,0.025368111208081245,-0.1701362282037735,0.09297928959131241,1.6324577331542969,-0.18264885246753693,-0.12022701992923407,0.028705145797412006,-0.17246340671557586,0.10479775798128001,1.6379438052075388,-0.18989232872947748
68.063971,1785472111.375,-0.037024978548288345,0.08738470077514648,0.36400002241134644,-0.037363016073564605,0.08782969678494669,0.3631437498812294,0.7119931218399227,-0.1329551553272435,0.016275343931090182,0.6892922705967871,0.7181822286211493,-0.11571174107741025,0.04027139215301376,0.6849841563449859,23.55133837408014,24.250520371457398,16.82281494140625,1,0.4710586881469656,-0.031595693641554734,0.712379312850215,0.04562648747289547,-0.042616895484617966,0.9976970323762175,0.026507648855144287,0.4712055027484894,-0.031417857855558395,0.7121831178665161,0.046212948858737946,-0.03996792808175087,0.997143030166626,0.04441441223025322,-0.10065107047557831,0.026020081713795662,-0.17181795835494995,0.06559258699417114,1.6335541009902954,-0.17919473350048065,-0.11916256618525019,0.028071093124223383,-0.1720209873130675,0.1025522604019867,1.6369014515174227,-0.18851606665216633
68.172561,1785472111.442,-0.03692326322197914,0.08753720670938492,0.3630000054836273,-0.03733152279905004,0.08782517797531457,0.3631305353167106,0.7173862153160239,-0.11835202012563034,0.048823072759067276,0.6848110140565035,0.7167454941978433,-0.1270405393152865,0.030352218558810058,0.6849929494134438,23.883716703516185,24.323706572752208,60.57596206665039,1,0.4711052956226741,-0.031620939730320985,0.7123041836827841,0.04768108805101645,-0.03768298974569883,0.9974341365675725,0.03783714227842718,0.47114136815071106,-0.03147423639893532,0.7122126817703247,0.04595596343278885,-0.040876857936382294,0.9973732233047485,0.03825924172997475,-0.11282823979854584,0.02525591291487217,-0.1698514074087143,0.08925062417984009,1.631948471069336,-0.1791771501302719,-0.11279646309845319,0.027365720476616843,-0.17195069437497956,0.08984184879120503,1.6357502976711435,-0.1853104572127861
68.296636,1785472111.542,-0.03731601685285568,0.08753720670938492,0.3630000054836273,-0.03733009146629884,0.08779758663105598,0.36311739418494393,0.715335954708295,-0.11945960786172478,0.04761043589233082,0.686845776273857,0.7165900992746749,-0.1228754165345115,0.03899974712048528,0.6854774112671548,23.884922949738435,24.10378670854743,56.84256553649902,1,0.47111204586556754,-0.031668204907174716,0.7123239547814608,0.04683949985332998,-0.034318807527807554,0.9969285898094538,0.0525515701372777,0.4711238741874695,-0.03154415264725685,0.7122555375099182,0.04676336422562599,-0.03938122093677521,0.9974034428596497,0.03806176409125328,-0.12818297743797302,0.028211358934640884,-0.17154984176158905,0.11912684887647629,1.637810230255127,-0.18447449803352356,-0.11281135172738697,0.026377107572745143,-0.1709663699129891,0.08956485308904152,1.633968917600427,-0.1824366366267664
68.436606,1785472111.675,-0.03692326322197914,0.087144635617733,0.3630000054836273,-0.03729182053347925,0.08774895486688206,0.3631067964820377,0.7178876856392049,-0.1136825128525083,0.04570117689169284,0.6852918790631037,0.7178177120531195,-0.11515412362740234,0.04690603347597461,0.6850380165348349,24.20222644851205,24.275625723916896,69.00787353515625,1,0.4711534443639434,-0.0316704074339937,0.7123436362184719,0.04354216008645431,-0.03536708667021456,0.9974729239234609,0.04360063663582264,0.4711080491542816,-0.031611375510692596,0.7122679352760315,0.0467749647796154,-0.03649325296282768,0.997163712978363,0.046313609927892685,-0.11825281381607056,0.03066752664744854,-0.17539964616298676,0.09973076730966568,1.6421741247177124,-0.1783662885427475,-0.12156599569748484,0.027421725979339992,-0.17129792158119003,0.10640141215207781,1.6361566711139206,-0.18359726089347506
68.56163,1785472111.809,-0.0365305095911026,0.08792977035045624,0.3630000054836273,-0.03724678451532369,0.08776744501773953,0.363097813369731,0.7154873162644484,-0.11527158687397958,0.04321535081211989,0.6876938235715346,0.7167311353182253,-0.11177128833545098,0.04993428981099174,0.6865203751312507,24.23395817284962,24.44531805292076,59.407949447631836,1,0.4712263524146797,-0.031727893245997896,0.7123594270944463,0.04328871698045238,-0.038277980487085764,0.9977878445618513,0.03286792413024423,0.47113102674484253,-0.03164386749267578,0.7123048305511475,0.04508620500564575,-0.03590904921293259,0.9973272681236267,0.044900234788656235,-0.10710573941469193,0.029734697192907333,-0.17540927231311798,0.07774115353822708,1.6399388313293457,-0.1754431277513504,-0.11983750057442621,0.02911504411618625,-0.17343738808214312,0.10292133438155357,1.639295995313125,-0.18086824390216102
68.702658,1785472111.942,-0.03682154789566994,0.08886200934648514,0.3620000183582306,-0.03719213277346448,0.0878569767268202,0.36301307507146247,0.7098846714099896,-0.09196990297858981,0.08181014631396949,0.6934784713337009,0.7149109314466563,-0.1063066706024206,0.057784063476177115,0.6886670123446337,26.266726270879648,25.01530359371663,73.04191589355469,1,0.4711985671094072,-0.03179543607202168,0.7123728546603587,0.0434425712740544,-0.03719597307734475,0.9979678258100038,0.028096641008887483,0.47116339206695557,-0.031677257269620895,0.7123088240623474,0.044323086738586426,-0.03688108175992966,0.9975355267524719,0.039977509528398514,-0.10218559205532074,0.028813689947128296,-0.1747981458902359,0.06783779710531235,1.6382410526275635,-0.16946424543857574,-0.11462371619817457,0.029368754230255176,-0.17424419160616225,0.09260982835078449,1.6395592430901276,-0.17864660033613225
68.826956,1785472112.075,-0.03603820130228996,0.09003647416830063,0.3620000183582306,-0.03710120606801619,0.08815744865168433,0.3628927110027581,0.6912995912404623,-0.0972093601985222,0.07250390159447366,0.7123190294342435,0.7056982302757934,-0.10226678331874825,0.06499138736572235,0.698074231284559,24.076612599471776,24.692167982785932,58.81166458129883,1,0.47106428407474926,-0.03187742009474462,0.7124999733230309,0.04154957089756401,-0.03594505157476547,0.998320201852148,0.018394591580201933,0.4711731970310211,-0.03173166885972023,0.7123203873634338,0.04387782886624336,-0.037029653787612915,0.9977571368217468,0.034412931650877,-0.09177631139755249,0.029346559196710587,-0.17630796134471893,0.04716568440198898,1.6398648023605347,-0.15866507589817047,-0.10879572071298028,0.0291086261145604,-0.17450299015139611,0.08100270010931207,1.6389415930851787,-0.17434412061982726
68.960506,1785472112.209,-0.03554806113243103,0.09095898270606995,0.36100003123283386,-0.036984879126788356,0.08845379516597851,0.36273196864256296,0.6888191200016743,-0.046016096623562805,0.12430981258289758,0.7127115891209115,0.7019580084500037,-0.10094612486497587,0.06696347554377902,0.701840955766153,25.131383294344747,24.822645109786578,20.95341682434082,1,0.47061357948945026,-0.03201359141968804,0.7126806926911733,0.03889899536613608,-0.024246734009591007,0.9989125529138415,0.008525003256612327,0.471116304397583,-0.031787749379873276,0.712360143661499,0.04286046326160431,-0.036591362208127975,0.9980219006538391,0.027863550931215286,-0.08085083961486816,0.02997194603085518,-0.17789004743099213,0.025162512436509132,1.6430673599243164,-0.12662602961063385,-0.1018261031341886,0.029206018137667572,-0.1752414430578015,0.06714612888793099,1.63931965651553,-0.1679233906480085
69.028028,1785472112.276,-0.030991869047284126,0.09407470375299454,0.3580000102519989,-0.03535495448799275,0.08976318165884203,0.3614769400184714,0.6764483614738175,-0.0602455952217535,0.1024242965049896,0.726840660668638,0.6902188806904517,-0.07594174754854853,0.09067371065105093,0.7138690537587844,25.734501569190243,25.500140481854473,16.768932342529297,1,0.4701690707440953,-0.03218792766119767,0.7129219380445766,0.03828020606932251,-0.01938221980018612,0.9990644389755942,0.005403901672748882,0.47088027000427246,-0.031877048313617706,0.7124409079551697,0.0412798710167408,-0.031879451125860214,0.9984195828437805,0.020929155871272087,-0.07771972566843033,0.029432227835059166,-0.17798428237438202,0.0182139053940773,1.6441597938537598,-0.11449962854385376,-0.09429959972640657,0.029415417062791716,-0.17616121266502302,0.05201311864076866,1.640717735110756,-0.15250858491663097
69.151916,1785472112.409,-0.027352115139365196,0.09585913270711899,0.35600000619888306,-0.03282678504409975,0.0914496239151174,0.3602276276610676,0.6631074968291493,-0.0900359812902233,0.06724354443690991,0.740040725537215,0.6761378604810183,-0.0837105640922808,0.07529156630284023,0.7281217721831755,25.20547099676528,25.51693403038096,62.92867660522461,1,0.46820412672176104,-0.03463293036397719,0.7148034284483652,0.03810556673780136,-0.008177931642508253,0.9987511828222033,-0.03125959099046817,0.4705342650413513,-0.032018356025218964,0.7126311659812927,0.039765529334545135,-0.026037562638521194,0.9987761378288269,0.013672532513737679,-0.04360029473900795,0.02350892499089241,-0.17514844238758087,-0.05859815329313278,1.6428461074829102,-0.06653615832328796,-0.08653095232919311,0.029423242813418623,-0.1770146089796582,0.03617621431572031,1.642330542713319,-0.13469914138277944
69.228495,1785472112.542,-0.026966935023665428,0.0950891450047493,0.35600000619888306,-0.031905043145062664,0.09176622758010973,0.35976323536630445,0.6630198482897217,-0.07237653203518551,0.08765946652793026,0.7399203580875935,0.6719655989395439,-0.08007335781543969,0.07927132268893604,0.7319607561947069,24.9404586246919,25.345540528105545,20.28656005859375,1,0.46567241184148817,-0.038424795055758285,0.716675413623336,0.0433494502704482,0.014282444321882427,0.9987891493430435,-0.018359523415437375,0.46964722871780396,-0.03289245814085007,0.7131364941596985,0.038627248257398605,-0.019926609471440315,0.999053418636322,-0.0017565333982929587,-0.06558454036712646,0.014980900101363659,-0.17094729840755463,-0.03226718306541443,1.6381914615631104,-0.040576834231615067,-0.07176710115079786,0.027389283285381545,-0.17637242317603924,0.003583317065445131,1.6425078454375812,-0.11125788906474998
69.33591,1785472112.609,-0.026966935023665428,0.09585913270711899,0.35600000619888306,-0.031072723366605354,0.09233563891221727,0.35927746356829016,0.6620965890921341,-0.059332440601415466,0.10320770406571544,0.7399026544257865,0.6671430460072258,-0.07316790425917145,0.08721910705025424,0.7361789465312613,24.549199914733688,25.00595762114487,54.76999282836914,1,0.46519676719280323,-0.039807671047287205,0.7173709746476147,0.042833052690846925,0.019029499229196528,0.9985991644031834,-0.024554360295741647,0.4685683846473694,-0.034386683255434036,0.7140687108039856,0.0397769920527935,-0.010657953098416328,0.999131977558136,-0.006290260702371597,-0.06175878643989563,0.01481037586927414,-0.17212171852588654,-0.04547927901148796,1.6402522325515747,-0.02880064956843853,-0.07009165849190195,0.02402659778640812,-0.1749020070475521,-0.0061321658639191525,1.6413381054075997,-0.0921033219193381
69.44589,1785472112.709,-0.026966935023665428,0.09585913270711899,0.35600000619888306,-0.030688880379342573,0.09259851379858995,0.359047531448429,0.6629155945651274,-0.07314894238481949,0.0868778914782476,0.7400299849888785,0.6660141444651589,-0.07316306632906003,0.08712809592004303,0.7372116521047533,24.40568282406575,24.827458050329188,32.691240310668945,1,0.46434205070630835,-0.041056112960597094,0.7180989937980544,0.0416722971371623,0.02368588923570829,0.9982051919703141,-0.03589976359162262,0.4669837951660156,-0.036921583116054535,0.7155738472938538,0.04104212298989296,0.0032431515865027905,0.9990414381027222,-0.014875632710754871,-0.052055466920137405,0.014318780042231083,-0.1726515293121338,-0.06954397261142731,1.643441081047058,-0.012636929750442505,-0.06618723369041607,0.019708221666721617,-0.17359876555643852,-0.024568606945916515,1.6408293099080533,-0.062442282280893976
69.538844,1785472112.776,-0.027352115139365196,0.09585913270711899,0.35600000619888306,-0.030214417455031502,0.09297748397652653,0.3587084130099922,0.6553158269481356,-0.08491044200853659,0.06358467172864628,0.7478692220638288,0.6627661987890945,-0.0750434814477989,0.08317535525280728,0.7403994205247717,24.17069728379963,24.779666736209187,58.90631675720215,1,0.4639474679291191,-0.04163186832188731,0.7184435977751302,0.04169621994405314,0.025207206434832798,0.9981604617525657,-0.03607928186693575,0.46573352813720703,-0.03885331004858017,0.7167031168937683,0.04116407781839371,0.01280492078512907,0.998764157295227,-0.024732137098908424,-0.05312084034085274,0.013701507821679115,-0.17277048528194427,-0.06995125114917755,1.6441409587860107,-0.010754751972854137,-0.05956567431378624,0.017182916263053037,-0.17315438905521635,-0.045642220071344025,1.6420530787811742,-0.03910553338688603
69.616777,1785472112.909,-0.026966935023665428,0.09547414630651474,0.35600000619888306,-0.03001218894720671,0.09307958724579629,0.35856956381965993,0.6568959382768883,-0.08374090593123489,0.06668364212676572,0.7463434054253122,0.6613024389435338,-0.07725398168612008,0.07899280447187919,0.7419373581392447,24.097556589871626,24.57672847841542,18.941402435302734,1,0.4633787343600967,-0.04234356085883963,0.718951966843732,0.04312456317878996,0.030379323574716934,0.9980704823906278,-0.03275180804659451,0.46511608362197876,-0.03980708122253418,0.7172861695289612,0.04130014032125473,0.017062930390238762,0.9985905289649963,-0.028637781739234924,-0.05822957679629326,0.011572649702429771,-0.17188957333564758,-0.06319738924503326,1.642767071723938,-0.004702667240053415,-0.05734930112910459,0.01598563554436098,-0.17302197688033932,-0.05400209835744137,1.6427711007148376,-0.02935569779381345
69.693703,1785472112.976,-0.027352115139365196,0.09470414370298386,0.35600000619888306,-0.029897967525190538,0.09318748976153637,0.35844604125774415,0.6576660530372811,-0.07921179719580607,0.08252312683365874,0.74457423229989,0.6605216783038301,-0.0776756748912555,0.07975301358757486,0.7425072786475426,24.592039807228574,24.581264945310703,25.786161422729492,1,0.46322545498171946,-0.042646972610013836,0.7191600484787406,0.04455974054522479,0.03321295429769537,0.9980432449786742,-0.028653278028868332,0.464520663022995,-0.04068074747920036,0.7178568840026855,0.04191683977842331,0.021642308682203293,0.9984343647956848,-0.03005789965391159,-0.063316211104393,0.010088068433105946,-0.17101310193538666,-0.05468487739562988,1.640671968460083,-0.0030910703353583813,-0.05765203339526122,0.014467983810489965,-0.17263213070038771,-0.05716436239252224,1.6427697151448672,-0.02087751866297461
69.80137,1785472113.043,-0.026966935023665428,0.09662914276123047,0.35600000619888306,-0.02963826096561853,0.09357144587494505,0.3582322280772513,0.6606926607820996,-0.07896870501348238,0.07863540733202164,0.7423379448276168,0.6598672913065733,-0.07804030994346833,0.07981925416780548,0.7430435751365788,24.77108654978214,24.758445145816204,63.45677375793457,1,0.4630635769041266,-0.042818343762003205,0.7193452749955496,0.043685198603660894,0.034103026054229546,0.9980413507138395,-0.02901808577763493,0.4639929234981537,-0.04148686304688454,0.7183918356895447,0.04300309345126152,0.02638101764023304,0.9982911944389343,-0.029486093670129776,-0.0632660910487175,0.010842789895832539,-0.1722601354122162,-0.055558688938617706,1.6429500579833984,-0.0014440278755500913,-0.05997157718956642,0.012674335335106562,-0.17196865596321398,-0.056148992834647485,1.6419106668999812,-0.01359378813319086
69.926238,1785472113.176,-0.027352115139365196,0.09701414406299591,0.35600000619888306,-0.029446198966992607,0.09414324130580799,0.35804567340735355,0.6596635704483147,-0.07356928455149286,0.08382763267106756,0.7432391689050891,0.6597889813894294,-0.07724976691885929,0.08047115269145932,0.7431254047148359,25.43122646415822,25.0965499697908,59.6013069152832,1,0.46248751928790927,-0.043207711846023414,0.7196660059202075,0.04335734888467347,0.0349623074880555,0.9980283729509023,-0.02893344324096526,0.4635591506958008,-0.042112797498703,0.718839704990387,0.043322253972291946,0.02999739535152912,0.9981817603111267,-0.029265984892845154,-0.06425534933805466,0.010181816294789314,-0.17235450446605682,-0.05541236698627472,1.6443555355072021,-0.0007464363588951528,-0.061515258750223734,0.01181610691404321,-0.17210457460131964,-0.05587240686474035,1.6423976829466362,-0.007900905822931514
70.051169,1785472113.31,-0.02665642648935318,0.09612840414047241,0.3570000231266022,-0.029190332684523066,0.0943338834024802,0.3578916898355405,0.6575747216081201,-0.06577026396258738,0.08408575997037634,0.7457877331054051,0.6589320754191677,-0.07590732650721305,0.08088466260678424,0.743978675179136,25.14821527196085,25.127862039419234,62.02197074890137,1,0.46162976408664813,-0.043495326294558975,0.7199461398226568,0.04343012753983882,0.03491623494748429,0.9979965251406794,-0.029960246429138398,0.46319088339805603,-0.042490046471357346,0.7191237807273865,0.04333445057272911,0.03170483186841011,0.9981318116188049,-0.029152031987905502,-0.06391488015651703,0.00834085512906313,-0.1710609793663025,-0.057482827454805374,1.6446995735168457,-0.0007619265234097838,-0.06245758070358463,0.011254046183119813,-0.17219007677940434,-0.05571420348067249,1.6430709884422148,-0.00544048191769301
70.175194,1785472113.443,-0.025181718170642853,0.09446186572313309,0.3580000102519989,-0.028728004790704444,0.0943628424964298,0.35784350064685966,0.6515341263979361,-0.06417880074175696,0.08029859090152686,0.7516225781424193,0.6576630815167095,-0.07408262423370068,0.08106515118911875,0.7452647028132215,26.042099610595546,25.452266976583616,57.81388282775879,1,0.4613436214043267,-0.043879100423070236,0.720176934791085,0.044024902365811976,0.03592970916411278,0.9978905500267988,-0.031389713892869396,0.462551474571228,-0.04290264844894409,0.7194606065750122,0.043372854590415955,0.033020127564668655,0.9980778098106384,-0.029481519013643265,-0.06321737170219421,0.0072201816365122795,-0.17031459510326385,-0.060466621071100235,1.6438835859298706,0.0016214612405747175,-0.06305436519048357,0.010061031706033903,-0.1717271644602996,-0.05643847795168475,1.643737910316127,-0.003524564517073542
70.314778,1785472113.543,-0.023632345721125603,0.09601051360368729,0.3580000102519989,-0.027811872883103606,0.09450181894263698,0.35786607491459443,0.6450265623641924,-0.06751556232227686,0.07553487258686825,0.7574145930150968,0.6537521126728073,-0.07251013381378621,0.07834273398915562,0.7491414230312273,26.154946713548878,25.76065497881615,18.87655258178711,1,0.46129962365258553,-0.04457262421548737,0.7202485709632505,0.045104348629190084,0.0375160424028001,0.9977287516441348,-0.03309807305273724,0.4619247317314148,-0.043411996215581894,0.7198363542556763,0.043710097670555115,0.034535691142082214,0.9979819655418396,-0.03047690913081169,-0.06287086009979248,0.006039267871528864,-0.16905565559864044,-0.06400106847286224,1.6416528224945068,0.004813408013433218,-0.06313941342419524,0.008578909022843275,-0.17098954700680202,-0.05853997971648885,1.6438139097354114,-0.0008398642130774883
70.438629,1785472113.677,-0.018209535628557205,0.09833348542451859,0.3580000102519989,-0.025076700357792914,0.09503782719460627,0.35788102591092524,0.6402289186601118,-0.06075624656984385,0.07332947266212074,0.7622587478364178,0.6484063783041338,-0.069698412302641,0.07640212555675695,0.7542373731839448,26.135102634340612,25.946691336131412,65.5677318572998,1,0.4610899308403852,-0.04594660511201429,0.7202135096506725,0.047994956642812364,0.043146582312612154,0.9973620338044366,-0.03322393861470319,0.46160057187080383,-0.044018276035785675,0.7200517058372498,0.044432125985622406,0.03608975559473038,0.9978522658348083,-0.0318460687994957,-0.06566131860017776,0.0027214940637350082,-0.16532926261425018,-0.06434643268585205,1.6356264352798462,0.013493875972926617,-0.06299931584053425,0.007253926945224298,-0.16997993991618812,-0.06138905437844745,1.6426864638224612,0.002109468175451785
70.562401,1785472113.81,-0.01387083437293768,0.09816914051771164,0.35600000619888306,-0.021073547942685456,0.0955534896303683,0.35756781102083823,0.630931471731844,-0.06442915586982872,0.07347648385845099,0.7696593845149874,0.6415369005848373,-0.06391575216905648,0.0807124015083193,0.7601517546223414,26.683758858029663,26.47095986954492,59.92388725280762,1,0.4602823053135102,-0.05004863381460445,0.7201876242250896,0.05110905785986441,0.05041581375370572,0.9968033939635108,-0.03505857542819898,0.46136239171028137,-0.04492168501019478,0.7201266884803772,0.04609927907586098,0.039398424327373505,0.9976305961608887,-0.03249490261077881,-0.07278238236904144,-0.0017451904714107513,-0.1603112369775772,-0.06785430014133453,1.6287387609481812,0.020823968574404716,-0.0642466284902527,0.005130177068592041,-0.16780022951661083,-0.0627747676662006,1.639378423908562,0.007443737231768548
70.640436,1785472113.943,-0.012364751659333706,0.09883097559213638,0.3570000231266022,-0.019194825318044624,0.09584457462915938,0.3575418642662048,0.6267150691905409,-0.06054111542264606,0.06690976476427936,0.7740065108072841,0.637810296961815,-0.06306250379122745,0.0772120181810647,0.7637142462685043,25.23244879032876,26.10123148134904,19.881010055541992,1,0.45950386472427845,-0.056053138371591815,0.7206521094937198,0.05167905848312392,0.058256910574942804,0.996012351333165,-0.04352933811052999,0.4609949588775635,-0.046687498688697815,0.7201451659202576,0.04782123118638992,0.043191973119974136,0.997363269329071,-0.03337785229086876,-0.07677941024303436,-0.0028309766203165054,-0.1595025509595871,-0.08518622815608978,1.6276588439941406,0.03074098750948906,-0.06718208143208189,0.0027657182736332913,-0.16522445570083838,-0.06452162275195561,1.635719443816487,0.012045199976893566
70.718988,1785472114.01,-0.011174577288329601,0.09893912822008133,0.35600000619888306,-0.017588947486130296,0.09608724680596857,0.3574339557205396,0.6244989367624534,-0.06457944285407509,0.07219899823567112,0.7749954052747591,0.6346040422867179,-0.06343201892594516,0.07599958592627079,0.7664712332680016,26.028140646236476,26.079567930862797,22.098302841186523,1,0.4590647922754984,-0.058870875241845894,0.7206885750848393,0.05462682643303257,0.06370823950164889,0.9955633305032657,-0.042553789616216225,0.4606073796749115,-0.049228403717279434,0.7202731966972351,0.048857200890779495,0.04728744179010391,0.9970312714576721,-0.03613083437085152,-0.08411284536123276,-0.006277674343436956,-0.15588636696338654,-0.08288928121328354,1.6214897632598877,0.03487616032361984,-0.06978296234508641,0.0012489971978354513,-0.16367356137977362,-0.07012173432365819,1.6335350212646311,0.017111759371661657
70.780912,1785472114.077,-0.010047182440757751,0.09998922049999237,0.3570000231266022,-0.016175558659139347,0.09647850994095702,0.35741094650005545,0.6219317918136841,-0.061756617117302126,0.06523689447595246,0.777901738121712,0.6316072950137805,-0.06303505655628099,0.0734371878568123,0.7692241454673696,25.915370074552918,26.030873314541495,20.572662353515625,1,0.458698781488478,-0.06127952903046793,0.7208483334784329,0.0550967787396836,0.06806579887262328,0.9952675845087368,-0.04211682825767581,0.46020784974098206,-0.05184444412589073,0.7203803658485413,0.050419338047504425,0.051749154925346375,0.996667206287384,-0.037873443216085434,-0.08992167562246323,-0.006826470140367746,-0.15569806098937988,-0.08183284848928452,1.620826005935669,0.03795209527015686,-0.07366636890895698,-0.0007907502771362157,-0.16156293429798677,-0.07358174397818232,1.6302707563453458,0.02192591313866443
70.843796,1785472114.144,-0.009633859619498253,0.10009412467479706,0.35600000619888306,-0.015140466950163935,0.09678803739940033,0.35732033343309133,0.6145366938290592,-0.07137951391413738,0.05303226273380737,0.7838604442375972,0.6272781486377023,-0.06518644191371933,0.06819790121781488,0.7730600871224508,24.48159471854633,25.57233035744217,15.964746475219727,1,0.4581100511304487,-0.06339912980542689,0.720881176487326,0.05707907953996707,0.0723687236944616,0.9948871040938533,-0.041284338646164806,0.459818035364151,-0.05440424755215645,0.7205052375793457,0.051686760038137436,0.056178729981184006,0.9963180422782898,-0.03902387246489525,-0.09562406688928604,-0.009642201475799084,-0.1527801752090454,-0.07989241182804108,1.6167092323303223,0.04127860814332962,-0.07807156189967933,-0.002426450414023571,-0.15997324998963688,-0.07581779818285896,1.6277112289843232,0.026269009603133213
70.904936,1785472114.21,-0.009633859619498253,0.09932413697242737,0.35600000619888306,-0.014435741490907145,0.09691039265961732,0.3572438369693806,0.6138596660303296,-0.059036619794635266,0.07184956978617892,0.7839187631801504,0.6239747445409327,-0.06366522804208333,0.06910465188932945,0.7757749699498443,25.300242752708492,25.491583871529905,19.592761993408203,1,0.45764449078852887,-0.06495149191275025,0.721015895839995,0.059165292378739597,0.07894274101751621,0.9944311397578297,-0.03707047475179544,0.45937395095825195,-0.05684703215956688,0.7206026911735535,0.05314760282635689,0.060571882873773575,0.9959595203399658,-0.03963518887758255,-0.10361763834953308,-0.01211785338819027,-0.15076322853565216,-0.07118409126996994,1.6131606101989746,0.047511667013168335,-0.08282829949180419,-0.00438193742704029,-0.158023650307201,-0.07692202311070766,1.6247296878910888,0.030336611796348723
71.045061,1785472114.277,-0.009248679503798485,0.09893912822008133,0.35600000619888306,-0.013330300418813747,0.09708988860809258,0.3571210068489591,0.6131930406677969,-0.059970379310380045,0.07143562932703412,0.7844072917461957,0.620126452724787,-0.062035419205733536,0.07042860032702357,0.7788675122579694,25.212729081591483,25.42045680855677,75.88887214660645,1,0.45746010881843713,-0.06600853044355594,0.7211297331782,0.05939864369242257,0.08289256911509625,0.9940048556171753,-0.03943310947006566,0.4585805833339691,-0.0606505461037159,0.7207939028739929,0.055966928601264954,0.06918037682771683,0.9952913522720337,-0.03843183070421219,-0.10319057106971741,-0.01241366844624281,-0.15049731731414795,-0.07642095535993576,1.612898588180542,0.05537048354744911,-0.09256934753118914,-0.008006699778497718,-0.1546212831284474,-0.07423347080058813,1.6193088924167496,0.03838413995917914
71.153175,1785472114.41,-0.010019038803875446,0.09932413697242737,0.35600000619888306,-0.01295703510817904,0.09728022526870139,0.3570208986453249,0.6069486173809556,-0.06474531323528124,0.052787296481320085,0.7903384854627825,0.6155560439635507,-0.06235011109343703,0.0666776140409118,0.7827881681351543,25.311798141421594,25.436643241256707,62.55841255187988,1,0.45718953589788414,-0.06766663465790665,0.7213125423799094,0.05937574167132249,0.08742572640328491,0.9935016555812778,-0.04225782792688912,0.4581291079521179,-0.06284685432910919,0.7209301590919495,0.057370975613594055,0.07479891180992126,0.9947888851165771,-0.03884396702051163,-0.1035996526479721,-0.012411188334226608,-0.15067249536514282,-0.08257652074098587,1.613285779953003,0.06344844400882721,-0.09691885615425448,-0.009811429776694167,-0.15293200779464683,-0.07512927563369692,1.61668380872898,0.04534021901777452
71.276715,1785472114.544,-0.010404218919575214,0.10009412467479706,0.35600000619888306,-0.01270103787315455,0.09752996401756493,0.3569553849779738,0.6061029296789834,-0.06362187415001859,0.06388098206594314,0.7902599040154342,0.6139623663953012,-0.06190503950027592,0.0671273164046749,0.7840356510561607,25.413506258785404,25.482821311471906,61.90133094787598,1,0.4569036420207076,-0.06822642862681552,0.7214623521040874,0.06163231782184176,0.0938662585057256,0.9928535109579968,-0.04040406777074039,0.45774972438812256,-0.06482243537902832,0.7210856676101685,0.058185774832963943,0.07997322082519531,0.9942831993103027,-0.040245022624731064,-0.10662514716386795,-0.014967403374612331,-0.14836253225803375,-0.07920294255018234,1.6093815565109253,0.07389521598815918,-0.09965471845063088,-0.010876092695495118,-0.15200619594756928,-0.07817900633281151,1.6152922819649296,0.05275571979185668
71.447617,1785472114.644,-0.009248679503798485,0.09970913827419281,0.35600000619888306,-0.012282880104585756,0.09778021805434642,0.3568774827662357,0.6129998163596331,-0.04957055309921521,0.08308700273058212,0.7841368091001354,0.613378449285046,-0.05996995879403518,0.06788220363458809,0.7845779046242803,25.17039595815082,25.335169297761073,58.66527557373047,1,0.45652876409346915,-0.0686101918466337,0.7215605024120871,0.06153301401476951,0.09575524298799054,0.9926408003208481,-0.041338398190487374,0.4573585093021393,-0.0664178654551506,0.7212628126144409,0.05979882925748825,0.08648605644702911,0.9936388731002808,-0.040325094014406204,-0.10642273724079132,-0.015489098615944386,-0.14799843728542328,-0.08133841305971146,1.609867811203003,0.07766185700893402,-0.10292078775005846,-0.012793152295715428,-0.15029836079783992,-0.07865879157216603,1.6125227583569268,0.06266082255913952
71.524892,1785472114.777,-0.009248679503798485,0.09932413697242737,0.35600000619888306,-0.01212004945997874,0.09785895196976603,0.3568412480433901,0.6152331747413842,-0.06563163558013663,0.05235147617217959,0.7838622022085943,0.6137907339442044,-0.061186149918803265,0.06455145903977308,0.7844426678337846,24.668537414822435,25.136856118730975,65.0477409362793,1,0.4561529125191404,-0.06923721313467214,0.7216769985558933,0.062293912810117764,0.09626193220785459,0.9924581400551943,-0.04335837949693573,0.45707497000694275,-0.06717237085103989,0.721365213394165,0.060391929000616074,0.08967423439025879,0.993306040763855,-0.04067574441432953,-0.10566242039203644,-0.016974326223134995,-0.14651918411254883,-0.08551155775785446,1.6083709001541138,0.079112209379673,-0.10412511621952522,-0.01372032082890936,-0.14950694991589605,-0.07958032254330677,1.6116097220306924,0.06781967951648665
71.647598,1785472114.911,-0.010819705203175545,0.09805881232023239,0.3570000231266022,-0.011817071296859657,0.09798012246170776,0.3567901491259252,0.6327068974158417,-0.0827758607817382,0.021535066532534192,0.7696534153394637,0.6191234273528666,-0.06767420796264673,0.05026126630738623,0.7807561644896863,23.88040055094224,24.435202176212613,58.86197090148926,1,0.4559292816138874,-0.06966114070061413,0.7217828606888639,0.06458323186117716,0.09602878694653531,0.9924206103828326,-0.04133775909877795,0.4566473662853241,-0.06813919544219971,0.7215126752853394,0.061277877539396286,0.09276242554187775,0.992915689945221,-0.041934505105018616,-0.10902763903141022,-0.01982223428785801,-0.14381222426891327,-0.08094125241041183,1.603710412979126,0.07593578845262527,-0.10484544436747611,-0.015245053772029664,-0.14810644303220868,-0.08235946767083602,1.6100921428910246,0.07311089739118566
71.789479,1785472115.044,-0.011978489346802235,0.09574233740568161,0.3570000231266022,-0.011821351703763314,0.0975840495167565,0.3568095569650723,0.6514345625644027,-0.06784209705269116,0.04156531347427342,0.7545215605135509,0.6329948768837956,-0.06845295267254223,0.04552514559328379,0.7697786306646797,24.08710841899979,24.278213679264738,67.28291511535645,1,0.45585253226290096,-0.06993579093130806,0.7218075206750376,0.06996263073185086,0.09251768356718264,0.9929404077888023,-0.02480030460797779,0.4563100337982178,-0.06885268539190292,0.7216370105743408,0.0628271996974945,0.09429339319467545,0.9926864504814148,-0.04165482893586159,-0.12882137298583984,-0.02526933141052723,-0.1389656960964203,-0.044452015310525894,1.5931684970855713,0.05283534154295921,-0.1068050592113674,-0.01738977141452525,-0.146093802692844,-0.08169496151237632,1.6071019259052353,0.07443452681064673
71.8675,1785472115.144,-0.012751013040542603,0.09535624831914902,0.3570000231266022,-0.011916335180648895,0.0973346580992928,0.356819876657119,0.657837329524998,-0.0840516822785688,0.013580085949952874,0.7483321079942739,0.6418112072466574,-0.07390136777120679,0.03441653036212164,0.7625171896632665,23.36437970271105,24.00594289516311,22.52650260925293,1,0.4564466271698994,-0.06992986256670249,0.7217780111074357,0.07351563054248769,0.07580280452736086,0.9942406705620612,-0.018299614532283043,0.4561752676963806,-0.06914908438920975,0.7216478586196899,0.06468668580055237,0.09379115700721741,0.9927967190742493,-0.037059489637613297,-0.13759727776050568,-0.027832504361867905,-0.13616211712360382,-0.02742679789662361,1.5856106281280518,0.012128762900829315,-0.11277148839005574,-0.019525153838773866,-0.14416178227813134,-0.07160212907509092,1.6033259666951063,0.06858114831927686
71.973893,1785472115.211,-0.012751013040542603,0.09458408504724503,0.3570000231266022,-0.012011412694237287,0.09692055945567028,0.35683271787571724,0.6633578748634391,-0.11358483466037893,-0.049322526900808614,0.7379851648454426,0.6533196967097428,-0.09375754375694764,-0.007253366877092816,0.7512191994010138,22.29470477132026,23.34028782336128,19.191980361938477,1,0.45682082851117173,-0.06978770020353496,0.7217624162443192,0.07814054846626599,0.06648084762195808,0.9947103351218751,-0.00506959432145696,0.45623332262039185,-0.0693606287240982,0.7216334939002991,0.06691844761371613,0.08888509124517441,0.9932790994644165,-0.031906984746456146,-0.15338250994682312,-0.031132208183407784,-0.13248249888420105,0.003409063443541527,1.5776797533035278,-0.019624540582299232,-0.11949928495591237,-0.021776468599690967,-0.14199355741018238,-0.059630619505538864,1.5985251099434343,0.05328255265528533
72.006618,1785472115.311,-0.014296058565378189,0.09497016668319702,0.3570000231266022,-0.012164941296085235,0.09683894771198642,0.3568367251372249,0.683349644258004,-0.08091156093049907,-0.011731451271696959,0.7254991082360538,0.6562480886658013,-0.09925010046384794,-0.018860664188479287,0.7477513885154397,23.656701696966973,23.394772165264502,22.08113670349121,1,0.45744208809398484,-0.06964560961602873,0.7217428711871614,0.09468140719183867,0.05771808605376718,0.9930249303629763,0.04006920703070208,0.4563598930835724,-0.0694708451628685,0.72156822681427,0.06966132670640945,0.08275982737541199,0.9938293695449829,-0.02452097274363041,-0.20719851553440094,-0.04253077507019043,-0.11653786897659302,0.10703006386756897,1.5536315441131592,-0.08345406502485275,-0.12868164922224531,-0.02431190386232009,-0.13941565320410923,-0.04254687001326657,1.5928760182940196,0.03352473154663624
72.115648,1785472115.344,-0.016181910410523415,0.09470414370298386,0.35600000619888306,-0.013019661241807921,0.09647203096407969,0.35678835386283575,0.6960722005703046,-0.0975004183963336,-0.015618098236487226,0.7111492354022669,0.678693043667686,-0.09961890936090148,-0.025568893140111928,0.7271850225894552,22.43616398312803,23.076462631097495,20.761966705322266,1,0.4575647035339924,-0.06941541832677248,0.7217370018851408,0.09924983142212832,0.055251961252482384,0.9921324878293886,0.052629063585642635,0.456579327583313,-0.06946906447410583,0.7209733128547668,0.07834021002054214,0.07215557247400284,0.9943089485168457,0.0024752463214099407,-0.22191829979419708,-0.045403216034173965,-0.11151645332574844,0.13625489175319672,1.5480960607528687,-0.10146041959524155,-0.16083511069477374,-0.03177273298131835,-0.13004671943594603,0.01870638041822631,1.5768050136722156,-0.01437925457095347
72.192898,1785472115.511,-0.016181910410523415,0.09354914724826813,0.35600000619888306,-0.013219174791811113,0.09631402437846001,0.3567612518459212,0.6991721146896267,-0.11629646831577507,-0.04265925785943018,0.7041403789136056,0.6840446778596735,-0.10391141498136275,-0.02995655085461034,0.7213791663122255,22.45507813067587,22.966500181526722,21.5756893157959,1,0.4581162520809926,-0.06813389275057308,0.7218104361800328,0.10466032198553346,0.026084036835922086,0.9922174478742443,0.06221234731263817,0.45673441886901855,-0.0694030374288559,0.7208483219146729,0.08325550705194473,0.06739836931228638,0.9941120743751526,0.016345515847206116,-0.2335987389087677,-0.04672222584486008,-0.10798793286085129,0.16441956162452698,1.5445480346679688,-0.17041143774986267,-0.17738866165189118,-0.03546661503693579,-0.1250247450706903,0.05056203155294028,1.5690248874310726,-0.0379782491977621
72.271004,1785472115.545,-0.016181910410523415,0.09393414855003357,0.35600000619888306,-0.013499628323372105,0.09614512913880538,0.35671748058308084,0.7068753362494973,-0.11989349068104974,-0.044364219511642655,0.6956900358073241,0.6930455706808951,-0.11013904729960593,-0.03555824829018778,0.7115425765181316,22.435784842684622,22.810409193765768,20.209312438964844,1,0.45835355191112837,-0.06783487011703804,0.7218512201673912,0.10498223367128787,0.019266346968414404,0.9918545218212851,0.06951363916922944,0.4570920467376709,-0.0688977986574173,0.7208271622657776,0.08958218991756439,0.05299350619316101,0.9940365552902222,0.032528046518564224,-0.24170717597007751,-0.04463135823607445,-0.10893569886684418,0.18148823082447052,1.548189401626587,-0.19091713428497314,-0.19671930951785818,-0.03933744019929663,-0.119165524498939,0.08971764354639683,1.5606072977658412,-0.08352202152336571
72.333025,1785472115.611,-0.0169522687792778,0.09470414370298386,0.35600000619888306,-0.013973004868003076,0.09605379126852406,0.35666371223720283,0.7166861275893415,-0.13213238883173278,-0.054559846996468514,0.6825871735085094,0.7040657941868604,-0.12024258033055125,-0.044270811677718555,0.6984791869231842,22.769200113179163,22.794504513302307,19.298315048217773,1,0.45860730818297496,-0.06741447635802986,0.7219171154378683,0.10492611266642293,0.0074313694871211405,0.9912387536464723,0.07988128002008646,0.45736536383628845,-0.06856463104486465,0.7209064364433289,0.09316137433052063,0.04376651346683502,0.9937694072723389,0.0427531823515892,-0.25321465730667114,-0.040759071707725525,-0.11108919978141785,0.20568256080150604,1.5554288625717163,-0.2240939736366272,-0.20891101879246346,-0.04077210465321709,-0.11639308437820739,0.11458747937305176,1.5572420479121034,-0.11262609617132519
72.444688,1785472115.711,-0.016904650256037712,0.09443812072277069,0.35500001907348633,-0.014204208996109212,0.09597726885918927,0.3565292921272598,0.737667221980878,-0.11748589380234081,-0.035009601172384705,0.6639416105338104,0.7167860055130121,-0.1192492746418679,-0.040832177795274045,0.685806216109612,23.27948971991955,22.938616300317808,23.802995681762695,1,0.4587449924698017,-0.0667046110211981,0.7219983679979166,0.1043904407434164,-0.007285068468708184,0.9898908784516878,0.0957372049777282,0.45771846175193787,-0.06811512261629105,0.7210313081741333,0.09650733321905136,0.031220078468322754,0.9932823777198792,0.05569368600845337,-0.2699451446533203,-0.0347369909286499,-0.11410776525735855,0.24121445417404175,1.5678741931915283,-0.26693904399871826,-0.22414703376883877,-0.0407676441721006,-0.1145688112788736,0.14591509189246452,1.5566184934735443,-0.1509598974528837
72.518338,1785472115.778,-0.018056944012641907,0.09520596265792847,0.35500001907348633,-0.014838937529341909,0.09587899970149165,0.3563368847411329,0.7460629710196175,-0.1187304913493648,-0.04527382885439396,0.6536385806530876,0.7328041869890449,-0.12599622910507263,-0.05001077612828933,0.6667997420917865,23.47195452359638,23.12669915127237,58.10999870300293,1,0.458860217157822,-0.06635810271093871,0.7222002585587625,0.10301690808398797,-0.025540352623856594,0.9897554466392421,0.09549535530390336,0.4579927325248718,-0.067566879093647,0.7211146354675293,0.09843078255653381,0.01798095367848873,0.9925463199615479,0.06956976652145386,-0.2699151635169983,-0.03079928271472454,-0.11873573064804077,0.24271616339683533,1.5754231214523315,-0.30266815423965454,-0.23989699902446615,-0.03869371649370075,-0.1144100831321132,0.17868855310023254,1.560489328606559,-0.1908451246625264
72.658272,1785472115.912,-0.01800607703626156,0.0960862785577774,0.3540000021457672,-0.015182408931895233,0.09586972123866244,0.3561562599025573,0.7515114587683391,-0.13075835244143766,-0.05381979703627455,0.6443882448133718,0.7439738178949835,-0.11338061344327931,-0.03930826142012957,0.657345156950376,23.13342258797341,23.256807605792144,63.63844871520996,1,0.45900865191514223,-0.0654064218803114,0.7224896987694096,0.10517201616033352,-0.04814161092211914,0.9871223447723682,0.11050207584337943,0.4583635926246643,-0.06696373224258423,0.7214953303337097,0.10006673634052277,-0.002391079906374216,0.9916127324104309,0.0817621648311615,-0.28595292568206787,-0.02575181983411312,-0.12038949131965637,0.2781928479671478,1.5863642692565918,-0.3607402741909027,-0.2539622728496996,-0.034994727015661,-0.11643666866280657,0.2086892823390492,1.5674866916485812,-0.24324080958581817
72.7496,1785472116.012,-0.01838909275829792,0.09532059729099274,0.3540000021457672,-0.015410943286726295,0.09584611820806578,0.35599465172105454,0.7528003628825298,-0.12138674590606412,-0.04618908358184876,0.6453087943923722,0.7469526031211368,-0.11606164343102147,-0.04161029414207067,0.6533453045947896,23.744038201461002,23.400066918712692,17.888307571411133,1,0.4590232055265626,-0.06489149211461995,0.7227611294024414,0.10666414311357028,-0.06511912684403558,0.9874605566161588,0.09645677280639361,0.458505243062973,-0.06650634855031967,0.7216432690620422,0.10097397118806839,-0.014776195399463177,0.9907371997833252,0.08958700299263,-0.27190011739730835,-0.029316896572709084,-0.12040846049785614,0.2527671754360199,1.579384684562683,-0.3834555447101593,-0.2626317384235305,-0.03248990229177951,-0.11750784235612437,0.227524751892938,1.5726025151803522,-0.2750831640796197
72.78242,1785472116.078,-0.01800607703626156,0.09532059729099274,0.3540000021457672,-0.015541641556503474,0.09582370086405677,0.35586354528097064,0.7528458189522625,-0.12278093576785155,-0.04699601920658581,0.6449336313736492,0.7487131408676273,-0.11805518472294103,-0.043207217380101186,0.650864611435,24.46941572033432,23.718972607548217,20.63298225402832,1,0.4590590753870034,-0.06454895873526473,0.7230038521233793,0.10647123008439052,-0.0694288682463795,0.9867608729105376,0.10072978264236203,0.4586421251296997,-0.06606423109769821,0.7219310402870178,0.102401964366436,-0.02843269519507885,0.990119218826294,0.0914841741323471,-0.27584531903266907,-0.027171701192855835,-0.12215196341276169,0.2619328796863556,1.5840736627578735,-0.3948919475078583,-0.26514345474388196,-0.03163004908189091,-0.11829350315416115,0.2343654789974756,1.574440483082964,-0.30445207537111585
72.908063,1785472116.145,-0.01800607703626156,0.09532059729099274,0.3540000021457672,-0.01576501581072663,0.0957212141877232,0.3556615799275397,0.7559430931972385,-0.1167902476204089,-0.04109665358558877,0.6428227928225794,0.752831800710828,-0.11203428139116474,-0.03746693627478391,0.647525156513505,23.27166745490557,23.889478084697696,69.98944282531738,1,0.45909300692432536,-0.06435313309957279,0.7232006801877674,0.10623544298624317,-0.07198688890853627,0.9862927818800945,0.10372302969934542,0.4588320553302765,-0.06534787267446518,0.722409188747406,0.10416048765182495,-0.04765142500400543,0.9887843132019043,0.09584172070026398,-0.27860599756240845,-0.025545649230480194,-0.12356390804052353,0.2681938111782074,1.5875616073608398,-0.40193110704421997,-0.27015789335491025,-0.02954108496641868,-0.12010095950277135,0.24728246873962526,1.57895419611826,-0.3468284865607002
72.986608,1785472116.279,-0.018056944012641907,0.09558986872434616,0.35500001907348633,-0.015868139668732656,0.09571400007791481,0.35561913264012973,0.7538258933615654,-0.11804629931391021,-0.05204707494580881,0.6442846387316045,0.7530945519196494,-0.11351614996411577,-0.04105505948684306,0.6467435053070102,23.883317909644816,23.88767230324425,20.97916603088379,1,0.4592472365149751,-0.06401850270714918,0.7235038505844492,0.10645498174361984,-0.07850410194467031,0.9865222193180034,0.09632421103599881,0.45893561840057373,-0.06493713706731796,0.7227197289466858,0.10493859648704529,-0.05761967971920967,0.9878519773483276,0.09907720983028412,-0.27061453461647034,-0.026934679597616196,-0.1244853287935257,0.25409942865371704,1.584388256072998,-0.40832969546318054,-0.27361745848975444,-0.02790495182033413,-0.12151857170624607,0.2558459125006294,1.5824790170962089,-0.36939355516455125
73.048975,1785472116.345,-0.018056944012641907,0.09597378969192505,0.35500001907348633,-0.01596465740899825,0.09573060551977162,0.35558328938339834,0.7521537325050293,-0.11108804955293416,-0.04749224492395062,0.6478184117461937,0.7528966394729107,-0.11299777930752775,-0.04243074087042087,0.6469758761894854,23.517901726830303,23.777874644960846,20.810365676879883,1,0.45925823659623555,-0.0638638887415263,0.7235676651409707,0.10796131881286068,-0.07863077378202832,0.9859871439643642,0.09995452461806693,0.4590204954147339,-0.06468856334686279,0.7229320406913757,0.10535586625337601,-0.06328219175338745,0.987535297870636,0.09833397716283798,-0.274610698223114,-0.027374569326639175,-0.12305118143558502,0.2625613212585449,1.5839134454727173,-0.4121539294719696,-0.27280365348226254,-0.027642036614098715,-0.12232217988740998,0.25537264624504585,1.582996420858919,-0.3799452449073134
73.112012,1785472116.412,-0.017623063176870346,0.09532059729099274,0.3540000021457672,-0.01605172839681238,0.09571183149191469,0.3554856720355184,0.7591444739384852,-0.0960349573043273,-0.023091695459157038,0.6433845881469638,0.7543982026072964,-0.1090584718802202,-0.037934094573092395,0.6461815581420993,24.137056034507925,23.884523165135274,19.339323043823242,1,0.4592334919515748,-0.06371914295267554,0.7236215882856478,0.10929366763243624,-0.07820655232264151,0.9858211049433325,0.10047576044779924,0.45906469225883484,-0.06453148275613785,0.7230511903762817,0.10584487020969391,-0.06620078533887863,0.9872604608535767,0.09864635765552521,-0.27530375123023987,-0.028756849467754364,-0.12139639258384705,0.2644869387149811,1.581559419631958,-0.41220584511756897,-0.27314698284869093,-0.02759123834014425,-0.12246041464320202,0.2567385168073327,1.5831706555355405,-0.3860648918496376
73.220817,1785472116.479,-0.01800607703626156,0.09532059729099274,0.3540000021457672,-0.016219600222062164,0.09567865797936373,0.355332604842029,0.7567078891966332,-0.10084510238414386,-0.02746133602879993,0.6453443350461989,0.755144637634873,-0.10612289382556482,-0.034290518041599556,0.646002065035262,24.425911764053538,24.2886162802279,56.64467811584473,1,0.45926186699707255,-0.06358870431740335,0.723768122569791,0.10889034830262943,-0.0807635378637349,0.9862178145708862,0.09483968168066712,0.45912203192710876,-0.06425083428621292,0.7232444882392883,0.10702069103717804,-0.07033374905586243,0.9867838025093079,0.09928498417139053,-0.269157737493515,-0.029746435582637787,-0.12208882719278336,0.25302356481552124,1.5794677734375,-0.41213175654411316,-0.27388868140484207,-0.027992123041305907,-0.1220940804464752,0.2594032330818211,1.5826165515082986,-0.3950547608679162
73.361735,1785472116.612,-0.01838909275829792,0.0960862785577774,0.3540000021457672,-0.016356715720268363,0.09569328396459224,0.35523884625348706,0.7500441036229174,-0.12529660081987165,-0.050340035378926284,0.6474569370093493,0.7540840392286742,-0.11208713971460314,-0.03898299568279883,0.6459675386106962,23.696720595721388,24.01073146232926,69.75555419921875,1,0.45931200406055284,-0.06333716471910145,0.7239979352096415,0.10837321476106128,-0.08215863788957888,0.9865808014717635,0.0903522368832928,0.4591940939426422,-0.06390432268381119,0.7235152721405029,0.10800249129533768,-0.07577474415302277,0.9865043759346008,0.09696774184703827,-0.26376551389694214,-0.03038320504128933,-0.12303585559129715,0.2435871958732605,1.5781939029693604,-0.41021808981895447,-0.27142051220635915,-0.028907399709126876,-0.1220907178825451,0.2560749913164159,1.580973824227551,-0.40396387511609794
73.477826,1785472116.712,-0.01838909275829792,0.09570343792438507,0.3540000021457672,-0.016463263116650653,0.09569373751388519,0.3551833305261343,0.7539831146770468,-0.10316853117138532,-0.030514324888353178,0.6480236052293513,0.7540717547998628,-0.11010800007677611,-0.03710279631188803,0.6464328267020378,23.656075109698676,23.90543038359252,21.455049514770508,1,0.4592903410241108,-0.06313160982008051,0.7241387887286967,0.10751032294985212,-0.08026441122519946,0.9861294635118761,0.09771302852572888,0.4592397212982178,-0.06366943567991257,0.7237069010734558,0.10815370082855225,-0.07838822156190872,0.9865462779998779,0.09425746649503708,-0.27055981755256653,-0.027430417016148567,-0.12490597367286682,0.25768038630485535,1.5845947265625,-0.4114384949207306,-0.2682856980570892,-0.029511792131901603,-0.12247728785770631,0.25096115298920435,1.5798354186731092,-0.406525032918805
73.546559,1785472116.779,-0.01838909275829792,0.0949377715587616,0.3540000021457672,-0.01663962345812699,0.0956437891489631,0.3550849631061637,0.7483585486268144,-0.09404232468459027,-0.01355956646714465,0.6564538536883677,0.7527432231962389,-0.1125816197888054,-0.039155213916874175,0.6474333077939302,24.110408680368785,23.79599942488343,63.556671142578125,1,0.45928985744427825,-0.0629718696224926,0.7242222187682468,0.10756336328533597,-0.0803640781425553,0.9863846820276277,0.09495786899620232,0.45925724506378174,-0.06348414719104767,0.7238545417785645,0.10792870819568634,-0.079031802713871,0.9864053130149841,0.09544577449560165,-0.26734015345573425,-0.028404176235198975,-0.12470823526382446,0.2520492672920227,1.5827363729476929,-0.4089823365211487,-0.2690677557578803,-0.02879603472818708,-0.12331214409065493,0.2532719275474262,1.5814721446562705,-0.4082147680811269
73.622305,1785472116.912,-0.01838909275829792,0.09646911919116974,0.3540000021457672,-0.016717890267935853,0.09570614042329637,0.3550394140713128,0.7409559860439066,-0.12634563319443223,-0.04368055708631214,0.6581132247957259,0.7503734366346344,-0.11538602496174585,-0.04007732875137558,0.6496303399294169,23.850704486073067,23.812211719838174,15.99884033203125,1,0.4593651122005004,-0.06270753915337071,0.7243699771230702,0.10726554502729238,-0.07823819820696531,0.9863033425484602,0.09787034111037238,0.4592677354812622,-0.06334491074085236,0.7239526510238647,0.10782920569181442,-0.07939212769269943,0.9864000678062439,0.09531347453594208,-0.2694903314113617,-0.027382206171751022,-0.12549571692943573,0.25739768147468567,1.5848842859268188,-0.40617188811302185,-0.2685995643560033,-0.02868986730213642,-0.12369013221048156,0.25294061552218877,1.581814750523246,-0.40842277490805484
73.717553,1785472116.979,-0.018825137987732887,0.09674163162708282,0.35500001907348633,-0.016840282500138668,0.09578295637476524,0.3550365597664117,0.7346245180215627,-0.09024475207424223,0.003816302760282671,0.6724344860861072,0.746072551253518,-0.10814977010489812,-0.027388482340396106,0.6564520138802331,24.73134127942251,24.086063876981758,20.058870315551758,1,0.4592717347282954,-0.0625901238220391,0.7244384788678507,0.10591788645073119,-0.07466378134036862,0.9865127389815103,0.09999668450986905,0.4592854082584381,-0.06322425603866577,0.724031388759613,0.10772301256656647,-0.0791720375418663,0.9863821864128113,0.09580054134130478,-0.27071458101272583,-0.026012977585196495,-0.1268298178911209,0.2601989805698395,1.5881016254425049,-0.3995121121406555,-0.2687688041974452,-0.02844142848969853,-0.12403296683629061,0.2537874765758512,1.582397962249925,-0.4079951037134594
73.747573,1785472117.046,-0.019209235906600952,0.09674163162708282,0.35500001907348633,-0.016995604250126514,0.09584471833594235,0.35503425105434067,0.7252334753413139,-0.08934332776452449,0.01172453832344661,0.6825809191805926,0.7393463736119332,-0.10189078863693733,-0.014305241784742233,0.6654175884925997,25.427031080501504,24.486642087450083,19.919633865356445,1,0.4591566748004062,-0.062406438831680774,0.7244430179450118,0.10191391461325752,-0.0692304313397264,0.9887428902798598,0.08490110897830586,0.45928317308425903,-0.06310354173183441,0.7241068482398987,0.1073826402425766,-0.07831419259309769,0.9864100217819214,0.09659786522388458,-0.25264787673950195,-0.027489393949508667,-0.1294187754392624,0.22559510171413422,1.585004210472107,-0.3730503022670746,-0.26913849222709674,-0.02798003879780906,-0.12456415703312379,0.2550056796829182,1.583481658256515,-0.4063833327492203
73.80961,1785472117.113,-0.018825137987732887,0.09674163162708282,0.35500001907348633,-0.017077507298038686,0.09589557065961853,0.35503234029453873,0.7092924368202934,-0.10660262100382235,-0.015313146801619878,0.6966388072736672,0.7291826593717896,-0.10353094598803941,-0.014654480863873555,0.6762834011602804,24.299182940552193,24.43162878100935,20.804166793823242,1,0.45906423861037776,-0.06217337859777382,0.7244467715016408,0.09685898420153233,-0.060560113915969195,0.9910037292818862,0.0697310428096869,0.4592423439025879,-0.06290806084871292,0.7241772413253784,0.10583808273077011,-0.0758662298321724,0.9870712161064148,0.09345140308141708,-0.23357100784778595,-0.027772778645157814,-0.132863849401474,0.18949460983276367,1.5841928720474243,-0.33907413482666016,-0.2646695233897448,-0.02784710272761395,-0.12587937079416983,0.24703544470768923,1.5838942699069403,-0.39735007691760066
73.917845,1785472117.179,-0.020745625719428062,0.09827729314565659,0.35500001907348633,-0.017748181017507268,0.09626719858961,0.35502917762443703,0.6752925422854129,-0.04148616505707041,0.0354388102736859,0.7355290416896854,0.718680825520266,-0.10517482320499925,-0.015006210712788043,0.687176062762193,27.413681194230435,25.43406412704181,60.151100158691406,1,0.4589880698709529,-0.06205046008086866,0.7244498094737192,0.09573788103800754,-0.04569039596921383,0.9919745585517851,0.0687976819124018,0.45913904905319214,-0.06258055567741394,0.7241916060447693,0.10188814997673035,-0.06964096426963806,0.9888086915016174,0.08382251858711243,-0.23074661195278168,-0.028545917943120003,-0.13250814378261566,0.18445758521556854,1.583016037940979,-0.3067503273487091,-0.25193435463254704,-0.027816704223672134,-0.12873907190135042,0.22347193816687463,1.5840165504694899,-0.3734854899958759
73.994856,1785472117.313,-0.020745625719428062,0.09904513508081436,0.35500001907348633,-0.017968712602767976,0.09653926304719924,0.35502783304667795,0.6560297515484926,-0.04438679970327932,0.04092526134816486,0.7523163563813485,0.7161809168875215,-0.10555879198716837,-0.015088619134252652,0.6897206458363997,26.00844806847296,25.604854533005472,21.4998722076416,1,0.45843151388394765,-0.06104396645706256,0.7244559148734718,0.0945759637007986,-0.030560708731983476,0.9927336676020491,0.0678328488363019,0.45908644795417786,-0.06242745742201805,0.7242256999015808,0.10007470101118088,-0.06317067891359329,0.9897612929344177,0.07979422807693481,-0.2260650098323822,-0.030727019533514977,-0.13079586625099182,0.17900662124156952,1.5817031860351562,-0.27212023735046387,-0.2461924676955534,-0.028014344093437026,-0.1297601805529687,0.21289907234275388,1.5837454115742635,-0.35540025748091736
74.056928,1785472117.38,-0.018825137987732887,0.09827729314565659,0.35500001907348633,-0.018007123670858226,0.0965919820487611,0.35502720021808026,0.6509684049681327,-0.04439296266258766,0.04222643143890551,0.7566282634736946,0.7151651880944975,-0.10571401046591714,-0.015121960293148985,0.6907493235942157,26.65227077195452,25.786374141567244,21.533489227294922,1,0.458023708951428,-0.06071281367583435,0.7244585322969391,0.09429886670472704,-0.026993082527016335,0.9928791045137401,0.06760311423216836,0.4589007794857025,-0.06204288452863693,0.7242606282234192,0.09843865782022476,-0.054352596402168274,0.99070143699646,0.07659167051315308,-0.22488902509212494,-0.03188341110944748,-0.12976782023906708,0.17771168053150177,1.5814235210418701,-0.263870507478714,-0.2407379181371326,-0.028749502948176308,-0.13004053056929982,0.20371424210260455,1.5831919684531655,-0.33283136858347656
74.117896,1785472117.413,-0.01844104193150997,0.09866121411323547,0.35500001907348633,-0.018044357616541173,0.09672998710648935,0.35502601140614704,0.6418343967852475,-0.05745703677216245,0.02643392771707479,0.7642306873543672,0.7138423365446558,-0.1059154819106508,-0.015165260647606654,0.6920845642821339,25.72862207867634,25.769259807711364,21.777629852294922,1,0.45794468167641117,-0.060655128745775194,0.7244595915815857,0.09418622573476204,-0.02554718233147963,0.9929344026574132,0.06750976504276082,0.45872962474823,-0.0617845319211483,0.7242852449417114,0.0975814014673233,-0.049162354320287704,0.9911864995956421,0.07490214705467224,-0.2245437055826187,-0.03209798410534859,-0.12961022555828094,0.17720839381217957,1.5813512802124023,-0.26066654920578003,-0.23772662341774178,-0.029344959423814435,-0.12998852859153626,0.1987737690456796,1.5828559634450194,-0.3197288030332486
74.19559,1785472117.48,-0.01844104193150997,0.09789338707923889,0.35500001907348633,-0.018072894357058698,0.09678465535468751,0.35502491586201146,0.6302222844995153,-0.056553723553985934,0.02868708038192554,0.7738207802143544,0.7129660404207017,-0.10604852098637883,-0.015193868403843595,0.6929662926624605,25.455348064359487,25.677065975339623,22.677898406982422,1,0.45773772441377336,-0.06059909819466974,0.724461570130851,0.09403947881584514,-0.023667228652743,0.9930031577495345,0.06738818450883098,0.45845648646354675,-0.06139065697789192,0.7243329286575317,0.09633973985910416,-0.04105029255151749,0.9918643236160278,0.07237878441810608,-0.2241848260164261,-0.03263099864125252,-0.12914475798606873,0.17655792832374573,1.5812480449676514,-0.2565716505050659,-0.2331930065898068,-0.030291755277409727,-0.12985801969624292,0.19135746567271406,1.5823385028813224,-0.2994172898240016
74.321673,1785472117.546,-0.017672846093773842,0.09866121411323547,0.35500001907348633,-0.018010569993080733,0.09696295674072647,0.35502287727852344,0.6224176188944363,-0.049013230897079,0.026507977730494077,0.7806992622024498,0.7119014666115989,-0.10620969445840535,-0.015228541952622522,0.6940345050134784,25.759301779063943,25.569401655402586,70.89519500732422,1,0.4576557607513753,-0.060556222858800635,0.7244633110155406,0.0939422401306207,-0.022423837692914936,0.9930466798137505,0.06730764245796458,0.4581172466278076,-0.061015915125608444,0.72438645362854,0.09522313624620438,-0.03290874511003494,0.992442786693573,0.07004920393228531,-0.22391580045223236,-0.03284379839897156,-0.12897688150405884,0.1761275678873062,1.581200361251831,-0.25384169816970825,-0.22897212711624298,-0.03138787441568221,-0.12952320566208686,0.18442305108196147,1.5818275590117508,-0.2793415740656918
74.436819,1785472117.68,-0.017288748174905777,0.09866121411323547,0.35500001907348633,-0.017935243241164894,0.09709099292703624,0.3550215023541608,0.6174660079990866,-0.02921744085016929,0.05124775999496847,0.7843823922114372,0.7114684604083275,-0.10627510966962762,-0.015242619859480984,0.6944680651035958,26.844729546408814,26.06448046685435,20.511865615844727,1,0.457388228919872,-0.06064947791490774,0.7244664595252495,0.0938240779789419,-0.02091537317549002,0.9930973937404888,0.06720979171355958,0.4579581618309021,-0.06085754185914993,0.7244107723236084,0.09476865082979202,-0.029304668307304382,0.9926651120185852,0.06910962611436844,-0.22399525344371796,-0.033421024680137634,-0.12846171855926514,0.17566873133182526,1.5811876058578491,-0.25091513991355896,-0.22723324533517977,-0.03188860144493598,-0.1293348614643376,0.18157026553642686,1.5816118657021143,-0.27057216242611287
74.50635,1785472117.78,-0.01647401601076126,0.09876613318920135,0.3540000021457672,-0.01777388656794443,0.09725907730090251,0.3549464150670203,0.6072294401665697,-0.027218699327453355,0.05400448368340841,0.7922216010334511,0.6458758318514135,-0.05545743693626842,0.02753491661852923,0.7609275332681259,26.685187891287132,26.33588608360479,19.78754997253418,1,0.4571960770592938,-0.060762301642698274,0.7244685422205359,0.09377600680817914,-0.020302467793899888,0.9931173458918311,0.06716999060112407,0.45768827199935913,-0.060792483389377594,0.7244333028793335,0.09436623007059097,-0.02575252205133438,0.9928561449050903,0.06832663714885712,-0.22425006330013275,-0.03379031643271446,-0.12813735008239746,0.17551393806934357,1.5812404155731201,-0.24993015825748444,-0.22595565649867913,-0.03258634922133475,-0.1289151425874831,0.17912415249157393,1.5814481608991908,-0.2623352637948457
74.63013,1785472117.88,-0.01613645628094673,0.09866121411323547,0.35500001907348633,-0.01753494764165816,0.09741264726469036,0.3549515617132775,0.6028269900967043,-0.029078203025522668,0.030338510038638876,0.7967644902531675,0.6142609295593613,-0.03597617414987006,0.03290376530126301,0.7875954339249353,26.11519164277864,26.156753781052025,64.17059898376465,1,0.4569438148841653,-0.061004225515406726,0.7245811082456511,0.09600598511852869,0.061607608329132174,0.9933881214725673,-0.012938065334088334,0.4574871361255646,-0.060779642313718796,0.7244488000869751,0.09412284195423126,-0.023518873378634453,0.9929670691490173,0.06785445660352707,-0.12558436393737793,-0.05238887295126915,-0.11495183408260345,-0.013549023307859898,1.5445537567138672,-0.0026737048756331205,-0.22525718683858129,-0.03307942683357012,-0.12859608393732194,0.17764576925459064,1.5813630871107116,-0.25725524411149314
74.70591,1785472118.014,-0.01613645628094673,0.09866121411323547,0.35500001907348633,-0.01745024724454343,0.09746544971801108,0.3549537383459542,0.599240345079266,-0.02999268917536688,0.028608625829090645,0.7994954621218829,0.608247993324098,-0.03357032923299883,0.03117713059089352,0.7924237491017762,25.91489070868548,26.085749134065928,16.988039016723633,1,0.45671314048646927,-0.06136242416937848,0.7245731950237326,0.10402629727349179,0.09982592181457248,0.9888642979265327,-0.03688787193243433,0.45691919326782227,-0.06113739311695099,0.7234653830528259,0.09129411727190018,0.006535075604915619,0.9950000047683716,0.039970409125089645,-0.09418265521526337,-0.06181464344263077,-0.10295907407999039,-0.07479362934827805,1.5273025035858154,0.10247615724802017,-0.19190643358319495,-0.03968933895065965,-0.12390383328540933,0.11189387978214063,1.5687043583872367,-0.16970465260589035
74.815464,1785472118.08,-0.015752358362078667,0.09904513508081436,0.35500001907348633,-0.017334985795799375,0.09754704953320796,0.3549557766398539,0.5986666739119135,-0.028520170264606886,0.030941105907181767,0.7998921561064123,0.6048903987525587,-0.0317949298065631,0.031094739782446694,0.7950659124207428,25.37245105937959,25.873494007778437,21.324634552001953,1,0.4566338232049492,-0.061489402051242883,0.7245698599008339,0.1066011658906268,0.1073993857530216,0.9877301625465418,-0.0386094465955546,0.4565024971961975,-0.06115824729204178,0.7228623628616333,0.09234985709190369,0.03993827477097511,0.994841992855072,0.012879988178610802,-0.09150794893503189,-0.06451226770877838,-0.09968240559101105,-0.08045149594545364,1.5223647356033325,0.1204342320561409,-0.15803172012957772,-0.04756798919740265,-0.116373333990653,0.04712625634117254,1.5539724837227797,-0.07430586495733674
74.921679,1785472118.214,-0.01613645628094673,0.09750946611166,0.35500001907348633,-0.017227005478728907,0.09758340556121145,0.3549594645512429,0.5961074330003355,-0.031769170155298246,0.028045425274124288,0.8017855712536786,0.600973661549474,-0.03069956489380825,0.030906380210956288,0.7980808170238182,25.360251127638268,25.546039517110643,74.19180870056152,1,0.4564472687038701,-0.06174679602092359,0.7245638264186008,0.10800396589000806,0.11393021499403094,0.9866853306831097,-0.04251008913430334,0.4563882648944855,-0.06130822002887726,0.7231630682945251,0.09719481319189072,0.07191181927919388,0.9925954341888428,-0.011668579652905464,-0.08670604974031448,-0.0661035105586052,-0.0974930003285408,-0.09071262925863266,1.5200047492980957,0.13806305825710297,-0.1268613581395582,-0.05550737226161873,-0.10855280730556896,-0.012651452999629454,1.5391623888716797,0.016941359265936817
75.047145,1785472118.281,-0.015752358362078667,0.09789338707923889,0.35500001907348633,-0.017100495152875855,0.09761492109442979,0.3549627365090995,0.5991791370035545,-0.025040502405657236,0.02504119652784567,0.799831403169069,0.5999907110009193,-0.02978640249984639,0.02913276759246382,0.7989212719605931,25.76616190129209,25.546703070505977,63.76767158508301,1,0.45645659001597894,-0.06182410095415038,0.7245610639946167,0.10837475184378381,0.11620982704448209,0.9864056437658488,-0.041881919821936744,0.45635223388671875,-0.061525799334049225,0.7236338257789612,0.10161668807268143,0.09198188781738281,0.9902142286300659,-0.02625277452170849,-0.08734437823295593,-0.06635978072881699,-0.09722951799631119,-0.08983693271875381,1.51937997341156,0.14211565256118774,-0.10811005873437779,-0.06049795353452117,-0.10334383631751337,-0.04914015223566008,1.5301234268420671,0.07409928206416407
75.17231,1785472118.414,-0.015752358362078667,0.09827729314565659,0.35500001907348633,-0.01693590009349991,0.09767339288804895,0.3549657056425129,0.5984704479593397,-0.020745110286002545,0.030106092608209366,0.8003101814336957,0.5997505070528353,-0.028415244659243857,0.02733948014605723,0.7992148997523542,26.01046023004793,25.596763624544522,70.66559791564941,1,0.4564091469734649,-0.06201382005396018,0.7245560029338395,0.11021930500455186,0.1176216896022899,0.9860490508763012,-0.04152243014759229,0.45639216899871826,-0.06168583780527115,0.7240682244300842,0.10495014488697052,0.10466700047254562,0.9883531332015991,-0.03447285667061806,-0.08801008015871048,-0.06844496726989746,-0.09484685212373734,-0.089395672082901,1.515425443649292,0.1445867121219635,-0.09727654727546803,-0.06355612936735429,-0.10015348491436324,-0.070371796640824,1.5245185338826661,0.10958363411424342
75.265006,1785472118.547,-0.015368261374533176,0.09866121411323547,0.35500001907348633,-0.016848134146467682,0.09772897546835353,0.35496710262161524,0.5998308114552561,-0.033984087575029374,0.024096657403991553,0.7990415699590206,0.5997647536401867,-0.02928895124837942,0.026830828017594753,0.7991899050248236,24.474059436751197,25.261837145703158,21.126508712768555,1,0.45632121976930523,-0.06226063121165677,0.7245513678346047,0.1124323834140881,0.11808931493052253,0.9857510811804868,-0.04133616831019405,0.45639386773109436,-0.061842307448387146,0.7242832183837891,0.1073770672082901,0.11075497418642044,0.9873067140579224,-0.03780004754662514,-0.08871742337942123,-0.07101932168006897,-0.09192470461130142,-0.08911813050508499,1.5106110572814941,0.14512242376804352,-0.09293467210985303,-0.06584688199038316,-0.09766651203946701,-0.07928561525057669,1.5202578846160069,0.12598464175162832
75.373268,1785472118.614,-0.015368261374533176,0.09904513508081436,0.35500001907348633,-0.016728374812378204,0.09783591690807952,0.3549697202854988,0.5998620100735818,-0.03457082377599016,0.011745020966631584,0.799269967843422,0.5988532502815144,-0.031536554996352766,0.021090263439726677,0.7999596434285112,24.384532323299766,24.789692261650984,57.28745460510254,1,0.4562377290612702,-0.06239220490219832,0.7245492005380263,0.11219795488468616,0.11820971832359631,0.9858037635073614,-0.04036113561673313,0.45636141300201416,-0.062015172094106674,0.7243890762329102,0.10943637043237686,0.11376555263996124,0.9866812229156494,-0.03925975412130356,-0.09018398076295853,-0.07090269029140472,-0.09218300133943558,-0.08687452971935272,1.5110801458358765,0.14398109912872314,-0.09120767794670706,-0.06796508651670698,-0.09531474164076233,-0.08331213891065499,1.5163074123542506,0.13382175508033206
75.496227,1785472118.748,-0.015752358362078667,0.09904513508081436,0.35500001907348633,-0.016687434047483456,0.0979048081059466,0.3549709300178466,0.599234952809252,-0.030647874674721055,0.01628500227631806,0.7998205910143077,0.5989130637217744,-0.03139953342509583,0.020349127739661813,0.7999394504612952,24.923124766782184,24.82883753570492,26.63254737854004,1,0.45607715677697164,-0.06257169932626881,0.7245452077589537,0.1147158270423252,0.12032518642900124,0.985462089558841,-0.03502282939947071,0.45631134510040283,-0.0621686652302742,0.7244550585746765,0.11056286096572876,0.11558741331100464,0.9863255620002747,-0.039715033024549484,-0.09665469080209732,-0.07399503886699677,-0.08911895006895065,-0.07540924847126007,1.5054881572723389,0.1426415890455246,-0.09078847624462334,-0.06916810676800232,-0.09403178410884258,-0.08477098529538002,1.514166794442311,0.13798210820146464
75.573803,1785472118.814,-0.01613645628094673,0.09866121411323547,0.35500001907348633,-0.016590883964692427,0.09796554973972245,0.3549732364521013,0.5977972813280572,-0.034344515127789896,0.02350716740728838,0.8005662232432158,0.5991774113294563,-0.03176082455609882,0.021735051068750687,0.7996907323028615,25.460018202109868,25.14575084126848,58.90297889709473,1,0.45597376494916064,-0.06263301808285748,0.7245434034887412,0.11534365896973024,0.12034933783829249,0.9854005691135974,-0.0346062943401561,0.4562147557735443,-0.06233469024300575,0.724489152431488,0.11226370185613632,0.1175260841846466,0.9859797954559326,-0.03779318183660507,-0.09728766232728958,-0.07490303367376328,-0.08814748376607895,-0.0744861587882042,1.504103660583496,0.1421653777360916,-0.09319076136287571,-0.07114481902311016,-0.09201953098272252,-0.08093727015928877,1.5106128057348358,0.1398902122736898
75.682563,1785472118.948,-0.014984163455665112,0.09789338707923889,0.35500001907348633,-0.01648549385106694,0.09796082097064876,0.354974303898968,0.6031691174981594,-0.02701520249640338,0.0342319284264869,0.7964203473083632,0.5997642837590772,-0.031072585823680242,0.023548765575137385,0.7992263471489653,24.947820935901632,25.08765923011858,16.962766647338867,1,0.4558825231825055,-0.06277775985078363,0.7245398644091214,0.11411809574629195,0.1198503190504525,0.985581673223882,-0.03523814200490796,0.45613256096839905,-0.062436528503894806,0.7245068550109863,0.11332280188798904,0.11849595606327057,0.9857839345932007,-0.03669874742627144,-0.09701066464185715,-0.07373455166816711,-0.08947715908288956,-0.07562907040119171,1.5067329406738281,0.14124171435832977,-0.09459969555385783,-0.07243730112411847,-0.09068757355479085,-0.07871874150708011,1.50837431071729,0.14067264171754865
75.777256,1785472119.014,-0.014600065536797047,0.09827729314565659,0.35500001907348633,-0.016314491713557366,0.09800795709838482,0.3549763406983642,0.6105387947500049,-0.05755978410546277,-0.005737625031879627,0.7898710850625801,0.6024855994764434,-0.03688605575910081,0.017542607949603963,0.7970839216922981,23.272194665072195,24.55024805513211,63.75908851623535,1,0.45588947659219736,-0.06293584953726279,0.7245381040655389,0.11332431629078801,0.11881986867497564,0.985738971551455,-0.03685265404237598,0.4560302793979645,-0.0625748485326767,0.7245198488235474,0.11364852637052536,0.11905182898044586,0.9857014417648315,-0.036102913320064545,-0.09564580023288727,-0.07283993065357208,-0.09037518501281738,-0.07887319475412369,1.50841224193573,0.14027130603790283,-0.09558701803625859,-0.0729685730212494,-0.09019150922450464,-0.07745349928761489,1.507702153270792,0.14090568268517845
75.868493,1785472119.148,-0.015368261374533176,0.09750946611166,0.35500001907348633,-0.01627417327286504,0.09797243672056649,0.3549772975456446,0.6226904373092235,-0.06763566360726819,-0.01711775858572118,0.7793516655740549,0.6085023810860057,-0.045783440776608966,0.007531080671353572,0.7921944278945905,22.43402707524332,23.915067659378693,20.717620849609375,1,0.4558185453972376,-0.063192287572152,0.7245348465174533,0.11377798721750931,0.11673000382684343,0.9862253790091291,-0.02807450141351037,0.45599108934402466,-0.06267213821411133,0.7245247960090637,0.11356035619974136,0.11898880451917648,0.9857116341590881,-0.036307334899902344,-0.10702765733003616,-0.07354836910963058,-0.09024207293987274,-0.05834582448005676,1.5069726705551147,0.1256706714630127,-0.09560295632280705,-0.0729337427686318,-0.09024092922187237,-0.07783824501167771,1.5078945872989902,0.14073376664041717
75.90051,1785472119.215,-0.016520554199814796,0.09520596265792847,0.35500001907348633,-0.016293598841845124,0.09761069062483542,0.3549782024806096,0.6301618963836766,-0.06151609073799202,-0.007084574737898338,0.7739906741862117,0.6150530155006458,-0.05048920766105666,0.0031660329232833457,0.7868612357136738,22.507618456143565,23.498834980632573,16.1130428314209,1,0.45587177191299577,-0.06325281047433379,0.7245333159587825,0.1151372515552252,0.11121461918188967,0.9870091323415618,-0.013700162732366052,0.4559558928012848,-0.06277172267436981,0.7245208024978638,0.11358442157506943,0.11856119334697723,0.9858168363571167,-0.034742217510938644,-0.12505078315734863,-0.07490938901901245,-0.08928874880075455,-0.024335039779543877,1.5038378238677979,0.09817498922348022,-0.097773654781219,-0.07305054223650942,-0.09024091734938355,-0.07413469034951141,1.5077194231176538,0.13787177857985067
75.976945,1785472119.281,-0.017288748174905777,0.09482204169034958,0.35500001907348633,-0.01634733866754614,0.09741346549812746,0.3549786588891426,0.6444191260621163,-0.06419467922438252,-0.030646047130430162,0.7613565872309087,0.6220322868791265,-0.0536864953560598,-0.004689433343059945,0.7811348177563389,23.188646881472938,23.444083801671724,26.593685150146484,1,0.45641441535696736,-0.06322414637485906,0.7245316179311564,0.11535668282759616,0.10390211931964584,0.9878564747513885,-0.006063878268803023,0.45590221881866455,-0.06293628364801407,0.7244577407836914,0.11395305395126343,0.11603682488203049,0.9863033294677734,-0.02749406173825264,-0.13495373725891113,-0.07383806258440018,-0.09039084613323212,-0.005150589160621166,1.5035310983657837,0.07439117133617401,-0.10715427046833856,-0.07368983938759566,-0.08991302227314495,-0.05700859925530255,1.5063845411356285,0.12422005285555004
76.067599,1785472119.315,-0.017672846093773842,0.09597378969192505,0.35500001907348633,-0.016516186462537528,0.09727564417612249,0.3549799217942967,0.6508138291775006,-0.07414225157028509,-0.06384663761610346,0.7529062977213868,0.6363553532688969,-0.06359718103439116,-0.03324641939845458,0.7680507395528491,24.07494832020533,23.688229469240476,18.370389938354492,1,0.4567103231003397,-0.06314379531101548,0.7245308108024702,0.11911263431461802,0.09631253415164784,0.9881939361526793,0.002969960099815547,0.4560166895389557,-0.06301169842481613,0.7244145274162292,0.11415960639715195,0.11275333166122437,0.9868051409721375,-0.02167654037475586,-0.1466601938009262,-0.0769822970032692,-0.08652589470148087,0.01764560677111149,1.496077537536621,0.04844168946146965,-0.11468792997682524,-0.07373003648593515,-0.09004219368068862,-0.042955083138145014,1.5056112581450003,0.11071642617638594
76.133871,1785472119.415,-0.01800607703626156,0.09532059729099274,0.3540000021457672,-0.016642376215746456,0.09712147696943407,0.35490876395263976,0.6705687848585935,-0.06240577670866174,-0.03631610742932481,0.7383252427946911,0.6495329519158121,-0.06315918139319848,-0.03442292963732383,0.7569233277528551,22.923680023200937,23.463034219037766,20.532608032226562,1,0.45691727580640396,-0.0628907031672289,0.7245290231193697,0.13327742959782107,0.08171744746025635,0.9871673968204652,0.03255635414300082,0.45617297291755676,-0.06303822994232178,0.7243565917015076,0.1152581200003624,0.10828065872192383,0.9873030185699463,-0.014952844008803368,-0.18479692935943604,-0.08971543610095978,-0.06975337117910385,0.09168887138366699,1.4706135988235474,-0.016870418563485146,-0.123352418589337,-0.07461142512756999,-0.08908898667374837,-0.026532298980947007,1.5030276198601296,0.09383997282765032
76.177585,1785472119.481,-0.018825137987732887,0.09558986872434616,0.35500001907348633,-0.016768173236207978,0.09707091134088958,0.3549112364291226,0.6711110552839827,-0.056977866883063964,-0.04127052312782728,0.7380109877785224,0.6549567178389438,-0.06162663442766965,-0.036129530731174996,0.7522822028307605,23.19979081700157,23.416590705427758,22.76921272277832,1,0.4571487649983931,-0.06270172564852158,0.7246357873273501,0.13502073566211836,0.06482869348304036,0.9880745720150012,0.035711084832512396,0.45626381039619446,-0.06295224279165268,0.7240656614303589,0.11928640305995941,0.10089996457099915,0.9877180457115173,-0.0017927411245182157,-0.19089408218860626,-0.08994078636169434,-0.06903661787509918,0.10432466864585876,1.4695385694503784,-0.05682160332798958,-0.14000389056878967,-0.07870462627009661,-0.08384887939813311,0.005505637750971843,1.4942434201592159,0.06383745700306259
76.291595,1785472119.515,-0.01877211034297943,0.0949377715587616,0.3540000021457672,-0.017002063848354884,0.09684656347346503,0.35482869263036715,0.6710757123711576,-0.07611708052280255,-0.050881418611474105,0.7357137076052835,0.6620616815860099,-0.06795140713129488,-0.042565269728324376,0.7451477261975219,22.21278552273353,22.94942896290884,20.472049713134766,1,0.45722477637443054,-0.06251309313113669,0.7246322112619433,0.13752782903518054,0.057861060877504554,0.9881181769590281,0.0368871554632053,0.4563716948032379,-0.06287442892789841,0.723991334438324,0.12173234671354294,0.09395232796669006,0.9880909323692322,0.005522038321942091,-0.19327643513679504,-0.09207896143198013,-0.06623781472444534,0.10977166891098022,1.4651426076889038,-0.07338031381368637,-0.14967303385841513,-0.08083951554112509,-0.08103434466491177,0.02428125494213003,1.4895494985245368,0.04091223600970296
76.316393,1785472119.615,-0.019538139924407005,0.09455493092536926,0.3540000021457672,-0.01723684264258296,0.09667467016961968,0.35478280021480024,0.6779161542299779,-0.05391998782146127,-0.015740501243048582,0.7329901495709118,0.6674890617155387,-0.06324410913070228,-0.03355320097006362,0.7411698306427724,21.86285995394913,22.628743977247368,20.795583724975586,1,0.4575616897866639,-0.06216267340892337,0.7247561405248287,0.13801764122074064,0.04933857693415708,0.9880651548672238,0.04737177720103378,0.45648956298828125,-0.06277967244386673,0.7239760160446167,0.12430883944034576,0.08700936287641525,0.9883525371551514,0.01165681704878807,-0.2061920166015625,-0.08999044448137283,-0.06728176772594452,0.1362348198890686,1.4685614109039307,-0.10262996703386307,-0.15795768119613338,-0.08297502895314686,-0.07822280197562707,0.04052443614730154,1.4849121892657664,0.019196652130063784
76.424232,1785472119.681,-0.019538139924407005,0.0960862785577774,0.3540000021457672,-0.01756122840501423,0.09654773353403609,0.3547066039632534,0.6731596453562164,-0.06715579359584396,-0.020478237185229838,0.7361567992297502,0.6713712031850908,-0.06083462896531506,-0.021396097033814208,0.7383102752123768,22.879781436661318,22.742502950124948,59.72480773925781,1,0.4578198852234863,-0.06181079874663713,0.7248251475700735,0.13511073589156627,0.041164317545244675,0.9892111848042349,0.0388821278491246,0.45684051513671875,-0.06247415766119957,0.7240303754806519,0.12911219894886017,0.07147043943405151,0.9886949062347412,0.026541108265519142,-0.19588422775268555,-0.08704090118408203,-0.07182435691356659,0.11802593618631363,1.4732460975646973,-0.10905223339796066,-0.17771011939305464,-0.08584793823496951,-0.07374205671900284,0.07971880302343361,1.478216382018811,-0.03069256543971286
76.544227,1785472119.815,-0.019155126065015793,0.09570343792438507,0.3540000021457672,-0.017636060468238374,0.09650678335932632,0.35467413266167136,0.6756285968207885,-0.060635667706588764,-0.012850401089900421,0.7346320045788759,0.6724638503364528,-0.06078448360600851,-0.01921649112567165,0.7373793752284102,22.228606754435084,22.58976877523729,19.096851348876953,1,0.4580107944658095,-0.06132449905611022,0.7249397874392256,0.128302702636909,0.034677390909534166,0.9906866327679065,0.029595450845687155,0.45716407895088196,-0.062236227095127106,0.7242650389671326,0.1310102790594101,0.06103663519024849,0.989019513130188,0.03084220550954342,-0.18341918289661407,-0.0802660807967186,-0.08096327632665634,0.09613537788391113,1.4859106540679932,-0.10973521322011948,-0.18396019118417428,-0.0862582219643332,-0.07308230713705059,0.09289263500914542,1.4765071011950412,-0.05764045387558039
76.627211,1785472119.882,-0.019155126065015793,0.09532059729099274,0.3540000021457672,-0.017774679349344253,0.09644882926790398,0.35463008290816433,0.6748052245609809,-0.06760044990765174,-0.020155054787420777,0.7346168129331123,0.6730046845343451,-0.06176041836987372,-0.018496304196043624,0.7368230669900965,23.189912925481078,22.763081735603834,64.75019454956055,1,0.4580723512271204,-0.06121235247656008,0.7249885621730091,0.12683166061111786,0.03298232616451158,0.9909719335963191,0.028293512538683598,0.45756101608276367,-0.0618094801902771,0.7245806455612183,0.12973929941654205,0.048696406185626984,0.9898899793624878,0.030237017199397087,-0.18158432841300964,-0.07863409072160721,-0.08307592570781708,0.09310244768857956,1.4889510869979858,-0.11130107939243317,-0.18370668881536734,-0.08345057604690698,-0.07677473117502139,0.09441206168379934,1.4809132205256388,-0.0820499205711887
76.734651,1785472119.982,-0.019538139924407005,0.0960862785577774,0.3540000021457672,-0.01792084899097987,0.09639908977842013,0.3545782097609086,0.6709963440236615,-0.06833691385282263,-0.022051016834193356,0.737975423146686,0.6729800983713464,-0.0636800571282536,-0.019323727092716445,0.7366608657255261,22.879781436661318,23.025064532036783,54.381608963012695,1,0.458159509564304,-0.06100456507376702,0.7250547806433566,0.1256668724888708,0.032218824572631956,0.9911360596774754,0.028619848165771723,0.4577700197696686,-0.06156520918011665,0.7247475385665894,0.12855204939842224,0.042262520641088486,0.9903646111488342,0.02943081595003605,-0.18134400248527527,-0.07712583243846893,-0.08491825312376022,0.09353166073560715,1.4917453527450562,-0.11244877427816391,-0.18283755415272393,-0.08147820394505992,-0.07935484541985616,0.09387577275842363,1.4842048072247296,-0.09402856079901413
76.851823,1785472120.115,-0.019538139924407005,0.0960862785577774,0.3540000021457672,-0.018000615253392936,0.09638321182492825,0.35455419383820364,0.6733690890997527,-0.06847529775850734,-0.022453079803616577,0.735786016888868,0.6730387408778614,-0.06438556087328431,-0.019784088692066094,0.7365337349118505,22.90026106955214,22.988062181678288,18.720388412475586,1,0.45823436391185396,-0.06078545220573625,0.725132753635589,0.1249276349267752,0.032413204629731594,0.991164877329,0.03057214658184479,0.45787522196769714,-0.06141354888677597,0.7248303294181824,0.1277707815170288,0.03954077139496803,0.9905847311019897,0.029206963256001472,-0.1829068660736084,-0.07591616362333298,-0.08629065006971359,0.09747497737407684,1.4940632581710815,-0.11333224922418594,-0.18243279911742083,-0.08029872878230014,-0.08086233971286204,0.09378252578842323,1.486248295060738,-0.09902043742246057
76.919657,1785472120.182,-0.019538139924407005,0.09570343792438507,0.3540000021457672,-0.01813721959055166,0.09629594122730208,0.3545099075450868,0.6720387759897325,-0.07907368457249757,-0.0337851791008062,0.735506490554283,0.6731600242290806,-0.0654097008889811,-0.018353672843308865,0.7363696731280279,21.948940516717066,22.591881958427624,56.53882026672363,1,0.458258310240096,-0.060665858982641374,0.7251688781167005,0.12476953791861631,0.032410014529875845,0.9911586562297918,0.03141132831482224,0.4579724371433258,-0.061242349445819855,0.7249114513397217,0.12699668109416962,0.03761094808578491,0.9907485246658325,0.02957283705472946,-0.1835680454969406,-0.07559400796890259,-0.08665364980697632,0.09923356771469116,1.4947155714035034,-0.11388558149337769,-0.18256126606885328,-0.07911107790660987,-0.08233314857736099,0.09478319053723512,1.4883661500636411,-0.10289893668772986
76.995891,1785472120.315,-0.019101016223430634,0.09543309360742569,0.3530000150203705,-0.01816437936255006,0.09627291683967236,0.3544466327739996,0.6746888710332665,-0.08945222270616411,-0.033049010911603054,0.7319159719766661,0.6734395884930351,-0.06923242585192665,-0.020689030332666142,0.7357023554977128,22.57474568998975,22.5888650837204,20.144939422607422,1,0.4583894409002078,-0.060461132279576016,0.7252354185352637,0.12304957533500939,0.032128428019094143,0.9913895692969152,0.031197564202560223,0.45805007219314575,-0.06108574569225311,0.7249799370765686,0.1263899952173233,0.03620336949825287,0.9908636808395386,0.030067896470427513,-0.1825205683708191,-0.0734805315732956,-0.08925510942935944,0.09812061488628387,1.498501181602478,-0.11326640844345093,-0.1828340963558547,-0.07815797704867958,-0.08350373131574103,0.09598925364201495,1.4900868432467438,-0.10587631561360025
77.15957,1785472120.349,-0.019921155646443367,0.09532059729099274,0.3540000021457672,-0.018353780786523607,0.09620081403344179,0.354407404340484,0.6733789006200465,-0.0673778119482906,-0.01013805374026429,0.736151007961789,0.674142400274744,-0.06532252678664802,-0.012488935681420942,0.7356011270597399,22.574633691460882,22.637320209300924,21.3015079498291,1,0.4584240776675617,-0.06042051565083066,0.7253303469108138,0.12207669878057004,0.032132969472932905,0.9913603185588755,0.03562963197304582,0.45816588401794434,-0.06087137386202812,0.7250680327415466,0.1252385824918747,0.034802235662937164,0.991048276424408,0.03045462630689144,-0.18742874264717102,-0.07164815813302994,-0.0910961925983429,0.10769233107566833,1.5021990537643433,-0.11752219498157501,-0.18272627304592914,-0.07654941490028713,-0.0854815060686071,0.09672223380427104,1.4929805342072808,-0.1084177677015738
77.246207,1785472120.482,-0.019155126065015793,0.09570343792438507,0.3540000021457672,-0.01843862487802341,0.09617434940348557,0.3543735033979192,0.6771742989106342,-0.06599813263882512,-0.01842025391120972,0.7326253542083605,0.6746663351646621,-0.06945734471140656,-0.019285146465386187,0.7345945116776557,22.85474899856287,22.553644701007112,59.18622016906738,1,0.45853252096088803,-0.06013656603397696,0.7253893933448198,0.11897679099517336,0.03015371703051741,0.9920628867022269,0.02732225067191446,0.4582705497741699,-0.06068624556064606,0.7251706719398499,0.12393376976251602,0.03371536359190941,0.9911825656890869,0.03257018327713013,-0.17671430110931396,-0.06918251514434814,-0.0949234887957573,0.08838944137096405,1.5065381526947021,-0.1115020290017128,-0.1846519637670963,-0.07454231606440935,-0.08778061833737921,0.10121460490446964,1.4967556101510937,-0.11214612061059005
77.353391,1785472120.615,-0.019921155646443367,0.0949377715587616,0.3540000021457672,-0.0185690536964119,0.09605398290336051,0.354343075899168,0.6748679794075866,-0.06757048102571699,-0.02011864606387259,0.7345629180300561,0.6752086385571548,-0.06496861932753735,-0.013562343274375346,0.7346348996374831,22.85169865892632,22.640291180218508,19.393444061279297,1,0.4585723640470951,-0.06000938447717469,0.7254403419808043,0.1209712354084573,0.030345676556365338,0.9915714233092954,0.03508863910821337,0.4583936035633087,-0.060428787022829056,0.7252667546272278,0.12160767614841461,0.0320378914475441,0.9916038513183594,0.030116094276309013,-0.1857892870903015,-0.07019171863794327,-0.09303373098373413,0.10631656646728516,1.5047367811203003,-0.11938819289207458,-0.1809327023481317,-0.07203095472885179,-0.09112723313745365,0.09520526891116642,1.5013393085027844,-0.11184432407519478
77.431787,1785472120.749,-0.019155126065015793,0.0949377715587616,0.3540000021457672,-0.01860123499868246,0.09599137862071933,0.35432897713490097,0.6787295549874142,-0.048265997984837446,0.011667753541071451,0.7327076143677088,0.6761417279155781,-0.06082639140975208,-0.007297958089022452,0.7342201670392436,22.536521284896295,22.609528773333714,21.387577056884766,1,0.4587531162840494,-0.059813944243107584,0.7254860514116274,0.12002682611905614,0.028835396176656834,0.9919559453744846,0.028026476327465025,0.4584543704986572,-0.060284778475761414,0.7253217697143555,0.12138091027736664,0.031460054218769073,0.9915966987609863,0.03182629123330116,-0.17702636122703552,-0.06977421790361404,-0.09427795559167862,0.09044792503118515,1.5047298669815063,-0.11443982273340225,-0.1826028750432771,-0.07139846567623734,-0.09178260732190573,0.0990264551530028,1.5025076993359483,-0.11443865874410276
77.539893,1785472120.816,-0.019593333825469017,0.09558986872434616,0.35500001907348633,-0.018683710952746818,0.09595456286500079,0.3544004081787317,0.6774399644969222,-0.06350837509393603,-0.015876948754610702,0.7326593364542487,0.6767982136669405,-0.05999480820096413,-0.007156795286614321,0.7336849332291031,22.232756178711625,22.454456088310693,56.478261947631836,1,0.45884707935446606,-0.05976577529254119,0.7255071828016029,0.11846556614596208,0.02670020872902049,0.992378291296618,0.020936462326483007,0.45855578780174255,-0.060125380754470825,0.7253760695457458,0.12091384083032608,0.03055662289261818,0.9917231202125549,0.03051847033202648,-0.1685868799686432,-0.06877335160970688,-0.09604454785585403,0.0745883658528328,1.5061612129211426,-0.11103257536888123,-0.18068510430517043,-0.07083992279144373,-0.09264035539921281,0.09607631515613443,1.5032719027892558,-0.11443905633187419
77.662433,1785472120.916,-0.019593333825469017,0.09482204169034958,0.35500001907348633,-0.01878977453284417,0.09586959907011039,0.3544668194967357,0.6816387107214005,-0.05680688661223393,-0.018297306254251248,0.7292508856788107,0.6782893544536712,-0.05667602607014901,-0.00771702117604312,0.7325652375644687,22.507172133912476,22.61236733744166,62.15262413024902,1,0.45890233867323715,-0.05964200518766605,0.7254001195407136,0.11896472886610199,0.02576939642673984,0.9923548263841842,0.02037719425318451,0.45868703722953796,-0.05995595455169678,0.7254216074943542,0.11975032836198807,0.028744060546159744,0.9920463562011719,0.026032188907265663,-0.16782954335212708,-0.06934363394975662,-0.09517838805913925,0.0736730620265007,1.5047358274459839,-0.11224700510501862,-0.17501636615085694,-0.0698716412783802,-0.09423509488477433,0.08600795593659871,1.5046257150553424,-0.11284291683270825
77.786493,1785472121.049,-0.019593333825469017,0.09520596265792847,0.35500001907348633,-0.018856213922142376,0.09581560861918137,0.35451770048878284,0.6821845014957182,-0.06843602986575699,-0.05163478774056475,0.7261368083427795,0.6799292250857669,-0.06073632770570114,-0.022144227499537386,0.7304224671787848,21.836931381927265,22.289781614701905,61.428070068359375,1,0.4590298561533325,-0.0594829243262707,0.7253005712850159,0.1217124480420274,0.023695654827404596,0.9921067465521436,0.018676171439513015,0.4587864875793457,-0.059810981154441833,0.7254074215888977,0.11937777698040009,0.027351822704076767,0.9921965599060059,0.023383522406220436,-0.16610465943813324,-0.07237841188907623,-0.09147120267152786,0.0711790919303894,1.4981536865234375,-0.11507096886634827,-0.17164890134651983,-0.06962430292926239,-0.09467636140070611,0.08022835734149168,1.504677309206989,-0.11256369219018955
77.899934,1785472121.183,-0.019209235906600952,0.09482204169034958,0.35500001907348633,-0.018866395223481193,0.09578719542942565,0.35452894877281466,0.6931707871069314,-0.02675630612825144,-0.006904902070137202,0.7202434882116815,0.6803837686525153,-0.06212904950065478,-0.02746366256930321,0.7297010729063136,22.53978595044299,22.332808641115363,22.413253784179688,1,0.4591108773413212,-0.059383261740946075,0.7252242920708172,0.12923367570902725,0.0232730195904396,0.9908292714497032,0.031849308631859814,0.4588990807533264,-0.05965554714202881,0.7253535389900208,0.12047052383422852,0.025643810629844666,0.9921596646308899,0.021176353096961975,-0.18269911408424377,-0.07858011871576309,-0.08274421840906143,0.10350564867258072,1.4858708381652832,-0.13175155222415924,-0.16905108561042986,-0.07091481851220782,-0.09317396098565271,0.0759882641075368,1.5016206070860068,-0.11373849523090367
78.000868,1785472121.216,-0.019155126065015793,0.09532059729099274,0.3540000021457672,-0.018888310041432706,0.09575634146710467,0.35447848246188607,0.6961773012105308,0.003799933031072443,0.034550685791790145,0.7170278766543868,0.6810774917267862,-0.064388192748933,-0.03610621146510357,0.7284805779094682,20.88435370966198,21.770072335397877,23.076295852661133,1,0.4591534990325523,-0.0593680106705462,0.7252074055788976,0.13206567871163544,0.02326111961736042,0.9902915562569341,0.03660888453369657,0.45897912979125977,-0.05953895300626755,0.7252770662307739,0.12401732057332993,0.02464071661233902,0.9916442036628723,0.02557961456477642,-0.18875588476657867,-0.08085072040557861,-0.07944157719612122,0.11530372500419617,1.4813132286071777,-0.13766834139823914,-0.17464008247116702,-0.0740538704064249,-0.08890249018010506,0.08725692273289919,1.4951709192152813,-0.121115019535704
78.033915,1785472121.316,-0.02030417136847973,0.09723478555679321,0.3540000021457672,-0.019024810560048053,0.09596086712809898,0.3544393705470136,0.699629067035997,0.0036062880127503004,0.01383549994546506,0.7143631724734754,0.689920175620773,-0.03440032735226026,-0.014069646938244714,0.7229307116069231,21.361479733795193,21.61210091907264,20.046234130859375,1,0.4591998602028833,-0.0593352529887622,0.7252831056080558,0.13665911107886594,0.023240245312085135,0.9893523394244982,0.044341028768407176,0.45900917053222656,-0.059502143412828445,0.7252489328384399,0.1255197525024414,0.024360962212085724,0.9914053082466125,0.02769402787089348,-0.19865217804908752,-0.08452267944812775,-0.07418930530548096,0.13457845151424408,1.4742677211761475,-0.14745663106441498,-0.17732208026917592,-0.0753452909176611,-0.08710470693930528,0.09258582345936504,1.4925379579997418,-0.12426014921517739
78.11164,1785472121.416,-0.021010681986808777,0.09886889159679413,0.3530000150203705,-0.019115713255837254,0.09618301298880488,0.35437151843715675,0.7018649807595253,0.017009923257393433,0.03680541013102884,0.7111550977665108,0.6935911232217284,-0.020254118121265267,-5.9709073762334586e-05,0.7200841068389007,22.404806553041844,21.749162948976156,21.61550521850586,1,0.458893291335243,-0.05913029083229901,0.7253421820214931,0.14200770158885154,0.007499884685478806,0.9897920204271329,0.0094509638625165,0.4590604901313782,-0.05943319573998451,0.7252126932144165,0.12926921248435974,0.023924287408590317,0.9907556176185608,0.033471256494522095,-0.16034343838691711,-0.09588823467493057,-0.06443379074335098,0.06174197793006897,1.4522117376327515,-0.14390110969543457,-0.18465749486281308,-0.07850141760491963,-0.08266285133274173,0.10702709885100689,1.4862548235561077,-0.13223741752497284
78.237082,1785472121.449,-0.020511871203780174,0.10210464149713516,0.35100001096725464,-0.01936388434714202,0.09785422007422909,0.3538312072891074,0.7085146014799834,0.046361363773202546,0.0836017057865961,0.699191274422329,0.70406165281909,0.03333258613783752,0.060878734951297,0.7067389244705181,22.38712401513083,21.9638409046517,19.138336181640625,1,0.45856026148116746,-0.05899374430482186,0.725444319893505,0.14186785604178473,-0.00018167780174879413,0.9898400507141759,-0.00949486268681472,0.458976149559021,-0.05930981785058975,0.7251917719841003,0.13445787131786346,0.01728784292936325,0.9904869198799133,0.023620091378688812,-0.13857229053974152,-0.09916265308856964,-0.061750978231430054,0.020381202921271324,1.447091817855835,-0.1385580450296402,-0.17470061449271407,-0.08562147284788363,-0.07519810440989884,0.0884823787747949,1.472313839439634,-0.1370138177394974
78.315369,1785472121.616,-0.01975233294069767,0.10172504931688309,0.35100001096725464,-0.01938816429351258,0.0983170557128944,0.353544938452956,0.7086546758447276,0.06658202781205616,0.10292782053317619,0.6948246165300485,0.7063338046607883,0.047888171943517494,0.0792935344648344,0.7017918600079351,21.94910871820806,21.959475984383214,21.300315856933594,1,0.4560543294562058,-0.058620082802412946,0.7262568545725028,0.1350503540634318,-0.029577142464626546,0.9866000977036937,-0.08664203207468651,0.45873701572418213,-0.05915442481637001,0.7251620292663574,0.13780303299427032,0.009206495247781277,0.9903839826583862,0.008074596524238586,-0.04870617017149925,-0.1080186516046524,-0.04957153648138046,-0.1513555645942688,1.4435477256774902,-0.11097326129674911,-0.15777233189152878,-0.09196635386110517,-0.06889692784339375,0.056572974812212566,1.4604958342283505,-0.13773737615276221
78.438614,1785472121.683,-0.020074747502803802,0.10257077217102051,0.3500000238418579,-0.019449017894692878,0.09918973115672129,0.35299364386145726,0.7096596761993769,0.07454445769923604,0.11018663158761795,0.6918707784133514,0.7086372297203707,0.06401351169935317,0.0980476413500961,0.6957889097994006,23.054402920248723,22.353213977526472,62.14761734008789,1,0.45536040006994594,-0.05858347397880266,0.7266867652959587,0.13167278882521022,-0.038293124390557876,0.9845647530397659,-0.10875734632265477,0.457642525434494,-0.05894587188959122,0.7244512438774109,0.13587243854999542,-0.001126282848417759,0.990570068359375,-0.017560668289661407,-0.023049717769026756,-0.10889621824026108,-0.0459674671292305,-0.20072512328624725,1.4467486143112183,-0.1039426252245903,-0.1282153952549978,-0.09631654959864991,-0.06365950759435798,0.00022434747825999038,1.4559028968110674,-0.13048429917371926
78.547047,1785472121.816,-0.02045343443751335,0.10294928401708603,0.3500000238418579,-0.01952314840962421,0.09969922561225669,0.35262960320482517,0.708430492777855,0.08533879602781949,0.1205253289259763,0.690157352987225,0.708318250648647,0.06786488674221612,0.10276549156335901,0.6950675267117923,22.20901244522997,22.211656370626642,55.29928207397461,1,0.45405202952620427,-0.058491854322965664,0.7275146860793962,0.12902902697683016,-0.04794569263533835,0.9816340459196923,-0.13208830624421541,0.4562746584415436,-0.05879716947674751,0.7242163419723511,0.13279327750205994,-0.016248760744929314,0.9894902110099792,-0.05487308278679848,0.003894664580002427,-0.11197954416275024,-0.039671219885349274,-0.25249946117401123,1.4492841958999634,-0.09757839143276215,-0.08514900823351865,-0.10146807665361683,-0.056414164522241836,-0.08206646954428357,1.4521541265845543,-0.11961521625754369
78.705028,1785472121.916,-0.019696058705449104,0.10219226777553558,0.3500000238418579,-0.01957421156607623,0.10003281191340468,0.3523080433299226,0.7125155792088872,0.08144322903472552,0.1160872206100662,0.687177056543691,0.7092382873583769,0.07106012598563838,0.1043158246264779,0.6935774787090189,22.58240287853972,22.268069858874895,63.02356719970703,1,0.45328825678918994,-0.05838052234355812,0.728061375064226,0.12818544111421137,-0.04917504329404779,0.9808706606795468,-0.1379965753975551,0.45478758215904236,-0.058685820549726486,0.7250913381576538,0.12982429563999176,-0.03278080374002457,0.9864163398742676,-0.09515180438756943,0.011157543398439884,-0.11315096169710159,-0.038362883031368256,-0.2660350799560547,1.4516081809997559,-0.09338270127773285,-0.03869467683958096,-0.106951992894075,-0.04767880243454701,-0.17098189666617475,1.4506568748496182,-0.10811853296326822
78.811347,1785472122.05,-0.02045343443751335,0.10332779586315155,0.3500000238418579,-0.019639276239326656,0.10043423649071666,0.3520765947951021,0.7077773178420238,0.0725843631744129,0.09939758256789233,0.6956312954076856,0.7097337642104415,0.06788743647426157,0.0981132530835499,0.6942932157798993,22.44193801201976,22.332922913879738,59.91649627685547,1,0.45278827248684694,-0.05830396036918607,0.728544129665611,0.12923630632583008,-0.05134982814980253,0.9801855064704413,-0.14105865865492423,0.4539315402507782,-0.05855656787753105,0.7262645363807678,0.1288253366947174,-0.04069891199469566,0.9840724468231201,-0.11553838104009628,0.014608742669224739,-0.11573874950408936,-0.035922132432460785,-0.2724687159061432,1.4495863914489746,-0.09429129213094711,-0.01499089583708196,-0.11011540380682415,-0.04306917526161179,-0.21616329738662837,1.4509004389529425,-0.10130478255285984
78.934779,1785472122.183,-0.01975233294069767,0.10362301021814346,0.35100001096725464,-0.019648167983886886,0.10080704328631185,0.35191122325470797,0.7040885672572191,0.04580289733855493,0.05541527387017975,0.7064633971232785,0.7083341593510507,0.05469740653923264,0.07608922602437432,0.6996294319833423,22.95972352324927,22.45220948824381,67.10290908813477,1,0.4521864574318691,-0.058206174903079166,0.7288918070714391,0.1316240974142261,-0.05012725821498511,0.9808385863074647,-0.13460320417476287,0.45350590348243713,-0.05847792699933052,0.7269673943519592,0.1288677453994751,-0.04436714947223663,0.9828370809555054,-0.12432220578193665,0.007127993740141392,-0.11865980178117752,-0.03542984277009964,-0.2575829029083252,1.4463684558868408,-0.0988839641213417,-0.004811610217880265,-0.11204930103102141,-0.04061102305812729,-0.23552673904471053,1.450448538016328,-0.09889284163959564
79.012831,1785472122.317,-0.019372563809156418,0.10248424112796783,0.35100001096725464,-0.019631697949434156,0.10090851619239391,0.35185656973399965,0.7036575095690826,0.022118167759014876,0.0413229703925208,0.7089917545359463,0.706955907410176,0.043802486481488746,0.06446763629881591,0.7029499349355809,22.19657524241937,22.377155338252926,68.75801086425781,1,0.45162742779060633,-0.058192589546064405,0.7291402575896908,0.13865543186904222,-0.041441332074846134,0.9832316559392142,-0.11096304775961319,0.45304879546165466,-0.05838263779878616,0.7276197671890259,0.12980417907238007,-0.046349454671144485,0.9821680188179016,-0.1278616338968277,-0.020779721438884735,-0.12391436845064163,-0.03570307791233063,-0.20403392612934113,1.4368559122085571,-0.10768737643957138,-0.0007056065505646191,-0.11432267489900447,-0.03882899168222369,-0.24311186051092082,1.4490453977719973,-0.09888978749767674
79.137794,1785472122.383,-0.019921155646443367,0.10297733545303345,0.3540000021457672,-0.019644623179996736,0.10099584904161152,0.35216760332721614,0.6964198612563997,-0.003181425772670635,0.006295084971404613,0.7175999075270794,0.703270832316822,0.025165201189305788,0.041399367882631134,0.7092693010418716,23.16764631220221,22.612494864636982,21.401405334472656,1,0.4514752525478157,-0.05821724127122212,0.7292223172204149,0.13964582921209906,-0.03568171148741589,0.9849096116200072,-0.09580665314851933,0.4523679316043854,-0.05830546095967293,0.7282823920249939,0.13389000296592712,-0.04406844079494476,0.9827268719673157,-0.11991345137357712,-0.03856215253472328,-0.12300675362348557,-0.03984019160270691,-0.1700514405965805,1.438449740409851,-0.11361794918775558,-0.010111565020777822,-0.11881698659049232,-0.0373639548421232,-0.22480155318908834,1.4433339046058773,-0.10301197509979713
79.246243,1785472122.45,-0.02030417136847973,0.09953179955482483,0.3540000021457672,-0.019713070298156075,0.10093187930339154,0.3525266672217885,0.6840277434514518,-0.022727329416148283,-0.014074498852267709,0.728965995893075,0.6947488003546244,0.001728205564485846,0.01365670812478678,0.71912072146096,21.598801781012217,22.676154585351295,70.71328163146973,1,0.45134395342268396,-0.05819728282896272,0.728755875193066,0.14350730236424294,-0.02404348375920584,0.9870236519154488,-0.06791079160449812,0.45191776752471924,-0.05827867239713669,0.7286303639411926,0.13647514581680298,-0.04014170542359352,0.9838548898696899,-0.10859459638595581,-0.07138057053089142,-0.12354549765586853,-0.04216883331537247,-0.10757716000080109,1.4361701011657715,-0.12179379165172577,-0.023442384402270273,-0.12078018136357305,-0.038523807394704845,-0.19914790602497445,1.4410453855143515,-0.10798149754482114
79.340607,1785472122.584,-0.019921155646443367,0.09723478555679321,0.3540000021457672,-0.01975381887158998,0.09998148645030704,0.35286968709919025,0.6894606699483163,-0.019466101581767037,-0.010091432988354675,0.7239911729184746,0.6900244755409198,-0.01095786765229845,-0.0033387397696228805,0.7236953786696058,22.805939198312306,22.402682488730193,62.422752380371094,1,0.4514396321421428,-0.05809417014488212,0.728217314711296,0.14715069740397743,-0.00549574693326622,0.9885036280391064,-0.03430810943046292,0.45163601636886597,-0.058275025337934494,0.7284477353096008,0.13862459361553192,-0.03461900353431702,0.9852116107940674,-0.09456705302000046,-0.10990217328071594,-0.12258319556713104,-0.044417206197977066,-0.03417527675628662,1.4363560676574707,-0.12159033119678497,-0.03992836048648276,-0.12173120798292476,-0.039776995122104565,-0.16765673402063827,1.4393687752268747,-0.11273154358610687
79.418791,1785472122.717,-0.021129723638296127,0.09750946611166,0.35500001907348633,-0.019856948436953858,0.09971135917709219,0.35305319240599115,0.6758406881223663,-0.046375989430557985,-0.05035736360797689,0.7338615453974117,0.6848373405486763,-0.024686691113755044,-0.021559150029228348,0.727958506593671,21.142469855018856,22.026411070390417,24.419784545898438,1,0.452864924623825,-0.0580337940545219,0.7277018752878412,0.15044834370123494,0.004355441937485118,0.988499219983253,-0.014683940056570512,0.45138874650001526,-0.05823919177055359,0.7278911471366882,0.14106382429599762,-0.024619150906801224,0.986939549446106,-0.0737917423248291,-0.13233482837677002,-0.12068438529968262,-0.04488745331764221,0.009246747009456158,1.4330135583877563,-0.12339069694280624,-0.06399237235669832,-0.12202423361012878,-0.04137249604538883,-0.12175246441826215,1.4383327050937567,-0.11577807898873238
79.529017,1785472122.784,-0.019977431744337082,0.09597378969192505,0.35500001907348633,-0.0198634248376773,0.09921216904431886,0.35319370550857476,0.6842829862201727,-0.032773216398355544,-0.03485003820392704,0.727645645828857,0.684668759610967,-0.02741731521280256,-0.026046646171042805,0.7278726211793808,22.493868072573424,22.16383493941853,23.10037612915039,1,0.4532700639742732,-0.05787918603369979,0.7274264929609029,0.153819780770758,0.014577802922108462,0.9879698961065627,0.006515143343632034,0.45172521471977234,-0.05812394246459007,0.7272176146507263,0.14404648542404175,-0.013688377104699612,0.9881474375724792,-0.051263533532619476,-0.1566443294286728,-0.12087695300579071,-0.043113045394420624,0.056312195956707,1.4307833909988403,-0.12645883858203888,-0.08992628802960884,-0.1215827322040916,-0.04240369232290367,-0.07199529072714268,1.4362804338026716,-0.11870287141255983
79.607964,1785472122.917,-0.020361529663205147,0.09789338707923889,0.35500001907348633,-0.019905351347517343,0.09894874695709004,0.3534050548390576,0.6829754520778789,-0.034132425798609645,-0.03641925470338879,0.7287339344746948,0.6841928163443328,-0.0319398504594094,-0.032401092339323395,0.7278806256733718,21.791359882036,22.0287503860101,50.48847198486328,1,0.4543370718752106,-0.05783755755014697,0.7270424179531291,0.15605151050015084,0.016278472166191972,0.987458051187747,0.017593594261908513,0.45200464129447937,-0.058022674173116684,0.7268841862678528,0.14630764722824097,-0.006065569818019867,0.9885818362236023,-0.03554339334368706,-0.1698344200849533,-0.11967214196920395,-0.04225381836295128,0.08235474675893784,1.4281951189041138,-0.1360635906457901,-0.10800688588894584,-0.12139148601527124,-0.0425957298911078,-0.03722396107571984,1.4347907352028333,-0.12080473714927648
79.733065,1785472122.984,-0.021129723638296127,0.09597378969192505,0.35500001907348633,-0.020025158873675102,0.09853694451073047,0.35356069715694766,0.6827502278134594,-0.029649706819026768,-0.021105905062559233,0.7297448609464168,0.6830747828583185,-0.03386278438552997,-0.03275482778041757,0.7288273280508871,22.67582482527405,22.29116499143274,61.731815338134766,1,0.45441368673938176,-0.05780706863090318,0.7268979925091016,0.1565112733619405,0.017045929182527314,0.9873455153329572,0.019039195382824687,0.4528154730796814,-0.057880502194166183,0.7265379428863525,0.14983980357646942,0.003028788836672902,0.9886108040809631,-0.013696550391614437,-0.17143593728542328,-0.11991828680038452,-0.041500274091959,0.08560366928577423,1.427264928817749,-0.13614600896835327,-0.13332588114026955,-0.12068741257022822,-0.04245556497380626,0.011744718826713643,1.4320897643723445,-0.1270533891061198
79.855157,1785472123.117,-0.020361529663205147,0.09635771065950394,0.35500001907348633,-0.020057062238496643,0.09818585957821853,0.35368837936406883,0.6872750966762268,-0.02574481846833751,-0.01683634597993635,0.7257456050605883,0.6843131734059233,-0.03102574744370856,-0.026884896008574764,0.7280316518292883,23.59736595545653,22.758604332671663,57.663679122924805,1,0.4550313890521731,-0.05762767076988068,0.7266642845158917,0.15539930757147166,0.018717859273893956,0.9874631502228184,0.020426059398167065,0.45341476798057556,-0.05781884118914604,0.726530134677887,0.15239913761615753,0.00874321535229683,0.9882803559303284,-0.0002542240545153618,-0.17189162969589233,-0.11743410676717758,-0.043467678129673004,0.08761800080537796,1.429275393486023,-0.13312385976314545,-0.14893232988607794,-0.12037248495504163,-0.0420639980804958,0.041990707445019426,1.430113945964382,-0.13077690501149744
79.932309,1785472123.251,-0.020361529663205147,0.09674163162708282,0.35500001907348633,-0.02007063008401648,0.09811807465966403,0.35374438276921305,0.688483030767041,-0.035839567595920496,-0.03765651885094134,0.7233869146787186,0.6851606160587029,-0.031993209592080143,-0.029049124969193107,0.7271090104520643,23.293893142950445,22.916043631123074,18.78952980041504,1,0.45555792799375133,-0.05758009019161753,0.726472449866292,0.1532304132565188,0.016279130873577238,0.9879483149944833,0.014613598146876603,0.45395177602767944,-0.05773951858282089,0.7265211343765259,0.15337735414505005,0.012170162983238697,0.9880688786506653,0.006865288130939007,-0.1644890308380127,-0.1148206889629364,-0.04630768299102783,0.07400290668010712,1.4317686557769775,-0.13071209192276,-0.15682803308412666,-0.11936198522675937,-0.042546639538675275,0.05768193661452389,1.4298255677670744,-0.13158402207121944
80.009411,1785472123.317,-0.020745625719428062,0.09597378969192505,0.35500001907348633,-0.020088800339354413,0.098045470015246,0.35377224421792003,0.6836396535296851,-0.047873860295518045,-0.05087309273366717,0.7264687509163275,0.6849704475163014,-0.0343054589012943,-0.032226053047020684,0.7270489000224812,22.70866148218774,22.879475354753456,24.068355560302734,1,0.45565956609270675,-0.05755974548135487,0.7263883955305185,0.15413269945166302,0.015410431916587291,0.9877840626141982,0.01697866877224369,0.45450112223625183,-0.05768169090151787,0.726499080657959,0.1533210426568985,0.01358400471508503,0.9880371689796448,0.009530426934361458,-0.16761057078838348,-0.11524563282728195,-0.045333318412303925,0.08015917986631393,1.4303995370864868,-0.1355896145105362,-0.15946264953378997,-0.11780024603661444,-0.04383993787714748,0.06329472263149868,1.43049379573368,-0.13128416429359877
80.123443,1785472123.351,-0.020361529663205147,0.09635771065950394,0.35500001907348633,-0.020106660456406827,0.09793663306626316,0.3538474316294306,0.6814262348562599,-0.050658721725891746,-0.05413020039504251,0.7281221750282796,0.6839009427799831,-0.039503739767499844,-0.03918768513069248,0.7274498473043551,24.795792951978317,23.62560814290208,19.245147705078125,1,0.4557684685070038,-0.05753254473902779,0.7263465559226211,0.1547900197363543,0.01612692870701555,0.9875970322052708,0.020786388330810243,0.45481428503990173,-0.057645414024591446,0.7264614701271057,0.1535322517156601,0.014078582637012005,0.9879757761955261,0.011551512405276299,-0.17214499413967133,-0.11522688716650009,-0.044881027191877365,0.08901970833539963,1.4300512075424194,-0.1386217474937439,-0.16167073165412482,-0.11710796705200197,-0.0442444344770217,0.06786499805626703,1.4304682516402907,-0.1324509396169302
80.193705,1785472123.451,-0.020361529663205147,0.09443812072277069,0.35500001907348633,-0.02011024351095239,0.09730451697741963,0.353939987503901,0.6684208437775155,-0.08756723864199246,-0.09594271128541808,0.732352750026634,0.6781188169095802,-0.06130612178377813,-0.06492513830194563,0.729507474945567,25.0639368418096,24.17825690818047,64.06116485595703,1,0.45593167071256363,-0.057505787481201026,0.7262336900000977,0.15610892808470794,0.018538774419769036,0.9871371901914685,0.029094400769719756,0.45513811707496643,-0.057602714747190475,0.7264103889465332,0.15394920110702515,0.014780539087951183,0.9878583550453186,0.014730340801179409,-0.18195584416389465,-0.11522594839334488,-0.04370088502764702,0.10805737227201462,1.429491400718689,-0.14343366026878357,-0.16527282278895047,-0.11646109455395064,-0.04446305337804916,0.07514011430657506,1.4303248301750329,-0.13457307797258117
80.332858,1785472123.584,-0.020418884232640266,0.09316413849592209,0.35600000619888306,-0.02011389245931222,0.09689379117099226,0.35415894266389697,0.6517411656247994,-0.1194139691994643,-0.13498364954616737,0.7367178369940929,0.6654657585018935,-0.0944248566814291,-0.10751613055891844,0.732584160606704,23.809452882841832,24.025845997978656,65.48810005187988,1,0.45687975466383357,-0.05750110825405219,0.7260942166098994,0.15904451013527554,0.029397980374253348,0.9849213289056659,0.06140503572543986,0.4555386006832123,-0.05754419043660164,0.7262842059135437,0.15503214299678802,0.0167371928691864,0.9875174164772034,0.022233348339796066,-0.2191786766052246,-0.11193114519119263,-0.04204447939991951,0.18051251769065857,1.4331291913986206,-0.1580142080783844,-0.17397639451534677,-0.11581675359330143,-0.04406504595900981,0.09231316538842207,1.429890027444027,-0.13919566806825892
80.455413,1785472123.684,-0.02157442271709442,0.09277915209531784,0.35600000619888306,-0.020235266709494406,0.09645392485534265,0.35426988729406067,0.6350806235369291,-0.1659604461066479,-0.19073788700342928,0.7298964244312304,0.659642850883931,-0.10528111987881564,-0.11944983716302612,0.7345195242309825,24.964951778124547,24.305691381210483,28.00297737121582,1,0.45749562468441646,-0.057495853912432865,0.7257653703983614,0.16550434447635537,0.04905937897629194,0.9785416035943044,0.11250697457935535,0.4558405876159668,-0.05749272555112839,0.7260500192642212,0.1558838188648224,0.0201661866158247,0.9870221614837646,0.03287601098418236,-0.27730461955070496,-0.11089909821748734,-0.03008110262453556,0.2947309911251068,1.4359716176986694,-0.1761959344148636,-0.18622620790504685,-0.11476376552522917,-0.043517355706127615,0.11621519540777593,1.4307678408757218,-0.14429549140624756
80.50414,1785472123.751,-0.022407548502087593,0.09188152104616165,0.3570000231266022,-0.020514855921882614,0.09576470374041784,0.35458720631126733,0.6305163392032039,-0.17050796932639392,-0.20883632342563727,0.7278485889331945,0.6443243040784268,-0.1421513170620307,-0.16993629005377586,0.7319568645447214,24.205518757126473,24.267020246960193,20.804643630981445,1,0.45815547038239574,-0.05731420836271037,0.7255986825513161,0.16605249152729532,0.05707541003532208,0.9761598743638175,0.12759650194614894,0.45604145526885986,-0.057307541370391846,0.7252254486083984,0.15757101774215698,0.027958910912275314,0.9856009483337402,0.054594118148088455,-0.292667418718338,-0.10869420319795609,-0.02746209315955639,0.3266797661781311,1.4386799335479736,-0.17518983781337738,-0.210908447444549,-0.11371645725148002,-0.039875967901379004,0.16459298526693847,1.4321780643947406,-0.1529405099634901
80.565686,1785472123.851,-0.023566333577036858,0.09149544686079025,0.3570000231266022,-0.0208545425382125,0.09533978251948205,0.35475445885647267,0.6306917005969672,-0.1554701455570632,-0.15935365413568728,0.7434133611606498,0.6387172537478913,-0.14768611687852334,-0.16555937242634838,0.73676263127814,23.91505020802988,24.16252028049646,22.097349166870117,1,0.459189345906665,-0.056895265946850626,0.7251224106503368,0.17471156242780372,0.07613768033133458,0.9636535806478268,0.18721832199980182,0.4565425515174866,-0.05709638446569443,0.7246506810188293,0.1596778780221939,0.03796078637242317,0.9832028746604919,0.07983814179897308,-0.3568658232688904,-0.10782840102910995,-0.003296859795227647,0.46049830317497253,1.4427281618118286,-0.20317095518112183,-0.23902533759815897,-0.1119893291947651,-0.03560658998915838,0.2203346450111672,1.4344140571965374,-0.16059205138211052
80.674647,1785472123.918,-0.023180073127150536,0.09188152104616165,0.3570000231266022,-0.021140441981320434,0.09489969461797652,0.35500564337140833,0.6298933916875018,-0.15861548082548477,-0.1630673767486426,0.7426200071309902,0.6324184523585072,-0.16035976871462587,-0.17081894914559317,0.738344453698311,24.71722411695968,24.225022922189424,55.10854721069336,1,0.45982700381285857,-0.05638604996648884,0.724871595969353,0.16755911807830196,0.08339290220165615,0.9643584259742664,0.18703580422914287,0.45712506771087646,-0.05637126415967941,0.7232078313827515,0.16381148993968964,0.05345828831195831,0.9771747589111328,0.12424739450216293,-0.35196948051452637,-0.10128172487020493,-0.011337047442793846,0.4529631733894348,1.4521878957748413,-0.1808418333530426,-0.28728215945213487,-0.11028541654027839,-0.022375152214086362,0.3186840841524695,1.4378187661775452,-0.17802853497435145
80.799454,1785472124.051,-0.023632345721125603,0.09213888645172119,0.3580000102519989,-0.021443108851053133,0.0946513767301241,0.35544912173083965,0.6322027243980324,-0.14998747831767809,-0.16426820873795117,0.7421855746439932,0.6322261710516686,-0.15576038224711733,-0.16813780042817425,0.740107054436555,24.77929252607431,24.382575728325783,61.25783920288086,1,0.46048725543834734,-0.05595741161655625,0.7244947891745278,0.1620121456918082,0.09083649437306607,0.9622650124840734,0.1988638772813567,0.45808887481689453,-0.05614105239510536,0.7233681082725525,0.1648547202348709,0.06579748541116714,0.972612202167511,0.1500636488199234,-0.3606957793235779,-0.0939895287156105,-0.014070335775613785,0.47339487075805664,1.464569330215454,-0.17200928926467896,-0.31377222726147586,-0.10659834080555386,-0.017854688040140152,0.37367272924529876,1.4437030684389338,-0.1791806055797756
80.97865,1785472124.185,-0.022082971408963203,0.09291321784257889,0.3580000102519989,-0.021540171206543297,0.09444750349388527,0.35573903296193443,0.6415038471424637,-0.1390793854358949,-0.159843559650279,0.7372786278514524,0.6360393388437265,-0.1488662420942982,-0.1648800239544713,0.7389907841838964,24.971966334011473,24.67257528741748,62.352895736694336,1,0.46085967833647296,-0.05550308824837166,0.7238297620297813,0.16338361864014023,0.0914005272309252,0.9630704578708574,0.19351235091946767,0.45930424332618713,-0.05585747957229614,0.7235944271087646,0.16328613460063934,0.07902604341506958,0.9677074551582336,0.17502820491790771,-0.35386303067207336,-0.0965195819735527,-0.012127077206969261,0.4620884954929352,1.45672607421875,-0.16590054333209991,-0.33756906111275875,-0.10027332458533555,-0.0156857185192441,0.42456745784401967,1.4538047362934854,-0.17482842854939612
81.046469,1785472124.318,-0.022857658565044403,0.09175173193216324,0.3580000102519989,-0.021623974808496538,0.09416245356429415,0.35590874726282484,0.6394806571545515,-0.10811680797315759,-0.12688952405009288,0.7505160182469255,0.6375823837203473,-0.1359249612326755,-0.1533087640293053,0.7426368774543736,22.57381323886812,23.98394442659542,57.930707931518555,1,0.46116532028524715,-0.055357338003638415,0.723394829640138,0.1661425405880792,0.08685082323874377,0.9643291535762863,0.18687662848129039,0.45983052253723145,-0.05571550130844116,0.7236428260803223,0.16330726444721222,0.0832882896065712,0.9661734104156494,0.181391179561615,-0.3474079370498657,-0.09933683276176453,-0.010357830673456192,0.4501999318599701,1.4486610889434814,-0.1706354022026062,-0.34317252429965883,-0.09898243292997523,-0.014461704802041918,0.437470950142204,1.454809384405984,-0.1717581261591389
81.169749,1785472124.418,-0.021308284252882004,0.09252605587244034,0.3580000102519989,-0.021623978004915865,0.09400846075068123,0.35609604769598496,0.6588540674267898,-0.08314605806619908,-0.10492236427227265,0.7402630264566399,0.6469429894413916,-0.11223051274775414,-0.13125356383532216,0.7427257787377107,21.332554917490274,22.89514062051778,58.805227279663086,1,0.4615928322338685,-0.05523175873048092,0.7231400902784173,0.1672668620508945,0.08554620739664397,0.9674686299131777,0.16943462867317396,0.4603760838508606,-0.05556695908308029,0.723539412021637,0.16446886956691742,0.08474094420671463,0.9654248356819153,0.1836404949426651,-0.32806047797203064,-0.10294535756111145,-0.012930850498378277,0.41202643513679504,1.4370813369750977,-0.15543213486671448,-0.3449068863587106,-0.09912761360577513,-0.012780641349573496,0.4426836115775015,1.4522915959311344,-0.17129835288069278
81.262862,1785472124.552,-0.021695628762245178,0.09446186572313309,0.3580000102519989,-0.021627848119087877,0.09405591624852029,0.3561778341406658,0.6624558730407535,-0.08326567404530004,-0.10372090781631908,0.7371980853755342,0.6526863986896064,-0.10179133895370676,-0.12133585843399283,0.7408890589944557,20.92254457290113,22.309731158596456,25.46238899230957,1,0.46182363046130737,-0.05523168189675087,0.7228589827191628,0.16890422535241326,0.07388872592983209,0.9730713363316496,0.13836182005273412,0.46086788177490234,-0.05542278662323952,0.7233399748802185,0.1655515432357788,0.08509442210197449,0.9662991166114807,0.1778135895729065,-0.29511559009552,-0.1077292338013649,-0.01792893372476101,0.3458654284477234,1.422694206237793,-0.1474888175725937,-0.3380080581353632,-0.10069105169218943,-0.012841830321909454,0.43012920257165854,1.4460628427860478,-0.16480097360556
81.371738,1785472124.618,-0.02092093974351883,0.09291321784257889,0.3580000102519989,-0.021447403165255292,0.09397609489645202,0.35632875302304046,0.6827143203588579,-0.04302731756619782,-0.05673018044661343,0.7272080124328216,0.6722131041914752,-0.06713225054484914,-0.08317848625948757,0.7326009438388847,21.04795024287487,21.777102796109773,59.177398681640625,1,0.46175236901129946,-0.055225694490996916,0.722736357224065,0.16950855537523749,0.06629130478160761,0.9753285410770558,0.12492617630206238,0.46113914251327515,-0.05529696121811867,0.7229631543159485,0.166426420211792,0.08133193850517273,0.9688706994056702,0.1642463654279709,-0.2811371982097626,-0.10965157300233841,-0.019591394811868668,0.3178454637527466,1.4177117347717285,-0.149270161986351,-0.32325728148909455,-0.1031115167309869,-0.014590961119553074,0.4011509045493746,1.4380263686771029,-0.15884731893800455
81.511606,1785472124.752,-0.019703717902302742,0.09458408504724503,0.3570000231266022,-0.02120771533236747,0.09399360410553613,0.356416247608073,0.7011200767241086,0.0009660033238638012,0.0009824292022878405,0.713041891956441,0.6917040513700545,-0.026732267128814297,-0.03178307502067887,0.720985941162958,23.59090200202093,22.594979781473857,27.484893798828125,1,0.4618717097882493,-0.055496245458353785,0.7225096333501132,0.16763485447525311,0.03858313115642322,0.9820745943653021,0.07706742929055348,0.4613955318927765,-0.05519924312829971,0.7226182222366333,0.16777928173542023,0.07357191294431686,0.9725105166435242,0.14373816549777985,-0.23014602065086365,-0.11177479475736618,-0.028544042259454727,0.21572093665599823,1.4085302352905273,-0.15401634573936462,-0.3012830365626108,-0.10652352762326157,-0.017199293609563446,0.3576902205240822,1.427428161193304,-0.15385088153943519
81.635636,1785472124.885,-0.018825137987732887,0.09597378969192505,0.35500001907348633,-0.02081030890561094,0.09428794030116769,0.35623362478160525,0.7054027738848864,0.0011608503227706663,0.011433257523861696,0.7087135243837451,0.7012896100864157,-0.003961208464883731,-0.001209610701930473,0.712864453072455,23.141103461602643,23.037618477111753,20.32756805419922,1,0.4618450415010048,-0.05585562566122429,0.722378058392973,0.1599192853366087,0.006406137471367439,0.986971555867616,0.016490345308195545,0.46130847930908203,-0.05514388903975487,0.7215293049812317,0.16601532697677612,0.05225710570812225,0.9793336391448975,0.10302301496267319,-0.16284224390983582,-0.11077532172203064,-0.038174308836460114,0.08250252902507782,1.407436490058899,-0.15046529471874237,-0.25744023475657024,-0.10916321907992635,-0.024080550504907976,0.27030258709271426,1.4174596801430925,-0.15358209585055985
81.733077,1785472125.019,-0.018878167495131493,0.09701414406299591,0.35600000619888306,-0.020680849181099328,0.09460369369583814,0.3562209053675366,0.7032239058458852,0.0030688264277883783,0.0031025647068333288,0.7109550581038534,0.7019783962283089,-0.0014798536152124159,0.0003124459287587008,0.7121966327072535,23.10436313814742,23.057191932579748,59.29112434387207,1,0.4614032007376924,-0.05645161547543116,0.722651710714564,0.15409997166238415,-0.01201132233633209,0.9878055379619803,-0.018685449981946364,0.4611648917198181,-0.05520905181765556,0.7208715081214905,0.16306127607822418,0.036538250744342804,0.9832040667533875,0.07338757812976837,-0.12426664680242538,-0.10998959094285965,-0.041420646011829376,0.004895892925560474,1.4105305671691895,-0.1486063003540039,-0.22490793513150628,-0.10971766768581818,-0.02892695081235889,0.2057181771897498,1.4140127050731384,-0.1525102236281678
81.821957,1785472125.085,-0.01844104193150997,0.09712554514408112,0.35500001907348633,-0.02051484094639801,0.09485401902222976,0.35611924040981985,0.7053635686902067,-0.006978003909970069,0.003255972826655191,0.7088038812443119,0.7030033290784478,-0.0031371189272001946,0.001199687560664045,0.7111786263233825,22.398965461882838,22.861392507029137,23.179292678833008,1,0.46092941357997674,-0.05664540844205303,0.7226709223723745,0.15473231636691734,-0.013387672742679843,0.9876350994484259,-0.021344573731068853,0.46086394786834717,-0.055482663214206696,0.7204022407531738,0.15901526808738708,0.019807448610663414,0.9861892461776733,0.04186394065618515,-0.1220351979136467,-0.11204309016466141,-0.03929688408970833,-0.0004672670620493591,1.40846848487854,-0.14914746582508087,-0.19029739759939338,-0.10981119239016052,-0.03322343029588755,0.1366553990780608,1.4128151978479702,-0.15116766356025338
81.898211,1785472125.152,-0.018825137987732887,0.09750946611166,0.35500001907348633,-0.020355576674777134,0.0953331681213426,0.35603515820943493,0.7050502755925203,0.013062957427308257,0.013134568060767026,0.7089153342621531,0.7035822653546708,0.005902299631362248,0.008225633482523894,0.7105416931407067,23.219608744951408,23.031395720904776,60.24599075317383,1,0.46055381101441567,-0.05689424048446698,0.7228234319700164,0.15300029078394853,-0.014767799403988617,0.9879022519543879,-0.020541755140200315,0.4607064425945282,-0.05583145469427109,0.7206730246543884,0.1570974439382553,0.008375126868486404,0.9873416423797607,0.020168082788586617,-0.12375045567750931,-0.11070176213979721,-0.0414801724255085,0.0016189971938729286,1.412995457649231,-0.15364892780780792,-0.1668220012916706,-0.11057879222286236,-0.03531160625776017,0.08949893835678886,1.4113203632577833,-0.1504729134199018
82.022664,1785472125.285,-0.019209235906600952,0.09789338707923889,0.35500001907348633,-0.020251645928540046,0.09561363724181082,0.355915636410561,0.7090344245047695,0.001914701083494963,0.0019042619418109523,0.7051686979534814,0.7049318233379346,0.0049368579957395796,0.006399878487808958,0.7092290133898402,23.071262158842362,23.08021328954109,58.8834285736084,1,0.45983496395693974,-0.057132630010283236,0.7229498107875763,0.15417449066378575,-0.017365972444211047,0.9873838445078406,-0.0316511142702095,0.4605526030063629,-0.05630796030163765,0.7214523553848267,0.15500468015670776,-0.00250915065407753,0.9879099130630493,0.0011143321171402931,-0.11169108748435974,-0.11508959531784058,-0.03684351220726967,-0.023047251626849174,1.4074660539627075,-0.14672991633415222,-0.14664040172688309,-0.11063647010820667,-0.03820137326667175,0.04832202243118942,1.4121052438107455,-0.15196105881323607
82.115173,1785472125.419,-0.019538139924407005,0.09800045192241669,0.3540000021457672,-0.02023083267723739,0.09570295158490992,0.3558253674131881,0.6996674164147185,0.0008517251339236858,0.010967592944021958,0.714383995395238,0.7043537260351199,0.004485814573390252,0.006904257969865369,0.7098014069512274,23.565188714863776,23.163849321221104,24.175167083740234,1,0.45941424559332456,-0.057288332441191386,0.7231292272985961,0.15486300273446535,-0.018902022151848184,0.9873168432047559,-0.029421336931409258,0.46020638942718506,-0.05663565546274185,0.7219189405441284,0.15452221035957336,-0.00858940090984106,0.9878754019737244,-0.012301448732614517,-0.11536601185798645,-0.1163020133972168,-0.03609388694167137,-0.016784239560365677,1.4070490598678589,-0.15355202555656433,-0.13232830426473313,-0.11246011655328013,-0.037644857586913764,0.019095604863209728,1.4102054491760756,-0.14981884995717015
82.224327,1785472125.452,-0.01877211034297943,0.09838329255580902,0.3540000021457672,-0.02005356020482084,0.09602493743775019,0.3555321225618462,0.7015925068348535,0.0008197449128538849,0.010903872515845943,0.7124944827404784,0.7029656278023868,0.0018695179471243685,0.007019214481986924,0.7111867277017319,22.57583734392243,22.743117317916273,56.01620674133301,1,0.45928033876121543,-0.05731956716251578,0.7232646913406799,0.15417666145311143,-0.018119554221495297,0.9874344387312122,-0.029571405539183856,0.4598694443702698,-0.056899286806583405,0.722376823425293,0.15463943779468536,-0.01281186006963253,0.9876990914344788,-0.019311826676130295,-0.11503240466117859,-0.11578172445297241,-0.037094682455062866,-0.017615284770727158,1.4088761806488037,-0.15164420008659363,-0.12538207791993547,-0.1140334611267499,-0.03700924042937485,0.004402461578636389,1.408912876190468,-0.15134761887831372
82.302176,1785472125.619,-0.019538139924407005,0.09800045192241669,0.3540000021457672,-0.020022538805428303,0.09612427540975801,0.3554456287241436,0.6976732972159532,-0.001834128175907964,0.008297444015720324,0.7163656599450176,0.7021964234084066,0.001329074804562528,0.007205769705311203,0.7119455691241849,23.051598062539675,22.83468186165483,14.99485969543457,1,0.4587974258685504,-0.05758548209224326,0.7237046271907432,0.15226444810948622,-0.015948463799285148,0.9878117633367786,-0.02809100492756981,0.45966193079948425,-0.05704176053404808,0.7226701378822327,0.15447162091732025,-0.014639243483543396,0.9876247644424438,-0.022838357836008072,-0.1169455349445343,-0.11418864130973816,-0.040249209851026535,-0.015265085734426975,1.4146840572357178,-0.14922785758972168,-0.12182282986664286,-0.11463473366174498,-0.037038189921508716,-0.003169431911526516,1.4089002565936894,-0.15144960971093263
82.41046,1785472125.686,-0.019593333825469017,0.09904513508081436,0.35500001907348633,-0.019981645436464388,0.0963968413428859,0.35540516534893074,0.6955400421388956,-0.009790844304124925,-0.010111923447370781,0.7183494540635709,0.7008445086973891,-0.0004704621784001374,0.003921869126881679,0.7133031418945281,22.139773464122978,22.59030587993641,61.981916427612305,1,0.4586484663256261,-0.05763201031304019,0.7238344237736488,0.1517373558768084,-0.014853691091970026,0.9879124582570471,-0.028002098367397164,0.4593622386455536,-0.057228416204452515,0.7230231165885925,0.1537095159292221,-0.015096615999937057,0.9876934289932251,-0.024641210213303566,-0.1169009804725647,-0.11381649971008301,-0.041052646934986115,-0.015591474249958992,1.4162243604660034,-0.146967813372612,-0.12014550708998716,-0.1144813638452296,-0.038142059293209706,-0.007329119340330452,1.410889305634483,-0.1506855459836941
82.536102,1785472125.786,-0.019209235906600952,0.09827729314565659,0.35500001907348633,-0.019918188477689915,0.09655509300610135,0.3553647039000172,0.6973212664165778,-0.0023544020426077062,-0.002420002851426851,0.71675075987431,0.7001312386502815,-0.0007855507928469151,0.00237273652151211,0.7140098050428817,22.404630343712324,22.56305013405574,58.76302719116211,1,0.4582396051092641,-0.057693051292844216,0.7238953369916405,0.15280918344826722,-0.012375799840845447,0.9878675522648166,-0.02477684835674297,0.45906949043273926,-0.057392388582229614,0.7233538031578064,0.1528979390859604,-0.01500014029443264,0.9877855777740479,-0.02601500041782856,-0.12083811312913895,-0.11533192545175552,-0.03968057408928871,-0.008471397683024406,1.4150750637054443,-0.14588670432567596,-0.11881684589100036,-0.11420912759051452,-0.039333660350237706,-0.010712630271904403,1.4130740639385388,-0.14916309482949355
82.61413,1785472125.919,-0.019593333825469017,0.09827729314565659,0.35500001907348633,-0.019901189653057504,0.09662759125569535,0.35534757836463393,0.6973831711279239,-0.008271302378858338,-0.008499227430901856,0.7166003497889155,0.6997124885313929,-0.0019498471805007556,0.0006818090824447094,0.7144215608627396,22.51632636823049,22.549203787259415,19.760847091674805,1,0.4580021855055001,-0.05778808790407397,0.7239560976439535,0.15367611988003027,-0.011158727975436617,0.9877751401474124,-0.02365175417064834,0.4587836265563965,-0.057495929300785065,0.7235403656959534,0.15286555886268616,-0.014096779748797417,0.9878150820732117,-0.02558804117143154,-0.12243591994047165,-0.11654885858297348,-0.03851936012506485,-0.005907311104238033,1.4136934280395508,-0.1450171023607254,-0.11951196821838918,-0.11459530974954835,-0.03945245770821,-0.00994186094232103,1.4137622077583776,-0.14803634015982034
82.721018,1785472125.986,-0.019593333825469017,0.09866121411323547,0.35500001907348633,-0.019892796803280672,0.09680525235145739,0.35531764118789855,0.6994377665965638,-0.005619580919058827,-0.005741789217073528,0.7146483490677716,0.6991554645581229,-0.002048745774625399,-0.00011158402574996455,0.7149667310919239,22.399758521185795,22.408719368402558,60.549020767211914,1,0.4578934332848212,-0.05781351590876942,0.7239818350003429,0.15407340181359042,-0.010254146291191677,0.9877665701070204,-0.021758729660518106,0.45851659774780273,-0.057596489787101746,0.7236846089363098,0.15314218401908875,-0.013085214421153069,0.9878031611442566,-0.02492271363735199,-0.12475209683179855,-0.1169200986623764,-0.038211554288864136,-0.0015976896975189447,1.4134563207626343,-0.14550243318080902,-0.12051752308361156,-0.11526718324770038,-0.03913109735499315,-0.00855437043413579,1.4137385544130732,-0.14699802061339354
82.845238,1785472126.119,-0.019977431744337082,0.09827729314565659,0.35500001907348633,-0.019895326372821376,0.09683808766965288,0.3553105439481106,0.6951165698794992,-0.009348839955320097,-0.019884268249667398,0.7185611799607773,0.6987430044230644,-0.0028226442617785962,-0.0022076062744108877,0.7153638045943743,22.383359342894636,22.404254380925416,63.75432014465332,1,0.4576269612688133,-0.05782591548900193,0.7240269097028089,0.15455329390162706,-0.009374914094178703,0.9877110106022725,-0.02126851816468713,0.45822709798812866,-0.057696424424648285,0.7238252758979797,0.1535780280828476,-0.011756287887692451,0.9877885580062866,-0.02343744784593582,-0.12539613246917725,-0.11793657392263412,-0.03726692497730255,-0.0005785156390629709,1.4127002954483032,-0.1443805992603302,-0.1225016807320225,-0.11604173752139804,-0.038699595803297106,-0.005294742594424812,1.413606311296057,-0.14629724464288543
82.939327,1785472126.219,-0.020891642197966576,0.09754953533411026,0.35100001096725464,-0.01999423806904305,0.09694933605198758,0.35457844821410445,0.6977674096574216,-0.006947234921926131,0.0030242726224241063,0.7162843232418372,0.6986935657920799,-0.003131814345887804,-0.001238649695788132,0.7154131384078593,22.192165590002634,22.52528067965103,23.757219314575195,1,0.45747302692295216,-0.05778391160002494,0.7241769874702008,0.15556904459337273,-0.008679027995260206,0.9875892137864569,-0.019760861570557304,0.4579808712005615,-0.057750314474105835,0.7239075899124146,0.15397725999355316,-0.010781730525195599,0.9877582788467407,-0.022548405453562737,-0.12722209095954895,-0.11908701807260513,-0.0363149456679821,0.0030353423207998276,1.411274790763855,-0.14480175077915192,-0.12368699548915238,-0.11681774975942796,-0.03811234063576718,-0.0033633892356835417,1.4132352887462434,-0.14551235479589142
83.046204,1785472126.286,-0.02386162243783474,0.09954269230365753,0.3500000238418579,-0.02074994401827304,0.09722248090006719,0.3536130674490898,0.6935016064882291,-0.018393010881243288,-0.02904027970601224,0.7196345469080568,0.6974888119099709,-0.0048276114911872375,-0.005892948664954431,0.7165551790223414,23.610195867534415,23.026923904164157,19.243955612182617,1,0.4574117225292024,-0.057674647558587436,0.7251359939482312,0.15460170551427252,-0.00849490159183871,0.9877413847983251,-0.019826902322609755,0.4577607810497284,-0.05774357542395592,0.7241987586021423,0.15444466471672058,-0.00988479983061552,0.9877198338508606,-0.0214186143130064,-0.12668509781360626,-0.11766982078552246,-0.04007209464907646,0.0024111708626151085,1.4155347347259521,-0.1438814252614975,-0.12503263096377804,-0.1174778226977026,-0.038089638911908204,-0.0008616267797766015,1.4132418345702737,-0.14504648951814908
83.169725,1785472126.42,-0.02778695523738861,0.09943999350070953,0.34700000286102295,-0.022609100515845165,0.09764484687274896,0.3520264761599105,0.6804577001233291,-0.014290012095484085,0.014419124385991189,0.732506111066059,0.6917497003820972,-0.008471683655770959,-0.0007360217436693183,0.7220872806450117,24.13585537713165,23.432853358975873,60.64438819885254,1,0.45700398342224435,-0.056542145250265324,0.7265854495244699,0.156719959215483,-0.006105919498221326,0.9874994275765832,-0.01569881098998379,0.4575967788696289,-0.05771194025874138,0.7246367931365967,0.15451806783676147,-0.00923243910074234,0.9877305030822754,-0.0206727534532547,-0.12888282537460327,-0.11977065354585648,-0.040963996201753616,0.011090650223195553,1.4153995513916016,-0.14121735095977783,-0.12580691678500097,-0.11756785793504748,-0.03901782774486338,0.0006718869051315901,1.4143161935743183,-0.14450058263632942
83.292556,1785472126.553,-0.03052428923547268,0.09858028590679169,0.3440000116825104,-0.024318734627707818,0.09770065538491152,0.3503631120699988,0.6803845687210991,-0.04879351893970779,-0.0322469446557303,0.7305177381255397,0.6885252528305064,-0.02064319457698481,-0.010246130810532288,0.7248460881702801,25.540449969340884,24.065400543237836,16.78919792175293,1,0.4563744974720369,-0.05375518273096813,0.7289684885382236,0.1503545847240477,0.0014608597757358008,0.9884695995105722,-0.017866605289863197,0.45720547437667847,-0.05663321912288666,0.7259990572929382,0.15433941781520844,-0.006333902478218079,0.9878199100494385,-0.018739106133580208,-0.11677350103855133,-0.11382678151130676,-0.05372360721230507,-0.0009072193061001599,1.434356451034546,-0.11383144557476044,-0.12494739655271972,-0.11747068917191397,-0.04235378329325743,0.0032741027036572476,1.418425621561986,-0.13775887079428153
83.37183,1785472126.686,-0.03840308263897896,0.09795746207237244,0.33800002932548523,-0.030228607550490824,0.09776647977614646,0.34558408594322226,0.6849147522485847,-0.023712618253052625,0.004604251688780176,0.72822269585219,0.6872371820341047,-0.022278745710332785,-0.003935883973447252,0.7260807268732209,26.78180983689098,25.63838766514892,19.71602439880371,1,0.4562241001648122,-0.04736041669897609,0.7347497741436124,0.1453008192707487,0.008432777839151325,0.9893385619488355,-0.005076417848739457,0.45692622661590576,-0.055641792714595795,0.7270187139511108,0.15296748280525208,-0.003659921232610941,0.9880527257919312,-0.01842528209090233,-0.11421268433332443,-0.1052253320813179,-0.07659240812063217,0.020461035892367363,1.4615169763565063,-0.09641693532466888,-0.12213639382389495,-0.11621757323426496,-0.046263630547543115,0.0018361509000784058,1.4239042338175991,-0.12953022747975174
83.48094,1785472126.753,-0.04386155679821968,0.09817487746477127,0.33500000834465027,-0.036098003434460665,0.09787408148258754,0.34225273089933395,0.6904597754847539,-0.0036131594492015843,0.016116880198674778,0.7231821967450522,0.6881890379558998,-0.014833319304950434,0.003990187630244814,0.7253688021126949,25.33253419482008,25.545123797629547,64.62383270263672,1,0.456208637151827,-0.04233521312982973,0.7386433503217011,0.14301814485938785,0.009127623517872987,0.9896548336339612,-0.0067680864970745,0.4567183554172516,-0.05279921740293503,0.7296709418296814,0.15038791298866272,0.0005547059699892998,0.9885306358337402,-0.01379789412021637,-0.09890583902597427,-0.10164926946163177,-0.08943872153759003,0.012066555209457874,1.4747949838638306,-0.07987853139638901,-0.11941146132207503,-0.11243735049995468,-0.056693606554741476,0.00824125086772564,1.4368392559767293,-0.11814256565587218
83.604731,1785472126.853,-0.04987402632832527,0.09824302792549133,0.33400002121925354,-0.04248144896475572,0.09783559927051622,0.33902018676453344,0.6980453412756954,0.01711491731349279,0.017546160276781856,0.7156339241457127,0.6926397084666227,-0.0046782590598315,0.011061228474253382,0.7211837473016718,24.744460016720307,25.350093524802183,21.449565887451172,1,0.4560583510808797,-0.0335358673697935,0.7436490851966903,0.14250161553566124,0.006250799256106978,0.9896234591091372,-0.017309715747297727,0.4565361738204956,-0.04789527878165245,0.7338806390762329,0.14697079360485077,0.004583911504596472,0.9890750646591187,-0.010448095388710499,-0.06384333223104477,-0.10058829933404922,-0.10180162638425827,-0.01805313490331173,1.485654354095459,-0.052279241383075714,-0.10980336775978808,-0.10738253287422941,-0.07203626775536062,0.010033638599396476,1.4546237538797817,-0.10021360554276368
83.727702,1785472126.987,-0.05424514040350914,0.09765474498271942,0.3320000171661377,-0.04768667581731059,0.09784354979581153,0.3371270006489993,0.7053612208372454,0.0011634738646763131,0.0011692221161117202,0.7088461239135052,0.6973873650611795,-0.0012135829659016952,0.009516068831184287,0.7166301938262233,25.194195794153007,25.225179128581996,61.83934211730957,1,0.4561277663534204,-0.023965495045218176,0.748507207624045,0.1445568625049886,-0.0016435538111686204,0.9890866818097312,-0.028427945761154625,0.45639005303382874,-0.041148558259010315,0.7384430170059204,0.14475977420806885,0.005270710214972496,0.9893592000007629,-0.01361151784658432,-0.02693849243223667,-0.10117115080356598,-0.1112724095582962,-0.04820533096790314,1.4914228916168213,-0.03350796923041344,-0.08826834675343588,-0.10419909297127633,-0.085982465006138,-0.003126662208540902,1.4691634208862394,-0.07775352382791376
83.820832,1785472127.12,-0.056246738880872726,0.09783972054719925,0.3290000259876251,-0.04989528340082509,0.0978433643280251,0.3354836170511582,0.7095865190744557,-0.009599938799193741,9.040835128720846e-05,0.7045529113907478,0.7003893819630258,-0.003257329801307297,0.0072194995196867345,0.7137170183361901,25.32378913534213,25.254411557458674,21.66581153869629,1,0.45612461771488233,-0.01616042541066325,0.7513546162499913,0.14819140487829993,-0.008274283059097103,0.9885041563001522,-0.028816258212650058,0.456356406211853,-0.03307756781578064,0.7431069016456604,0.14442788064479828,0.00190437538549304,0.989300012588501,-0.020552819594740868,-0.007566920481622219,-0.10376466065645218,-0.11433044075965881,-0.05249306559562683,1.4903196096420288,-0.02795380912721157,-0.05953165186362645,-0.10278036824035003,-0.0978318064313044,-0.024248673828332904,1.47959329623229,-0.057021868238216165
83.897603,1785472127.187,-0.059094469994306564,0.09712813049554825,0.3290000259876251,-0.05232631501148486,0.09779420138487141,0.3344546101845803,0.7096933583806048,0.0041794109234990235,0.013815633228607554,0.7043628311270289,0.7025388072080169,-0.0015528508600511479,0.008731557496376436,0.7115901720264486,25.38313045131068,25.292174101487202,21.154403686523438,1,0.4561294761453518,-0.012849925430608498,0.7538229243440573,0.14853576902740812,-0.011919385266759152,0.9885156727856341,-0.02513599473790903,0.45636358857154846,-0.028484495356678963,0.7453264594078064,0.14536096155643463,-0.0008945230511017144,0.9891150593757629,-0.022821525111794472,-0.0042489683255553246,-0.10241340100765228,-0.12139788269996643,-0.045052360743284225,1.4954891204833984,-0.03174580633640289,-0.045449125513987755,-0.10304714464963995,-0.10230256413630129,-0.0319029027050052,1.4825001271663292,-0.04914442227969005
84.020656,1785472127.253,-0.062108807265758514,0.09825177490711212,0.328000009059906,-0.05620975033036077,0.09783950802685636,0.33298952667197373,0.7137564361438041,0.014708690016291376,0.014427078289015016,0.7000908967508026,0.7066940022216099,0.0036753532060926483,0.008047891054383671,0.7074639994037792,25.105689108237073,25.134477369337834,59.54742431640625,1,0.45620746732956546,-0.009204953744500172,0.7553699437764542,0.1486903735081606,-0.015258396238479285,0.9883998082537591,-0.02691046662853965,0.45633840560913086,-0.021152673289179802,0.7493121027946472,0.14681679010391235,-0.00608813064172864,0.9888554215431213,-0.023930586874485016,0.006803174037486315,-0.1014421358704567,-0.12567147612571716,-0.050816990435123444,1.498771071434021,-0.028039652854204178,-0.026144344593440415,-0.10275024695750581,-0.11124929593274133,-0.03806419899175444,1.4885862368859817,-0.040992141456937095
84.128093,1785472127.387,-0.06494788080453873,0.09896121174097061,0.328000009059906,-0.05914201506609562,0.09811640236699434,0.3320634756124757,0.7143742419407366,0.015834260733095396,0.006077662530364024,0.6995582753829743,0.7099616534418287,0.008324266774614208,0.007267225991897516,0.7041536371071248,24.522503704785024,24.862039112368212,59.03029441833496,1,0.45614610936663,-0.0033818932307268577,0.7575733012266188,0.15288065056769015,-0.021451959359869592,0.9875785706885868,-0.02925554371927457,0.45634031295776367,-0.01791311427950859,0.7509506940841675,0.14730292558670044,-0.008587167598307133,0.9887444972991943,-0.024746453389525414,0.023714955896139145,-0.104705311357975,-0.12633736431598663,-0.05860372632741928,1.4947253465652466,-0.024325108155608177,-0.017215559361981884,-0.1023957737240675,-0.11515742293227409,-0.04152020548624148,1.4913463270485003,-0.03748201567706793
84.247092,1785472127.52,-0.06596273928880692,0.09800523519515991,0.32600000500679016,-0.06043820893566222,0.09810932293409858,0.3312475244937006,0.7190348440146361,0.025966497898403176,0.01565285847131571,0.6943123375696395,0.7120166817296003,0.012253539055831278,0.009135032152432084,0.7019961872453085,25.47090648614178,25.043102132662472,16.543865203857422,1,0.4557355694423827,0.0010155070102959949,0.7589669538062539,0.15671005289984102,-0.026387946992713088,0.98679551394239,-0.031308932220909885,0.45634129643440247,-0.013970445841550827,0.7527410387992859,0.14878059923648834,-0.012092312797904015,0.9884545207023621,-0.02599777653813362,0.03686119616031647,-0.10877586901187897,-0.12448062002658844,-0.06519658118486404,1.4896703958511353,-0.02162298746407032,-0.006123318830336865,-0.10302169190372425,-0.11818679686301378,-0.04614984044977373,1.4922620413375387,-0.03391649192308135
84.332043,1785472127.587,-0.0665188878774643,0.09830587357282639,0.3270000219345093,-0.06176855585210107,0.09811494794165322,0.33065842649965554,0.7157372159223911,0.02281471097469927,0.012896088835497246,0.6978777956057581,0.7137592667375365,0.014535358872579642,0.009259693825849876,0.7001790417878779,23.274043302046728,24.478642677735948,67.26861000061035,1,0.45574872530175137,0.0029585910970323496,0.7601927707448572,0.15811545384108355,-0.02993783677592513,0.9863487849876321,-0.03491852716292849,0.4561958312988281,-0.008809885010123253,0.7548729181289673,0.15146207809448242,-0.01702377386391163,0.9879234433174133,-0.027870958670973778,0.04582593962550163,-0.10941875725984573,-0.12599222362041473,-0.07405506819486618,1.4893516302108765,-0.02063499018549919,0.0086592600554722,-0.10500057532397436,-0.12035097290156904,-0.05270001633904107,1.4913707744547646,-0.029688754576382332
84.393089,1785472127.687,-0.06616508215665817,0.09865950047969818,0.3270000219345093,-0.06224825524987447,0.09814211474222989,0.3304435104151588,0.7148664113272721,0.028575862025914726,0.027906420980250514,0.6981193778528257,0.7140444679106976,0.017716512334011277,0.013483994122963796,0.69974624324775,23.788996667788695,24.273448309381234,17.071247100830078,1,0.4557426382857484,0.004953253853467182,0.7610783712182223,0.15963204639435058,-0.03265503590201243,0.9859707091213509,-0.036235606093050314,0.45610615611076355,-0.005616836715489626,0.7563040852546692,0.15322579443454742,-0.020536841824650764,0.9875279068946838,-0.029811076819896698,0.05220167338848114,-0.11038534343242645,-0.12653475999832153,-0.07783923298120499,1.4880588054656982,-0.020088542252779007,0.018731488297790744,-0.10619793063435573,-0.12187942227686685,-0.05848723723186923,1.490823586364671,-0.027235182971945937
84.502517,1785472127.754,-0.06631546467542648,0.09835778176784515,0.32600000500679016,-0.06289545733106948,0.09820144705013045,0.32991421448483227,0.7184545531994951,0.022096103912767718,0.021371506934180277,0.694894291148051,0.7153803442068448,0.020731218140078136,0.017802231262201432,0.6982007306491536,24.407112578181472,24.302581257096694,60.47630310058594,1,0.45570273820007573,0.005672523095162459,0.7614014753811233,0.15878627572166557,-0.033991387268452106,0.9858626810680149,-0.04130712179993888,0.455989271402359,-0.0012851930223405361,0.7582463622093201,0.1558120846748352,-0.025511234998703003,0.9869231581687927,-0.03247281163930893,0.06019018217921257,-0.10924287140369415,-0.12817005813121796,-0.08992401510477066,1.4909019470214844,-0.015909330919384956,0.03243791345442675,-0.1079127584832739,-0.12378535563378341,-0.06641207643500524,1.4896913809387327,-0.02430856006773659
84.624463,1785472127.887,-0.06702090054750443,0.09941545128822327,0.32600000500679016,-0.06341403226345887,0.09830544426152515,0.329415236609684,0.7141970298714382,0.015715292465975278,0.006086631498305333,0.6997417988247727,0.7154711369150083,0.016593538028169413,0.009233217011206002,0.6983841739622091,23.396163355929268,23.83504928235136,59.87429618835449,1,0.45561513059680014,0.006642627722443031,0.7621964271134044,0.15778668874993076,-0.036832942004999154,0.9857094026411628,-0.04608328093127654,0.4558645188808441,0.0019745936151593924,0.7597095370292664,0.15716063976287842,-0.029497381299734116,0.9864528179168701,-0.036623336374759674,0.0681786835193634,-0.10769809782505035,-0.1312766671180725,-0.10092892497777939,1.4950804710388184,-0.014867672696709633,0.045441490538801504,-0.10853603766789324,-0.1258393498009882,-0.07742881195965641,1.4902586025719007,-0.020373023527337032
84.701907,1785472128.021,-0.06772634387016296,0.10012056678533554,0.32600000500679016,-0.0636484065869404,0.09838924695306045,0.32931469707222594,0.7185286571836205,0.03215895421113218,0.021828892788137214,0.6944104477249703,0.7158923731171998,0.01864945932777051,0.01089678473090303,0.6978764703455291,26.22015757704421,24.253035079562487,19.579648971557617,1,0.45546032556344823,0.007419894939242615,0.7629457589832495,0.16110195905005953,-0.035294684780720044,0.9856010722562828,-0.03729571535348668,0.4557807743549347,0.0035796361044049263,0.7605504989624023,0.15734274685382843,-0.0320354588329792,0.986218273639679,-0.03988036513328552,0.05956157296895981,-0.11109521239995956,-0.12962864339351654,-0.0814506933093071,1.4892394542694092,-0.018593691289424896,0.05326078807421193,-0.10824791390603516,-0.12770873643155642,-0.08551050690907719,1.4919168431376737,-0.018479731218968305
84.826671,1785472128.054,-0.06998006999492645,0.0984075516462326,0.32500001788139343,-0.06483014857159465,0.09847286448211875,0.328805189317357,0.7207950854071088,0.015388164480595082,0.005457555509284652,0.6929558891695343,0.7173576196282355,0.017154092634020127,0.00866605191389675,0.6964400061824714,26.456321330915447,24.875956311816697,68.07565689086914,1,0.45533503239531614,0.007771418953768551,0.7630969969379752,0.1613243092611942,-0.036348231153163914,0.9854287025703166,-0.0397937870027147,0.455673485994339,0.00490077119320631,0.7613704800605774,0.15863949060440063,-0.033156536519527435,0.9860090017318726,-0.03899319842457771,0.06346774846315384,-0.11148018389940262,-0.12936657667160034,-0.087320975959301,1.489205241203308,-0.017316076904535294,0.055427621727326515,-0.10922713674720837,-0.12836856150533377,-0.08411434262565068,1.4909960891058776,-0.01851892027435181
84.905044,1785472128.187,-0.07231171429157257,0.09906290471553802,0.32600000500679016,-0.06615061458166274,0.0984976405859781,0.32868134148899864,0.7244609498752095,-0.0027258830306813903,-0.020823939465836272,0.6889958383130738,0.7191339549215329,0.012434054742757276,0.0016622561441873547,0.6947582213015402,24.111615105353035,24.648457112592233,25.328636169433594,1,0.4552116800628202,0.009543393669852752,0.7638630740695507,0.16194262895240985,-0.03794958699928261,0.9853801654092942,-0.036882833303829285,0.45555803179740906,0.005889256950467825,0.761964738368988,0.15956342220306396,-0.034255582839250565,0.985811173915863,-0.03927217796444893,0.06416969746351242,-0.11167962849140167,-0.13102340698242188,-0.08126695454120636,1.489673376083374,-0.019475333392620087,0.05819261266405424,-0.11000199755639889,-0.12871133661926748,-0.08521710955416086,1.4903802165121838,-0.018105260584624173
85.012991,1785472128.254,-0.07372259348630905,0.0997680053114891,0.32600000500679016,-0.06819614430743787,0.09862155943414232,0.3284575004286564,0.7282291548646129,0.003529553428277203,-0.005545955589297406,0.6853021834449167,0.7223446642839643,0.009940285658551158,-0.00024516962734852957,0.6914617246047441,23.614735926216518,24.15794244813679,56.641578674316406,1,0.45517637934092003,0.011523942057019494,0.7640508048564559,0.16377924334674276,-0.03902948529469412,0.9853168087330575,-0.028352163136229788,0.45544368028640747,0.007148394826799631,0.76261967420578,0.16038106381893158,-0.035527076572179794,0.9856658577919006,-0.038450852036476135,0.058399587869644165,-0.11350201070308685,-0.12979483604431152,-0.062249429523944855,1.485885739326477,-0.02577148750424385,0.06024812100621341,-0.11057897695998092,-0.12950596599007363,-0.0838586575952953,1.490137134088716,-0.018576426564678918
85.10608,1785472128.388,-0.07513347268104553,0.09906290471553802,0.32600000500679016,-0.06927419123560707,0.09864308499757479,0.3283564558041112,0.7304961303232207,0.02361954229324249,0.022056396869407493,0.682151769155367,0.7242869718613651,0.013110110130771862,0.004921432357716661,0.6893564295107442,24.136805713804343,24.151745848756082,22.376298904418945,1,0.4549934203830488,0.014592068879891751,0.7643896884339284,0.16352865775232178,-0.04309152025925585,0.985291265745838,-0.024548332335102636,0.45535486936569214,0.008652874268591404,0.7630994915962219,0.16153886914253235,-0.036733053624629974,0.9855620265007019,-0.034975651651620865,0.06085662916302681,-0.11312646418809891,-0.13123895227909088,-0.054161202162504196,1.4872888326644897,-0.030971910804510117,0.05961240506055218,-0.11158424430286898,-0.1296048873613984,-0.07642724902196454,1.4886750794299821,-0.02105080625056176
85.214411,1785472128.454,-0.07795523852109909,0.0997680053114891,0.32600000500679016,-0.07165149104403003,0.09876396874471301,0.3281663436964193,0.7356616241827141,0.029471800496015367,0.009601329722419772,0.6766396397994545,0.7288050194491332,0.019884594646465553,0.006850354741453523,0.6843982168017466,24.02788378649346,24.29280012002635,50.96006393432617,1,0.45496265330486335,0.016209018101179078,0.7645428560863583,0.16205320059070707,-0.04686981295234122,0.9852151147008469,-0.029885758767643083,0.45521080493927,0.01108376495540142,0.7636145353317261,0.1623443216085434,-0.0393359512090683,0.9854716062545776,-0.030703991651535034,0.07110095769166946,-0.11127296090126038,-0.13344086706638336,-0.06673228740692139,1.4911209344863892,-0.029542963951826096,0.06012190716271769,-0.11221585470665987,-0.13027340237112675,-0.06730908629264801,1.4881073975170453,-0.025113594984263982
85.292313,1785472128.588,-0.07854817062616348,0.09901314228773117,0.3270000219345093,-0.0726947266071418,0.09877803834353414,0.32808115116922815,0.7385967988467717,0.02848624172874057,0.008682049705719794,0.67348936500763,0.7309972251259085,0.02179469544287063,0.007257171000124038,0.6819936814794177,22.884082017825296,23.876224578382168,19.418954849243164,1,0.4547846491053225,0.019774845057555755,0.7648316290702759,0.16540276083470232,-0.05436827702700639,0.9841049482198021,-0.03497810816316001,0.45513084530830383,0.012846821919083595,0.7639336585998535,0.16224363446235657,-0.04192574694752693,0.9853901267051697,-0.030422404408454895,0.08553256094455719,-0.11486881971359253,-0.129307359457016,-0.0791855901479721,1.4844167232513428,-0.03117910400032997,0.06389759157701336,-0.11189160524290907,-0.13136255790993068,-0.0671107262004628,1.4891437528808027,-0.02663685437439823
85.401156,1785472128.654,-0.0803171843290329,0.09865950047969818,0.3270000219345093,-0.07465076052066377,0.09873330974334533,0.3280224218875644,0.7367362521922483,0.013893725383583508,0.004181876034637914,0.6760245343280942,0.733199770600238,0.019767655408581337,0.0054024962162738405,0.6797044572650964,23.46596730080679,23.534980003667314,61.757564544677734,1,0.45476500401619635,0.021339590705015815,0.7649609600032387,0.16646519328909132,-0.05780752160204365,0.9836889813632563,-0.03610564795117334,0.4550454914569855,0.01472412794828415,0.7641715407371521,0.1630932092666626,-0.04529815539717674,0.985061526298523,-0.03166188672184944,0.09039842337369919,-0.1158057227730751,-0.12833282351493835,-0.08192436397075653,1.4823890924453735,-0.0334564708173275,0.06976066732919102,-0.11269846330151603,-0.13080521347960886,-0.0703830175510072,1.487862727851219,-0.027867802337966027
85.526515,1785472128.788,-0.08404561132192612,0.09875903278589249,0.32500001788139343,-0.07730803152550467,0.09875132148872291,0.32749667944993704,0.7446072243662594,0.03301589390336117,0.003638375555450622,0.6666759290649803,0.7364343528778723,0.02263402894340831,0.004656900570406624,0.6761142343659211,24.355182510636144,24.011404873463075,61.120033264160156,1,0.45483473008868247,0.02427349418272022,0.7650518729516398,0.16646421784307355,-0.06051389861222871,0.9836390114245963,-0.03289418575197765,0.45494383573532104,0.017430797219276428,0.7644941806793213,0.16446518898010254,-0.050419535487890244,0.984524130821228,-0.03348616883158684,0.0934983566403389,-0.11518746614456177,-0.1293264478445053,-0.075685515999794,1.4826675653457642,-0.03537589684128761,0.07821203376484546,-0.11397096830335442,-0.12979214733501326,-0.07510931987195998,1.4856212194161713,-0.030156415331128398
85.665269,1785472128.921,-0.08518923819065094,0.09810476005077362,0.3240000009536743,-0.07913230597245394,0.09870149467667134,0.3269884451621162,0.752157014238128,0.027848325857060992,0.007161173178154814,0.6583562973634078,0.7417666798025261,0.0264067104510386,0.007259021022454813,0.6700986382553595,22.35005287372825,23.322389944865776,63.695430755615234,1,0.45481174412853037,0.02825865048567399,0.7658443961513653,0.16902058494075903,-0.0654519420230995,0.9828603942824026,-0.03366794473573856,0.4548919200897217,0.021324174478650093,0.7648128867149353,0.16560295224189758,-0.05616746470332146,0.9840334057807922,-0.03315189853310585,0.1040830910205841,-0.11685528606176376,-0.12867039442062378,-0.07921447604894638,1.4789458513259888,-0.035070449113845825,0.08691807852067736,-0.11466388910481899,-0.12952592389186154,-0.07543749199867382,1.4839390165727575,-0.03312907674478232
85.759274,1785472129.021,-0.0865914523601532,0.09775435924530029,0.3240000009536743,-0.08036228687685304,0.0986359642050241,0.32675743628063847,0.7519026090029778,0.037460014835522026,0.01548504601417817,0.6580269198239359,0.744309100172558,0.029147269325064992,0.00929807725496687,0.6671341288306045,22.311606785158876,23.021048400425443,23.130178451538086,1,0.4548894022063476,0.0309942495040403,0.7666093679608826,0.16984231957762003,-0.074051993876959,0.9819932160915258,-0.036867495623683744,0.4548761248588562,0.02370794676244259,0.7651657462120056,0.16677606105804443,-0.05936024338006973,0.9836416244506836,-0.03333535045385361,0.1135292649269104,-0.11670815944671631,-0.13002713024616241,-0.08581939339637756,1.4786909818649292,-0.04373640939593315,0.09282112473648414,-0.11541755304446738,-0.1292312128208377,-0.07673640163174751,1.4822218670443936,-0.033796712472097264
85.849174,1785472129.088,-0.0860678106546402,0.09800523519515991,0.32600000500679016,-0.081683250617673,0.09859392694757207,0.3266216600925866,0.7499805346912074,0.04291006488099612,0.020577489620407678,0.6597457774303079,0.747010665689713,0.035379815528020726,0.016102458154864125,0.6636746528536296,23.064216557110242,22.686105961658257,14.28842544555664,1,0.4549895514163855,0.03283879459240725,0.7669576155566538,0.17029866027412133,-0.07840901168606877,0.9814695146008057,-0.0395977916620649,0.45490559935569763,0.02639496885240078,0.7656934261322021,0.16787031292915344,-0.06485304981470108,0.9830568432807922,-0.034827012568712234,0.12092676758766174,-0.11642647534608841,-0.13066838681697845,-0.09224800765514374,1.4785246849060059,-0.0457599051296711,0.10068238082286107,-0.11583327102197034,-0.1295685140159464,-0.0805029093007511,1.4809909659352836,-0.037417321338152065
85.972547,1785472129.221,-0.0860678106546402,0.09800523519515991,0.32600000500679016,-0.0820103668810279,0.09856489613789911,0.3265797222695229,0.7524066907780216,0.026693191027157132,0.00616739642465849,0.6581288691788222,0.7482274330642333,0.033446115606005855,0.01389035439114033,0.6624531106545326,22.46200933721924,22.61962065070825,21.657705307006836,1,0.45505448348433564,0.03481998426111936,0.7671631714322169,0.169713825127484,-0.08415306249301124,0.9807201235138159,-0.04799498899563256,0.4549602270126343,0.029753463342785835,0.7663480639457703,0.16912990808486938,-0.07192977517843246,0.9822567701339722,-0.03731995448470116,0.13552382588386536,-0.11504778265953064,-0.13175351917743683,-0.11171694099903107,1.4807746410369873,-0.04455557093024254,0.11124393375318387,-0.11614282955507987,-0.1301413688913109,-0.08663037420686377,1.4797042994768381,-0.041769668716461664
86.048955,1785472129.288,-0.08642053604125977,0.09765268117189407,0.32600000500679016,-0.0825598758326652,0.09846587747198904,0.3265157332869354,0.7509300454018314,0.048229709436017364,0.025207568154900686,0.6581356551260816,0.7496377577814083,0.03854108954083026,0.017676113274180352,0.6604887368797342,22.63067541847672,22.56071042721392,55.70220947265625,1,0.4550985027618383,0.03531055861152928,0.7672265275836465,0.1700085895134858,-0.08539098948303224,0.9807116222058585,-0.04483494705134792,0.4549873471260071,0.031123340129852295,0.7665546536445618,0.16926583647727966,-0.07524816691875458,0.9818705320358276,-0.04021335765719414,0.13254643976688385,-0.11524757742881775,-0.1319507658481598,-0.1040913313627243,1.479928970336914,-0.049405813217163086,0.11782372863855753,-0.11584608029774912,-0.13057817445119752,-0.09342883471420381,1.4799943620396385,-0.042524647749802726
86.174193,1785472129.422,-0.0835014134645462,0.0979522317647934,0.3270000219345093,-0.08278663469317403,0.0984378225019931,0.3265309898302963,0.7467413507422346,0.04768335814559832,0.03365262826602318,0.6625489816295929,0.7488244553243865,0.04448620739101319,0.027891372809717655,0.6606852380543166,23.435473747681417,23.100232753212662,60.83488464355469,1,0.4552478188098628,0.03613459738542124,0.7673232147517279,0.17077911199950874,-0.08870307376507795,0.9799993061023891,-0.05067168487550484,0.45503556728363037,0.03283640742301941,0.7668279409408569,0.16956692934036255,-0.07940364629030228,0.9814118146896362,-0.042107466608285904,0.1413864940404892,-0.11552168428897858,-0.13100625574588776,-0.11753981560468674,1.4786531925201416,-0.04835811257362366,0.1238528151126038,-0.11560102006195916,-0.13113988560963763,-0.09779523889509052,1.4799675834834558,-0.04534255200122188
86.295587,1785472129.555,-0.07854817062616348,0.09865950047969818,0.3270000219345093,-0.08173913060180564,0.09844452146691823,0.32658915412273004,0.742284689867783,0.059295561961340885,0.04463860989050331,0.6659616130278241,0.7472581415891846,0.04628662128289921,0.030741190153506195,0.6622067635918841,24.70740381475276,23.734065547991822,60.74380874633789,1,0.4552901840181576,0.03647472085960289,0.767300633430733,0.16746893318181783,-0.08984726221470452,0.9798157539290936,-0.06198963013140219,0.45513680577278137,0.0343797467648983,0.7670505046844482,0.1701194792985916,-0.08376345783472061,0.9807729721069336,-0.046124305576086044,0.1561000645160675,-0.1113860234618187,-0.1344221830368042,-0.14401845633983612,1.4871934652328491,-0.038637302815914154,0.13206836311215098,-0.11556388251687463,-0.13107685576657846,-0.10704674433671936,1.4793517137680763,-0.046755518017211624
86.419828,1785472129.688,-0.07240045815706253,0.09825177490711212,0.328000009059906,-0.07907290369103803,0.09835271680595936,0.3266777264883503,0.7407961357809228,0.03764464148877585,0.025497726616274637,0.6701894001822437,0.7456095799547127,0.04630226809120397,0.03314785578479526,0.6639455353462643,24.747046514489803,24.001629352083356,55.472612380981445,1,0.4552786982063138,0.034903560119281724,0.7672118597590883,0.16661268615354516,-0.0882230828280092,0.9798768406199524,-0.06556125140418784,0.455180287361145,0.035094067454338074,0.7671006321907043,0.16914959251880646,-0.08587558567523956,0.9804866909980774,-0.051571767777204514,0.1567695438861847,-0.11080794781446457,-0.13452434539794922,-0.1517449915409088,1.4890780448913574,-0.035399410873651505,0.14033285563865205,-0.1141271378802538,-0.13222706867105885,-0.11976132063956146,1.4820484920968116,-0.04396366261535585
86.543434,1785472129.789,-0.06707718968391418,0.0957687497138977,0.328000009059906,-0.07402547570114917,0.09794788793174587,0.32685681688862633,0.7360860694255404,0.018138985980636988,0.007887225155889759,0.6765988968839611,0.7421629295369325,0.03702955290686584,0.02486618672825186,0.6687336323157909,24.58304079723962,24.09057912792513,56.995391845703125,1,0.4554128071560198,0.03090423230880316,0.7670750027985358,0.16486392901707372,-0.08616552411204684,0.9802176577690036,-0.06759238685974996,0.45521754026412964,0.03499924764037132,0.7671220898628235,0.16791820526123047,-0.0869888961315155,0.9802338480949402,-0.05812104046344757,0.14913254976272583,-0.10974335670471191,-0.13549987971782684,-0.15377669036388397,1.491868495941162,-0.03918334096670151,0.1480343984897531,-0.11257194539284636,-0.13330296468483033,-0.13474756845498184,1.4853422523246713,-0.039950802910226825
86.666934,1785472129.922,-0.06352835148572922,0.09505930542945862,0.328000009059906,-0.07092612801741834,0.09764867667220505,0.32692342406481273,0.7356305525505644,0.014126329313362761,0.013002573737485056,0.677110825530417,0.7404535531171864,0.030839389689771353,0.0216601880188928,0.6710501501189629,24.267612814601975,24.14308538744525,62.51192092895508,1,0.4560132271787337,0.02333282710093182,0.7667985621105008,0.16445843069676286,-0.0785057156665964,0.9816442751247807,-0.056256504469950626,0.4552990198135376,0.0333213210105896,0.7670922875404358,0.16666625440120697,-0.08665750175714493,0.98023921251297,-0.06199955195188522,0.11640763282775879,-0.10998480767011642,-0.13638371229171753,-0.12329737842082977,1.4898678064346313,-0.053541574627161026,0.148484164704543,-0.1114136384858381,-0.13420226771733487,-0.14254019298652842,1.4880148143480605,-0.039636517964123714
86.791283,1785472130.055,-0.051574841141700745,0.09270709753036499,0.33100003004074097,-0.059492212389176874,0.0964948497783557,0.3280666559661566,0.7357529831057811,0.03445191051288547,0.031636761981196984,0.6756328359429412,0.7381065637507559,0.03511615832390226,0.02791671048619939,0.6731910674156719,25.101031103252062,24.700515111681938,55.37104606628418,1,0.45691371771517597,0.013715779504013731,0.7661616769941886,0.16285894024469624,-0.0728153498339933,0.982620639402192,-0.05129882485744817,0.45556652545928955,0.029887348413467407,0.7669817209243774,0.16586914658546448,-0.08385481685400009,0.980740487575531,-0.06003350764513016,0.08579326421022415,-0.10845203697681427,-0.1374511420726776,-0.10542690008878708,1.4898451566696167,-0.07095103710889816,0.13745303588533106,-0.11092229306931892,-0.13495211775933189,-0.13592259745581003,1.4886520583266323,-0.04441846525939518
86.869058,1785472130.189,-0.047635406255722046,0.0930650532245636,0.33100003004074097,-0.05680997752822102,0.09632053538093946,0.3282046276750435,0.7338341847251802,0.0022185229611537405,-0.016160531169808968,0.6791327592723758,0.7378510408954015,0.0350438256966357,0.028322082992468627,0.6734579655368877,24.685040932367958,24.69785733093769,19.987106323242188,1,0.4581724302219881,0.0015328136900641933,0.7649610375058634,0.1608875054236602,-0.07277153851299802,0.9825804348875596,-0.05792411205342235,0.45608755946159363,0.0243323165923357,0.7666755318641663,0.16473327577114105,-0.0800618901848793,0.9814267158508301,-0.05704958364367485,0.0618814155459404,-0.10656490176916122,-0.1362156718969345,-0.11092019826173782,1.4880026578903198,-0.09495935589075089,0.11968723525600626,-0.11007279292527372,-0.13581128415833235,-0.12543513237502285,1.4890623648467844,-0.05354301545718223
86.977395,1785472130.222,-0.04333784058690071,0.09199116379022598,0.33100003004074097,-0.05030424382011824,0.09546719612241364,0.32858968668765076,0.7288049238606977,0.029798695294979992,0.009342882925250609,0.6840088678180749,0.7341372711443866,0.02978939708784914,0.017339491382943058,0.6781256527933424,24.003049068544772,24.391914329530962,53.456783294677734,1,0.4584302323032173,-0.0024905621008261256,0.7647499739567212,0.16054208088355496,-0.07245135811791903,0.9826438541656799,-0.0582073607275342,0.4570784866809845,0.015018676407635212,0.765967071056366,0.16312003135681152,-0.07708142697811127,0.9819120168685913,-0.05743716284632683,0.05170372873544693,-0.10627897828817368,-0.13606958091259003,-0.10834044963121414,1.4871925115585327,-0.10420017689466476,0.0960151600914059,-0.10863630433825076,-0.1359765563144861,-0.11949112771792199,1.4886284042510425,-0.07050341920502272
87.101993,1785472130.356,-0.03664373606443405,0.09191003441810608,0.3320000171661377,-0.04386034456280362,0.09492521867662591,0.3289828027068764,0.7310299642771725,0.02228326924557613,0.0021929242454276888,0.6819778869757426,0.7330034805574047,0.026279104666122988,0.015666192265756353,0.6795365159934893,24.288701112575485,24.27678277898934,59.250593185424805,1,0.45970128905537805,-0.01224971178134916,0.7641619871987027,0.1647621661270071,-0.06472560568306618,0.9830407909957212,-0.04790436118563387,0.4576180577278137,0.009007801301777363,0.7655456066131592,0.1622140258550644,-0.07549136132001877,0.9821693897247314,-0.05771510675549507,0.014388334937393665,-0.10833346098661423,-0.13256438076496124,-0.07803761214017868,1.4756319522857666,-0.12287844717502594,0.08077644505855489,-0.10782565742960115,-0.13600810474984495,-0.11565641709554934,1.4881346007540883,-0.08209173162398396
87.180709,1785472130.489,-0.034847673028707504,0.0926281288266182,0.3320000171661377,-0.041244733318402935,0.0948211788125283,0.3292218671689559,0.7311342993108153,0.008945398434432884,-0.010067585818114956,0.6821006230270775,0.732608316819676,0.0220022149377764,0.009314571294982275,0.6802309868170251,23.457529412069295,24.032838308849332,19.458770751953125,1,0.46050537651568374,-0.021915688739072382,0.7635623231701874,0.16354941951485608,-0.062407016336650224,0.9835511024168969,-0.04454414240747616,0.45843565464019775,0.001729582785628736,0.7650314569473267,0.16292321681976318,-0.07182697206735611,0.9825214147567749,-0.05430058017373085,-0.014650086872279644,-0.1052866205573082,-0.13464881479740143,-0.06274186074733734,1.4758166074752808,-0.14599609375,0.05794555873737805,-0.10800032752637632,-0.13482337953789306,-0.10271931633705722,1.4838349399458326,-0.0961182804991471
87.275101,1785472130.556,-0.03269239887595177,0.09226907789707184,0.3320000171661377,-0.03890660027597277,0.09469739700847855,0.32940864133805,0.7321152268806312,0.026269609319025063,0.02440810084678921,0.6802363168846547,0.7325110149724722,0.02298292235065587,0.012781784671549225,0.6802470317501078,23.5598965637939,23.893791868352118,21.718263626098633,1,0.46065775150091676,-0.02583888866112563,0.7631997898711714,0.16517523351355673,-0.06044010409727828,0.9837043173596101,-0.03728206081369474,0.4591061472892761,-0.004644961096346378,0.7645942568778992,0.1629195660352707,-0.06930048018693924,0.9828469753265381,-0.05163723975419998,-0.03380314260721207,-0.10597322136163712,-0.13327725231647491,-0.04243120551109314,1.472364068031311,-0.15956713259220123,0.03827212509211455,-0.10726492875305171,-0.134775889402898,-0.09188542757189018,1.481661971846313,-0.10963516668366938
87.366064,1785472130.622,-0.02910027652978897,0.09226907789707184,0.3320000171661377,-0.03549112789830124,0.09453207307112552,0.32963652769075813,0.7317530338894427,0.011815563174025373,0.0017965770120431076,0.6814650850715073,0.7326637857269448,0.020957406127843758,0.012308111013379499,0.680156654467143,23.802095419146546,23.498193336440348,60.25552749633789,1,0.4608401577124623,-0.02934597422051321,0.7629160781967889,0.16336113831917798,-0.06089149264340437,0.9838579271529018,-0.040360175781533225,0.4596073031425476,-0.010361327789723873,0.764159083366394,0.16330642998218536,-0.06693483889102936,0.9831452369689941,-0.04770980030298233,-0.03898494690656662,-0.10386699438095093,-0.1348906010389328,-0.04698784649372101,1.474625825881958,-0.16600780189037323,0.018739709258805623,-0.10691490568270771,-0.13436941468676483,-0.07848333576646678,1.4791422399124476,-0.12316672711966378
87.443555,1785472130.723,-0.027663426473736763,0.09191003441810608,0.3320000171661377,-0.03358780193284411,0.09437193177480327,0.3297576475094067,0.7341933871368658,0.00859602321228515,0.00794793284188642,0.678839457480906,0.7329883089169772,0.01842004597783475,0.01141318926165201,0.6798960067599178,22.87181738222563,23.3138570886568,23.320913314819336,1,0.4610834178392827,-0.03446906175474637,0.7625690780818812,0.1623264270811453,-0.06080900948233932,0.9841062282648441,-0.03856587775727557,0.4602000117301941,-0.018111102283000946,0.7636221051216125,0.16319540143013,-0.06447701156139374,0.9834699034690857,-0.04468802362680435,-0.05440567061305046,-0.10168000310659409,-0.13657741248607635,-0.038641493767499924,1.475998044013977,-0.18063391745090485,-0.004899130821710335,-0.1056667835814523,-0.13458252092891357,-0.06558561820254329,1.477292723202822,-0.140710573287529
87.567212,1785472130.789,-0.024071304127573967,0.09191003441810608,0.3320000171661377,-0.030074282649512802,0.09411877965068685,0.3299633020559367,0.7356666962640072,0.018345133994584418,0.016879305196250288,0.6768848182097259,0.7351429748510807,0.02291675774369183,0.017484905731774858,0.6772989788957098,26.265665387798787,24.3854086335679,61.272382736206055,1,0.46132100219075106,-0.03732408127219154,0.7623844475669713,0.161248131668234,-0.06086322477980811,0.9843743554784903,-0.03608096699388049,0.4606800675392151,-0.02575819194316864,0.7631081342697144,0.16268272697925568,-0.06276452541351318,0.9837915897369385,-0.041821401566267014,-0.06471502780914307,-0.09937416017055511,-0.13882306218147278,-0.0306315328925848,1.4784003496170044,-0.1904717981815338,-0.028095888372327515,-0.1037987837988432,-0.135516757590784,-0.052960704688737065,1.476686089616776,-0.15941701178183262
87.677051,1785472130.923,-0.02335287816822529,0.09191003441810608,0.3320000171661377,-0.028740367077691845,0.09401379549301209,0.3300527895718206,0.7332244761269117,0.03343999505000577,0.03094230528315737,0.6784587003519341,0.7347720587903938,0.02504850388668082,0.02021075676090628,0.6775500862557075,24.504528502580577,24.42035477813012,21.218538284301758,1,0.4616958981792897,-0.042594387077680734,0.7620705619346287,0.16001334829495645,-0.06536989921847167,0.9840132310299149,-0.042900650364201376,0.46092697978019714,-0.029725810512900352,0.7628474831581116,0.16212573647499084,-0.06210997700691223,0.9840067028999329,-0.039855558425188065,-0.07065079361200333,-0.09779561311006546,-0.13933813571929932,-0.040917251259088516,1.4775567054748535,-0.20630154013633728,-0.040689210820950415,-0.10227717642028739,-0.1366535541049177,-0.04528170088502903,1.4772756236308546,-0.17009675090569176
87.769844,1785472130.989,-0.021621746942400932,0.09254699945449829,0.3330000042915344,-0.02681288899788526,0.09388225892005213,0.33029582151805637,0.7309561968268464,0.03588852488807597,0.024292900298304877,0.6810469198938404,0.7337927406305446,0.025638615283699588,0.020773586581760557,0.6785715388260688,25.056879701916493,24.737607687648172,20.223140716552734,1,0.461851528225962,-0.044595265585763905,0.7619342700490228,0.159501929631003,-0.06548179947226751,0.9839324119332923,-0.04634951055830428,0.46132194995880127,-0.035366304218769073,0.7625041007995605,0.1611795276403427,-0.06346685439348221,0.9839960932731628,-0.0417715422809124,-0.07150116562843323,-0.09725333750247955,-0.13934960961341858,-0.04750900715589523,1.4770004749298096,-0.20785193145275116,-0.05312033482434604,-0.10033893869680284,-0.1377546316040745,-0.044746845106234334,1.477285045653232,-0.18521754468744767
87.894212,1785472131.123,-0.02155681699514389,0.09298717230558395,0.3320000171661377,-0.025488854650710532,0.09375885246878221,0.33044231331186275,0.7268098223530967,0.02641797002176091,0.02493017139035383,0.6858775834982778,0.7318948519338057,0.024384169024508257,0.020662504129002723,0.6806676126692792,22.918208290106108,23.781435040330766,63.68613243103027,1,0.4620460495183371,-0.04748629698323131,0.7615667652843768,0.15947694836283066,-0.06421323245371295,0.9839711219775701,-0.04737715517975231,0.46156182885169983,-0.039142999798059464,0.7622717022895813,0.16050735116004944,-0.06429325044155121,0.9839706420898438,-0.043652329593896866,-0.07740255445241928,-0.09674480557441711,-0.13885284960269928,-0.04803844913840294,1.4755358695983887,-0.21115104854106903,-0.060647491351392635,-0.09907539883506133,-0.1384072704994516,-0.0458779736553793,1.4771685110962833,-0.19448654798514545
88.002525,1785472131.256,-0.02155681699514389,0.0926281288266182,0.3320000171661377,-0.02513206033411885,0.09371092992666676,0.33050874951422266,0.7284728344504254,0.011281772665807942,0.0013985023244872578,0.6849803612254357,0.7312527763238064,0.02179967028348136,0.016861915307529382,0.6815495780252661,24.248329366666674,23.920152292562094,18.659114837646484,1,0.46222926790208235,-0.0494722943482688,0.7613449627184639,0.1586591589197341,-0.06129447012074981,0.9843145489867564,-0.046852191800356865,0.4617465138435364,-0.04200904071331024,0.7620303630828857,0.16016049683094025,-0.06426524370908737,0.9839712381362915,-0.044936202466487885,-0.08238977938890457,-0.09509816765785217,-0.1401572972536087,-0.0465804748237133,1.4768962860107422,-0.21010540425777435,-0.06640955752653994,-0.09827394319814495,-0.13856009031620445,-0.046620957639167286,1.4766070456851574,-0.20021746614174504
88.034539,1785472131.323,-0.02191602997481823,0.0926281288266182,0.3320000171661377,-0.024923550700020967,0.09366567428672566,0.33057135852051084,0.7293944160130872,0.03419121795572165,0.022814489010238474,0.6828574123452373,0.7309072969134266,0.024177036430416684,0.0180040356637718,0.6818107134153644,24.96084969401225,24.2304514625919,21.933794021606445,1,0.4623006145732983,-0.05000745100266521,0.7612447370462821,0.15960779837889666,-0.05950729052754529,0.9844646461695333,-0.042586306637313893,0.4618898034095764,-0.04402906075119972,0.7618445754051208,0.15975546836853027,-0.06346016377210617,0.9840653538703918,-0.04545813426375389,-0.08878915011882782,-0.09518910944461823,-0.13994000852108002,-0.036452751606702805,1.4760041236877441,-0.21212683618068695,-0.07074016670351484,-0.09741331733022375,-0.1389928209040599,-0.04660998593290958,1.476685429813391,-0.20289709641052397
88.142281,1785472131.39,-0.02299366518855095,0.09334621578454971,0.3320000171661377,-0.02469408523106057,0.09362767962841065,0.3306862596831353,0.7307963255544949,0.010452839011225299,-0.017577127876546726,0.6822891713110106,0.7309999750281753,0.022493653932393724,0.010199304871873097,0.6819303822397909,23.84520557859299,24.040510337286918,61.27214431762695,1,0.46236815987773744,-0.050320182927524104,0.7611504720564561,0.16039791616637347,-0.059453778467819386,0.984226207014678,-0.045127930828752175,0.46203863620758057,-0.04608145356178284,0.7616363763809204,0.15969224274158478,-0.06210245564579964,0.9842073917388916,-0.04446984827518463,-0.08660680055618286,-0.09641431272029877,-0.13805435597896576,-0.0419345423579216,1.4730393886566162,-0.21018220484256744,-0.07694722692637787,-0.0966484489265965,-0.13931813028200113,-0.043116909022909995,1.4764511286367807,-0.20607120012428268
88.267378,1785472131.523,-0.024356931447982788,0.09234913438558578,0.33100003004074097,-0.02466100468622897,0.09354921096573884,0.33070948305620873,0.7294064089891746,0.02172089472057802,0.0019318753417588222,0.6837329603841827,0.7306628797247301,0.02232809846526023,0.008426645179151038,0.682321188196816,23.512013637490618,23.883424780910183,21.817922592163086,1,0.4624247328622578,-0.050664262400654025,0.7609777456047502,0.16483829833899769,-0.05829120414879844,0.9838394925784506,-0.03860471166274509,0.46217504143714905,-0.04781612381339073,0.7614342570304871,0.15998375415802002,-0.061018917709589005,0.9842156171798706,-0.044738173484802246,-0.09610859304666519,-0.10006531327962875,-0.1333884596824646,-0.025066552683711052,1.4649362564086914,-0.21609526872634888,-0.08090293539466357,-0.09655261126436421,-0.1388000948060203,-0.042632712914682375,1.4750539869975037,-0.20775469315244854
88.361323,1785472131.59,-0.028567925095558167,0.09171324223279953,0.33000001311302185,-0.025553802633623602,0.09329092629855404,0.3306628765600206,0.7331914427483551,0.015480373990581725,-0.004381257713646855,0.6798319431172263,0.7311328204558967,0.0182380961714751,0.0021253773930303074,0.6819880156360395,23.276660217796334,23.86475680271651,70.50299644470215,1,0.4625423685987684,-0.050713952298138965,0.7609427820628206,0.16598423110732516,-0.057544096582903895,0.9837389402836297,-0.037357855155358194,0.4622798562049866,-0.0489802286028862,0.7612389922142029,0.16195087134838104,-0.05991614982485771,0.9840732216835022,-0.04221268370747566,-0.09780807793140411,-0.10088840126991272,-0.13223715126514435,-0.02195606380701065,1.4626867771148682,-0.21605433523654938,-0.0871298276134975,-0.09799115555625389,-0.13658330576848782,-0.03543918706166305,1.4709106751440792,-0.211170236267578
88.468931,1785472131.723,-0.03249545767903328,0.09099948406219482,0.33000001311302185,-0.02772703579788808,0.09305747586598409,0.3305728823076183,0.7286654707593496,-0.003984820723775602,-0.022989550431937508,0.684472229895262,0.7306993194253812,0.013755141089982943,-0.0035685964336073478,0.682551511465892,23.41720724880027,23.616833219240654,59.79800224304199,1,0.462931017422329,-0.04937516437360906,0.7610137357929331,0.16771330129243445,-0.05692021153937834,0.9837323124370624,-0.030051215535073415,0.4623866379261017,-0.049688681960105896,0.7611116170883179,0.16359207034111023,-0.05895214527845383,0.9839435815811157,-0.04021685943007469,-0.10344212502241135,-0.10088276118040085,-0.13230924308300018,-0.005426162388175726,1.461591124534607,-0.21937234699726105,-0.09150269456204276,-0.09917765651559118,-0.1348029356729241,-0.029917705624501623,1.4675429066621368,-0.21317031848289908
88.624105,1785472131.857,-0.040114667266607285,0.08948542922735214,0.33100003004074097,-0.03249423974568818,0.092505479593725,0.33061755607205984,0.7292434249544013,0.022693575036577877,-0.00758576142363608,0.6838358611804863,0.7308427108048955,0.015532372080585388,-0.0044509560302485535,0.6823546486038758,26.845837489669645,24.507050004305377,63.18497657775879,1,0.4632841436761114,-0.04611575621328448,0.761151671719109,0.16871205506173453,-0.05507893350768597,0.9838546353341902,-0.02307834681968918,0.46263670921325684,-0.049539413303136826,0.7610472440719604,0.16550134122371674,-0.058010052889585495,0.9838637113571167,-0.03544529527425766,-0.10328663140535355,-0.10060962289571762,-0.13291965425014496,0.00785251334309578,1.4621875286102295,-0.21462637186050415,-0.09709703295516751,-0.09997663733573485,-0.13363404865383555,-0.0184419655141658,1.4647541455802437,-0.2160763307865008
88.684697,1785472131.99,-0.04262157902121544,0.09020135551691055,0.33100003004074097,-0.03431347639208316,0.09242698411307243,0.33062718916517797,0.7375431253609744,0.03762388641351751,0.015468937812015651,0.6740736557431071,0.7317986625382509,0.0185435275085549,-0.0017368848592546472,0.6812663490337332,26.194296881360497,24.801062863950307,19.687175750732422,1,0.46411836381473964,-0.03896561664302267,0.7610910797807477,0.1705545156238971,-0.05537374224812252,0.9835054500435113,-0.02370518096211761,0.46293601393699646,-0.04793362319469452,0.7610762715339661,0.16700011491775513,-0.056639403104782104,0.9838820099830627,-0.029648922383785248,-0.08417404443025589,-0.10246147215366364,-0.13037867844104767,0.0007922923541627824,1.4575257301330566,-0.19661563634872437,-0.09999723453545871,-0.10027326881166879,-0.13329884930665822,-0.006121441852849172,1.4635515340993908,-0.21539693536736457
88.76263,1785472132.023,-0.044814758002758026,0.09246370941400528,0.33400002121925354,-0.037987309352521245,0.09243164847581097,0.33123040228734413,0.7343749879888358,-0.017391445411182784,-0.03452460027990914,0.6776422113611426,0.7329186408919854,0.00572293382200999,-0.013439735376858853,0.6801594573146167,25.213339926092,24.960473934395793,23.74410629272461,1,0.46423849054570554,-0.03623685309784966,0.7610792144410932,0.1706922145041936,-0.05742903124514802,0.9832655077754636,-0.02747754532264321,0.4633622467517853,-0.04485291987657547,0.7610795497894287,0.16823983192443848,-0.05620736628770828,0.9837546944618225,-0.02761766128242016,-0.07283946126699448,-0.10342540591955185,-0.1292099952697754,-0.009741592220962048,1.456040620803833,-0.19010137021541595,-0.0945556296208405,-0.10102584847870619,-0.1322939540133679,-0.003743795131297613,1.4614792601153683,-0.2089380409738248
88.887143,1785472132.123,-0.048249028623104095,0.08902020752429962,0.34300002455711365,-0.042212385253181946,0.09187903176209093,0.3355202997322875,0.7359813131373497,0.004751698400417988,-0.004840540893805047,0.6769678701672547,0.735973618458841,0.004686004540856715,-0.010441095233712417,0.6769134788319435,24.013285506961907,24.415224576414403,72.02625274658203,1,0.46423571266102104,-0.03072521829241141,0.7601797806951365,0.17032042776526607,-0.056281595648241964,0.9837283234644502,-0.010095518360482466,0.46379145979881287,-0.04081634804606438,0.7610763907432556,0.16938112676143646,-0.05677754431962967,0.983527660369873,-0.02756205014884472,-0.07971202582120895,-0.10199809074401855,-0.12927889823913574,0.02624930627644062,1.4601500034332275,-0.19240610301494598,-0.08438031518838747,-0.10215024687109361,-0.13084820426943095,-0.006554101945433209,1.4589309367181948,-0.20011194308982816
88.978648,1785472132.257,-0.047506798058748245,0.08679456263780594,0.34300002455711365,-0.04308396936862254,0.09111773934057694,0.33717029900540113,0.7348616452155845,-0.009166463038106781,0.010117135045431257,0.6780796280119968,0.7357556336279779,0.0014658921523413803,-0.005662368822948313,0.6772218516292895,23.66346471334522,24.191475947067616,22.115468978881836,1,0.46506582444439687,-0.02438204974101383,0.7537505631338102,0.1675505059606459,-0.06095706464848194,0.9839189686912293,-0.01070174151061905,0.4640173316001892,-0.036088794469833374,0.7606244087219238,0.16985277831554413,-0.05654801428318024,0.9836548566818237,-0.019379764795303345,-0.06291844695806503,-0.1026996597647667,-0.11476462334394455,0.020331861451268196,1.4514877796173096,-0.1856534481048584,-0.08219294829265648,-0.1020789879494953,-0.13011249125522995,0.008816239220906387,1.459502141399124,-0.19650129902488714
89.117187,1785472132.324,-0.046827394515275955,0.0845385417342186,0.3490000069141388,-0.043947638572997584,0.09000366253290273,0.34207392997582253,0.7368337269402877,-0.01877878989616875,-0.026582400398771484,0.675290153846745,0.7348340871797988,-0.015198056396297304,-0.022129784502982842,0.6777153945708023,22.79270395343536,23.730632031852018,66.87402725219727,1,0.46620722772195305,-0.023073257503489302,0.7512760657428494,0.1619446577336612,-0.06088756200363927,0.9848497905573615,-0.011727005751747286,0.4645540416240692,-0.030608562752604485,0.7574038505554199,0.16880175471305847,-0.05862969532608986,0.9837857484817505,-0.015304292552173138,-0.05724495276808739,-0.09596043825149536,-0.11713383346796036,0.015060343779623508,1.4580618143081665,-0.17997251451015472,-0.07316170205220644,-0.10236985355425772,-0.12292061060266883,0.014211999952546794,1.455746940056999,-0.19141843673013123
89.177975,1785472132.457,-0.047498274594545364,0.08383551239967346,0.3540000021457672,-0.04427720912729003,0.08901056768071668,0.3457180439385792,0.735184010017803,-0.0008148936650428059,-0.01966254428693938,0.6775818708574054,0.734935001460999,-0.011648653563766233,-0.02152131835334488,0.6776958649379576,23.786043062648535,23.747053406590904,21.50273323059082,1,0.46787448146069854,-0.02177203335854144,0.7439207527366016,0.16224123063466356,-0.05622271424023225,0.985083840791712,0.011252381821650346,0.4652574956417084,-0.027529804036021233,0.7548949718475342,0.16600091755390167,-0.059554990381002426,0.9842286109924316,-0.013815351761877537,-0.08072757720947266,-0.09481831640005112,-0.10107333213090897,0.06651640683412552,1.4467499256134033,-0.19232995808124542,-0.0666436306928547,-0.09974518403218871,-0.12055030522867215,0.014559419274586744,1.4566949042115944,-0.18673121252164002
89.301516,1785472132.524,-0.04674530401825905,0.08253118395805359,0.36000001430511475,-0.04448726841796316,0.08726766372543135,0.3523715580327934,0.7412923519542456,-0.0018586400084791238,-0.02049925388881956,0.6708665850834006,0.7374379985464037,-0.010598539643410967,-0.023725574797365714,0.6749147845156721,25.323743959980835,24.217560618783928,67.25597381591797,1,0.46936084313485466,-0.02127364321502029,0.7384540551197346,0.16424201568510785,-0.05672352804430084,0.9847526726144342,0.008317176722261987,0.466344952583313,-0.025159357115626335,0.7503288388252258,0.16441242396831512,-0.05830361694097519,0.9846606254577637,-0.0035626241005957127,-0.07606076449155807,-0.09773977845907211,-0.08520620316267014,0.06006768345832825,1.4287879467010498,-0.1898854374885559,-0.07241114471045104,-0.09772762263343038,-0.1125738446879117,0.0358363383377659,1.452622336025849,-0.18902395117376142
89.38069,1785472132.657,-0.04661332815885544,0.08142373710870743,0.3620000183582306,-0.044625769190223645,0.08622502961073707,0.3556506305648454,0.7443829990202622,-0.007669189606872725,-0.01634790326180542,0.6675087118227871,0.7392293426229325,-0.009848054864872292,-0.021835405409608443,0.6730276442251415,23.28326209226531,23.85545815112247,20.602941513061523,1,0.4719686940289459,-0.020951095390780352,0.7284723204683231,0.16658302913055945,-0.06022960578863432,0.9841387689415613,0.009662942534293782,0.4674154222011566,-0.023822074756026268,0.7462397813796997,0.16435052454471588,-0.05783010646700859,0.9847051501274109,0.0005233897245489061,-0.07740712910890579,-0.10028228908777237,-0.059205811470746994,0.06521312892436981,1.4013340473175049,-0.19998562335968018,-0.07366625336904542,-0.09773184171954762,-0.1031616903881922,0.0441695117401924,1.4444256895370506,-0.1893202128528097
89.48932,1785472132.757,-0.04579327255487442,0.07958948612213135,0.3680000305175781,-0.04478046170720165,0.08521040902312606,0.3606421751440811,0.7491874324305029,0.00660425797386775,-0.003667295145327722,0.6623149747749347,0.7397438108429369,-0.013875841716138955,-0.03441570541151359,0.6718646549397175,25.621404620623824,24.22415305874575,58.984994888305664,1,0.4735294851478476,-0.020739909748584716,0.7235528542342118,0.16579405776089695,-0.0631063674715627,0.9841046259292732,0.008246333750581333,0.4693669080734253,-0.022637678310275078,0.7389768958091736,0.1652504801750183,-0.05892135575413704,0.9844807386398315,0.004273893777281046,-0.07533799111843109,-0.09885895997285843,-0.0495891198515892,0.06257752329111099,1.3915722370147705,-0.20438505709171295,-0.07519817320250914,-0.09877631801823772,-0.08516086931696103,0.05278709965412792,1.4267792311317244,-0.19368780137427172
89.629818,1785472132.857,-0.04691321402788162,0.07827428728342056,0.37700000405311584,-0.044990683468129886,0.08354633492569571,0.3688547727769886,0.7479483709461975,-0.022121391284822524,-0.029116740008805143,0.6627488920381632,0.7428231035516402,-0.016708336125528016,-0.031650656749095306,0.6685304063849128,25.98234196719175,25.187159117632042,64.87417221069336,1,0.4750465323323879,-0.02050189013957008,0.7160647340427786,0.17197125292002816,-0.06229386750540387,0.982928882609561,0.019904119479514946,0.47086045145988464,-0.021986892446875572,0.7336845397949219,0.16543249785900116,-0.06039910018444061,0.9843537211418152,0.005645089782774448,-0.08924808353185654,-0.10451599955558777,-0.024869414046406746,0.09229706972837448,1.364513874053955,-0.2194245308637619,-0.07524625143658657,-0.09880477062269274,-0.07292741565218185,0.05615403893594751,1.414671545854904,-0.19736658484536165
89.738904,1785472132.991,-0.04600227251648903,0.07869163900613785,0.3830000162124634,-0.04513856650192123,0.08269729280619541,0.37578247355537187,0.7518522171945321,-0.002054411914899259,-0.011052569329841144,0.65923581790021,0.7461370111748871,-0.013816340963852156,-0.026131030982935136,0.665135954897302,23.85500140689998,24.777293235027336,19.267559051513672,1,0.47753455005419304,-0.02017671021917576,0.7037444564041018,0.16813642735113965,-0.06684615130134136,0.9832757002094306,0.02075165611336391,0.4726565480232239,-0.02134445682168007,0.7264542579650879,0.1680508255958557,-0.06137887388467789,0.9837981462478638,0.011522414162755013,-0.0891348347067833,-0.10035736858844757,-0.002195189241319895,0.0947403833270073,1.3461567163467407,-0.23075231909751892,-0.08098012641291176,-0.10114363347590943,-0.053246607423174115,0.07095499543351655,1.3941314776756972,-0.20639952940289774
89.87911,1785472133.124,-0.04496261849999428,0.07926899939775467,0.3920000195503235,-0.04515628399237462,0.08229584204270227,0.3838726605305629,0.7488108956494335,-0.009646598816336454,-0.02734644176120525,0.6621490450125039,0.7470397985292714,-0.013766321421785223,-0.026197543297737377,0.6641202575836856,25.57084289821035,25.113419931990286,66.58411026000977,1,0.4788012478300031,-0.019945849813080566,0.6933522629306904,0.16626998812427762,-0.07250104452430721,0.9832865772590567,0.015665138818608083,0.474788635969162,-0.020849144086241722,0.7171708345413208,0.16804912686347961,-0.06376154720783234,0.9835951328277588,0.015319015830755234,-0.08305729925632477,-0.10041745752096176,0.02030974067747593,0.08428077399730682,1.3258994817733765,-0.23729437589645386,-0.08431955502122095,-0.10082167121263298,-0.03234033939111382,0.08069535923580054,1.3744853331638762,-0.216372238540975
89.974695,1785472133.258,-0.04465210437774658,0.07862118631601334,0.3930000066757202,-0.045116099773894434,0.0820717474742509,0.38660246349127886,0.7427155581390852,-0.036767667005188846,-0.04251587637471816,0.6672436875814057,0.7461899092518649,-0.01855786525897761,-0.029598026073706755,0.6648159006975265,26.070839980042066,25.395756447764104,20.401716232299805,1,0.4793952031904008,-0.019907945579246227,0.6812166074224123,0.1663690134428106,-0.0738349341431838,0.9831669675917553,0.015889232283849076,0.4761193096637726,-0.020606977865099907,0.709538996219635,0.1675775796175003,-0.06628928333520889,0.9835063815116882,0.01544868666678667,-0.08338116109371185,-0.10345212370157242,0.05023275688290596,0.08591989427804947,1.2991158962249756,-0.24280117452144623,-0.08400987358715281,-0.10101558324084421,-0.015079985363799429,0.08183091280744084,1.3586402088822107,-0.22259281868135378
90.018221,1785472133.324,-0.04422689229249954,0.0777711570262909,0.3930000066757202,-0.04507381498455263,0.08186644948410306,0.3876006963372213,0.7445119804224901,-0.04443445543691156,-0.04915996451420058,0.6643122669847136,0.7459775135526185,-0.022641552837948366,-0.03268626499389012,0.6647830604337691,24.815548511991953,25.293122964544708,28.739452362060547,1,0.47972851036014563,-0.019964516059656247,0.6771216183928912,0.1654811994597585,-0.07186697736421115,0.9833567953019313,0.02145980716146519,0.47687646746635437,-0.020478153601288795,0.7041821479797363,0.16734915971755981,-0.06774178147315979,0.98344486951828,0.015543372370302677,-0.08945035934448242,-0.10220546275377274,0.05814100429415703,0.09842126071453094,1.2939881086349487,-0.24694670736789703,-0.08389041172782939,-0.10147854661803044,-0.0026703732248015708,0.08260782888791926,1.347330589477336,-0.2264324045914334
90.095092,1785472133.358,-0.04433942958712578,0.07839514315128326,0.39400002360343933,-0.04500165257842137,0.08159587264036687,0.38945077857458643,0.748846444802251,-0.0018341129604785688,0.007748224566424,0.6626957093212129,0.7472158984420828,-0.014975732205994996,-0.017786760187683808,0.664174494935112,25.843588728286818,25.506086172177184,21.20661735534668,1,0.48003538434832316,-0.020026750214554512,0.6756239987977205,0.16486530817469916,-0.07095818799244583,0.9834042744114175,0.02646504839677783,0.47780439257621765,-0.020333215594291687,0.6968704462051392,0.16682976484298706,-0.0689471960067749,0.9834223389625549,0.017162460833787918,-0.09510144591331482,-0.10051309317350388,0.0599934421479702,0.10995135456323624,1.2938772439956665,-0.252309113740921,-0.08539715309928986,-0.10167555161860085,0.013809605700073637,0.08689327402079532,1.3328747771690492,-0.23199177978654525
90.172468,1785472133.458,-0.04456450417637825,0.07879308611154556,0.3960000276565552,-0.04497867726672718,0.081470876955815,0.39087815387180547,0.7467714221314727,-0.03497161618931489,-0.04039468869193626,0.6629311414274688,0.74715846708219,-0.020692512842046002,-0.024250398419812434,0.6638809856865567,26.271947432563067,25.734060223561887,20.989179611206055,1,0.4804392692335689,-0.020132638228766944,0.6728484956609985,0.15957117242771227,-0.07487075237782938,0.9842814523258405,0.011019708515078592,0.47867530584335327,-0.020214183256030083,0.6895676851272583,0.1661258488893509,-0.06975045800209045,0.9834235906600952,0.020376188680529594,-0.07699362933635712,-0.0971548929810524,0.06066050007939339,0.07230076193809509,1.2940551042556763,-0.23760150372982025,-0.08873444198372274,-0.10127581606953538,0.029692526426611743,0.09482296432257493,1.3194635255107232,-0.23897890824151324
90.235007,1785472133.525,-0.04456450417637825,0.07879308611154556,0.3960000276565552,-0.04495866101609289,0.08135640185231764,0.39175376308653054,0.7474057997102722,-0.034937294659808764,-0.030978906419030578,0.6627248775761955,0.7472403375582751,-0.024378338410034762,-0.02599174079097728,0.6635977727153818,25.481812590070763,25.660002583633098,20.457744598388672,1,0.48062527795436816,-0.020165173738710258,0.6707072730539084,0.16024243401429578,-0.07366820865678614,0.9841308174105347,0.019542046907814282,0.47905126214027405,-0.02020847238600254,0.6863871812820435,0.1648726910352707,-0.07067032158374786,0.9836039543151855,0.01860305480659008,-0.08687124401330948,-0.09670507162809372,0.06553686410188675,0.09268878400325775,1.2908796072006226,-0.2479497492313385,-0.08650368999184843,-0.10049283607372946,0.0355764009058053,0.09054374353693374,1.3146359254722644,-0.23871720175203387
90.358737,1785472133.591,-0.044358957558870316,0.07876061648130417,0.398000031709671,-0.044915653859404964,0.0811357350226657,0.39347039043697496,0.7496431425053178,-0.024411899754752695,0.0062447058608934,0.6613623981553733,0.7479195608527056,-0.025062521793882228,-0.019091371881035938,0.6630412656953768,24.920370094533293,25.509908751441657,66.49899482727051,1,0.48079607194382035,-0.020194065416558344,0.6693937140520773,0.15895086378742063,-0.07334839263684005,0.9842798922185564,0.02340363162101153,0.4797590672969818,-0.02019181102514267,0.6799725294113159,0.1629776656627655,-0.07190392166376114,0.9838229417800903,0.018987149000167847,-0.09110834449529648,-0.09466782212257385,0.06634455174207687,0.10132993012666702,1.2923088073730469,-0.2526768743991852,-0.08665418537463193,-0.09894175985147981,0.04784595039344605,0.09142218412069687,1.3049074755768444,-0.24249801835015097
90.421162,1785472133.725,-0.04360700026154518,0.07895850390195847,0.39900001883506775,-0.0448202655024596,0.08103699561028288,0.3943144585502818,0.7513684097145145,-0.005780860311038083,0.013351320886724182,0.6597225452928872,0.7490070244221523,-0.01960107250889817,-0.009898723882808137,0.6621980750411967,26.777222635450205,25.884343785430907,16.003131866455078,1,0.4811252661984352,-0.020256350553659576,0.6668184867248564,0.1535945284897842,-0.07501941723507836,0.9850927418704255,0.019315738917201602,0.4800618886947632,-0.020191194489598274,0.6771054267883301,0.16188110411167145,-0.07231254130601883,0.9839502573013306,0.02018158510327339,-0.08576107025146484,-0.08952387422323227,0.06540819257497787,0.09001972526311874,1.2970638275146484,-0.2491222620010376,-0.08786125208936482,-0.09778353779875189,0.05285919875205234,0.09410719079802235,1.3014932364936151,-0.24525648720170234
90.588843,1785472133.791,-0.04371629282832146,0.07829122990369797,0.4000000059604645,-0.04468727539244069,0.08076257286780393,0.3955563788606055,0.7490273456299948,-0.007560307832768617,0.002596854707896041,0.6624908554761977,0.7487525765992983,-0.01516847802249891,-0.0032543461451181904,0.6626680206117999,26.295438561423268,26.04572648829364,70.38736343383789,1,0.4812723896454495,-0.02039832582924008,0.6655521450094466,0.15082432982633928,-0.07805333545043218,0.9854299560867207,0.009354143703288048,0.4805864095687866,-0.020223546773195267,0.6722822785377502,0.15799842774868011,-0.07357563823461533,0.9844958186149597,0.019774725660681725,-0.07459963858127594,-0.08808565139770508,0.0656866505742073,0.06642787158489227,1.2969940900802612,-0.24111931025981903,-0.08687717057823646,-0.0939134532977525,0.05873960980357028,0.09219199947491577,1.2994177970518395,-0.24706782662783308
90.623351,1785472133.925,-0.04371629282832146,0.07872381061315536,0.4000000059604645,-0.044638947706004566,0.0806725329567155,0.3960231114382443,0.7482073042979271,-0.00873617835829617,0.020140045209318818,0.663101717357064,0.7486592311115846,-0.013585151784041299,0.002507079159308389,0.6628110695186861,25.769200839434994,25.96366361595808,21.773815155029297,1,0.48168258305367445,-0.020596351608033865,0.6636887911079795,0.14912460303598724,-0.07881335062640896,0.9856712617546969,0.0015723496118912113,0.48082390427589417,-0.020285047590732574,0.6699498891830444,0.15551164746284485,-0.0750965029001236,0.9848421812057495,0.01620270311832428,-0.06585011631250381,-0.08700982481241226,0.06820016354322433,0.04769870638847351,1.2939579486846924,-0.2316276580095291,-0.0826549141244674,-0.09190931478775247,0.061129056254305585,0.08333173659536888,1.2985842842243136,-0.24502212867504716
90.733252,1785472133.992,-0.043283503502607346,0.07829122990369797,0.4000000059604645,-0.044517988700242074,0.08046759350780255,0.3966322688754703,0.7475433362983583,-0.013271668816546345,0.006823283705243935,0.6640453794449753,0.7482407301100155,-0.013601402778694125,0.0038491922560814715,0.6632767110082025,26.358789057099795,26.091192055815775,63.49802017211914,1,0.48181710366672503,-0.02066827746891884,0.6629885300941689,0.14609816800699804,-0.07952815432942367,0.9860619781365936,-0.0035175626934529575,0.4811127781867981,-0.020395252853631973,0.6677638292312622,0.15326635539531708,-0.0763431265950203,0.9851680397987366,0.011187674477696419,-0.05975828692317009,-0.08440478891134262,0.066421277821064,0.03481545299291611,1.2974802255630493,-0.22519870102405548,-0.07687573581852666,-0.09022440835648503,0.06356104678359523,0.07107755033452304,1.2969932874322376,-0.2404157681503635
90.902726,1785472134.125,-0.04381795972585678,0.07684536278247833,0.3970000147819519,-0.04446321150076228,0.08010193340191404,0.3967672977638587,0.7464135549749332,-0.018005789205814894,0.021278291074773262,0.664898361280651,0.7475162825185422,-0.01694151993407181,0.003999219202818022,0.6640153601519698,23.99117963845766,25.547474613644344,21.208524703979492,1,0.4821237327984514,-0.0208490925463953,0.6620744083418231,0.14512119644209842,-0.07907971957281236,0.9862382049545235,-0.0045209936494799525,0.48141995072364807,-0.020526036620140076,0.665678083896637,0.15017324686050415,-0.07758726179599762,0.9855974316596985,0.005093661602586508,-0.05876890569925308,-0.08302438259124756,0.06688127666711807,0.03206538036465645,1.297265887260437,-0.22295518219470978,-0.06976702037440399,-0.08770320469088884,0.06477858573356828,0.05595286401167038,1.2971712596359253,-0.2339598729908529
90.976009,1785472134.225,-0.043169837445020676,0.07731258869171143,0.39500001072883606,-0.04438838234483327,0.07992109851765956,0.39649193640495434,0.7465002894545713,-0.013561218588682212,-0.0027570498471397704,0.6652411666987932,0.7473192023823743,-0.01627415017731361,0.0026651942388348756,0.6642605351262767,24.071421271368703,25.10616597589088,21.611690521240234,1,0.48267201296307694,-0.02093154109706783,0.6618714118589925,0.14271195122876704,-0.07775889461976385,0.986702122183853,-0.002403198258855421,0.481760174036026,-0.020669041201472282,0.6641676425933838,0.14783862233161926,-0.07806055247783661,0.9859251379966736,0.0013821781612932682,-0.060714658349752426,-0.07900307327508926,0.06287307292222977,0.03581463173031807,1.3026740550994873,-0.22254851460456848,-0.06545775189917816,-0.08538507841925765,0.06523908241895211,0.0465456375149186,1.297750827378344,-0.22941267321891975
91.077951,1785472134.359,-0.040620628744363785,0.07700233906507492,0.38700002431869507,-0.043757643009243875,0.07958007700817843,0.39324946767226526,0.7485327947005964,-0.008788727989913798,0.0017035652541668366,0.663037337850184,0.7480691551398649,-0.01409540390020227,0.002254035204820162,0.6634672396151253,24.80777964139794,24.872577228266632,56.63347244262695,1,0.48320638778638464,-0.02137097100461273,0.6636486258984285,0.14516105372559054,-0.07837931136278536,0.9862954460760244,-0.0024990160599788484,0.48207324743270874,-0.02076077274978161,0.6633753776550293,0.14607185125350952,-0.07795766741037369,0.9861975908279419,8.6483261839021e-05,-0.06206058710813522,-0.07993805408477783,0.06054752692580223,0.03690867871046066,1.3010920286178589,-0.22532247006893158,-0.06382659605498447,-0.08319035004469559,0.06442577414140677,0.042855261126268245,1.2994439253916452,-0.22705208600066382
91.170195,1785472134.425,-0.03937086462974548,0.07664017379283905,0.3790000081062317,-0.042927241751123814,0.07928448171913167,0.38690593983071936,0.7474928826393418,-0.012394090880025,-0.03970967767203049,0.6629660009487428,0.7475464707520778,-0.014407307109337358,-0.012492777736841407,0.6639357153161655,24.529111442500707,24.69135199363251,58.48431587219238,1,0.4834574534138516,-0.021995734167916663,0.6671465874847896,0.14591808237110193,-0.07857853511299775,0.9861661081670023,-0.003119961439534802,0.48260265588760376,-0.021045198664069176,0.6635031700134277,0.14564231038093567,-0.07815664261579514,0.9862447381019592,-0.00112633453682065,-0.06299948692321777,-0.07929293066263199,0.052413295954465866,0.03616733476519585,1.306916356086731,-0.22635242342948914,-0.06299911142139489,-0.08166650283882443,0.06260896744642344,0.04006895332220043,1.3002161589912167,-0.22624165567255883
91.327679,1785472134.559,-0.04021899029612541,0.0756097212433815,0.3680000305175781,-0.042560256289531535,0.07873174863049845,0.3767037433993773,0.7499242766389923,-0.013699882815166592,-0.03171682490199082,0.6606208712540587,0.7489170158275876,-0.013072572223397876,-0.02157497763443707,0.6621834576606687,23.631896069212768,24.13206152689279,66.67327880859375,1,0.48390621750990814,-0.02325101970375048,0.6766603547557793,0.15620226688678895,-0.07599270506454567,0.984772102762902,0.007061601541711728,0.48295512795448303,-0.021435249596834183,0.6649972796440125,0.14575611054897308,-0.07833390682935715,0.9862126111984253,-0.0019398326985538006,-0.07897757738828659,-0.08483105152845383,0.039732303470373154,0.06395281851291656,1.3083336353302002,-0.24003104865550995,-0.06299926191938553,-0.08069453458040432,0.05843401857334134,0.038471213752845734,1.3029599567038006,-0.22628701381044383
91.41894,1785472134.692,-0.03910128027200699,0.07736173272132874,0.36500000953674316,-0.04216473518594582,0.0785878901004469,0.3713261212475707,0.7521247409941489,-0.002255422640580572,-0.011734168445760204,0.6589124345040722,0.7500759629088706,-0.01013144243567166,-0.017800918402485134,0.6610344401349534,23.810339487398707,24.079192811924152,52.76918411254883,1,0.48474522963938926,-0.02381717486898354,0.6919625371645215,0.16359844128766707,-0.07714668417316653,0.9834244306458071,0.012662082700000729,0.4833696186542511,-0.02217848226428032,0.6697511076927185,0.1500014066696167,-0.07733412086963654,0.9856550693511963,0.0017796044703572989,-0.0882231742143631,-0.08458396792411804,0.008005522191524506,0.08058269321918488,1.3275495767593384,-0.2516002357006073,-0.06954257343697216,-0.08238851075494899,0.05077574426179474,0.04890619775039721,1.3051605318380974,-0.23191533128718267
91.536608,1785472134.792,-0.03938798978924751,0.07872438430786133,0.36400002241134644,-0.0419935077812797,0.07860184938704654,0.3693151190904649,0.747186416870924,-0.03193026691759541,-0.03807386826862809,0.6627543263179984,0.7494219207418473,-0.015540100033592491,-0.022831682060114985,0.6615164429527447,26.58596403581067,24.833339954860936,18.68295669555664,1,0.48496597663111873,-0.024418525772766687,0.7000282386447634,0.16295206604992088,-0.0795153880141412,0.9833900439675575,0.008243097992142276,0.4839419424533844,-0.022751567885279655,0.6773653030395508,0.154630646109581,-0.07715455442667007,0.9849393367767334,0.00557104405015707,-0.08486146479845047,-0.08074506372213364,-0.013947914354503155,0.07087831199169159,1.3453595638275146,-0.2509225904941559,-0.07596684394292338,-0.0831434986603336,0.03606680734547032,0.05979973208265978,1.3128601243865121,-0.23868497210846262
91.653286,1785472134.859,-0.03856564685702324,0.07902725785970688,0.36000001430511475,-0.041570404467671476,0.07867686847072541,0.3655454038136142,0.7505143142624856,-0.03989705450110177,-0.006134471028432047,0.6596202372535643,0.7494722752748811,-0.02414963303646773,-0.017800047535736562,0.6613556245517402,26.75260943318936,25.74776333082457,59.35382843017578,1,0.4849468616135295,-0.0246782953325696,0.7030445032146697,0.16281008042280645,-0.07756812277839685,0.9834828499022377,0.0154125919146533,0.48440977931022644,-0.02333499863743782,0.6851703524589539,0.15748567879199982,-0.0779181569814682,0.9844210147857666,0.0065106297843158245,-0.09338518232107162,-0.07811842858791351,-0.02300313487648964,0.08710307627916336,1.3549838066101074,-0.255862295627594,-0.07902571700626411,-0.0823186533450115,0.01886653754129484,0.06360964551787424,1.3240366816102729,-0.24289349085163464
91.728389,1785472134.993,-0.03863053023815155,0.08029910176992416,0.3570000231266022,-0.04127236794516689,0.07889488650524472,0.3619729396148093,0.7486358209522601,-0.06837390408283786,0.01577958066803771,0.6592574775165976,0.7488855362248331,-0.0446191540213713,-0.0028048012735139762,0.6611896231925282,25.754356580073633,25.87234843013872,58.57563018798828,1,0.48483761767745537,-0.025318375468385054,0.7086985290069143,0.15333265292017753,-0.07752823789328958,0.9849615571333222,0.018143892832660092,0.4846634566783905,-0.023807765915989876,0.691314697265625,0.15928809344768524,-0.0777086690068245,0.9841222763061523,0.009586955420672894,-0.09622536599636078,-0.06492681056261063,-0.05115588754415512,0.08956684172153473,1.389934778213501,-0.25625863671302795,-0.08396398147027984,-0.0808742290064425,0.004467858509736355,0.0716890514484679,1.334679397897716,-0.2473534602716192
91.822211,1785472135.126,-0.03967785835266113,0.08199916779994965,0.35600000619888306,-0.04121962193684995,0.0791334247224334,0.3612668541170207,0.7421658506637672,-0.07234256256602399,0.01886245115841674,0.6660334914148118,0.7475491572000732,-0.05047358702617907,0.0017666372732268727,0.6622835899936792,25.029879708675217,25.7266246684791,22.31311798095703,1,0.48451383899118283,-0.0257703785294884,0.7140570074554822,0.12856829203616427,-0.07716527645978823,0.9884385189709245,0.022472396542283148,0.4848185181617737,-0.024437330663204193,0.6984460353851318,0.15682892501354218,-0.07753350585699081,0.9844908118247986,0.013079739175736904,-0.09739269316196442,-0.03507724404335022,-0.09910694509744644,0.08901258558034897,1.4587198495864868,-0.2522203028202057,-0.08898513610208464,-0.07434362747604349,-0.018310383300699937,0.07901019769202443,1.357307028690833,-0.25100021699021324
91.932184,1785472135.159,-0.03803001344203949,0.08253666758537292,0.35500001907348633,-0.04085829662492961,0.07990966768651189,0.35907044544337235,0.7449096145501574,-0.041347710117070696,0.05606043148149674,0.6635188475400822,0.7442836544307541,-0.05668745636802995,0.024947295624565536,0.6649857190036077,24.032889636800892,24.682022962017534,61.10095977783203,1,0.48415668197829836,-0.025850218622760858,0.7151163010744068,0.1212448833576701,-0.07548432460165103,0.9894749559833862,0.023261695567894355,0.48479172587394714,-0.024889016523957253,0.7038686275482178,0.14716891944408417,-0.07733885943889618,0.9859486222267151,0.016288919374346733,-0.09692468494176865,-0.027203351259231567,-0.11109510809183121,0.08740882575511932,1.4774101972579956,-0.24722233414649963,-0.09187649263817639,-0.06095053725895853,-0.046096104045364475,0.08245002990805649,1.3921828977968485,-0.2514198027139744
92.041001,1785472135.326,-0.03753986954689026,0.08192133158445358,0.3540000021457672,-0.04058378056253633,0.08004182607686385,0.35835082696228204,0.746229978924031,-0.054935282010953816,0.04519544028379456,0.6618763521406179,0.7449464722763444,-0.05612463192909112,0.031482999584130505,0.6640132527826832,24.434915704809846,24.608701102433006,18.84317398071289,1,0.4829940809793804,-0.026394404396261797,0.7184111745424961,0.10031187345367155,-0.07364672133466402,0.992163250020021,0.011214891465284364,0.4846421182155609,-0.02521437034010887,0.7077270150184631,0.13826628029346466,-0.0766775980591774,0.9872453808784485,0.018698593601584435,-0.08118007332086563,-0.0068861027248203754,-0.14412841200828552,0.05299238860607147,1.5266143083572388,-0.22652150690555573,-0.09361256226111664,-0.04934489668967634,-0.06844909296456372,0.08415536837731553,1.421492566081537,-0.2499762917805061
92.113506,1785472135.393,-0.03792288526892662,0.08268700540065765,0.3540000021457672,-0.040501056291266095,0.0801648336819181,0.35806226152312837,0.7435006041582249,-0.06194550234673632,0.03795230816723817,0.6647775783374045,0.7446928950352781,-0.0571630513968639,0.032636920286293794,0.6641533776720567,23.439115281823092,24.40581254431188,20.676612854003906,1,0.48279621563639363,-0.026807058964048586,0.7194903342917605,0.09602573538522272,-0.07566324743583687,0.9924774036030083,0.006537160593249178,0.4843813180923462,-0.02541143074631691,0.7097172141075134,0.13105064630508423,-0.07628010213375092,0.9882836937904358,0.01739019714295864,-0.07654893398284912,-0.002592940116301179,-0.15188182890415192,0.041970353573560715,1.5370800495147705,-0.22618524730205536,-0.09125038993948904,-0.04127772474532184,-0.0828281728521704,0.07823440159277363,1.4414656971139204,-0.24551988273806127
92.210975,1785472135.426,-0.03722173720598221,0.08046790212392807,0.35100001096725464,-0.03999295669048366,0.08029329343724764,0.35607805650280766,0.742914848356954,-0.050527173662336486,0.049954699652002624,0.6656042824344945,0.7431733555362027,-0.06194775028210641,0.031360666329209266,0.6654865501747085,23.659707569128493,23.801854941479764,75.46687126159668,1,0.48261188955168843,-0.026931406435551326,0.7199231864896882,0.09447485792613863,-0.07543350453661636,0.9926443014782582,0.006448128092785306,0.48361802101135254,-0.026105418801307678,0.7147476673126221,0.11274920403957367,-0.07625845819711685,0.9906215667724609,0.011882509104907513,-0.07647033780813217,-0.0010484391823410988,-0.15473581850528717,0.04125892370939255,1.5414201021194458,-0.22554992139339447,-0.08358058828381108,-0.021095800575170215,-0.11885315298441412,0.059315358661305814,1.4913480011659366,-0.23543293887792163
92.288772,1785472135.593,-0.03684196621179581,0.080088309943676,0.35100001096725464,-0.03977049472362764,0.08027715043309668,0.35547415596125015,0.7445488603625039,-0.0525949646339505,0.048055900291399764,0.6637555232728637,0.7435999872518805,-0.05924209976371705,0.03619581832631794,0.6650107482667309,24.977383654595094,24.152642262680597,20.880937576293945,1,0.4824205534399695,-0.0276962940609666,0.7228988788348761,0.0920526357012554,-0.07282169506272451,0.9930331088615889,0.01041910232847736,0.48328709602355957,-0.026381785050034523,0.7165107131004333,0.10645788162946701,-0.0760461613535881,0.9913539886474609,0.010048103518784046,-0.08190326392650604,0.0036404782440513372,-0.1666395217180252,0.0488513745367527,1.5547361373901367,-0.22469811141490936,-0.08113537052147114,-0.014201561699203984,-0.1311926302416301,0.05310577301930829,1.5085677966838484,-0.23203416419988845
92.366797,1785472135.66,-0.03618523105978966,0.08107782900333405,0.35200002789497375,-0.03947675225307087,0.08031360946119342,0.3552489867554211,0.7435070475143002,-0.05279284072358047,0.037319555514320306,0.665595550647025,0.7435804002253564,-0.057678387337066615,0.036468468617571324,0.665155202063085,24.961128574971703,24.390833526139602,17.445087432861328,1,0.48244509062047164,-0.02803089293222901,0.7238043867275608,0.09046016946145465,-0.07432004028576403,0.9931090166066988,0.005288713208616819,0.4830089509487152,-0.02683197148144245,0.7187049984931946,0.10150723904371262,-0.07495453208684921,0.9919548034667969,0.010189351625740528,-0.0769701674580574,0.005279193632304668,-0.17077019810676575,0.03765268623828888,1.5587306022644043,-0.2234688252210617,-0.08139944411002187,-0.008065728539515975,-0.14338227704590525,0.051642705400449185,1.524445089052741,-0.22951129101650616
92.476311,1785472135.726,-0.036462198942899704,0.07970871776342392,0.35100001096725464,-0.039039288004262346,0.08028324716285276,0.3547128695315826,0.736308996805207,-0.07849461029588037,0.02352246871505143,0.6716653562926682,0.7419837891017267,-0.06194985382892175,0.03344614679830365,0.6667110525446281,23.433042605360487,24.10248624263319,62.048912048339844,1,0.4823902451051648,-0.02847178830359834,0.72414174729237,0.09134480128567636,-0.0743910091786409,0.9930288854950367,0.003967064903570205,0.4827902615070343,-0.02732180804014206,0.7207886576652527,0.09697713702917099,-0.07473765313625336,0.9924427270889282,0.008196712471544743,-0.076689712703228,0.00422827061265707,-0.17031684517860413,0.03527058660984039,1.557167649269104,-0.22353997826576233,-0.0795856108910695,-0.0026008943856265614,-0.15459733762391756,0.04591367264231473,1.5384853495680493,-0.22703683605555544
92.56913,1785472135.86,-0.03542352467775345,0.0791744664311409,0.35200002789497375,-0.03874849817843458,0.08018918750895183,0.3546003331072124,0.7402124266354068,-0.07531566754634067,0.018389408209011755,0.6678884213267169,0.7416111207960622,-0.06496435139442197,0.030053975156158378,0.6670002527262066,24.448393679428733,24.20518334531179,28.386354446411133,1,0.4824357592858514,-0.029128809679723325,0.7249452508899454,0.09052991277243198,-0.07140042355050992,0.9932925678761023,0.008728631755457758,0.48260757327079773,-0.02786080911755562,0.7223575115203857,0.09433473646640778,-0.07459404319524765,0.9927225112915039,0.006218590307980776,-0.08291547745466232,0.00652467692270875,-0.1745518445968628,0.04497217759490013,1.5622594356536865,-0.2228316366672516,-0.07822871250683022,0.000598930659580099,-0.161962312367262,0.040926776803085964,1.547239109233676,-0.2253983473177083
92.675822,1785472135.927,-0.0349431186914444,0.07894953340291977,0.35100001096725464,-0.03823608806133696,0.08007183309880476,0.35412918831748946,0.7419189809185553,-0.0752554636086069,0.026696663402489152,0.6657177548428465,0.7416125729880142,-0.07027197606714149,0.027520530078160913,0.6665697723343997,23.599819955008968,24.18924169064795,55.12404441833496,1,0.48257658078724314,-0.029565282611161783,0.725113533563171,0.09087131854906688,-0.07022093395882559,0.9932971437893063,0.013122806068461225,0.4825505316257477,-0.028297824785113335,0.7232466340065002,0.0930258110165596,-0.07349054515361786,0.9929226040840149,0.007081570569425821,-0.08857452869415283,0.007325022015720606,-0.17557422816753387,0.0545073077082634,1.5633554458618164,-0.225341796875,-0.07984047971974884,0.0026367650613818914,-0.16629145978210622,0.042318002789139164,1.5524045994895177,-0.22451565224971234
92.784423,1785472136.06,-0.034563347697257996,0.07781075686216354,0.35100001096725464,-0.0379517077241116,0.07984372935758142,0.3539514969757679,0.7411525517536831,-0.0818558798457159,0.020723416943717436,0.6660052927371258,0.7415354632723521,-0.0724747335571258,0.026228970596406356,0.6664717629477894,23.089667645375876,23.861259914026764,21.657466888427734,1,0.48275241825063103,-0.0303347418396816,0.7258193800612802,0.0890130982150303,-0.06968962592226027,0.9934136100784885,0.01869287821074271,0.48255598545074463,-0.02864091470837593,0.7237493395805359,0.09243523329496384,-0.07259684056043625,0.9930304288864136,0.008716731332242489,-0.09591924399137497,0.011293038725852966,-0.1813647598028183,0.06605464220046997,1.5709857940673828,-0.23035219311714172,-0.08220740545958284,0.003907254500257161,-0.16880671295475422,0.045621316685737746,1.5553722788564108,-0.22473953434111008
92.863282,1785472136.127,-0.03380380943417549,0.07591279596090317,0.35100001096725464,-0.03734924474295802,0.07915125374539696,0.3536639393504568,0.7355176175905129,-0.08720343587819253,0.01195077704379938,0.6717637783574396,0.7401554119553634,-0.07421586861303445,0.02457252222755959,0.6678758583378916,23.600788319921993,23.778905324873016,57.863473892211914,1,0.4830943805830734,-0.030761872243531267,0.7260852676682408,0.08841104474140407,-0.06932828226350063,0.9934433630896676,0.02115090492666751,0.48263490200042725,-0.029332388192415237,0.7245848774909973,0.09100977331399918,-0.07138176262378693,0.9932060241699219,0.012796714901924133,-0.09931574761867523,0.013389903120696545,-0.1840992569923401,0.0711955577135086,1.57380211353302,-0.2324579954147339,-0.08782254055494798,0.006931777833797618,-0.17394896159973877,0.053988981533111394,1.5617661694704559,-0.22703797105239623
92.979025,1785472136.26,-0.03351926803588867,0.07194166630506516,0.35200002789497375,-0.03718358452592439,0.07822290155392328,0.3536020355034277,0.7416792488520573,-0.04309437945779754,0.061007653518618955,0.6665829524474413,0.7395603574034463,-0.07592698393953744,0.022911619101449555,0.6684015474079052,24.43348871494033,23.891953231704594,20.544052124023438,1,0.484132593773277,-0.03166689767389548,0.7265150149525174,0.08836279245083709,-0.06700976263166523,0.9935606576267833,0.023214827989286257,0.4827921390533447,-0.029823245480656624,0.7250918745994568,0.09009850025177002,-0.07066072523593903,0.9932995438575745,0.015665298327803612,-0.10310657322406769,0.016480805352330208,-0.18813756108283997,0.07549942284822464,1.5756033658981323,-0.2311088889837265,-0.09177504934279156,0.009152698687880273,-0.1774392573429137,0.05990633719661636,1.5659053306335715,-0.2289019143438296
93.063396,1785472136.293,-0.0355241596698761,0.06565621495246887,0.3530000150203705,-0.03693097839939438,0.07348423024278697,0.3534560900903261,0.7443711097476563,-0.08456578955024978,0.025539166768896324,0.6618972950326477,0.739967102266523,-0.08368360092532146,0.020020557995846826,0.6671168711380274,23.556527905549437,23.727154892289583,66.50829315185547,1,0.4855249663386934,-0.03191669892355842,0.7266066808755178,0.08835382163179523,-0.06585329463934847,0.9935841373688874,0.025446173722665028,0.48325225710868835,-0.030453411862254143,0.7255768775939941,0.0894898921251297,-0.06939396262168884,0.9933995008468628,0.018261905759572983,-0.10561790317296982,0.02004810981452465,-0.19185364246368408,0.0801047682762146,1.57659912109375,-0.230854332447052,-0.09567194947291066,0.011672819921538237,-0.18111820137574017,0.06526880714260802,1.569240484961054,-0.22966089135529721
93.13987,1785472136.427,-0.03792288526892662,0.06124816834926605,0.3540000021457672,-0.03706830507498587,0.06969281431575593,0.3535135828969137,0.7465853886952899,-0.10826027339336046,-0.011837970763092549,0.6563153457292538,0.7419362702057338,-0.09052060119847662,0.011180743520385948,0.6642375950563186,25.144374522350855,24.15070392183628,21.29507064819336,1,0.49263278531647736,-0.032302051167572315,0.726820394195248,0.08504829865217135,-0.06591574706391154,0.9936411500945632,0.0331536728603532,0.48418113589286804,-0.03104694001376629,0.7259939312934875,0.08901286870241165,-0.06793705374002457,0.993484616279602,0.02120484784245491,-0.11229073256254196,0.04122833535075188,-0.21432103216648102,0.09521646797657013,1.5874946117401123,-0.23571166396141052,-0.09974491660138186,0.015102558582145398,-0.18551409938108487,0.07134429626678568,1.5722539200437544,-0.23014961464060124
93.248716,1785472136.494,-0.040987011045217514,0.053591445088386536,0.3540000021457672,-0.038021670315624055,0.061903852645706206,0.3535884671747515,0.7486125567960037,-0.09525639382897219,0.0073850476283925165,0.6560875858554072,0.7442322263487224,-0.09487629012339786,0.007607359260600388,0.6611043873107523,24.21899063078761,24.002066664276754,60.59718132019043,1,0.4983200277912393,-0.03210096131202492,0.7267304879294978,0.08665955646029792,-0.06751749799644328,0.9929455308581159,0.04461705377206404,0.4876403212547302,-0.03153451532125473,0.7263505458831787,0.0873691514134407,-0.06708452850580215,0.9935721158981323,0.02609100751578808,-0.12270131707191467,0.05426981672644615,-0.22650259733200073,0.12018825113773346,1.588620662689209,-0.24703474342823029,-0.10488255345296177,0.02579402099210991,-0.19731045760106056,0.08112020438149098,1.5784951357003298,-0.23242732690091367
93.390526,1785472136.627,-0.04314447194337845,0.04580923914909363,0.35600000619888306,-0.039490484041376735,0.053727704165298526,0.35397263151702896,0.7493812004194705,-0.08337579613722744,0.01554358360949623,0.6566846199546108,0.7467023555221011,-0.08893713327486936,0.013814709905333821,0.6590409185876287,24.61997833050843,24.08333739191915,67.06929206848145,1,0.5100046410541851,-0.03068104439044474,0.7266116110641452,0.08622598123156763,-0.07042789756601954,0.9924850484320898,0.050778145336708366,0.4926379323005676,-0.031747568398714066,0.7265257239341736,0.08696568012237549,-0.06726431101560593,0.9933294653892517,0.03477172553539276,-0.12301071733236313,0.08208885788917542,-0.2554250955581665,0.13263066112995148,1.5931442975997925,-0.2516825795173645,-0.11323169414815941,0.03913658217743127,-0.2109882603460578,0.09942590919243255,1.5832395425007122,-0.23927176056562988
93.497522,1785472136.76,-0.04545555263757706,0.04003424569964409,0.35600000619888306,-0.041306919175076236,0.04696540334412592,0.354298438499356,0.7557089017309013,-0.08321425046991034,0.03280672705097715,0.648770501043018,0.7484724618337829,-0.08866700466428123,0.017868440021082354,0.656968686477182,24.077768701078213,24.090478561139278,61.490535736083984,1,0.5222703971526943,-0.02848801117199791,0.7260291743020679,0.08596985029013887,-0.0749494843510804,0.9925522212572175,0.042800090116283294,0.49851086735725403,-0.0313279815018177,0.7267752885818481,0.08682651817798615,-0.06834140419960022,0.9930612444877625,0.04024871438741684,-0.10793203860521317,0.10832486301660538,-0.283792644739151,0.11525239050388336,1.5917340517044067,-0.24732419848442078,-0.11659470865817903,0.05359052365853079,-0.2262698121525636,0.110845036867145,1.5866457877792859,-0.24353983974599952
93.573522,1785472136.894,-0.04596949741244316,0.03744414076209068,0.3570000231266022,-0.041671568046888756,0.045089436990475795,0.35444893361772506,0.7478958831984158,-0.11303114814151614,-0.0021789131596053847,0.6541184600530051,0.7494604237702109,-0.08793669223873979,0.019874839400669222,0.6558820031980468,24.340371739240194,24.133486949008066,17.545700073242188,1,0.5324158998650231,-0.025771773152297915,0.7255362251251283,0.08328938619631297,-0.07816516847261716,0.9926386011155542,0.040270239135674346,0.5066460371017456,-0.030393069609999657,0.7267487645149231,0.08660770207643509,-0.07061630487442017,0.9928857684135437,0.04111291095614433,-0.09763745218515396,0.13368558883666992,-0.31187644600868225,0.10828597843647003,1.5981366634368896,-0.24365904927253723,-0.11361561813839471,0.07226495576520665,-0.2460514401260045,0.11236074953457892,1.5883956417431349,-0.24484127830120697
93.650383,1785472136.927,-0.04648560658097267,0.03716186061501503,0.3580000102519989,-0.042310052595243536,0.04293335110297908,0.35486851882480613,0.7493945992339083,-0.0874841479867124,0.01920445258547309,0.6560376875538335,0.7494478444086043,-0.08784994109885222,0.019746322768545464,0.6559118836378443,24.949965589511095,24.37660169891424,23.29397201538086,1,0.5352301740468481,-0.025227045936598743,0.7253091026782472,0.0823784237996353,-0.07993511496170419,0.9926395974752347,0.0386109079477663,0.5155178308486938,-0.02889641560614109,0.7265397906303406,0.0854833573102951,-0.07321779429912567,0.992806613445282,0.040826208889484406,-0.09439482539892197,0.14085924625396729,-0.3198545277118683,0.10449601709842682,1.600064754486084,-0.2441960573196411,-0.108120727077903,0.09335021347882692,-0.26868826650730027,0.11095945530555944,1.591745579103617,-0.2444347079569506
93.815702,1785472136.994,-0.04622703045606613,0.035324446856975555,0.359000027179718,-0.042973134404967646,0.04052998447020135,0.3557306805033526,0.7505844400645824,-0.09686007724702829,0.01974447310589636,0.6533385642608338,0.7458622263414918,-0.10295656942334652,0.005521987480608903,0.6580721782477608,24.67454251708015,24.73578747498767,66.52688980102539,1,0.5384647133337819,-0.024271539469473184,0.7246784606365514,0.08253058414439281,-0.07989776679902771,0.9926291519702164,0.03863180296339242,0.5223108530044556,-0.02769538201391697,0.7262288331985474,0.08441057056188583,-0.0755312591791153,0.9927558898925781,0.040070004761219025,-0.09193199872970581,0.14763863384723663,-0.32613474130630493,0.10420622676610947,1.5990148782730103,-0.2417668104171753,-0.10340038991804341,0.10968855469871465,-0.28628408058823596,0.10873669170061964,1.5946065435176475,-0.24435263493989737
93.853448,1785472137.127,-0.04713480919599533,0.035812169313430786,0.36000001430511475,-0.04338779235144136,0.0397572566494826,0.35622570686603455,0.7392433569014581,-0.13155502292204105,-0.021306106982831002,0.6601201292388235,0.743925587898572,-0.11189011425296341,-0.0028411629667817267,0.6588226239248459,25.976678007198913,25.106244636334946,20.600557327270508,1,0.5420697548949455,-0.02327881364570014,0.7233837380904624,0.08211314695130296,-0.07262734157015707,0.9922499831307827,0.05850360101025567,0.528939962387085,-0.026337670162320137,0.7256667017936707,0.08363667875528336,-0.07731916755437851,0.9927072525024414,0.039484087377786636,-0.10737661272287369,0.15841571986675262,-0.33358344435691833,0.1444159597158432,1.603825330734253,-0.2384425699710846,-0.09870396927561859,0.12522947130532724,-0.3026029614996514,0.10688143835324192,1.5964118006833163,-0.2432937125873473
93.916026,1785472137.194,-0.0464845634996891,0.03513083979487419,0.36100003123283386,-0.043654265525753785,0.03887141315441067,0.35699793389171736,0.7518849060437878,-0.09406035111250823,0.03110348513035335,0.6518084930597806,0.7471490303410113,-0.10500330603630717,0.010309557293251366,0.6562288817252326,24.366312956008187,24.81973455461418,19.127845764160156,1,0.5432288870181433,-0.022657117660561336,0.7226410179770849,0.08180477153546303,-0.0688251990623168,0.991780300102901,0.07030581523503632,0.5325002074241638,-0.025481656193733215,0.7250613570213318,0.08321885764598846,-0.07604101300239563,0.9926226139068604,0.04463948309421539,-0.11659357696771622,0.16257253289222717,-0.3350798189640045,0.16835162043571472,1.6064332723617554,-0.23759078979492188,-0.10105425556344498,0.13422293810770206,-0.31099855115533837,0.11705329986463905,1.5984208673271203,-0.2419790525912816
94.024614,1785472137.294,-0.04582998529076576,0.03483666479587555,0.3620000183582306,-0.04381180737936912,0.03825158016212688,0.3576650784219751,0.7399586980466312,-0.12381623459476632,-0.0045601526142895876,0.6611428516168368,0.7459062080343748,-0.10822356551414422,0.010142639693130956,0.6571215378780709,24.666383783615398,24.916226452440917,59.80205535888672,1,0.5445572151342981,-0.022257441121243005,0.7214821647308471,0.07728785500818224,-0.07521381423555967,0.9925294636685772,0.05705027051767086,0.5354025959968567,-0.024674788117408752,0.7243751287460327,0.0828108936548233,-0.074078768491745,0.9924677014350891,0.05159928277134895,-0.10290592908859253,0.1684161126613617,-0.34193795919418335,0.13965916633605957,1.6110020875930786,-0.239227294921875,-0.1052654116166079,0.14190567141380467,-0.317524445965667,0.13095515182617093,1.6005922290915062,-0.24078983308352686
94.148311,1785472137.394,-0.045689355581998825,0.034635480493307114,0.36400002241134644,-0.043984166211309836,0.03767186799118843,0.3589202234881189,0.7448948279994896,-0.090473817254759,0.02511386793489985,0.6605418058293597,0.744706368061978,-0.10661815073186034,0.010995017229885596,0.6587291589861273,23.757109858733212,24.563578429680334,57.40213394165039,1,0.5454864915078927,-0.02202096571541495,0.7204810469805774,0.07513583061817437,-0.07338971739697567,0.9927035722709499,0.059229839930596835,0.5391590595245361,-0.02368982695043087,0.7232210040092468,0.08055101335048676,-0.07454054057598114,0.9925004243850708,0.05383513867855072,-0.1038179099559784,0.17266961932182312,-0.34471359848976135,0.1431114226579666,1.614353060722351,-0.23595114052295685,-0.10429917995966297,0.15276193112698175,-0.32752143237520304,0.1345195648578566,1.604855170246485,-0.24014995676316753
94.260383,1785472137.528,-0.0458148755133152,0.0343359000980854,0.36500000953674316,-0.044060110915606424,0.03740883428410569,0.35977136946255356,0.7406938748014085,-0.09783630781830177,0.02584910553890815,0.6641780367092819,0.7436620527115467,-0.1042813855928836,0.014953974226923177,0.6602033948947079,23.618484548253953,24.28489862210079,18.126249313354492,1,0.5463550070201248,-0.021761350432060688,0.7185979916849892,0.07562548305254903,-0.07169684765352342,0.9929099557955664,0.057185383024533354,0.5413407683372498,-0.02311725914478302,0.722290575504303,0.0786895900964737,-0.07414183765649796,0.9925770163536072,0.055693916976451874,-0.10121442377567291,0.17236503958702087,-0.34022730588912964,0.13864007592201233,1.6080015897750854,-0.23113203048706055,-0.10413367109700064,0.15960815396090103,-0.33343321490701067,0.13747433775041332,1.6081214947811353,-0.23870598265023787
94.302054,1785472137.594,-0.04511921852827072,0.03351501002907753,0.36900001764297485,-0.04412633853845502,0.0370414396143456,0.3617770531710764,0.7398537527262725,-0.14186854656183975,-0.03683267706484663,0.6566072600676294,0.7429506770961288,-0.10271096155872066,0.01761196953965655,0.661184216619711,24.180449341760546,24.2539341410924,21.331310272216797,1,0.546748789952128,-0.021646531947791516,0.7173211164891252,0.07440566648893877,-0.0706683007601501,0.9933329711084492,0.052529958793728466,0.5427010655403137,-0.022751741111278534,0.7212941646575928,0.07786011695861816,-0.07347888499498367,0.992668867111206,0.05609958618879318,-0.09638575464487076,0.17307355999946594,-0.3389328718185425,0.12828975915908813,1.60625422000885,-0.22549490630626678,-0.10334255505494916,0.16306523174795423,-0.3352736690424733,0.13779029358576847,1.6080890005244957,-0.2366534401921413
94.396894,1785472137.661,-0.04576517641544342,0.033295441418886185,0.3710000216960907,-0.04420263686351812,0.03671968383832395,0.3638077578659906,0.7310878009604076,-0.1606101176487646,-0.046825140019090244,0.661454778241051,0.742466719374056,-0.10165211897654103,0.019402908521977714,0.6618410265844765,24.313942796481346,24.27171852148013,21.32582664489746,1,0.5472979249992778,-0.021544734348680667,0.7143123152113944,0.07358561484027798,-0.06997672628613832,0.9936034011316246,0.04940340399730671,0.5440958142280579,-0.022378508001565933,0.7199303507804871,0.07666227966547012,-0.07250846922397614,0.992901623249054,0.054880376905202866,-0.09303257614374161,0.17287704348564148,-0.3323229253292084,0.12129513919353485,1.6000653505325317,-0.22218860685825348,-0.10095011145592345,0.1665070436056557,-0.3365310498369869,0.13452311520000343,1.607458019505165,-0.23281601850723127
94.457835,1785472137.728,-0.04508354887366295,0.03338518366217613,0.3720000088214874,-0.044254639120844805,0.036486301664661415,0.36543780519318747,0.7334103301714463,-0.1787161216749265,-0.044207324622099954,0.6543818059061844,0.7421297213778555,-0.10091925792802249,0.020641919182732643,0.6622935083475735,24.420960357457815,24.31597319006488,22.176504135131836,1,0.5477785895011836,-0.021427734044883764,0.7112660437934191,0.07303257952055792,-0.06951028567037053,0.9937794628726362,0.047296317902895825,0.5452029705047607,-0.022097723558545113,0.7179968953132629,0.07559367269277573,-0.07162512093782425,0.9931495189666748,0.05300472676753998,-0.09067456424236298,0.17241321504116058,-0.32514485716819763,0.11656266450881958,1.5935417413711548,-0.22008350491523743,-0.09822727200481923,0.16869763651191758,-0.33508290289768444,0.12997406611027962,1.6049156806454765,-0.22916124982906386
94.566631,1785472137.795,-0.0444658100605011,0.03179536387324333,0.37700000405311584,-0.044325623390669894,0.03560764457310165,0.37004386162397807,0.7437209499384271,-0.12529742283745313,0.012359942555958368,0.6565264170412258,0.7422364803145213,-0.10513033948974762,0.019935166374198766,0.6615400276254754,25.259261147255213,24.51571729197464,62.157630920410156,1,0.5481270699781666,-0.02134764877820353,0.70882081258284,0.07264974664076414,-0.0691873739334906,0.9938983670776488,0.045838384805787814,0.5460965037345886,-0.02187417633831501,0.7156789898872375,0.07470312714576721,-0.07087834924459457,0.9933729767799377,0.051047515124082565,-0.08902595937252045,0.1719805747270584,-0.3192930221557617,0.11330872774124146,1.5882729291915894,-0.21867108345031738,-0.09562989652912644,0.16997537350545988,-0.33166423917964055,0.125361935715192,1.6010041829290373,-0.22603941148783377
94.697943,1785472137.961,-0.04417477548122406,0.03228849172592163,0.37800002098083496,-0.04431509055368028,0.03540189123254082,0.37160165833045933,0.7404203149866098,-0.13792625929025684,0.017281674322431013,0.6576134486808645,0.7418819759856494,-0.1128721992409513,0.0193116005437583,0.660680000023141,25.367486792425712,24.76939747624574,22.511720657348633,1,0.5494404547210608,-0.021235577606777467,0.7019109403276657,0.07022006467912954,-0.06928731313397825,0.9938939091760615,0.04942982963616322,0.5470576882362366,-0.02162998914718628,0.7124638557434082,0.07373249530792236,-0.07006636261940002,0.9936251640319824,0.04861430823802948,-0.09154079109430313,0.17459654808044434,-0.30670279264450073,0.11995340883731842,1.5793389081954956,-0.22228987514972687,-0.09253556197345193,0.17091486962716868,-0.3258664850171276,0.11971435310268284,1.5950388394090724,-0.2225869128242107
94.765965,1785472138.028,-0.04411314055323601,0.03254475072026253,0.38100001215934753,-0.04431264604069992,0.035144420412877644,0.3750556568661934,0.7413021874147259,-0.1354242918029143,0.033822345828521796,0.6564962886768498,0.7401156793555165,-0.13241195347458895,0.01354715690277016,0.6591754927855079,22.87311225430408,23.92072196699492,57.428836822509766,1,0.5497474833241605,-0.021249364459382334,0.6995740215738857,0.06525162266487383,-0.06880498981682073,0.9939482618007646,0.055452249540907377,0.5479027032852173,-0.021496975794434547,0.7088409662246704,0.07252425700426102,-0.06979978829622269,0.9937189817428589,0.048896674066782,-0.0962604507803917,0.18077875673770905,-0.308747261762619,0.1307908594608307,1.5873947143554688,-0.22502151131629944,-0.09219345981284437,0.1721809666349765,-0.31927550126643195,0.11979659427428885,1.5896396330647231,-0.22248476035721357
94.845328,1785472138.162,-0.044642236083745956,0.03263017162680626,0.38200002908706665,-0.04432004941716851,0.035092710020957645,0.37577225457648866,0.7369545365568427,-0.1646877035722185,-0.006784194560083698,0.6555379058792628,0.74037221875346,-0.13300443880257767,0.017505447271014513,0.6586746968517402,24.013918091777096,23.93673926377411,18.614768981933594,1,0.5501301665510463,-0.021248308033955436,0.6943927611703117,0.055654174525953955,-0.06598176812751586,0.9935639834538592,0.07334596046068816,0.5484174489974976,-0.02142920531332493,0.7063271999359131,0.07054775208234787,-0.06954348087310791,0.9937904477119446,0.050669390708208084,-0.11074765771627426,0.19284403324127197,-0.31011340022087097,0.16412696242332458,1.603020429611206,-0.2310759425163269,-0.09329561392309527,0.17451094331262193,-0.3164219049350143,0.12277606300119812,1.5890312600945151,-0.22317221899558154
94.969455,1785472138.195,-0.04457626864314079,0.03205370530486107,0.3850000202655792,-0.04430103840341505,0.03472421805015364,0.37834438449771246,0.7397715628528984,-0.13639202351454272,0.026539478378455442,0.6583546968034694,0.7395509025129576,-0.14199795893770395,0.016317117663649836,0.6577497958349716,26.565711209439403,24.920972142083272,65.93012809753418,1,0.5502070116337325,-0.021236220819016337,0.6933178234503539,0.052411021013616214,-0.06695049198395313,0.9938349268128642,0.0711537402129061,0.5492379069328308,-0.021330906078219414,0.7006651759147644,0.06349372118711472,-0.06790784746408463,0.9937835335731506,0.061248600482940674,-0.10827616602182388,0.19595257937908173,-0.31212708353996277,0.158576101064682,1.6073811054229736,-0.23066990077495575,-0.10147292543586157,0.18310104754668843,-0.3134654489514353,0.14215142966872887,1.595586011374086,-0.22687557896638572
95.078966,1785472138.328,-0.043743155896663666,0.03247006610035896,0.3850000202655792,-0.044266100744250025,0.03461957691318461,0.3793980639704348,0.7392775828346297,-0.13776638479568107,0.03172147842978637,0.6583941270582114,0.7394952938552907,-0.14085078310396523,0.020506723432426568,0.6579416703317574,26.27160333616649,25.324479786861374,61.19203567504883,1,0.5507571032946902,-0.02126145240806661,0.6894592274987333,0.04692567953252225,-0.06598905730366078,0.9936267150420556,0.0784179575819151,0.5495100021362305,-0.02130310609936714,0.6986597776412964,0.06047912314534187,-0.06765186786651611,0.9938206672668457,0.06392157077789307,-0.11378598213195801,0.20281898975372314,-0.3110813796520233,0.17139390110969543,1.6134529113769531,-0.2334526628255844,-0.10331660358611973,0.18658377651990768,-0.31310208692590563,0.14660255393424806,1.5987824818613345,-0.2279038393335808
95.170846,1785472138.462,-0.043551672250032425,0.03263874351978302,0.38700002431869507,-0.0442042875691221,0.034431843233237835,0.38139935819064735,0.7429015328175812,-0.1400757207330014,0.031063626462851733,0.6538433727655231,0.7389618840875952,-0.14551370376789843,0.022175626154760167,0.6574719290480044,24.106335581590677,24.72013480728855,24.882793426513672,1,0.5510590294576793,-0.021343242615316418,0.6863531257822207,0.041052793676129705,-0.06389712169576005,0.9939068732484787,0.0798808692980682,0.5501083731651306,-0.021278537809848785,0.6943166851997375,0.05409880727529526,-0.06688051670789719,0.9937823414802551,0.0706891268491745,-0.11417761445045471,0.20888367295265198,-0.3117096424102783,0.17215724289417267,1.6198327541351318,-0.2294776439666748,-0.1082221242062858,0.1941908838968286,-0.3121543705368125,0.15821881678565064,1.6056564436447434,-0.23050378965007112
95.279254,1785472138.528,-0.043856773525476456,0.03255440294742584,0.38600000739097595,-0.044189222698276506,0.03435092136498987,0.38182068794396223,0.7313651852795093,-0.17647012638574872,0.004681396812324772,0.6587422445678981,0.7369616579434279,-0.1540822881936868,0.017347125262179762,0.6579097509776017,24.505443358416773,24.65644675046679,23.677587509155273,1,0.5511924250128744,-0.021402485979254017,0.6848763302073863,0.04024542268045864,-0.06616405051463947,0.9940263198178566,0.07690448544874172,0.5504476428031921,-0.021298756822943687,0.6915621757507324,0.04960683733224869,-0.06585630029439926,0.9938557744026184,0.0738435909152031,-0.11156443506479263,0.20917244255542755,-0.3093193471431732,0.16595301032066345,1.6177642345428467,-0.2322685718536377,-0.1102702168676786,0.19924370438785724,-0.3120008664982941,0.1630122761902127,1.6105316768223878,-0.23015089769945804
95.310499,1785472138.595,-0.043856773525476456,0.03297184780240059,0.38600000739097595,-0.04416870361937635,0.0342419768867054,0.3822572820931991,0.7410074538143102,-0.14025206945432236,0.03732777262020972,0.6556248529430735,0.7383491522198442,-0.14952032980113641,0.023954082505316755,0.6571989062100798,24.45580613986943,24.578952528639313,17.757177352905273,1,0.5513133585953196,-0.021424572208667895,0.6842442313999334,0.037627432852448704,-0.06301172069548604,0.9935825499893702,0.08606634480764905,0.5506583452224731,-0.021327119320631027,0.6897462606430054,0.04706840217113495,-0.06594174355268478,0.9939117431640625,0.0746704638004303,-0.11914139240980148,0.21343912184238434,-0.31165823340415955,0.18341626226902008,1.6247795820236206,-0.2318233698606491,-0.11062094958976779,0.20193435850951436,-0.31127352909157646,0.16380925515140773,1.612491699964632,-0.23072478689665335
95.417934,1785472138.695,-0.043970394879579544,0.03222021833062172,0.38700002431869507,-0.044156104496035846,0.0340977690557189,0.38289904036278744,0.7402056102336779,-0.13375281614679113,0.03537694206289435,0.6579926372853041,0.7388729001997382,-0.14487205491529537,0.027206496455854795,0.6575247003768335,25.350410339134392,24.985497072770062,16.741037368774414,1,0.55147630333728,-0.021454854212697196,0.6835891994363895,0.03613763046959566,-0.06575643932926478,0.9940845851545316,0.07852388113766846,0.5509297847747803,-0.02136305719614029,0.6874745488166809,0.04318694770336151,-0.0647420585155487,0.9938060641288757,0.07932783663272858,-0.11236725747585297,0.214214026927948,-0.3125990927219391,0.16777350008487701,1.6246896982192993,-0.23167528212070465,-0.11411015575380878,0.20664563744761627,-0.31143036258897977,0.17183856534964198,1.6175237105466083,-0.23117466716796808
95.529055,1785472138.795,-0.043970394879579544,0.03222021833062172,0.38700002431869507,-0.04414832007824907,0.034001519319719495,0.38319775247561827,0.7319724516399148,-0.17323536385178853,5.786333426758506e-05,0.6589429682478035,0.7370923215851302,-0.15269567628442127,0.019744242252480657,0.6580190763208629,25.088792315172803,25.01611923168988,20.501375198364258,1,0.5516919444375338,-0.021473001993219,0.6826263971315418,0.03708898457783757,-0.06676149908550424,0.9944037253088253,0.07299685304704279,0.5511200428009033,-0.021394511684775352,0.6861355900764465,0.040763288736343384,-0.06509128212928772,0.9939076900482178,0.07905048877000809,-0.10767745971679688,0.21234634518623352,-0.30900782346725464,0.15696224570274353,1.6187412738800049,-0.23038671910762787,-0.11351077289420893,0.20924836895004462,-0.311831558717165,0.17044063577788615,1.6199880937072466,-0.23134682821493546
95.57627,1785472138.862,-0.043970394879579544,0.03222021833062172,0.38700002431869507,-0.04414094201716971,0.03391589245612739,0.38343904019032,0.7343374306653615,-0.1629193026390802,0.009329239640025534,0.6588769263216994,0.7364167367141878,-0.15526287961062038,0.017132628375764337,0.6582479025011644,25.448143892346494,25.144454917148543,26.894330978393555,1,0.5518360043303572,-0.02148436739275713,0.6821782196787899,0.036891377612257074,-0.06346532005039818,0.9938053342147452,0.08343942170873994,0.5512757897377014,-0.02141580916941166,0.6851803064346313,0.03976385295391083,-0.06553942710161209,0.9940476417541504,0.07741307467222214,-0.11673852801322937,0.2141880989074707,-0.30844467878341675,0.1778259128332138,1.6211192607879639,-0.23139970004558563,-0.11192994499524324,0.21008788950190396,-0.3110657234364216,0.16678803003319212,1.619650205534064,-0.23108663823825432
95.715533,1785472138.929,-0.043970394879579544,0.03263874351978302,0.38700002431869507,-0.04412414989876382,0.03370141163088871,0.3838880495665411,0.7389373919326183,-0.14064625974445852,0.029281438642798828,0.6582801514360906,0.7377184903023631,-0.14994353123895174,0.021811560736140465,0.6578849613145518,24.38140089976499,24.88159386158348,67.81697273254395,1,0.5519641889731857,-0.021495193445463873,0.6818161901955009,0.03693760342219733,-0.062252540167856994,0.9935784670913,0.0869601312589643,0.5515384078025818,-0.021449631080031395,0.6837642192840576,0.03841099888086319,-0.06456977128982544,0.9939405918121338,0.08023374527692795,-0.11977894604206085,0.21476297080516815,-0.3076937794685364,0.18489497900009155,1.6212116479873657,-0.23164907097816467,-0.11418304237251267,0.21200904461771536,-0.3098369411554831,0.17195997173035726,1.6203385445947762,-0.23123332573279462
95.791995,1785472139.096,-0.043970394879579544,0.03305726870894432,0.38700002431869507,-0.044120996330730584,0.03367937044218718,0.3839647259403162,0.7404542419413429,-0.14113067409993485,0.028227186148902347,0.6565157076424634,0.7380382838544336,-0.1489298557749721,0.02255035617267523,0.6577316102032303,24.442992589798045,24.805985240539997,20.54762840270996,1,0.5522854303905289,-0.021520005558798124,0.681142433188229,0.03736244113981832,-0.06452702340726324,0.9939907506352923,0.08014174251761814,0.5516837239265442,-0.02146301046013832,0.6830893158912659,0.037898603826761246,-0.06377676874399185,0.9938220977783203,0.08254654705524445,-0.1139070987701416,0.21379254758358002,-0.30620917677879333,0.1713600754737854,1.6169899702072144,-0.23165486752986908,-0.11610747353098982,0.212956085617656,-0.30909924301328956,0.17640836335412813,1.6206388048514877,-0.23137630017517122
95.900117,1785472139.129,-0.043551672250032425,0.03222021833062172,0.38700002431869507,-0.044077483534023305,0.033576217363485136,0.3841666249300841,0.733755428758144,-0.1726786131343595,-0.006310076870121669,0.657073245737368,0.7368229309875932,-0.15631120267198334,0.013611064355210454,0.6576271855825373,24.70368661862803,24.76649203858061,19.261837005615234,1,0.5523184098728364,-0.021524652516875815,0.6810273916026136,0.03755347095142731,-0.06504979635831376,0.9940437174812725,0.07896422322327022,0.5518974661827087,-0.02148318663239479,0.682396650314331,0.03774859383702278,-0.06413085013628006,0.9938916563987732,0.08149642497301102,-0.11291663348674774,0.21345607936382294,-0.30573347210884094,0.1690756380558014,1.6160107851028442,-0.23196560144424438,-0.11516257612553656,0.21317978339866206,-0.30801433449717,0.17423825480561367,1.6191979254474917,-0.2315311386459231
95.97775,1785472139.296,-0.043970394879579544,0.03305726870894432,0.38700002431869507,-0.044068077972992094,0.03348464814437011,0.38440615006448875,0.7308449633210219,-0.1754237262981028,-0.010815580620052447,0.6595264809360073,0.7360988671617449,-0.15840595526284224,0.010090193672730102,0.6580001512857797,25.409525811646628,25.089814921256206,15.53034782409668,1,0.5525665322191313,-0.02159706072985444,0.6805371260360082,0.03870724278815711,-0.06437560486633508,0.9935978084696269,0.08438557849648763,0.5520429611206055,-0.021496780216693878,0.6819249391555786,0.03768015652894974,-0.0644453912973404,0.9939448237419128,0.08062638342380524,-0.11791769415140152,0.21340146660804749,-0.3035094141960144,0.18039579689502716,1.6141605377197266,-0.2352536916732788,-0.11439019629024975,0.21327477304457146,-0.30722939549596523,0.17246286625787252,1.6181018678829675,-0.23168055012125036
96.08706,1785472139.362,-0.042798589915037155,0.032385725528001785,0.3840000033378601,-0.04396129883098686,0.033418699809096286,0.3844027585352191,0.740010567386998,-0.13217889724529042,0.029809299682522584,0.6588053619476922,0.7370000813143617,-0.15159064430586666,0.014486230394743983,0.6585144689606349,24.59828204360299,24.94426010872098,17.80557632446289,1,0.5526099737185997,-0.02160363908359392,0.6803649797153077,0.03975085273261016,-0.061005563921077435,0.9929048947080004,0.09401096182146339,0.5522252321243286,-0.021530119702219963,0.6814224720001221,0.0381256528198719,-0.06409215927124023,0.9937649965286255,0.08288437873125076,-0.1264110803604126,0.21355581283569336,-0.30133581161499023,0.20002992451190948,1.614032506942749,-0.23599931597709656,-0.11645264099405829,0.2133337434232874,-0.30573207772539407,0.17715445611420347,1.6167336413621312,-0.23298391560548873
96.226551,1785472139.462,-0.04142118617892265,0.03237391263246536,0.3790000081062317,-0.0436198106720191,0.03327345175717916,0.38297466102068023,0.7353880927538853,-0.13006041664673731,0.014877781381000977,0.6648814124929793,0.7352147829984939,-0.14730598706102382,0.009274463973222445,0.6615694622293751,25.72486294158588,25.37849100548444,61.97476387023926,1,0.5527087591372686,-0.02176389932511333,0.6803698433368527,0.04143180752710556,-0.06250204257699074,0.9934544074888703,0.08616983369879946,0.5524213910102844,-0.021564731374382973,0.680853545665741,0.03895558416843414,-0.06249256432056427,0.9933332800865173,0.08869162201881409,-0.12014713883399963,0.21069146692752838,-0.2992696464061737,0.18487614393234253,1.6079480648040771,-0.23415188491344452,-0.12164798902374332,0.21344955400368443,-0.30343769666646153,0.189088714897735,1.6153244511620226,-0.2345570592019995
96.335373,1785472139.596,-0.038747578859329224,0.03186139836907387,0.37300002574920654,-0.04260862280523192,0.03311131003762267,0.37923284266526136,0.7399226406141746,-0.09479661032845824,0.0321896569627085,0.6652006573669367,0.7366337363228797,-0.12803534815360498,0.01764684108717192,0.6638269933754,24.8620032424764,25.367692607935833,62.485694885253906,1,0.5529276370173795,-0.022278414873800813,0.6825113397720601,0.04814006714080429,-0.05889212804658322,0.9933771972359542,0.08611617270561889,0.5525206923484802,-0.021633336320519447,0.6806852221488953,0.03980707749724388,-0.062492791563272476,0.9933764934539795,0.08782472461462021,-0.12198017537593842,0.20419366657733917,-0.29558396339416504,0.1870092898607254,1.597187876701355,-0.22937609255313873,-0.12113184560685811,0.21250099826827495,-0.3020033623873123,0.1876400761248164,1.612787711893525,-0.2344177197969748
96.459197,1785472139.729,-0.03891845420002937,0.03373024985194206,0.367000013589859,-0.04204499987761298,0.03312983564852503,0.3739154126104607,0.7311104764776994,-0.11850659681942483,-0.016343251971967596,0.6716893298317388,0.7352339672156096,-0.11652883443176854,0.021360656390072594,0.667379776856442,23.338033666225368,24.68774691097945,16.094207763671875,1,0.5531733319534241,-0.023800891972023664,0.6881224169621397,0.05572118869581655,-0.061257033767737064,0.994343850278683,0.06650588212532572,0.5526607036590576,-0.021854879334568977,0.6813068985939026,0.04267323762178421,-0.06125611439347267,0.9933865666389465,0.087234266102314,-0.10862443596124649,0.1959502100944519,-0.3007256090641022,0.14997154474258423,1.5872985124588013,-0.22256730496883392,-0.12142358511933117,0.20964406571979044,-0.2997949576172977,0.18742320165943172,1.6074229285709376,-0.23268390424752836
96.581906,1785472139.829,-0.03845852240920067,0.035324446856975555,0.359000027179718,-0.041544316046164056,0.03353557363936432,0.36654803046369866,0.7320386382663516,-0.09607365673817753,0.004003156629628308,0.6744429251635005,0.732646166400751,-0.10995327284317738,0.0081300291252702,0.6716202612159488,23.941023706545593,24.14545369618368,54.59761619567871,1,0.5531502203934396,-0.024654093714300676,0.6960977498405457,0.06109066892598769,-0.05939855439502751,0.9948340448111969,0.05518120323579375,0.5528700351715088,-0.022647779434919357,0.6840336918830872,0.04795541614294052,-0.06124879792332649,0.9938578009605408,0.07871207594871521,-0.10074664652347565,0.191863551735878,-0.3146536350250244,0.1284025013446808,1.589743733406067,-0.2109096348285675,-0.11618220479217153,0.20403624772965134,-0.30017520039477713,0.17208643174437008,1.5991817789288565,-0.22854105565361815
96.705438,1785472139.963,-0.03622860461473465,0.036980144679546356,0.36000001430511475,-0.04055897038964212,0.03431231513226876,0.36383187097247294,0.7340764145625963,-0.09942073794270068,-0.016907536818071667,0.6715366480309156,0.7329485932354103,-0.10304417686927854,-0.000465313318226181,0.6724344137319875,23.158124905022756,23.88228191778486,20.36261558532715,1,0.5525484622803366,-0.025415381964617897,0.7071484959161212,0.07509442143851,-0.05361185642473402,0.9939999866328567,0.05874200620841973,0.5530038475990295,-0.023462524637579918,0.6888951063156128,0.0532376766204834,-0.060543738305568695,0.9943519830703735,0.0690244808793068,-0.10724005103111267,0.18043731153011322,-0.3235585689544678,0.1398901641368866,1.5833473205566406,-0.20407773554325104,-0.10986119099334149,0.19905138891513188,-0.306103937750507,0.15419744568441104,1.595316804906819,-0.22132081234969395
96.797025,1785472140.096,-0.03622860461473465,0.03775879740715027,0.36000001430511475,-0.04011924931357039,0.0347080110648872,0.3632944372474227,0.7204149036184763,-0.15903115896154843,-0.06318098014182395,0.6721009008118102,0.7332556177485308,-0.10212437787833599,-0.004651805180956653,0.6722240483586864,25.109611377419828,24.248644566308304,21.460771560668945,1,0.5513848221385426,-0.02689635846280079,0.7112220816538821,0.08605891556816406,-0.052844057137197885,0.9931002973134021,0.059608457055559894,0.5529647469520569,-0.023997461423277855,0.6937645673751831,0.05910233408212662,-0.05868050828576088,0.9943243265151978,0.0662018209695816,-0.1127009466290474,0.16771215200424194,-0.3157915771007538,0.14571410417556763,1.5674875974655151,-0.2084376960992813,-0.10915086607551121,0.19408510460700718,-0.3108340945750277,0.15032017531694364,1.5920730746479206,-0.21664793850376085
96.905862,1785472140.163,-0.03357243910431862,0.03867795690894127,0.36500000953674316,-0.03863326184539611,0.035462244587310565,0.36365791136220504,0.7331206244070111,-0.09263708447848647,-0.011115115837640584,0.6736682973454486,0.7339151218804973,-0.09596462864354803,-0.005141749538598096,0.6724083181639879,24.82398934371642,24.373797413110587,62.62350082397461,1,0.5507912477384523,-0.027556206905759464,0.7120279913878806,0.08969193252410416,-0.05276537785528992,0.9926448043302245,0.061866506092475286,0.5523911118507385,-0.025191590189933777,0.700870931148529,0.07014226913452148,-0.05629558488726616,0.99392169713974,0.06348627060651779,-0.1167411208152771,0.1630823165178299,-0.3112151622772217,0.15196259319782257,1.561629056930542,-0.21235264837741852,-0.1106046611773476,0.18328514866730589,-0.3128648043909927,0.14843390933462644,1.5820050758869535,-0.21328576245611064
96.982557,1785472140.296,-0.032080426812171936,0.038783926516771317,0.3660000264644623,-0.037629448287071245,0.035755436017020664,0.3639265361574365,0.7353397692765995,-0.07843392549102488,0.011663836285729581,0.6730434592026027,0.7342836830061864,-0.09191026962783236,-0.0012505135524266183,0.672590820204725,25.160187554446892,24.607909109081774,18.988370895385742,1,0.5496575728050501,-0.029783662011825952,0.7114813738045445,0.09434852529967278,-0.053635235901107026,0.9924088498191058,0.05784714378713197,0.551982045173645,-0.025835929438471794,0.703880250453949,0.07544320821762085,-0.055340446531772614,0.9936144351959229,0.0630575567483902,-0.11838249117136002,0.15471738576889038,-0.29983633756637573,0.1459946632385254,1.5485585927963257,-0.21734671294689178,-0.11226764367912669,0.1778102036405456,-0.31241814939582496,0.14939015899446978,1.576483174749766,-0.21303288872285522
97.138187,1785472140.363,-0.030496427789330482,0.040762994438409805,0.3660000264644623,-0.036093498072391116,0.03656760773943222,0.36420462018728783,0.7342389520334313,-0.10000521563273206,-0.01650306769627844,0.6712821812916766,0.7341803819653541,-0.09393177058422066,-0.005662440837799535,0.6724016106285579,26.48014935324809,25.227861429470845,66.40100479125977,1,0.5492161915853472,-0.031288601963620585,0.7110772658870113,0.09440549028015142,-0.05465169350825115,0.9926552172508745,0.05231075860914132,0.5510502457618713,-0.027454692870378494,0.7069789171218872,0.0831945464015007,-0.05463859811425209,0.9931660294532776,0.06094679608941078,-0.11635327339172363,0.1529422104358673,-0.29752543568611145,0.13493849337100983,1.5460320711135864,-0.21823297441005707,-0.11477175036853617,0.16835348711684517,-0.3072661810035171,0.14799964496252427,1.565047779194013,-0.21479944304957457
97.209562,1785472140.463,-0.03010042943060398,0.042742062360048294,0.3660000264644623,-0.035303880861142944,0.03753864743817897,0.3643344425512712,0.7314258429128082,-0.10526319708702622,-0.022022744812812904,0.6733876256430731,0.7335897480476717,-0.09647092136362637,-0.009323897427798876,0.6726459007734771,25.777962852597465,25.391396813583512,18.903017044067383,1,0.5479956306847894,-0.03359105009374233,0.7106587192792757,0.09614096935697986,-0.05395701961306831,0.9922810687410115,0.05677882231757886,0.5505586266517639,-0.028493450954556465,0.7080805897712708,0.08623788505792618,-0.05463455617427826,0.9930471777915955,0.058612119406461716,-0.1255359798669815,0.14924192428588867,-0.2914178967475891,0.1457878053188324,1.5428465604782104,-0.22580808401107788,-0.11520034375401232,0.16417699303380154,-0.30462578988466565,0.14446011166678546,1.5598945223042173,-0.21572992975275557
97.308874,1785472140.53,-0.029308432713150978,0.04867926985025406,0.3660000264644623,-0.034086875978893615,0.04145665088099607,0.3646516421729245,0.7364385740856607,-0.09434129883001557,-0.0117787887383872,0.6697904195116567,0.734264431263234,-0.0953611184427799,-0.011357866933525269,0.672036458036126,24.787650909079023,25.381049090518538,61.0051155090332,1,0.5465379009218214,-0.03477400810368425,0.7104638201471766,0.09696735331637216,-0.052664226244993714,0.9920194088962356,0.06100249206382808,0.5495175719261169,-0.030585458502173424,0.7091385722160339,0.09029615670442581,-0.05435730889439583,0.9927442073822021,0.05788694694638252,-0.1321982592344284,0.14579080045223236,-0.286283403635025,0.1552935540676117,1.5417455434799194,-0.22958192229270935,-0.1194328882513563,0.1580608816213178,-0.29921616538093593,0.14500386681019126,1.5529132114568491,-0.2198570342249909
97.369489,1785472140.663,-0.03010042943060398,0.052637409418821335,0.3660000264644623,-0.03382821799900118,0.04447998921632141,0.3647119872891396,0.7356916706116763,-0.09658323136360282,-0.023253346350152006,0.6699915873318749,0.7345139601319515,-0.09556918442837499,-0.013373458498252118,0.6716970477579672,24.071390201164782,24.989907465274058,16.16525650024414,1,0.540658975055888,-0.036593898367773076,0.7099902360706819,0.09920325111284557,-0.053410420038760544,0.9917127137476264,0.06174087293878659,0.5483008027076721,-0.03230886533856392,0.7096835374832153,0.09302034229040146,-0.05367228016257286,0.9924537539482117,0.059178248047828674,-0.13850924372673035,0.13018165528774261,-0.26683446764945984,0.15880243480205536,1.5349122285842896,-0.23807170987129211,-0.12466043109386002,0.15303610627723174,-0.29391917695909264,0.14921765098804707,1.5483399397436166,-0.22383947266163198
97.478223,1785472140.73,-0.030018186196684837,0.057230375707149506,0.36500000953674316,-0.03345324654742704,0.0500485054038963,0.36474888624081253,0.737331635766569,-0.08684898012614344,-0.013366313616717767,0.6697915012965928,0.7358628957396618,-0.08992068797436376,-0.009639358674191165,0.6710641931381879,24.09587513984395,24.53361423824729,62.61467933654785,1,0.5361235685612769,-0.03697782205981273,0.709902424239954,0.10049809508480899,-0.053545665119352284,0.9914746835249068,0.06333203423573941,0.5456793904304504,-0.03380538150668144,0.7098108530044556,0.09513580799102783,-0.053591590374708176,0.9922034740447998,0.060077764093875885,-0.14230389893054962,0.11868734657764435,-0.25319012999534607,0.1631152480840683,1.5314215421676636,-0.24240081012248993,-0.12942304446654815,0.1451764283613618,-0.28460422640916716,0.15251389042428476,1.5437221498759242,-0.22873393877080891
97.556475,1785472140.864,-0.02962327003479004,0.0603882372379303,0.36500000953674316,-0.033202820422351856,0.05282443705751483,0.36476266938195884,0.7361204383111889,-0.09798599283891167,-0.023041039666905874,0.6693239544488037,0.7359248652025651,-0.0914293229659825,-0.012143545149785278,0.6707516723719469,23.265557041099406,24.158951042829916,22.184371948242188,1,0.527770268506052,-0.03753290425204096,0.7098522080330673,0.10180199340664936,-0.055950260044298074,0.9915952847399789,0.056962389528952044,0.5423986911773682,-0.03492310270667076,0.7098742723464966,0.09697002172470093,-0.05358497053384781,0.9919570088386536,0.06121142953634262,-0.1401476413011551,0.09729788452386856,-0.22988934814929962,0.15119051933288574,1.524696946144104,-0.24630996584892273,-0.13385278138601464,0.13606683587115445,-0.27380096647347907,0.15615969422104964,1.5394919708850532,-0.23343397585399037
97.665407,1785472140.93,-0.0272537674754858,0.06394083052873611,0.36500000953674316,-0.03222129744420577,0.05725438795754614,0.3647856346702349,0.7477223887737957,-0.05161788357593686,0.030565230206279503,0.6612961440413717,0.7399487485553207,-0.07646709776402628,0.002777983477789199,0.6682970262381532,24.593282938496465,24.56570210029625,17.00115203857422,1,0.5236060300811436,-0.03790487365007972,0.7098339987517455,0.10253608902728861,-0.05574763632423173,0.9913643575571206,0.05979349510278553,0.5374152660369873,-0.035846076905727386,0.7098756432533264,0.0985841155052185,-0.05439033731818199,0.9918417930603027,0.059772517532110214,-0.14503048360347748,0.08769592642784119,-0.21883566677570343,0.15786921977996826,1.5235750675201416,-0.2507256269454956,-0.136017584778083,0.12285161498972938,-0.2587000913977915,0.15445077374585692,1.5344039618766407,-0.23786202916117505
97.744842,1785472141.064,-0.02962327003479004,0.0670986920595169,0.36500000953674316,-0.032141184198336226,0.05891217599380223,0.36479068771362644,0.7334585736497955,-0.07093626876781946,0.0007676831665269769,0.6760221721034475,0.7416186340606409,-0.0714255589939152,0.008426323019407649,0.66695516207374,24.118555616903873,24.48861493783934,19.694089889526367,1,0.5169597931216554,-0.03937129953697187,0.7098026330603442,0.1023849192984198,-0.06360587128601158,0.9919179705098425,0.03962778340809394,0.5326744318008423,-0.03658435493707657,0.7099246382713318,0.09994374960660934,-0.05486196652054787,0.9916787147521973,0.05978839099407196,-0.13072705268859863,0.06992288678884506,-0.20179817080497742,0.11711270362138748,1.5162601470947266,-0.25425881147384644,-0.13911712662063097,0.11076160211167006,-0.2449911373660677,0.1556263498245113,1.5306799051074407,-0.2422858210526004
97.900121,1785472141.097,-0.028516432270407677,0.06767833232879639,0.3660000264644623,-0.03172002345271086,0.06200295816288686,0.3649430639587996,0.7412406656235695,-0.055922792184376936,0.025188212282977348,0.6684313509270927,0.7408351320387987,-0.06989895604600944,0.007346079748913094,0.6679996094258263,26.542844259195157,25.10011548597711,21.903514862060547,1,0.5144730020510901,-0.03948928255254945,0.7097966275492507,0.1018821337568749,-0.06690772577273353,0.992011525846923,0.032504148041850714,0.5270256400108337,-0.037511780858039856,0.7099195718765259,0.10074111819267273,-0.0581604465842247,0.9918413758277893,0.05214738845825195,-0.12470859289169312,0.06372224539518356,-0.19586671888828278,0.10244789719581604,1.5145988464355469,-0.255481481552124,-0.13562993413347676,0.09609710111305318,-0.2295438936955642,0.14091502851387433,1.5255548202609504,-0.2465255993508011
97.99035,1785472141.231,-0.028594346717000008,0.06826014816761017,0.367000013589859,-0.03142953748070306,0.06355032691993229,0.3652589240845061,0.7412988732280101,-0.08234710471600372,0.002664820067756097,0.6660989668433517,0.7411136692703141,-0.0704078431732442,0.009899790816353641,0.6676041184580692,25.84670490469168,25.1594772703995,63.43436241149902,1,0.5098361223007996,-0.040116736653804025,0.7095705999386707,0.10369551527718777,-0.06564472064568067,0.9919261334598412,0.0319461503495895,0.5227088928222656,-0.03815711289644241,0.7098913788795471,0.10113369673490524,-0.06114276498556137,0.9919541478157043,0.045393235981464386,-0.12695075571537018,0.05115428566932678,-0.18166211247444153,0.10225528478622437,1.5092921257019043,-0.25557008385658264,-0.1318740921845208,0.08496343058100124,-0.21796291184353964,0.12768614585533006,1.521787060862394,-0.24960552906839975
98.113791,1785472141.364,-0.028991427272558212,0.0698477253317833,0.367000013589859,-0.03104556031782151,0.06486188297794275,0.36546278489191,0.7359189810665832,-0.10517420959319801,-0.028135739502985514,0.6682589461466177,0.7404985721827364,-0.08043878137172791,-0.0003279939706159196,0.6672266177744375,25.17235017196352,25.726888622859093,67.44694709777832,1,0.5075143665739249,-0.04054996817255861,0.7090979633746609,0.10152406732053021,-0.0663876427597044,0.9921424319068741,0.03064211894468213,0.5159984827041626,-0.0391622856259346,0.7097659707069397,0.1024746522307396,-0.06346924602985382,0.9919665455818176,0.03837971016764641,-0.12683390080928802,0.04802420362830162,-0.1778915673494339,0.09898363798856735,1.5125230550765991,-0.2569040358066559,-0.1293055902328413,0.06732514310659966,-0.19902534504780334,0.11441874885775151,1.5152684144548674,-0.2527172586301948
98.236202,1785472141.497,-0.02700602263212204,0.06826014816761017,0.367000013589859,-0.030502410188808986,0.06534926345840876,0.3656144834492833,0.746535658664054,-0.06752475299662455,0.007532180794387168,0.6618671953860928,0.742476741279708,-0.07748463868135656,0.0004918269687613047,0.6653752155989265,24.813081495123726,25.557848124460453,58.47334861755371,1,0.5055463208052353,-0.04112391048808273,0.7087929481551227,0.10185581132252594,-0.06395782545053849,0.9917310821123966,0.04476886234475339,0.5125244855880737,-0.03972514346241951,0.7095067501068115,0.10208703577518463,-0.06466109305620193,0.9920470714569092,0.03521151468157768,-0.14287342131137848,0.045980095863342285,-0.17381666600704193,0.12928122282028198,1.5167640447616577,-0.26688089966773987,-0.12829340840737488,0.05942117977199082,-0.1903703805221306,0.10809794235157626,1.514144162335873,-0.2544317833832153
98.375299,1785472141.631,-0.027403105050325394,0.06905393302440643,0.367000013589859,-0.0302357305303057,0.06583456385751262,0.36570893726713577,0.7422896270680744,-0.08256893716318717,-0.016368079977088418,0.6647710629387716,0.742681563429618,-0.07666064776917611,-0.0011173455217083998,0.6652413035615976,26.52294280539921,25.78273131285006,63.806772232055664,1,0.504814381385419,-0.04193777195784512,0.7085651022618784,0.10336212850282721,-0.06701830906620022,0.9914718774047744,0.042524498312436265,0.5092487335205078,-0.04040204733610153,0.7091697454452515,0.10194554924964905,-0.06433301419019699,0.9919139742851257,0.03968704864382744,-0.1431870013475418,0.042585648596286774,-0.16962838172912598,0.12616536021232605,1.5125600099563599,-0.2738141119480133,-0.13512499806930997,0.0531231781482734,-0.18261318949734057,0.11802360335284938,1.5153717318254163,-0.26026492460620126
98.451324,1785472141.731,-0.02780018374323845,0.0698477253317833,0.367000013589859,-0.030131564044987423,0.06617541278743969,0.3657655991834619,0.7372723865363985,-0.08794832785886796,-0.02278220608132636,0.6694591031301468,0.7413774111659421,-0.07948011889449959,-0.006520061094101508,0.6663332002209787,25.157246618023414,25.59671034827827,18.673181533813477,1,0.504085984143028,-0.04233701470287428,0.708423526201662,0.1050857392290228,-0.06713107647871422,0.9912594120835957,0.04307184622445434,0.5074344873428345,-0.04104028642177582,0.7089276909828186,0.10251784324645996,-0.06543701887130737,0.9917353987693787,0.04085401073098183,-0.14520378410816193,0.039233192801475525,-0.16536185145378113,0.12836287915706635,1.5087599754333496,-0.2763060927391052,-0.13842646305440312,0.04880790785276068,-0.17729517358407051,0.12135776907670749,1.5142203036028188,-0.2658134490018826
98.559516,1785472141.798,-0.027328437194228172,0.06965740770101547,0.3660000264644623,-0.029791808200153543,0.06654756957676353,0.3658486346154843,0.7394401729868731,-0.09047821691417902,-0.014795961384378411,0.6669505246747213,0.7411756436166929,-0.08415669864534914,-0.012298976574342407,0.6659016823508713,25.19007472922981,25.40918135114903,57.245492935180664,1,0.5035745162834672,-0.042492733177604186,0.7083387285849858,0.10695317628912751,-0.06450374652194445,0.9909829156558325,0.048509232570353694,0.5060641765594482,-0.04157637432217598,0.708724319934845,0.10356414318084717,-0.0661342442035675,0.9915423393249512,0.041768062859773636,-0.15141454339027405,0.037008609622716904,-0.16187679767608643,0.14046528935432434,1.5065306425094604,-0.27713391184806824,-0.1412018369432907,0.04488691913751176,-0.17240774961691838,0.12422646741807972,1.5119842446141394,-0.27011028810798887
98.651322,1785472141.931,-0.02693243697285652,0.0692615881562233,0.3660000264644623,-0.029627382759420028,0.06666287672642429,0.36585874608534874,0.7393354402325639,-0.09270076865220567,-0.016402513028895963,0.6667238047900705,0.7408149454710876,-0.08585780812185666,-0.013115773076795081,0.6660702889693986,25.50321983553329,25.43705727793118,22.191762924194336,1,0.5030157498469375,-0.043001755580526865,0.70821405763096,0.10781513497857596,-0.0634784415835875,0.9905704868170053,0.05582557452271928,0.5052053928375244,-0.04189563915133476,0.7085874676704407,0.10471677035093307,-0.06558173149824142,0.9913573265075684,0.04409287869930267,-0.1602741777896881,0.03644372895359993,-0.15996292233467102,0.15660056471824646,1.5077086687088013,-0.2835104763507843,-0.1447139818596468,0.04217754117229475,-0.16878580538225502,0.12981101927462937,1.5101087508503404,-0.2725257103155675
98.761703,1785472141.998,-0.027724433690309525,0.0692615881562233,0.3660000264644623,-0.029434776358231527,0.06694944873816547,0.3658739386759758,0.7355208171039118,-0.10582122423930146,-0.028985664139948263,0.6685587688316231,0.7397614252402787,-0.08794910798920091,-0.014225509047900493,0.6669449925014082,24.424540841640066,25.19484629548235,62.48164176940918,1,0.5028425626064438,-0.043248227127407446,0.7081987672700347,0.10720657806351809,-0.0628406450328268,0.9905790480538702,0.05754087684818067,0.5043001174926758,-0.04235341027379036,0.7084145545959473,0.10594633966684341,-0.06473167985677719,0.9910566210746765,0.048907697200775146,-0.16240935027599335,0.03712950274348259,-0.1605791449546814,0.15994679927825928,1.5097779035568237,-0.2840974032878876,-0.15108602983631653,0.03982945080462044,-0.16517227697560474,0.1407816353682276,1.5091258932125586,-0.27702407921150507
107.065409,1785472150.371,-0.03145940229296684,0.06844614446163177,0.3680000305175781,-0.030312812281782436,0.06878039162492927,0.36763742160598734,0.7361398089171166,-0.11491156019493519,-0.034077397829943026,0.666132303689122,0.7365868085494008,-0.104307251066534,-0.022937059718977738,0.6678575912104312,24.265552908742126,24.80153861600092,60.48297882080078,1,0.5028425626064438,-0.043248227127407446,0.7081987672700347,0.10720657806351809,-0.0628406450328268,0.9905790480538702,0.05754087684818067,0.5028409361839294,-0.04324706643819809,0.7082005739212036,0.1072087436914444,-0.0628432184457779,0.9905786514282227,0.05754096433520317,-0.16240935027599335,0.03712950274348259,-0.160579115152359,0.15994679927825928,1.5097779035568237,-0.2840974032878876,-0.16240932041021672,0.03712939388917082,-0.16057777022049197,0.1599468940454276,1.5097779035568228,-0.2840973959469899
107.126913,1785472150.437,-0.03145940229296684,0.06884411722421646,0.3680000305175781,-0.03036468413376237,0.06878449646274903,0.36765475634466066,0.7332947591237966,-0.11761347348840696,-0.03782540526987658,0.6685918828491223,0.7358688749072664,-0.1073196549926038,-0.026304276826096405,0.6680475848438033,24.175471136674755,24.615339289575598,20.14327049255371,1,0.5028652229778705,-0.043158465154475995,0.7081857438702213,0.10682121689881359,-0.06333592347240052,0.9903252736255448,0.06191640200015325,0.5028409361839294,-0.04324706643819809,0.7082005739212036,0.1072087436914444,-0.0628432184457779,0.9905786514282227,0.05754096433520317,-0.1666223704814911,0.03858797624707222,-0.16157737374305725,0.16916029155254364,1.5127233266830444,-0.2888265550136566,-0.16240932041023332,0.03712939388923168,-0.16057776214483296,0.15994689404537454,1.5097779035568228,-0.28409739594699407
107.223684,1785472150.504,-0.03145940229296684,0.06844614446163177,0.3680000305175781,-0.030412644241511556,0.06876958338660523,0.36767050870835644,0.739528466740209,-0.08877603178468924,-0.010910317516549571,0.6671562246079454,0.7367720435389518,-0.1029489741971977,-0.02267259482013729,0.6678730553146335,24.443568083401882,24.564395960886188,21.204233169555664,1,0.502853943702657,-0.043079163199992485,0.7081669808824591,0.10643919510750983,-0.06292505841554233,0.9900984193029997,0.06645490848663846,0.502846360206604,-0.043194662779569626,0.7081841230392456,0.1069655567407608,-0.06296397000551224,0.9904395341873169,0.06019473448395729,-0.17093664407730103,0.039935167878866196,-0.1623859405517578,0.17852525413036346,1.5155831575393677,-0.29184144735336304,-0.1649542998980516,0.03798262055763768,-0.16114019231596194,0.165499253534135,1.5115274516439434,-0.2866068604850053
107.602827,1785472150.804,-0.03145940229296684,0.06804816424846649,0.3680000305175781,-0.03062607663431042,0.06870928165644058,0.3677401111955693,0.7351325514174307,-0.10831192865792447,-0.02847170734466658,0.6686090186632085,0.7354177922658937,-0.1082090103121072,-0.028349598678771726,0.6683171261914403,24.186798600417152,24.40022305329241,56.926727294921875,1,0.502853943702657,-0.043079163199992485,0.7081669808824591,0.10643919510750983,-0.06292505841554233,0.9900984193029997,0.06645490848663846,0.5028513669967651,-0.043103184551000595,0.7081672549247742,0.10654103010892868,-0.06293436139822006,0.9901725649833679,0.06516615301370621,-0.17093661427497864,0.039935167878866196,-0.1623859405517578,0.17852525413036346,1.5155829191207886,-0.29184138774871826,-0.169704905905722,0.039533065595173424,-0.16212830454386337,0.17584339866770862,1.514748123661116,-0.29076368649098805
107.684397,1785472150.938,-0.031061239540576935,0.06884411722421646,0.3680000305175781,-0.03065988746667942,0.06870305669257797,0.3677558723389274,0.7390283095642245,-0.0925850906556484,-0.014344332776410668,0.6671277229797378,0.7358669294154674,-0.10720406198818587,-0.027464579542132387,0.6680215925824993,25.175209457446954,24.486450523277448,54.8245906829834,1,0.5029288110328921,-0.04295592923282189,0.7081656367543814,0.10642024916614816,-0.06279538460799791,0.990106619152316,0.06648573493704724,0.5028523802757263,-0.0430937297642231,0.7081670761108398,0.10649863630533218,-0.06293191015720367,0.9901424050331116,0.06569411605596542,-0.17064449191093445,0.040068961679935455,-0.16251881420612335,0.17849686741828918,1.5155627727508545,-0.29129111766815186,-0.17020928940393104,0.03969768598834047,-0.16223324088000327,0.17694168662710755,1.5150899807498064,-0.29120501307739793
107.792555,1785472151.038,-0.03145940229296684,0.06884411722421646,0.3680000305175781,-0.03071680816265609,0.06870014850758878,0.3677751876257457,0.7351856906497709,-0.0917631722131522,-0.014131497257575275,0.6714773423388594,0.7360011657821695,-0.1014663337103088,-0.02245572758453304,0.6689563568644257,24.24001011420193,24.49144272492228,58.89701843261719,1,0.5029356112932659,-0.04290160338339207,0.7081507802745234,0.10674371435679414,-0.06322199293354817,0.9901337069136575,0.06514600132199234,0.5028883814811707,-0.04302683845162392,0.70816570520401,0.10646013915538788,-0.06286980211734772,0.990125834941864,0.06606438755989075,-0.1693124622106552,0.039436403661966324,-0.16195440292358398,0.17588825523853302,1.514249324798584,-0.29101163148880005,-0.1704131923226245,0.03987160041297967,-0.1623664083564535,0.17767042730087845,1.5153115116970253,-0.2912453549544422
107.884173,1785472151.171,-0.031061239540576935,0.06884411722421646,0.3680000305175781,-0.0307333904445152,0.06870716470390383,0.36778430512364707,0.7369263668848702,-0.09022404000314126,-0.013336249517942232,0.6697919802775875,0.7361931589185163,-0.09928288705629013,-0.020683578945736917,0.669129830945639,25.136278304364552,24.683245539617854,23.058176040649414,1,0.5029338578223836,-0.04281297000513008,0.7081337675611274,0.10805733983261642,-0.06213462169052239,0.990523445742854,0.05767324795238784,0.5029069185256958,-0.042977895587682724,0.7081608772277832,0.10657639801502228,-0.0630154013633728,0.9901290535926819,0.06568945944309235,-0.16170430183410645,0.036195579916238785,-0.15924350917339325,0.1603337675333023,1.5075583457946777,-0.2821623384952545,-0.1699624185944561,0.039693337564571475,-0.16219710784749855,0.1769406523423574,1.5148765355402447,-0.29114963995779525
107.99214,1785472151.238,-0.03137391433119774,0.06826014816761017,0.367000013589859,-0.030777547107287428,0.06867229765412747,0.3677353981488815,0.737383255374995,-0.09376681404704458,-0.005643315309619481,0.6689109598955291,0.736807998096456,-0.09729857849199204,-0.017113397217445845,0.6688453425121599,25.222907232023715,24.72376936320592,63.74359130859375,1,0.5029229723000772,-0.04278769282894639,0.7081211557638082,0.10867153174110833,-0.061936377942349345,0.990624819134898,0.05492586813492023,0.5029177665710449,-0.04290997236967087,0.7081409096717834,0.10716451704502106,-0.06264644861221313,0.9903014302253723,0.06240491569042206,-0.1589585542678833,0.034843795001506805,-0.15800555050373077,0.1546882838010788,1.50485098361969,-0.27939215302467346,-0.16658062549946245,0.03826093206640155,-0.16098708634103812,0.17014000255281989,1.5118796636575376,-0.2874692476399278
108.118079,1785472151.371,-0.03145940229296684,0.06884411722421646,0.3680000305175781,-0.030810349526954682,0.06868121960027959,0.367748706243744,0.7349994896225319,-0.09169760827943811,-0.014507890730178535,0.6716820825338498,0.7365162647684784,-0.09638771541448317,-0.016689579403415325,0.6693090900234377,24.469573144863535,24.6483434370373,61.554908752441406,1,0.5029496347966912,-0.04272742687848733,0.7082114957242774,0.1081336073930189,-0.0625111275847962,0.9908642288612182,0.05086808275837968,0.5029177069664001,-0.042852092534303665,0.7081232070922852,0.10785539448261261,-0.06230907514691353,0.9904625415802002,0.058895960450172424,-0.1545940786600113,0.034687187522649765,-0.15864215791225433,0.14580972492694855,1.5044368505477905,-0.2763802707195282,-0.16300922330602932,0.03665976036378913,-0.15958953812922955,0.16289999748661865,1.5085863123676837,-0.28368464955213496
109.528813,1785472152.806,-0.03216807544231415,0.0686570405960083,0.367000013589859,-0.031243418353342215,0.06869395127878875,0.3674381531111608,0.7350074930337083,-0.08691250255449971,-0.020188416695976603,0.6721626513838204,0.7378234539632211,-0.08899912893548408,-0.018952874442155782,0.6688321870102302,25.03736821271541,24.682301248393763,60.37640571594238,1,0.5029496347966912,-0.04272742687848733,0.7082114957242774,0.1081336073930189,-0.0625111275847962,0.9908642288612182,0.05086808275837968,0.5029523372650146,-0.04272518306970596,0.7082086801528931,0.10813699662685394,-0.06251230835914612,0.9908633232116699,0.050877153873443604,-0.1545940637588501,0.034687187522649765,-0.15864215791225433,0.14580972492694855,1.5044368505477905,-0.2763802707195282,-0.15460766057562259,0.03469026671920358,-0.15864230235116408,0.1458374559954351,1.5044435615108571,-0.27639207643163083
109.604064,1785472152.872,-0.03216807544231415,0.06905393302440643,0.367000013589859,-0.03131165861713191,0.06872072902348268,0.36741115185717743,0.7365142863521305,-0.08916672014385613,-0.02233033132054137,0.6701472661446244,0.7376443919216982,-0.08903432617964127,-0.01943584633245665,0.669011126742707,24.021775261578686,24.58975086306308,60.83059310913086,1,0.5029355362190607,-0.0426525197782179,0.7082466382948347,0.10836236567252681,-0.061938428231923456,0.9908758792440282,0.050854898941859815,0.5029523968696594,-0.04272511228919029,0.7082087397575378,0.10813721269369125,-0.06251244246959686,0.990863561630249,0.05087270215153694,-0.15442737936973572,0.03435486927628517,-0.15833303332328796,0.14575786888599396,1.5039094686508179,-0.2750950753688812,-0.1546029749919648,0.034689169463781803,-0.1586417738997042,0.14582795059150042,1.5044412536106584,-0.27638801377977074
109.77576,1785472152.972,-0.03177099674940109,0.06905393302440643,0.367000013589859,-0.031365769622084115,0.06874188425392123,0.36729117377411685,0.7342562375197302,-0.09281868342210008,-0.02559041986592784,0.672010119032625,0.7369793799210178,-0.08977666033271424,-0.019768256255025363,0.6696347966431944,25.05077974898693,24.61519549883986,63.80963325500488,1,0.5028743947220368,-0.04256065346379871,0.708286055394023,0.10859935673066343,-0.06167248730097146,0.9908452268413388,0.05126812336660666,0.50294429063797,-0.042683277279138565,0.7082309126853943,0.1082654744386673,-0.062185268849134445,0.990870475769043,0.05086521431803703,-0.15470534563064575,0.03399497643113136,-0.15793514251708984,0.1466665416955948,1.5035713911056519,-0.2748546600341797,-0.1545029514841147,0.03449871080834249,-0.15846513995607478,0.14578808880297572,1.5041383846388003,-0.27565163853042396
111.502349,1785472154.807,-0.03057975135743618,0.06905393302440643,0.367000013589859,-0.031435259816940155,0.0687955428380822,0.3667457192093318,0.7393400824267597,-0.08236352221694802,-0.01554343253651592,0.6680949741093651,0.7360923955745718,-0.09234524372776493,-0.019768737195232845,0.6702607986208454,25.116245061044815,25.02109935227064,55.34768104553223,1,0.5028743947220368,-0.04256065346379871,0.708286055394023,0.10859935673066343,-0.06167248730097146,0.9908452268413388,0.05126812336660666,0.5028711557388306,-0.04256311058998108,0.7082819938659668,0.10860233753919601,-0.061677657067775726,0.9908445477485657,0.05126931145787239,-0.15470534563064575,0.03399497643113136,-0.15793514251708984,0.1466665416955948,1.5035713911056519,-0.2748546600341797,-0.154705249735806,0.03399503275359765,-0.1579339297755992,0.14666634023255593,1.503571579908622,-0.27485491774552867
111.626274,1785472154.874,-0.031288426369428635,0.06886578351259232,0.3660000264644623,-0.031403569891452265,0.06880117986762405,0.36666987795422806,0.7371391740415005,-0.0889478486900052,-0.01179101303990764,0.6697574861980471,0.7366686402466972,-0.0909907338672361,-0.01721667417759941,0.6698832636793118,24.436618739593897,24.65424314326161,59.96537208557129,1,0.5028720232915217,-0.04264836573092263,0.7082466075891884,0.10958018294882367,-0.06213186032910599,0.9907948801325426,0.04957137218281889,0.5028711557388306,-0.04256309196352959,0.7082820534706116,0.10860239714384079,-0.06167757883667946,0.9908444881439209,0.051269371062517166,-0.1534036248922348,0.03259848430752754,-0.15636110305786133,0.14361874759197235,1.500657558441162,-0.2747771441936493,-0.15470528130867997,0.03399495413712268,-0.1579338468208789,0.14666647731088642,1.503571491443291,-0.2748547933953361
111.717288,1785472155.007,-0.031288426369428635,0.06886578351259232,0.3660000264644623,-0.03139823714741305,0.06880382215869085,0.36663803762374164,0.7344496917542527,-0.09616141523473482,-0.018204004048429926,0.6715692419540527,0.7363760113753016,-0.09167631608359912,-0.017347584223839703,0.6701081138606952,24.092042219659046,24.48710411839055,22.895097732543945,1,0.5028464070090172,-0.04270931017373039,0.708351022189392,0.109147162753315,-0.06273331372079703,0.9909443147776933,0.046698963824453515,0.502871036529541,-0.042597342282533646,0.70826655626297,0.10900352150201797,-0.061861924827098846,0.9908246994018555,0.05057412013411522,-0.15054951608181,0.03252103179693222,-0.15692239999771118,0.13736693561077118,1.500658631324768,-0.27324289083480835,-0.15417222942919265,0.03342304447862429,-0.15728927822355812,0.14541843515662758,1.5023782067395892,-0.274822992419917
113.227025,1785472156.508,-0.031288426369428635,0.0692615881562233,0.3660000264644623,-0.031188135746291146,0.06891155865418908,0.3662441401077247,0.7347972001802093,-0.09044063165272709,-0.013828323649103722,0.672088047965917,0.7355180025529516,-0.09506180260335909,-0.01958194884649113,0.6705170161045055,24.449578220029395,24.44574514255907,61.83433532714844,1,0.5028464070090172,-0.04270931017373039,0.708351022189392,0.109147162753315,-0.06273331372079703,0.9909443147776933,0.046698963824453515,0.5028445720672607,-0.04270682856440544,0.7083477973937988,0.10914795100688934,-0.06273215264081955,0.9909444451332092,0.046696241945028305,-0.15054951608181,0.03252103179693222,-0.1569223701953888,0.13736693561077118,1.500658631324768,-0.27324289083480835,-0.1505522916069869,0.032521616796714926,-0.15692128573182787,0.13737325236307132,1.500659961509226,-0.273244105071175
113.338017,1785472156.608,-0.030892428010702133,0.0692615881562233,0.3660000264644623,-0.031180847127571604,0.06892125146574203,0.3662390339766296,0.7332841025438505,-0.11213762694383918,-0.04311366646911972,0.6692240202977279,0.7354478614355924,-0.09460017873579592,-0.019006945198189747,0.6706757676606501,24.37598376912927,24.433458152612854,21.188974380493164,1,0.5027950827218183,-0.04270513277695725,0.7083640399989644,0.10910158549837409,-0.062099687335945494,0.991097644604456,0.04433882873981314,0.5028445720672607,-0.04270685464143753,0.7083477973937988,0.10914798825979233,-0.06273238360881805,0.9909444451332092,0.04669521376490593,-0.14805938303470612,0.03191620483994484,-0.15658286213874817,0.1321297287940979,1.499645709991455,-0.26965513825416565,-0.1505513278664737,0.032521376792714954,-0.15692117732294125,0.13737111049156878,1.5006595040587907,-0.2732436847205575
113.364651,1785472156.642,-0.031684428453445435,0.0692615881562233,0.3660000264644623,-0.031224190808254827,0.06894519828660006,0.36622490402976393,0.7326939474375128,-0.09179536024511002,-0.015333892637559457,0.6741647150084951,0.7348891553354557,-0.09402896245331097,-0.018258558598920584,0.6713889399060606,24.408511147481118,24.423830717667666,15.228509902954102,1,0.502780863161528,-0.04271840518315029,0.7083673908778264,0.10908735463502423,-0.061903612991397516,0.9911438702623185,0.04360871700447386,0.5028300285339355,-0.042706333100795746,0.708351731300354,0.10913402587175369,-0.06256101280450821,0.9909867644309998,0.04605570062994957,-0.14731541275978088,0.031752556562423706,-0.15648670494556427,0.13052299618721008,1.4993362426757812,-0.26857781410217285,-0.1498760029651663,0.032357341687190413,-0.15682907852229608,0.1359507222801281,1.5003847658665428,-0.2722711862308449
113.785982,1785472157.042,-0.03317752480506897,0.068677619099617,0.36500000953674316,-0.031420693802942136,0.06889485927751993,0.3660927164757846,0.7754464146774205,-0.05565077204275223,-0.025972220710726218,0.6284196792640514,0.741072084499897,-0.12034452153032735,-0.0685139240238408,0.6569895006219424,24.70429520011505,24.2559184612427,20.483970642089844,1,0.502780863161528,-0.04271840518315029,0.7083673908778264,0.10908735463502423,-0.061903612991397516,0.9911438702623185,0.04360871700447386,0.502791166305542,-0.042714331299066544,0.7083612680435181,0.1090923324227333,-0.06202896684408188,0.991115391254425,0.044064056128263474,-0.14731541275978088,0.031752556562423706,-0.15648670494556427,0.13052299618721008,1.4993360042572021,-0.26857781410217285,-0.1477898744652188,0.03186453349387162,-0.15654902166646395,0.13152883454767228,1.4995305361398774,-0.26926219684572295
113.847265,1785472157.176,-0.03633686155080795,0.0702565461397171,0.36500000953674316,-0.032270422480769105,0.06901517889193402,0.3660237255976563,0.7956549542516119,-0.017180414202280295,0.005080736627416716,0.6054851057276521,0.7423109632378668,-0.12501902259698688,-0.07826309328757906,0.6536203531675129,27.159167192201135,25.122345302430915,57.11960792541504,1,0.5027617001731841,-0.04242074651174251,0.708539192444875,0.12023484676257934,-0.07601188588223394,0.9860399606327653,0.08655039493809306,0.5027888417243958,-0.04271485283970833,0.7083619832992554,0.10909012705087662,-0.06199619919061661,0.9911230802536011,0.043941278010606766,-0.19454488158226013,0.030949968844652176,-0.14709171652793884,0.2313370555639267,1.4995720386505127,-0.343178927898407,-0.14766128844029291,0.031834157213269744,-0.15653175619571066,0.1312562756127064,1.4994778179996724,-0.2690767269115907
113.986362,1785472157.242,-0.03820648416876793,0.07045771926641464,0.36400002241134644,-0.03370930098771353,0.06918420122236273,0.36576655925786944,0.8176396954606178,-0.015130344963649298,0.006861834910645221,0.5754905006079667,0.7432689545174466,-0.12889862963665527,-0.08637249403751071,0.6507504873621491,24.589013819079256,25.33979238464833,65.765380859375,1,0.502396546803601,-0.04119154313414327,0.7086927882487859,0.12290730572032525,-0.07941941512979522,0.9844710093507878,0.09697000798624708,0.5026708841323853,-0.04250076413154602,0.7081518173217773,0.11423806846141815,-0.0693991556763649,0.9888041019439697,0.0663316547870636,-0.20354580879211426,0.03000146709382534,-0.1436687856912613,0.2553015351295471,1.5003821849822998,-0.3589629828929901,-0.1721205847949828,0.03137281997444509,-0.1516061988378112,0.18346877581087295,1.4995269732052996,-0.30773607127240904
114.063656,1785472157.342,-0.03789159655570984,0.07104824483394623,0.36100003123283386,-0.03439450522600042,0.06939459529950932,0.364811349359869,0.8157065523310868,-0.03241348393547904,0.019767168813046045,0.5772187155493255,0.7436452002872389,-0.13049798488835243,-0.08972037513717049,0.6495478014088548,24.11145622990753,24.863087899997083,59.946537017822266,1,0.5017842740176888,-0.03912523107686368,0.7091691221549208,0.125120223343076,-0.08224865747604375,0.9830672269456698,0.10563576742428701,0.5025299191474915,-0.042021118104457855,0.708199143409729,0.11692458391189575,-0.07288698852062225,0.9874693751335144,0.07694458216428757,-0.20889580249786377,0.028307177126407623,-0.14047634601593018,0.2748168408870697,1.501461148262024,-0.36989960074424744,-0.18292770530177194,0.03090117235078857,-0.1488760359897073,0.20817209982291784,1.49982108053541,-0.32535300365432196
114.141867,1785472157.442,-0.03760489076375961,0.07163654267787933,0.3620000183582306,-0.034670843468140734,0.06958791127316379,0.36457116548552243,0.8167677867560932,-0.06961092116693988,-0.03136429390796574,0.5718924577571362,0.7438042192606655,-0.13118834146734676,-0.09116634863236593,0.6490251145757924,24.289227134444754,24.69247457789666,25.48360824584961,1,0.5010406113110542,-0.0382881459707069,0.71056740551329,0.1260311363872094,-0.08341531195086635,0.9824614813181316,0.10921298512205863,0.502234160900116,-0.041001155972480774,0.7084141373634338,0.11950969696044922,-0.07614162564277649,0.9860897064208984,0.08687356114387512,-0.21135853230953217,0.0271215308457613,-0.14131604135036469,0.2828763425350189,1.5046087503433228,-0.37389782071113586,-0.19185811749286397,0.030009056874675498,-0.14598688196231133,0.23109126786635464,1.5003850998265926,-0.3406725758865559
114.204778,1785472157.509,-0.03877990320324898,0.07124504446983337,0.3620000183582306,-0.03511925931998203,0.06968803338245744,0.3643846589528422,0.8225739973750344,-0.03445426724241019,-0.00649776338392144,0.5675761635078166,0.7439099702721075,-0.13165243698223927,-0.09213870720658743,0.6486725295560838,26.63634194558579,25.275296300612776,19.43826675415039,1,0.5006289910841106,-0.03794722588317429,0.7108836999883716,0.1264240834990355,-0.08391895056042253,0.9821951119576434,0.11075794732107842,0.5019918084144592,-0.040477193892002106,0.7087745666503906,0.12065643817186356,-0.07752637565135956,0.9854564070701599,0.09114434570074081,-0.21250800788402557,0.0262944046407938,-0.1406993418931961,0.28637272119522095,1.5053662061691284,-0.3758894205093384,-0.1955631882022611,0.029460409843350188,-0.14509921133786113,0.24093045023078408,1.5011875934247714,-0.34698537136790514
114.329098,1785472157.576,-0.039453957229852676,0.07143864780664444,0.36100003123283386,-0.035874877338894856,0.06985113588639764,0.36382351399884366,0.8175619124177661,-0.05356621889013577,-0.011748569917675485,0.5732234735794659,0.7440360717723733,-0.13221123471041016,-0.09330979911291908,0.6482467082117668,24.145736426375805,25.012030519919087,64.83721733093262,1,0.500335610053063,-0.03732727788069833,0.7111715112444708,0.12668816065438865,-0.08425754302710567,0.982014379051288,0.11179685026670694,0.5013061165809631,-0.03922012820839882,0.7097304463386536,0.12326951324939728,-0.08055727183818817,0.9839821457862854,0.10047068446874619,-0.2124362289905548,0.025576885789632797,-0.14029888808727264,0.28857624530792236,1.5058256387710571,-0.3763590157032013,-0.20349563358971068,0.02790514964452606,-0.1429969724515723,0.26244324052851564,1.5031914632938472,-0.36057558036128473
114.390737,1785472157.709,-0.03995491564273834,0.07241951674222946,0.3620000183582306,-0.036099980614861464,0.06997720158899882,0.3637790957917462,0.8159914858965036,-0.051626591096447454,-0.019371277316040828,0.5754279656493255,0.766544913292087,-0.10923333437032368,-0.07216229769605106,0.628704682151799,25.1665211334386,25.039260769459922,19.620895385742188,1,0.49977131603416847,-0.03631867278079273,0.7120184401288812,0.12700603563959428,-0.08466524815537838,0.9817949876999468,0.1130480640841047,0.5010411739349365,-0.03870387747883797,0.7101066708564758,0.12416628748178482,-0.08155951648950577,0.9834676384925842,0.10354823619127274,-0.2119167596101761,0.024304484948515892,-0.1404946744441986,0.2911458909511566,1.507283329963684,-0.3762148320674896,-0.20591852214815518,0.02727416721907864,-0.1422655076942886,0.26952531050021644,1.503905324848171,-0.36485288996385384
114.515689,1785472157.743,-0.03995491564273834,0.07241951674222946,0.3620000183582306,-0.03668223462392594,0.07027205454055176,0.363625989632265,0.8131765574330614,-0.07297908855991508,-0.043165049391847475,0.5758078825313862,0.8019385435630759,-0.07700606021998527,-0.04456440558032048,0.5907441517210317,24.262651097865227,24.890949584953926,64.8810863494873,1,0.4995294729338095,-0.03601295468375028,0.7120659444705323,0.13574325542848178,-0.11187935254129412,0.9810932921593588,0.08070149416541164,0.5004144906997681,-0.03754648193717003,0.7109701037406921,0.12636813521385193,-0.08571386337280273,0.9827027916908264,0.10478291660547256,-0.18430133163928986,0.00909748487174511,-0.12952885031700134,0.23418329656124115,1.4768197536468506,-0.40825408697128296,-0.20596748148761929,0.02436195048418147,-0.14033862210448822,0.27395962006399455,1.5024417619154073,-0.37338055294425415
114.630651,1785472157.876,-0.039563246071338654,0.07241951674222946,0.3620000183582306,-0.03682740462467642,0.07040496575072064,0.36355659159425874,0.8151360571115233,-0.06874691045833675,-0.039769834231112106,0.5737991207594717,0.8073683319477064,-0.07364664846198836,-0.04261420291659556,0.5838806191749112,25.60469549829902,25.103338866981492,23.231983184814453,1,0.4989372044503524,-0.035222608308889194,0.7122549405132351,0.14987564454532226,-0.15998744093358527,0.9749870595058229,0.036627089863052034,0.5000442266464233,-0.03690272569656372,0.7113661170005798,0.13024504482746124,-0.0963858962059021,0.9822075963020325,0.09494366496801376,-0.14801935851573944,-0.01560522336512804,-0.10654591023921967,0.1617792844772339,1.428438663482666,-0.4749588668346405,-0.19709493263805053,0.018110977150883133,-0.1359116723802506,0.2576708408579991,1.4919492933093506,-0.38766161234174296
114.656278,1785472157.943,-0.037996556609869,0.07163654267787933,0.3620000183582306,-0.036925457876769666,0.07046771304893439,0.3634921317737049,0.8143755700105725,-0.054098558642446226,-0.020956712542325125,0.5774310288875923,0.8100959935645519,-0.0662944677165745,-0.03446435119331096,0.5815167523448157,24.904816055452006,25.04507326690333,20.511388778686523,1,0.4986933696978291,-0.035040322628768446,0.7123278590232472,0.15223258621763108,-0.1682052583069696,0.9733795600615059,0.03262610650761956,0.4998999834060669,-0.03656434267759323,0.7111524343490601,0.13399280607700348,-0.10829319059848785,0.9814597964286804,0.08399539440870285,-0.14550557732582092,-0.019233843311667442,-0.10267380625009537,0.15726421773433685,1.4221984148025513,-0.48985475301742554,-0.18777056378034818,0.01204333666496554,-0.130332055307167,0.2394514563589653,1.4798822736422805,-0.40424808987184363
114.718557,1785472158.009,-0.03682154789566994,0.07163654267787933,0.3620000183582306,-0.03691419102767335,0.07052424411494385,0.3634301578765611,0.8086107231624018,-0.006273796887629594,0.03879537042611546,0.5870300308271212,0.8115842541114412,-0.062150814175948366,-0.029873426645797962,0.580151577741611,25.078766758355325,25.0550573022508,14.00136947631836,1,0.49856237614534216,-0.034915247773344454,0.7124117465495774,0.15330391191296439,-0.1711276157250446,0.9730111945758728,0.02150499845330536,0.4995388388633728,-0.03611776605248451,0.711266815662384,0.1391611248254776,-0.12438933551311493,0.979917049407959,0.07017208635807037,-0.1343570500612259,-0.023980503901839256,-0.09851546585559845,0.13452351093292236,1.4128127098083496,-0.48495784401893616,-0.17631675806696812,0.003567236812175092,-0.1228368544924291,0.21717869837052228,1.4642499478967137,-0.42744749702343643
114.780383,1785472158.076,-0.03643641620874405,0.07203228771686554,0.3660000264644623,-0.036865916981567805,0.07059699788788136,0.3638438846929326,0.7854318774502037,-0.03325928995968208,0.018146035089108958,0.6177874285925304,0.8018342997201777,-0.05085804065715972,-0.011058253754261598,0.5952755080772877,25.40925257596257,25.160221276997117,18.8596248626709,1,0.4984628820595576,-0.03495084442997709,0.7124821141999594,0.15389813210301173,-0.17276304079967297,0.972746618336738,0.015241823489833075,0.49923527240753174,-0.035767633467912674,0.7113787531852722,0.1430845856666565,-0.1369255781173706,0.9785329699516296,0.057020727545022964,-0.1282787173986435,-0.026646483689546585,-0.0961209312081337,0.12167952954769135,1.407656192779541,-0.4823108911514282,-0.16494568354535655,-0.0038981801144332903,-0.11624599549440677,0.19477912206050785,1.450310456374767,-0.44303280307210624
114.887664,1785472158.143,-0.03384837880730629,0.0728238895535469,0.3680000305175781,-0.036388566916762365,0.07075738814155294,0.36459883490391126,0.7599414279571538,0.006468038732785403,0.07765692744413556,0.6453034884217886,0.7956774489609169,-0.044066038469631544,0.0002296109691589483,0.6041154928881092,25.54722542984699,25.275150299579842,63.75765800476074,1,0.49849760705603263,-0.0349727498181722,0.7118491849628698,0.1490724226462961,-0.15469651855874586,0.9766336930568613,-0.005747133049090246,0.4989333748817444,-0.03547162935137749,0.7115833759307861,0.14683224260807037,-0.14914408326148987,0.9769217371940613,0.04266415163874626,-0.10134319961071014,-0.028803732246160507,-0.09442947804927826,0.06533357501029968,1.4017040729522705,-0.41705161333084106,-0.15233590415464845,-0.011721285086980612,-0.10932540452842002,0.169640138069772,1.435641655124369,-0.4565405414185659
114.965267,1785472158.276,-0.02827409841120243,0.07202793657779694,0.3680000305175781,-0.03347434459252049,0.07094428080821129,0.3654238026272285,0.7197535254170893,-0.07624829595620265,0.003493127512511751,0.6900209113306843,0.7489784400275867,-0.05937010964797518,0.009579015159027633,0.6598596281958862,25.757107874880262,25.624499062430832,16.0369873046875,1,0.4988558701926376,-0.03771563550543151,0.7097306573729935,0.1327282603949693,-0.10964167580700002,0.9846681243325175,-0.02811755220925055,0.49868863821029663,-0.035279273986816406,0.7113611698150635,0.1471112072467804,-0.15092279016971588,0.9771922826766968,0.02599789761006832,-0.07208753377199173,-0.016803760081529617,-0.1055900827050209,-0.007002657279372215,1.4210968017578125,-0.2937881350517273,-0.13479947187138405,-0.017595973208597647,-0.10420232907928305,0.13376914056524436,1.4239705206153843,-0.4429602952903992
115.028412,1785472158.343,-0.025955459102988243,0.07182459533214569,0.36900001764297485,-0.031761853895232416,0.07099260876648035,0.36586928714585726,0.7139984218804833,-0.0716647422594286,-0.0008522913972931397,0.6964694479074033,0.7333207315391268,-0.0649864299103314,0.004834883234591303,0.6767526080677764,25.86979343745375,25.697280964157187,21.395206451416016,1,0.4991654226366296,-0.039823864471801966,0.7090581985666874,0.11996013012337207,-0.07475578829671065,0.9898773997689782,-0.012801278198993633,0.49857035279273987,-0.03589891269803047,0.7104531526565552,0.14199694991111755,-0.1398305892944336,0.9798716902732849,0.011652066372334957,-0.08601782470941544,0.0008399333455599844,-0.12579405307769775,0.013281400315463543,1.454229474067688,-0.23671381175518036,-0.11780453346015482,-0.017381298990731913,-0.10457824262057638,0.09561999380650454,1.4231917428049825,-0.40253463813340307
115.136834,1785472158.41,-0.023559989407658577,0.07421895116567612,0.36900001764297485,-0.02929545194312653,0.07137455319154001,0.3663202899085743,0.7054568325645507,-0.05509094309886317,0.022483510960103932,0.7062507607864053,0.7156617846472622,-0.0610832719579585,0.013648079704649194,0.6956369554608074,27.356784484484592,26.30343252684495,59.639692306518555,1,0.4995757542021755,-0.04230455940644466,0.7082049883763037,0.11564959911136616,-0.052552176356366304,0.991888711207593,-0.004497061766270307,0.4987564980983734,-0.03747754544019699,0.7096813917160034,0.13227295875549316,-0.11348030716180801,0.9846935868263245,0.0021691974252462387,-0.09681052714586258,0.007789687253534794,-0.13213030993938446,0.025588642805814743,1.4645518064498901,-0.20244231820106506,-0.10478755510642714,-0.00991955189598814,-0.11326600431838471,0.06190153377031861,1.435902004134373,-0.3346293482932398
115.311944,1785472158.51,-0.023559989407658577,0.07661329954862595,0.36900001764297485,-0.02778265480835453,0.07249892797959644,0.3666881483630699,0.6859210112739611,-0.07754341073440184,0.005922744840151608,0.7235083322520486,0.6994104315362637,-0.06938116538048475,0.011209664649634543,0.7112563852557994,25.52771392751853,26.199926091070292,66.47968292236328,1,0.4996526807449412,-0.04595897191708813,0.7071503298222256,0.10979971294001406,-0.02687039315742719,0.993511115162906,-0.012556634008150717,0.499181866645813,-0.039987824857234955,0.7088674902915955,0.12341701984405518,-0.08183778822422028,0.9889740943908691,-0.0010174424387514591,-0.09230154007673264,0.013327660039067268,-0.13664142787456512,0.0012120484607294202,1.472628116607666,-0.14635534584522247,-0.10062591337963392,-0.0006806233413378548,-0.12310716521760004,0.04295700287400933,1.4508486948167656,-0.26566696124867645
115.400887,1785472158.643,-0.0243584793061018,0.07741141319274902,0.36900001764297485,-0.02718897687767975,0.0735226306066918,0.3669405592074233,0.6740737182897405,-0.06357837433659752,0.028387084483452167,0.7353751328827268,0.6854373600217292,-0.07078691799758015,0.014075110608989978,0.7245458777663363,25.30076600169026,25.738455003241533,65.06156921386719,1,0.49843557035088226,-0.04833790671554592,0.7060744477246821,0.10188449679676718,-0.005620639571953987,0.9947707749709567,-0.0043661180646034975,0.49933817982673645,-0.04203468933701515,0.7082267999649048,0.11852367222309113,-0.0630258321762085,0.9909374713897705,-0.00478560384362936,-0.10317206382751465,0.020375259220600128,-0.14337240159511566,0.013422181829810143,1.4899250268936157,-0.11418910324573517,-0.09776316100738124,0.004136808769555484,-0.12776141088166298,0.028600919178545584,1.4583386379706562,-0.2246356951570142
115.509485,1785472158.777,-0.025156967341899872,0.07860858738422394,0.36900001764297485,-0.026964384495722964,0.07442472836438693,0.36709032251843826,0.6547224191975469,-0.0601171645054326,0.020106885295109258,0.7532066074429165,0.6733593172929832,-0.06943080800102892,0.012877301043841573,0.7359353013906034,24.54893219591144,25.22563407597651,58.88056755065918,1,0.49714590885101906,-0.04935418781175642,0.705300986366084,0.0963543203658354,0.013116480201758707,0.995249302519667,-0.004756966267625035,0.4989825189113617,-0.044614873826503754,0.7073237299919128,0.11168256402015686,-0.039588384330272675,0.9929453134536743,-0.0044018873013556,-0.1027069091796875,0.023377755656838417,-0.14588604867458344,0.0077444505877792835,1.5002132654190063,-0.07614041119813919,-0.09997816134737793,0.010786594817952744,-0.13415401659620677,0.022385081258794716,1.4712735800984973,-0.17940670941973463
115.58704,1785472158.877,-0.0243584793061018,0.07781047374010086,0.36900001764297485,-0.026816566864554917,0.07464860615817313,0.3671765793377567,0.6601830462259013,-0.05371334662656767,0.029676836525333775,0.7485936863505545,0.668879588891785,-0.06401554997250425,0.01867386778733068,0.7403738188155601,24.411377008265553,24.985726129667412,14.693737030029297,1,0.4959272479559241,-0.04981793104703487,0.7047580564202856,0.09578842502648079,0.02977703498913241,0.9949489191173915,-0.0038149921804061853,0.49824079871177673,-0.046554699540138245,0.7064713835716248,0.10537388920783997,-0.018054626882076263,0.9942591786384583,-0.004358550067991018,-0.10322784632444382,0.021152297034859657,-0.14251287281513214,0.006407052744179964,1.5002481937408447,-0.043235357850790024,-0.10109561144112829,0.015942777810417322,-0.13895812886767908,0.016389602822797902,1.483124670634099,-0.13711812578374918
115.663575,1785472158.943,-0.0243584793061018,0.07860858738422394,0.36900001764297485,-0.02668746530121535,0.07498478029305645,0.36725721228651576,0.6539996787491308,-0.06098881304031572,0.02001315443786051,0.7537667135987192,0.6641917975577123,-0.06305879031021695,0.019099315049527266,0.7446529803783141,24.175256369371045,24.744404460075373,19.48380470275879,1,0.495658595302428,-0.050062195931383766,0.7045416391787144,0.09545274658366078,0.03649528587582213,0.9946995177102781,-0.011390203923454495,0.4974491596221924,-0.04767632111907005,0.705870509147644,0.10205918550491333,-0.0016253241337835789,0.9947686195373535,-0.0040718503296375275,-0.09502354264259338,0.02031620405614376,-0.14111700654029846,-0.011591586284339428,1.4993858337402344,-0.021968014538288116,-0.10182888979479864,0.017734282244768588,-0.14018002481364486,0.012956615348685618,1.489013450230509,-0.10483183827567136
115.739475,1785472159.01,-0.024292469024658203,0.07879354059696198,0.3680000305175781,-0.0265648922785147,0.07528200438891043,0.3673099302227573,0.6543852203907043,-0.0625547174217165,0.027904202788879444,0.7530526184332778,0.6614196069304824,-0.06291701498946656,0.02160365312237048,0.7470601280783962,24.13629352604017,24.56356221612169,18.329620361328125,1,0.49522130737675385,-0.050298619142482584,0.7042981382769322,0.09500699578116593,0.04288104170006209,0.9944803437414659,-0.011988866802632385,0.49696069955825806,-0.04831991344690323,0.7054927945137024,0.10018648952245712,0.008692075498402119,0.9949126243591309,-0.005995983723551035,-0.09431067109107971,0.019755486398935318,-0.14005856215953827,-0.014187905937433243,1.4997950792312622,-0.00847679004073143,-0.09998464261645651,0.01843395190912642,-0.14043357775204235,0.00630405877940491,1.4918243661616446,-0.08237573993462453
115.847265,1785472159.077,-0.02469063177704811,0.07640567421913147,0.3680000305175781,-0.026364032599517268,0.07583130292116977,0.36747255775376886,0.661607032721149,-0.07407178133369374,-0.0019211387451691792,0.7461808190310789,0.6587295782087528,-0.06519798563371063,0.012771188139152975,0.7494407663156172,23.096374274939667,23.418692477990664,58.7460994720459,1,0.4948304828092208,-0.050522933525687444,0.7041090177675565,0.09302936380454563,0.046405539357757666,0.9944850088095337,-0.013843071918433897,0.4962432086467743,-0.049126580357551575,0.704986035823822,0.09799310564994812,0.022685274481773376,0.9948930740356445,-0.00839864183217287,-0.0924440398812294,0.021005388349294662,-0.14128844439983368,-0.019088275730609894,1.5036487579345703,0.00030583658372052014,-0.0976610979317982,0.01897508291299603,-0.14027940392164365,-0.002087598320112517,1.495088452870784,-0.052113377792297765
115.956284,1785472159.244,-0.025955459102988243,0.0730217769742012,0.36900001764297485,-0.02634484988664236,0.07551664861738508,0.3675176346543783,0.6834363745046381,-0.046989956897857225,0.021585055633050586,0.7281763188459316,0.6591728121066467,-0.06652569078232935,0.010575315055275945,0.7489684232040967,26.85273005373461,24.025741643328846,20.459413528442383,1,0.49412373134203036,-0.050889653824558255,0.7036672131833879,0.09622998214986077,0.05005284775168485,0.9940855378630727,-0.00533351468259191,0.4955931305885315,-0.049733709543943405,0.7045741677284241,0.09624870121479034,0.03275780752301216,0.9947704076766968,-0.009746662341058254,-0.1023050844669342,0.016191039234399796,-0.13487602770328522,-0.0006538764573633671,1.4964152574539185,-0.0016977317864075303,-0.09651076802147968,0.01932502488879218,-0.14005073647758146,-0.007206100710406026,1.4978706333493899,-0.030847539066866228
116.032232,1785472159.277,-0.02835092879831791,0.0698293074965477,0.36900001764297485,-0.02664158660821404,0.07364628915318422,0.3676643815451853,0.7073410159877576,-0.08790160132905075,-0.04608579505789009,0.6998700558525687,0.6601803305653513,-0.06959491362632457,0.005495933482339524,0.7478557841236007,23.809638762601416,24.2079110348559,51.238298416137695,1,0.49459892317893733,-0.05085791308822431,0.7037039762224486,0.09666385748751402,0.0493313794804897,0.9940898028733139,-0.002824442862151118,0.49519339203834534,-0.050047826021909714,0.7043262720108032,0.09625407308340073,0.03744549676775932,0.9946154952049255,-0.0085513386875391,-0.10492153465747833,0.016947977244853973,-0.13567203283309937,0.00504496181383729,1.495875597000122,-0.005630359053611755,-0.09808102998427028,0.018475690390688835,-0.13864809977102074,-0.005430445970724595,1.497476226481717,-0.022947939980405785
116.202799,1785472159.41,-0.030746398493647575,0.07062742859125137,0.36900001764297485,-0.027808711612592907,0.0727231744719526,0.3678090732139044,0.7287406693532376,-0.05851526437559,-0.006173757262986317,0.6822571988531216,0.6896304789293382,-0.06557191869858135,-0.00020622798920543394,0.7211865802133972,23.181783569955503,24.152611358755575,28.801679611206055,1,0.49730374515344145,-0.05007833397454206,0.7041442218021958,0.09766482552453222,0.04766128522496599,0.9940729894321426,0.0029791655561000677,0.49488189816474915,-0.05047016963362694,0.7039980888366699,0.09647438675165176,0.043648526072502136,0.9943624138832092,-0.005563319195061922,-0.10900893807411194,0.022262485697865486,-0.14187270402908325,0.017840320244431496,1.4954866170883179,-0.012796970084309578,-0.10164974605512396,0.017678625250777003,-0.13709485328233229,3.461131811649011e-05,1.4966411731192175,-0.013913301732616323
116.279921,1785472159.577,-0.029468588531017303,0.06964007019996643,0.3680000305175781,-0.027919900517746885,0.072386545923352,0.3678226192851991,0.7333050988187425,-0.05437029793499298,0.007749554384930483,0.6776779819027097,0.7060506298088318,-0.06147310434601487,0.0027264282389341376,0.7054829070769,23.505604431020245,23.960162283050288,20.280838012695312,1,0.4984591256741659,-0.04816928953234457,0.7043677700107088,0.10994131664607193,0.009235982600369647,0.9938909590823075,0.0028922264754053656,0.4958709478378296,-0.05030481517314911,0.7040497660636902,0.09695585072040558,0.045290861278772354,0.994255542755127,-0.0020642774179577827,-0.10974571108818054,0.011236089281737804,-0.1283693164587021,0.02778778411448002,1.469282627105713,-0.09094671905040741,-0.10466341036858864,0.019555730638256906,-0.13905105890865982,0.0073262307142030175,1.496168370879004,-0.013456151346366043
116.388605,1785472159.644,-0.02986675128340721,0.06964007019996643,0.3680000305175781,-0.028104971370580795,0.07195266577410328,0.3678427953323591,0.7290667232201892,-0.05910973980441459,0.0030989910462804245,0.6818783967891384,0.7196936460821267,-0.059683868141498383,0.003483835706385827,0.691712913397931,24.162201697649106,23.998299989481822,57.39331245422363,1,0.4989304120725456,-0.04794523012336971,0.7044720931666913,0.11440395831660337,-0.012800080381955934,0.9933470304047047,-0.0030934527413282306,0.4969310164451599,-0.04942307621240616,0.7041543126106262,0.10220430791378021,0.03048260323703289,0.9942963123321533,9.516913996776566e-05,-0.10591612756252289,0.006895906291902065,-0.12311229109764099,0.020972272381186485,1.4585732221603394,-0.1316356360912323,-0.10674466098373049,0.016148696540246334,-0.13467609747025905,0.015705449921628027,1.4851583899464034,-0.04518931098069379
116.511303,1785472159.777,-0.03026491217315197,0.06964007019996643,0.3680000305175781,-0.028255169681576795,0.07167958517238233,0.36785459092053246,0.7293103682989166,-0.058186761145432905,0.004310290720725669,0.6816906255135138,0.7252777733196571,-0.05900651099520144,0.004063711490558505,0.6859109777788767,24.19501648277458,24.15583840967106,59.099435806274414,1,0.49953042921324,-0.047594111848953256,0.7046071617133751,0.1179097374529556,-0.03175837940762563,0.9924996509454045,-0.005756911014307441,0.49775266647338867,-0.04881967976689339,0.7042692303657532,0.10721109807491302,0.012738935649394989,0.9941540360450745,-0.001083596725948155,-0.10499017685651779,0.004173333756625652,-0.11975246667861938,0.020801175385713577,1.4506436586380005,-0.16901426017284393,-0.10640536601042061,0.012359530150674076,-0.12993995083176968,0.017862277170035714,1.4742714978863323,-0.08058994249400907
116.634322,1785472159.877,-0.02986675128340721,0.06924209743738174,0.3680000305175781,-0.028342315288940222,0.07152076629156227,0.3678613961405646,0.7316004167587584,-0.055508165756986125,0.007271390455653183,0.679431233174887,0.7268608584007171,-0.05813508365175664,0.004863303424236154,0.6843025302112945,24.19501648277458,24.167448051775743,21.05093002319336,1,0.49990110227055146,-0.04732326189169767,0.7046971787853894,0.11913326154519092,-0.03965406668574651,0.9920612207389624,-0.007025332362758955,0.49858811497688293,-0.048245277255773544,0.7044128775596619,0.11224744468927383,-0.008131778798997402,0.9936420321464539,-0.003156385850161314,-0.10414869338274002,0.0035266897175461054,-0.1189873069524765,0.02033163048326969,1.4478708505630493,-0.18412290513515472,-0.10574226478939813,0.008523752198953388,-0.12516580663645296,0.01923933852837335,1.463200461155973,-0.12202194837998225
117.389002,1785472160.678,-0.029947910457849503,0.06903119385242462,0.36900001764297485,-0.029053090997645657,0.07045893177707575,0.368241098894598,0.727093659038701,-0.08085618408557879,-0.025918753912007816,0.6812674266956265,0.72893883923359,-0.06551675034935307,-0.0031929127247904854,0.6814290347415339,25.219837423464888,24.38728492678706,15.662193298339844,1,0.49990110227055146,-0.04732326189169767,0.7046971787853894,0.11913326154519092,-0.03965406668574651,0.9920612207389624,-0.007025332362758955,0.49986186623573303,-0.047352083027362823,0.7046862840652466,0.11892076581716537,-0.038680121302604675,0.9921261072158813,-0.006893252022564411,-0.10414869338274002,0.0035266897175461054,-0.1189873069524765,0.02033163048326969,1.4478708505630493,-0.18412290513515472,-0.1041979421672915,0.003681001573638605,-0.11917698330133565,0.02029790821288367,1.4483445838858282,-0.1822037804402535
117.469673,1785472160.711,-0.029947910457849503,0.06943025439977646,0.36900001764297485,-0.029093511415361276,0.07041106950333757,0.368280078068721,0.7310074230941483,-0.05754329208515193,-0.004536121422879781,0.6799237755217071,0.7293109148801152,-0.06409769679800804,-0.0034320413530331355,0.681164661292753,25.57527564602787,24.741834081385832,20.09105682373047,1,0.4999612921163646,-0.04728624101633363,0.7046775130822424,0.11950655421741554,-0.039737299007730265,0.9920308561487843,-0.0037297473587950304,0.4998781979084015,-0.04734044149518013,0.7046868801116943,0.11901392042636871,-0.03895239159464836,0.9921062588691711,-0.006598764564841986,-0.10764289647340775,0.0037440925370901823,-0.11911658197641373,0.027791380882263184,1.448076844215393,-0.18781860172748566,-0.10453401660913893,0.0036608923616779,-0.11913816435394947,0.02105303115066518,1.4482368015205893,-0.18309343032656525
117.547285,1785472160.845,-0.02954866550862789,0.06943025439977646,0.36900001764297485,-0.029141954377493264,0.0703265037790752,0.3683461613438223,0.7291716504468261,-0.05901418722982144,0.003368705733490818,0.6817731893466745,0.7299341672260071,-0.058918999865078134,0.0022318238624983115,0.6809696630050573,23.89500390256501,24.517042920791948,22.724151611328125,1,0.5001130361071359,-0.04717634780844647,0.7046003190956889,0.12118759875108161,-0.040339096748519404,0.9917365551842777,-0.012038616767829883,0.4998994767665863,-0.04732532799243927,0.7046845555305481,0.11914467066526413,-0.03916560113430023,0.9920870661735535,-0.005822546314448118,-0.0987786129117012,0.0008693094714544713,-0.1154666393995285,0.00985334999859333,1.4414231777191162,-0.18016499280929565,-0.10537652373259526,0.0036834063025633326,-0.11913194554761426,0.02287913397132986,1.448193453090881,-0.18437394902468426
117.919367,1785472161.212,-0.02954866550862789,0.07022836804389954,0.36900001764297485,-0.02922652838393533,0.07016111898903354,0.3684053379151207,0.7322078154867687,-0.04131058242128774,0.019618514299024316,0.6795441594310165,0.7313945596935248,-0.0546251266228133,0.0049286879160406714,0.6797453947086238,25.573616741831987,25.102683760143265,59.77988243103027,1,0.5001130361071359,-0.04717634780844647,0.7046003190956889,0.12118759875108161,-0.040339096748519404,0.9917365551842777,-0.012038616767829883,0.5000817775726318,-0.04719620943069458,0.7046103477478027,0.12090488523244858,-0.04018103703856468,0.991787314414978,-0.011199169792234898,-0.0987786129117012,0.0008693093550391495,-0.1154666393995285,0.009853348135948181,1.441422939300537,-0.18016499280929565,-0.09966989702771974,0.001249350979259986,-0.11596065100405528,0.011612967994782541,1.4423377415306229,-0.18073355189182205
118.027188,1785472161.279,-0.029947910457849503,0.06943025439977646,0.36900001764297485,-0.029298562603532592,0.07010976972029964,0.3684621579700676,0.728751398112237,-0.06100021437451605,-0.007929432817012758,0.6820098955960415,0.7300060503250382,-0.06089080081631966,-0.0038579698569113233,0.6807118281133128,25.57527564602787,25.130061706296413,59.683799743652344,1,0.5001174044099175,-0.04715707202905399,0.7045474674039945,0.12133868167084157,-0.04011498200653294,0.9916496171073657,-0.017284369812430922,0.5000918507575989,-0.047189150005578995,0.7046073079109192,0.12100083380937576,-0.04023656249046326,0.9917700886726379,-0.011487482115626335,-0.09306533634662628,-0.00013512048462871462,-0.11410202085971832,-0.0019668343011289835,1.4392932653427124,-0.17391711473464966,-0.09936338656202319,0.0011186128404832866,-0.11579030001085382,0.011007845765667674,1.4420231410436963,-0.18053802089740711
118.120921,1785472161.412,-0.03026491217315197,0.07003805041313171,0.3680000305175781,-0.029354180926038417,0.07010597671338731,0.3684304653197796,0.7264738915886714,-0.06814315885733033,-0.005183737559280785,0.6837874842419042,0.7293268136114454,-0.062294720791651784,-0.004114570222113752,0.6813111161728932,24.84042089621443,25.044099509573506,23.671865463256836,1,0.5002041548900406,-0.047044217962199,0.7044795685661901,0.12223694128434848,-0.03926840847793352,0.9917029630161077,-0.0064308184649842825,0.5000985264778137,-0.04717260226607323,0.7045685648918152,0.12115012109279633,-0.04017897695302963,0.9917189478874207,-0.014205384999513626,-0.10451474785804749,0.0006851376965641975,-0.11483854800462723,0.022396204993128777,1.4405417442321777,-0.1838519424200058,-0.09641238172819902,0.0005311118879365794,-0.11499865991109347,0.004928455897833204,1.440744033215119,-0.17743573123378728
118.243217,1785472161.479,-0.03026491217315197,0.07003805041313171,0.3680000305175781,-0.029422359438870636,0.07008286185679002,0.3683826824100871,0.7287725655601035,-0.06459957562943683,-0.001680456991307453,0.6816998009239417,0.7295622354248844,-0.061531299134347184,-0.001984987362519783,0.6811379476243087,24.533556102805495,25.06998052717283,61.93351745605469,1,0.500191753810035,-0.04695994399572427,0.7045242516899505,0.1213188519512272,-0.03848276481011557,0.9918533975903051,-0.005258389712982911,0.5001383423805237,-0.04711952805519104,0.7045230865478516,0.12158144265413284,-0.03980759531259537,0.9917216300964355,-0.01102047972381115,-0.10535497218370438,0.0018441872671246529,-0.11635687947273254,0.02447456680238247,1.4430657625198364,-0.18308334052562714,-0.09973038339975927,0.0005941351196522975,-0.11493252274585299,0.012081686928076504,1.4406611938537146,-0.1800632294917097
118.318475,1785472161.612,-0.03026491217315197,0.06924209743738174,0.3680000305175781,-0.029463851948784023,0.0700323919351057,0.36836337571864575,0.7291475121740357,-0.08191789853819899,-0.017289402717296135,0.679216048060688,0.7295188970976604,-0.06550232629699877,-0.004963810472901351,0.6807987842326717,24.631130878869495,24.939613837171333,68.75920295715332,1,0.5002001124852891,-0.04685415266181636,0.7045986587105665,0.12053002553539674,-0.03863024553010046,0.9919302250734794,-0.007392270314124886,0.5001549124717712,-0.04706539586186409,0.7045187950134277,0.12148632854223251,-0.03935151547193527,0.9917715787887573,-0.00903765857219696,-0.10270512849092484,0.0024025479797273874,-0.11726104468107224,0.019402965903282166,1.4443148374557495,-0.18065966665744781,-0.10166468165294598,0.0010239841899583409,-0.115421877062072,0.01634361028461245,1.4414881250179938,-0.18110184202777704
118.410919,1785472161.679,-0.03145940229296684,0.0704360231757164,0.3680000305175781,-0.02969287117187721,0.07006934409297533,0.3683386717900978,0.7248781619196487,-0.09655081987223621,-0.041401763074852195,0.6808197144386201,0.7282002672674139,-0.07557782853836803,-0.01677001794500508,0.68097806798987,25.222241162174413,25.04881706925164,25.869369506835938,1,0.5002615597846415,-0.04678544796607517,0.7046427888706469,0.11945375667385197,-0.039252529151353126,0.9920601813484472,-0.002575957028500742,0.500169038772583,-0.04699217528104782,0.7045451402664185,0.12115904688835144,-0.03910144045948982,0.9918265342712402,-0.00847229640930891,-0.10763396322727203,0.004514291882514954,-0.11982633918523788,0.029957620427012444,1.4484490156173706,-0.1868368685245514,-0.10202249298306587,0.001498029194848056,-0.11605389271203592,0.017395734857080108,1.4424602314253379,-0.18094977436271836
118.579583,1785472161.779,-0.0325651578605175,0.06945082545280457,0.367000013589859,-0.03015062086744882,0.07002572467211873,0.3681532748159273,0.7358093587619577,-0.09199874534663752,-0.02563212188570319,0.6704206237434807,0.7310038598225347,-0.08556524640057628,-0.02311463247194503,0.6765926834504284,25.380581186320033,25.16876784329614,56.389570236206055,1,0.5001725129297608,-0.04644721081624197,0.7046539143803255,0.11939546044684957,-0.039413212639176805,0.9919789817296156,0.013000865387305558,0.500204861164093,-0.046908605843782425,0.7045809030532837,0.12045163661241531,-0.03915935754776001,0.9919280409812927,-0.0060591427609324455,-0.12355225533246994,0.00684847729280591,-0.12200835347175598,0.06448400020599365,1.4539202451705933,-0.20303529500961304,-0.10432044492596292,0.002733177180886061,-0.11759828673558032,0.02253996501500983,1.4449126984398173,-0.18336059487307757
118.61191,1785472161.912,-0.03296223655343056,0.0686570405960083,0.367000013589859,-0.030397186356598157,0.06991956037649247,0.36808493493509764,0.7447026894045976,-0.08806853634097847,-0.019869425332896217,0.6612617055578357,0.7343710998620833,-0.08617862293016401,-0.02232489349469575,0.6728847834270479,26.772864789642075,25.648718617158067,19.34981346130371,1,0.5001157563293206,-0.045753672462838776,0.7049163159066127,0.11601634690297988,-0.04547452271636199,0.9919177156287691,0.023906494030096037,0.5001709461212158,-0.04671665281057358,0.7045543789863586,0.11993151903152466,-0.03924298658967018,0.9920047521591187,0.0017402474768459797,-0.1337583214044571,0.012585419230163097,-0.12883460521697998,0.08846469223499298,1.4666030406951904,-0.22484813630580902,-0.11219606151851415,0.004418390610728054,-0.11940377455657268,0.03971648185375836,1.4486013789015375,-0.19141757789448366
118.753118,1785472161.979,-0.03494764491915703,0.06945082545280457,0.367000013589859,-0.03128744315741692,0.06989504957009457,0.36797546554945887,0.7523522488547635,-0.10624308095367539,-0.033841952236432236,0.6492558999820315,0.7418500042354308,-0.08971987907260089,-0.02138393455019776,0.664192473503157,24.522785343388282,25.264330281136157,67.27170944213867,1,0.5002165539428501,-0.045370483390812344,0.7050414613634808,0.11516377847851368,-0.05047463629163186,0.991789152242765,0.023321507484656993,0.5001201629638672,-0.046264052391052246,0.7046452760696411,0.11794126778841019,-0.042108047753572464,0.9920536279678345,0.012101472355425358,-0.13270112872123718,0.013830594718456268,-0.13063517212867737,0.08785891532897949,1.4689855575561523,-0.2337338924407959,-0.12229924762409497,0.008245063109617404,-0.12382197662635064,0.06255792107058297,1.4570362195499096,-0.20708176210865364
118.830978,1785472162.113,-0.035248421132564545,0.0692615881562233,0.3660000264644623,-0.03169118673921969,0.06986403112776728,0.3678198528827902,0.7625685673163953,-0.10407822263444033,-0.020775588503880452,0.6381420520829149,0.7481602790091023,-0.09403447621882274,-0.021204604084443822,0.6564785441740619,25.698866767909866,25.39205395834747,22.564411163330078,1,0.5001095412439114,-0.0440344667984732,0.7051646535566988,0.11212733970335931,-0.06209712577304417,0.9914604543536267,0.024032771681071825,0.5001413226127625,-0.046022024005651474,0.704735517501831,0.11714451760053635,-0.04435969516634941,0.9920082092285156,0.015132098458707333,-0.13128593564033508,0.017303580418229103,-0.135165274143219,0.09028360992670059,1.4772051572799683,-0.25528162717819214,-0.12511815395528483,0.009758706439896616,-0.1256679487232246,0.06941450733090726,1.4602744901496012,-0.21430448669894206
118.906931,1785472162.179,-0.03604041785001755,0.06886578351259232,0.3660000264644623,-0.03216769256646047,0.0698039947623906,0.36769515837851546,0.7768612465881688,-0.07304463454036705,0.007404545671349124,0.6253768924558548,0.7582862762675753,-0.08684973638012185,-0.011374988635246545,0.6460105696879158,25.352716803062158,25.380397217039857,23.08201789855957,1,0.5000515275512011,-0.04342384796462035,0.7053819052169692,0.10893701746605397,-0.07229457981073127,0.991076711813315,0.025945544066331594,0.5001307129859924,-0.04548400267958641,0.704838752746582,0.11573817580938339,-0.04914785176515579,0.9919083714485168,0.017520399764180183,-0.1324359029531479,0.021528955549001694,-0.140629842877388,0.09508676081895828,1.4865148067474365,-0.27640244364738464,-0.12678962639794947,0.011803352511614339,-0.1282415544860842,0.07507004182882657,1.4648627009419306,-0.2254092906100499
119.03016,1785472162.246,-0.040175661444664,0.0696704164147377,0.36400002241134644,-0.03441142300971068,0.06977570851221282,0.3670147700595114,0.7889437668231877,-0.10668403829084307,-0.008839668208818277,0.6050686812509433,0.7739024991360767,-0.08988557253591622,-0.005487573133249069,0.6268695177004004,25.78664687975091,24.653444986374463,63.81535530090332,1,0.5000383991660127,-0.04270151691571117,0.7055609024213899,0.10835868205427095,-0.08588250321650923,0.9903134300478974,0.012724068983463944,0.5000994801521301,-0.04464066028594971,0.705043613910675,0.11288566887378693,-0.05859914794564247,0.9916577935218811,0.02092275582253933,-0.11841250956058502,0.01979636959731579,-0.139970064163208,0.06893233209848404,1.483435034751892,-0.29029518365859985,-0.12910182596369116,0.015786034044313772,-0.1333141032973351,0.0832671158255708,1.4737294547903435,-0.24629149264921654
119.138017,1785472162.413,-0.04096332937479019,0.07045771926641464,0.36400002241134644,-0.035027630432732285,0.06980355112608658,0.36686903473642735,0.7938754615655764,-0.11658236876819009,-0.015928635038256443,0.5965874465677758,0.7787990415921585,-0.09624758472581106,-0.00796999730871817,0.6197942677957601,24.920387006353085,24.69939121472683,17.653226852416992,1,0.49957366707680967,-0.039329940120235246,0.7064480985802072,0.10264279497448647,-0.11036947731867916,0.9885405787894734,0.008399952547498944,0.5000824928283691,-0.044112544506788254,0.7051787972450256,0.11168330907821655,-0.06600490212440491,0.9913733005523682,0.01868731714785099,-0.10801075398921967,0.024511205032467842,-0.14821648597717285,0.06091461330652237,1.4973307847976685,-0.3288423717021942,-0.1262050162581368,0.016872799230891126,-0.1351174528602899,0.07938240950237414,1.4763596669599233,-0.25821648989561463
119.26059,1785472162.513,-0.04045804217457771,0.0710492879152298,0.3630000054836273,-0.03653776404998434,0.07003060164143371,0.3659037719096757,0.805868861125688,-0.11867788639846437,0.0016134133386820953,0.58007614573035,0.7872765542272335,-0.16628431934967425,-0.045135994180125046,0.5920370717547012,26.533401455343924,25.721338589159505,60.42742729187012,1,0.499086121371612,-0.03739908934075315,0.7071757239716969,0.08849270645853428,-0.13136228415027595,0.9866489061135038,0.03790682354791247,0.4998475909233093,-0.04186446964740753,0.7057594656944275,0.10750597715377808,-0.08683200925588608,0.9903090000152588,0.013807663694024086,-0.13258907198905945,0.04724554345011711,-0.17488516867160797,0.11926917731761932,1.546698808670044,-0.3911083936691284,-0.11767992651727009,0.020451791019992175,-0.14125450814484336,0.07072918648047657,1.4861858729628594,-0.29130887740722705
119.37037,1785472162.646,-0.04045804217457771,0.07065671682357788,0.3630000054836273,-0.036818274308530255,0.07005942931360791,0.3657133808346769,0.8016440632743915,-0.15887846096818495,-0.0339631782439269,0.5753007326441324,0.7929533886056315,-0.16340351745435835,-0.0407735688813926,0.5855439608287869,25.908504823414365,25.776854241356922,20.888805389404297,1,0.49855571258733844,-0.03615994106770221,0.7078662859091195,0.06982575718165838,-0.15160843696378432,0.9822349998077209,0.08575342924998972,0.49958738684654236,-0.04032919555902481,0.7061401605606079,0.10062893480062485,-0.10198933631181717,0.9894415736198425,0.02185056172311306,-0.17267851531505585,0.08208668231964111,-0.21032270789146423,0.2076503187417984,1.6192693710327148,-0.4605514705181122,-0.12280717933514658,0.029666140954181228,-0.15281982869209798,0.08742210282941865,1.5069962715525602,-0.32562992873955227
119.461218,1785472162.713,-0.04034658893942833,0.07046207040548325,0.3620000183582306,-0.03720285953734043,0.07012503816648538,0.36538482424226193,0.8009880959158567,-0.14531370777607766,-0.016424205284012207,0.58054478036948,0.7971024162448725,-0.15827627623588456,-0.033662961380499914,0.5817586814380882,25.92991870370073,26.18358622987013,70.03211975097656,1,0.4984125190944562,-0.03574022592906889,0.708118888123796,0.06932823691873796,-0.15979700359520882,0.9814623962511936,0.07993796315016503,0.4988807439804077,-0.03826207295060158,0.7065749764442444,0.08489562571048737,-0.12453344464302063,0.987256646156311,0.05107380822300911,-0.16651655733585358,0.08134585618972778,-0.21123003959655762,0.19639642536640167,1.6187713146209717,-0.47180384397506714,-0.1461748377880801,0.05374354476078843,-0.17976282073979563,0.14375614754918023,1.559602842771882,-0.3888486271823657
119.633373,1785472162.813,-0.03995491564273834,0.06967909634113312,0.3620000183582306,-0.037540975293588755,0.07011475455444956,0.3648345505445068,0.7984682119121936,-0.14694689319997484,-0.01694024559481661,0.5835821734972779,0.8005829288191189,-0.14211927691525364,-0.014104898259725385,0.5819537241547388,28.210816951967256,27.01219269540688,60.93883514404297,1,0.49815390061566917,-0.035166604587800035,0.7085541288459863,0.06877728614997784,-0.16472544632296499,0.9813892331496146,0.07078407519743155,0.49860504269599915,-0.036860737949609756,0.7073034644126892,0.07635107636451721,-0.14328645169734955,0.9845866560935974,0.0650276243686676,-0.15672597289085388,0.07896163314580917,-0.21123002469539642,0.17815126478672028,1.6157810688018799,-0.4734940528869629,-0.15580811195005756,0.06790528570149805,-0.1961786592513628,0.16939427773729065,1.5901721933759057,-0.4322956359011476
119.709452,1785472162.98,-0.039563246071338654,0.06967909634113312,0.3620000183582306,-0.037662216205638685,0.07008791119891405,0.3646730961728973,0.7922339283379454,-0.1674154450695878,-0.04127592515363933,0.5853492714141618,0.7980586401488534,-0.15017356398595905,-0.02273422833854733,0.5831238825715926,27.169215852295522,27.058759810528663,63.0793571472168,1,0.4979305153251319,-0.034648310153036,0.7093416791620178,0.0687012371413156,-0.16506553898277845,0.9828471753537286,0.04522098798981206,0.4984230399131775,-0.03616349771618843,0.7078049778938293,0.07321695238351822,-0.15206006169319153,0.9833523631095886,0.06734407693147659,-0.13100780546665192,0.0708780512213707,-0.20760135352611542,0.12671075761318207,1.601717233657837,-0.45315757393836975,-0.15618398035444578,0.0724329218983846,-0.20234159127343476,0.17298040685526692,1.6006592839515963,-0.44916679325410097
119.786746,1785472163.08,-0.03760489076375961,0.07007058709859848,0.3620000183582306,-0.03768982131113792,0.07007565260406878,0.36446947651676354,0.7978611943181536,-0.11614272316897323,-0.0039476991003646825,0.5915342746856836,0.7974387384742161,-0.14060008467255344,-0.018608346178617254,0.5864953572051688,25.80423865151833,26.889462526202426,19.679784774780273,1,0.4978835558782452,-0.03440078004633268,0.7096893235551776,0.06773459269160675,-0.16268182685407614,0.9823737345726844,0.06235778849542159,0.4983169734477997,-0.03586682304739952,0.7080571055412292,0.072324238717556,-0.15454988181591034,0.9833085536956787,0.06314980238676071,-0.14671753346920013,0.07697585970163345,-0.21306023001670837,0.16033458709716797,1.6145614385604858,-0.460495263338089,-0.1514005046817708,0.07213747321100979,-0.20334057995698251,0.16418920030798337,1.600860294395782,-0.44992503842158893
119.880251,1785472163.147,-0.03642987459897995,0.07046207040548325,0.3620000183582306,-0.03753597752556984,0.07009630872785833,0.3643543549429412,0.7867051230110472,-0.13816402596552266,-0.02408403573395156,0.6011869181709939,0.7941139848381835,-0.13984391929766316,-0.020321225435142493,0.5911122610102958,25.366307050302073,26.438730556367425,21.344423294067383,1,0.4978378795177377,-0.03441324651302832,0.7098795739184777,0.07273482235048974,-0.15971231175047407,0.9833074350405475,0.04804280681789547,0.49816957116127014,-0.03536074236035347,0.7086173892021179,0.07074713706970215,-0.15735135972499847,0.9829964637756348,0.06287524849176407,-0.1341852843761444,0.06696046888828278,-0.203701913356781,0.13417726755142212,1.5952738523483276,-0.4453762471675873,-0.14979002949075407,0.07380137656491143,-0.20668288457973014,0.1628636190686586,1.6055721178740234,-0.4535601362736399
119.940405,1785472163.213,-0.035646531730890274,0.07085356116294861,0.3620000183582306,-0.03730248996984929,0.07014411930740097,0.3642478002848477,0.7856026148165374,-0.09687179667984065,0.014717735788853926,0.6109237062470962,0.7913840764594049,-0.12448526559007744,-0.007759797044105205,0.5984600636026577,25.448322406857898,26.143506578629033,22.661924362182617,1,0.49778402105071323,-0.034643328770953656,0.7100474829292367,0.0743812757878038,-0.15412693249072923,0.9840154252794612,0.0492540080121225,0.4980739951133728,-0.03509896248579025,0.7089361548423767,0.0712505355477333,-0.1579848825931549,0.9831076264381409,0.05885183811187744,-0.1360297054052353,0.06515387445688248,-0.20176836848258972,0.13700507581233978,1.5921448469161987,-0.43592509627342224,-0.14556114123038735,0.07194746341849538,-0.20587460848723863,0.15508964843772277,1.6027812879165597,-0.45134229846981305
120.017758,1785472163.28,-0.034959495067596436,0.07065671682357788,0.3630000054836273,-0.03693370632143334,0.07018053411089711,0.3641277449533309,0.7792941634370105,-0.0840446891728815,0.023112034670188995,0.6205666208460198,0.7862798101902833,-0.10640546949087343,0.006076899349570883,0.6086090760445939,24.794151708437745,25.619505534222352,20.151853561401367,1,0.4977030712660945,-0.03499601231415875,0.7101971922067346,0.07804346899285544,-0.14538469979269913,0.985828981364586,0.030227893003166674,0.49797219038009644,-0.03493979200720787,0.7093068957328796,0.07229872792959213,-0.15665337443351746,0.983436644077301,0.055542778223752975,-0.11834969371557236,0.055173709988594055,-0.19258016347885132,0.09900564700365067,1.5727574825286865,-0.40427595376968384,-0.14228327747327893,0.06961110799952058,-0.20446183859143505,0.14887040775339766,1.5991234158565355,-0.4460403168899107
120.125182,1785472163.38,-0.03260297328233719,0.0710492879152298,0.3630000054836273,-0.03610560699579463,0.0702761316046337,0.3640044184601214,0.7494775087540864,-0.061345887496272615,0.039351243467683296,0.6580057945007857,0.7668194789484346,-0.08218467313274885,0.02363142181996287,0.6361408036827078,26.220228429724877,25.75576590541757,57.631731033325195,1,0.497649415677634,-0.035549217565036324,0.7103774742162489,0.08284841713430022,-0.1327421907942957,0.9876431734790637,0.008752853344825774,0.4978407919406891,-0.03494563698768616,0.7095886468887329,0.07444483041763306,-0.15198762714862823,0.9845407605171204,0.045134853571653366,-0.09805797785520554,0.04388473927974701,-0.18119364976882935,0.05493354797363281,1.5505411624908447,-0.3620477020740509,-0.13248222995653483,0.06369881368239519,-0.1995956288292464,0.12845032560261782,1.5883263024994478,-0.4289373874746847
120.2335,1785472163.514,-0.0298537015914917,0.07183443009853363,0.3630000054836273,-0.03493879914699435,0.07039250089645409,0.36395518052782333,0.738879578993109,-0.03787989826543851,0.05075520979448194,0.6708546710973132,0.7554778922450256,-0.06355211971485597,0.035080704745175204,0.651140251069878,26.18016326498542,25.8804996641008,25.989294052124023,1,0.4975618137889407,-0.03679624715894217,0.7105644525470896,0.08949422576379631,-0.09713162368419281,0.9910791098343003,-0.017844587007334548,0.4977516531944275,-0.03509097918868065,0.7096558213233948,0.07634716480970383,-0.1466744989156723,0.9856056571006775,0.03520248457789421,-0.071340411901474,0.03034086339175701,-0.16602440178394318,-0.005045413970947266,1.523781657218933,-0.2669435441493988,-0.12315324970406039,0.058329207455749175,-0.1946088179018949,0.1085272717662577,1.5780865295571163,-0.41081028386695684
120.329475,1785472163.58,-0.02710443176329136,0.07183443009853363,0.3630000054836273,-0.0332310192258037,0.07048699277487312,0.36391030428918103,0.7296411980719208,-0.056490550963462935,0.025067676940415166,0.6810316815690938,0.7451129018974902,-0.060689680523795114,0.031010509287853746,0.6634469642839047,26.369530311874108,26.025818055921896,26.57794952392578,1,0.49751006041134443,-0.038553689770331454,0.7106532344442053,0.09584923471438368,-0.07672898435638878,0.9917365825817911,-0.03720400426425188,0.49757784605026245,-0.035646528005599976,0.7095789313316345,0.07963814586400986,-0.12937301397323608,0.9882517457008362,0.016698691993951797,-0.0537252202630043,0.02041095308959484,-0.1535770446062088,-0.04860708862543106,1.5037589073181152,-0.20976613461971283,-0.10533481296665824,0.04870404230935717,-0.18477901178544617,0.0694696066680647,1.5594110839600153,-0.36133451576916253
120.371846,1785472163.647,-0.026711678132414818,0.0734047070145607,0.3630000054836273,-0.03204115788273185,0.07080026150979228,0.3638693039405531,0.7089903336810205,-0.06497667328084533,0.014170651579386755,0.702075445596871,0.7304752940988162,-0.06248289773345479,0.024067766390465137,0.6796487878478505,25.16355900060246,25.768999677221686,18.854618072509766,1,0.4975541897196459,-0.041117085241722605,0.7107708340886929,0.10034204048997354,-0.060699419961859874,0.9924910191792565,-0.03476538760208439,0.497456431388855,-0.036430586129426956,0.70950847864151,0.08289278298616409,-0.11482458561658859,0.9899196028709412,0.0018051855731755495,-0.06086470186710358,0.016680344939231873,-0.14925912022590637,-0.04449806734919548,1.4952627420425415,-0.18430721759796143,-0.09134861305365691,0.041036629623734736,-0.17632347556088113,0.03747081463605579,1.5443293440900603,-0.3202594864529598
120.480232,1785472163.714,-0.02396240644156933,0.075760118663311,0.3630000054836273,-0.02977496238950821,0.07183322632295573,0.36379682106141303,0.6835297238780207,-0.057446605435668076,0.019334956220076065,0.7274016521613924,0.7092922446712782,-0.060969340371945444,0.01997661461544562,0.7019887364141217,25.784619283661183,25.795910951455944,59.766530990600586,1,0.49722237168823874,-0.042933652890378676,0.7107780830364951,0.10299619337427009,-0.03937601330596139,0.9935438416830958,-0.026682360842591922,0.49744129180908203,-0.03770925849676132,0.7096659541130066,0.08697687089443207,-0.09997420012950897,0.99114590883255,-0.00836978666484356,-0.07150973379611969,0.01477636955678463,-0.14728987216949463,-0.03012588433921337,1.4922322034835815,-0.1515456885099411,-0.08308747776824264,0.03443609547728163,-0.16898928603951682,0.015257240130357525,1.5310322949351827,-0.28341642408134604
120.558854,1785472163.847,-0.023176899179816246,0.07733039557933807,0.3630000054836273,-0.028664887281399074,0.07268159071459268,0.363763303521777,0.6737271421564859,-0.03691148753814567,0.049234185819385996,0.7364137932956429,0.6945193494160138,-0.05077737976096547,0.03241610321372493,0.7169475066166313,24.967007175512794,25.54907665409978,21.42167091369629,1,0.4959593028413329,-0.04644785943317452,0.7106270477518992,0.10595231726462408,-0.008756992252584875,0.9940852319615706,-0.022180467733006977,0.49735769629478455,-0.03951141610741615,0.7099744081497192,0.09214460104703903,-0.07904273271560669,0.9924913644790649,-0.014913680031895638,-0.08118972182273865,0.010192730464041233,-0.14187705516815186,-0.025078803300857544,1.4870057106018066,-0.0994127094745636,-0.07910593027856927,0.027675124021172337,-0.16152697324594867,-0.00035001896997285216,1.5176889434849772,-0.23806607912925076
120.636461,1785472163.914,-0.020877737551927567,0.07833073288202286,0.36400002241134644,-0.027155597816770714,0.0735357625816713,0.36378096061522497,0.6689007557694796,-0.030584592492812805,0.03693469597444941,0.7418033363812423,0.6842409531613581,-0.04257383158492565,0.034260826499068676,0.7272055986092344,25.420033307645834,25.51081555727996,19.628524780273438,1,0.4948445118314407,-0.048211892910653906,0.7104272238373391,0.1048988598700488,0.013440759930183593,0.993719921707672,-0.036555333013961674,0.4968867897987366,-0.04190130904316902,0.7101755142211914,0.09673221409320831,-0.05483096092939377,0.9936429262161255,-0.017614027485251427,-0.06712204217910767,0.008324352093040943,-0.13885055482387543,-0.06163257360458374,1.487366795539856,-0.041534245014190674,-0.07982261128548282,0.02166291216930669,-0.1547691697233018,-0.008854243941524184,1.5071369796964549,-0.19038318342690946
120.745885,1785472163.981,-0.01693938486278057,0.07793708890676498,0.36400002241134644,-0.024347396827628154,0.07416416330505438,0.36380641768798927,0.6608855540357077,-0.05221620316903741,0.012808293065553072,0.7485584147027354,0.6706591990861881,-0.042218015776098135,0.02874645055749889,0.7400050806618473,24.739171678070306,25.618046221333888,60.65797805786133,1,0.493785985176037,-0.05057443033613544,0.7101709830875267,0.1093750350004226,0.028596804754651428,0.9926966252287528,-0.042103856544568566,0.4961678981781006,-0.044073253870010376,0.7101866602897644,0.09912824630737305,-0.03128113970160484,0.9942870736122131,-0.02425352670252323,-0.06499267369508743,0.0013958296040073037,-0.12977634370326996,-0.07611355185508728,1.4768511056900024,-0.008705301210284233,-0.07545489657164028,0.01707575133267592,-0.1492943912408204,-0.02700470689966372,1.5003380133650006,-0.13919403048122625
120.88423,1785472164.114,-0.017678353935480118,0.07890067994594574,0.3630000054836273,-0.022347971018149407,0.07495617780860502,0.3637154646943966,0.6496848187616604,-0.061053921023463034,0.0023330510017203583,0.7577444238470599,0.6596318145327208,-0.05334141106045205,0.015889092266454945,0.7495252496542717,23.963489771544275,24.511179222449684,59.430599212646484,1,0.4932080962251153,-0.054850509760421454,0.7100500374235779,0.11253362321544581,0.046995531933157475,0.9918586772461006,-0.03666016906588986,0.49503961205482483,-0.04712298512458801,0.7101094126701355,0.1035631000995636,-0.0031155929900705814,0.9940778613090515,-0.03277580812573433,-0.07852794975042343,-0.0018056781264021993,-0.1260109841823578,-0.06618457287549973,1.470718264579773,0.0152403200045228,-0.07055275275445137,0.009728742423874686,-0.14014855316165323,-0.050015097116973564,1.489333011391711,-0.0780523584143615
120.993567,1785472164.247,-0.017285600304603577,0.07890067994594574,0.3630000054836273,-0.021370760697361373,0.07548563416071419,0.3636464444036996,0.6502288342784559,-0.056308588255527356,0.01829100813557204,0.757428046076282,0.6551165463676452,-0.053781297699540556,0.018308605852702865,0.7533887958052022,24.975696851275803,24.66877548202917,22.192716598510742,1,0.49225712464681565,-0.05793561660120586,0.7099989437614559,0.11191538528583073,0.060137230115345185,0.9917230246463571,-0.018544607751553453,0.4941955804824829,-0.050749968737363815,0.7100749611854553,0.10770309716463089,0.020407086238265038,0.9933682680130005,-0.03468437120318413,-0.10381843149662018,-0.001367130666039884,-0.12759003043174744,-0.02733387053012848,1.4740346670150757,0.016872402280569077,-0.07428962964660288,0.00432412916384394,-0.13352360595328236,-0.057591454076159926,1.480610904240256,-0.0343392300123162
121.07035,1785472164.381,-0.01846385933458805,0.07850810140371323,0.3630000054836273,-0.02124668418981463,0.07564284421308054,0.3636169110032402,0.6430070882191093,-0.05995448595085509,0.0037224386223359577,0.7635008104547462,0.6520545332560693,-0.05536068588299843,0.014583696475373529,0.7560075369438375,23.870908167343682,24.431221789634847,16.707897186279297,1,0.4915768709182275,-0.05946063806759862,0.7099586072690618,0.10976836915213634,0.06610229854568683,0.9915627366988388,-0.01961454692229194,0.493533194065094,-0.053229328244924545,0.7100259065628052,0.10919016599655151,0.03406742215156555,0.9930093288421631,-0.02914521098136902,-0.10540901124477386,-9.807111928239465e-05,-0.12924334406852722,-0.03061865270137787,1.4787687063217163,0.02714705653488636,-0.08444457807868061,0.0023668776135160516,-0.1314827309809484,-0.047185873340026295,1.4783493362585165,-0.0167275478490784
121.132648,1785472164.448,-0.017678353935480118,0.0781155377626419,0.3630000054836273,-0.021017390645934535,0.075753927742688,0.3635900684084166,0.6481832493769388,-0.05305666824570902,0.02236142398538321,0.7593045712355246,0.6511980708719038,-0.05484831876724032,0.016314904051501627,0.7567473543573895,24.924424807970187,24.576237337192214,18.035888671875,1,0.49135240658254103,-0.05966502449272629,0.7099514027009276,0.11081931179809373,0.06984093732985211,0.9912633088947586,-0.015439431482379988,0.4931669235229492,-0.054417647421360016,0.7100088596343994,0.1093151718378067,0.04015738517045975,0.9928193688392639,-0.027335409075021744,-0.11007509380578995,-0.0014790748246014118,-0.1277499496936798,-0.022007111459970474,1.4768567085266113,0.030209260061383247,-0.08842775122239104,0.0018985396369826588,-0.13105726861361516,-0.04403810159747945,1.4784290165705245,-0.00839137317420263
121.254603,1785472164.514,-0.018856612965464592,0.07929324358701706,0.3630000054836273,-0.020778352511496623,0.07610806880911045,0.363552554445001,0.6485918198743238,-0.0570388134971289,0.01686051564786915,0.7588089008169583,0.6506666711800472,-0.05532060716773612,0.01665094320000721,0.7571626374357227,23.901101153609297,24.337163800555476,66.04337692260742,1,0.4912080160128147,-0.06002099613387741,0.7099621574520769,0.11003597431762235,0.07107165471003336,0.9912376933438769,-0.016992337892695997,0.49232035875320435,-0.056881774216890335,0.7099688649177551,0.11004496365785599,0.05406881123781204,0.9922162294387817,-0.021764125674962997,-0.10903770476579666,-0.0008987679611891508,-0.1284872591495514,-0.0256763007491827,1.4785250425338745,0.03363995999097824,-0.09857081841930589,0.0003158864004934399,-0.12950711509038845,-0.03371528500618036,1.4776922974857767,0.009695303151206635
121.365675,1785472164.614,-0.019642120227217674,0.07772297412157059,0.3630000054836273,-0.020586102275945053,0.07631856280192098,0.36350742454118856,0.6517925802086825,-0.03329355396134052,0.04548168977287917,0.7562998000429031,0.6509082758508558,-0.05083308671814081,0.02292337910920047,0.7571056283067694,25.16398923911355,24.621982683589394,62.950849533081055,1,0.4907081982935548,-0.06042154205167376,0.7099016540227447,0.10943299849848614,0.07171641556095101,0.9912598018026909,-0.016887270614552745,0.4919387400150299,-0.05796389281749725,0.7099651098251343,0.11004666984081268,0.05991873890161514,0.9919145703315735,-0.02012382633984089,-0.11006343364715576,-0.0012519491137936711,-0.128151074051857,-0.02542066015303135,1.4797375202178955,0.03388487547636032,-0.10217038732686165,-0.00010186995928986377,-0.12915596362898438,-0.030950679791960586,1.4779786785078177,0.017929872396504457
121.458352,1785472164.748,-0.019642120227217674,0.07615268975496292,0.3630000054836273,-0.02052234898171483,0.07630036834577619,0.3634865394458324,0.6575452386282308,-0.07649878618132115,-0.012690151501479594,0.7494138742544049,0.6511633976953751,-0.046724421018458466,0.02821418449894278,0.7569722701495505,22.79147459680647,24.073531514626765,21.748781204223633,1,0.4904086532862681,-0.06073412493695517,0.7099014575355647,0.10875909988401596,0.07208723808121394,0.9911465472643848,-0.024564408076110118,0.49151742458343506,-0.05880932882428169,0.7099435925483704,0.1098390743136406,0.06397607922554016,0.991706132888794,-0.019010161980986595,-0.10238731652498245,-0.0014266320504248142,-0.1277792751789093,-0.042550891637802124,1.4806160926818848,0.041988108307123184,-0.10488481133234993,-0.0004974173349638612,-0.12880997717260984,-0.02904890735942095,1.4785835441719135,0.02341679953543808
121.566677,1785472164.815,-0.02205924317240715,0.07439422607421875,0.36400002241134644,-0.020702456565065523,0.07587514411361722,0.3635059012330687,0.6936736496602506,-0.04197026900049638,0.01699804684109054,0.7188646817660763,0.6697892822582544,-0.046480570315702505,0.024157383542477533,0.7407012182894537,27.75696145022654,24.89248848513219,58.38966369628906,1,0.4904348662503674,-0.060826710897263464,0.7099416080448282,0.10843079574840213,0.07232800077239201,0.9909765674963419,-0.031254847796864806,0.49113452434539795,-0.059471532702445984,0.7099237442016602,0.1094524934887886,0.06676562875509262,0.9915265440940857,-0.020917709916830063,-0.0952325239777565,-0.001210127375088632,-0.12775075435638428,-0.05753421410918236,1.480995535850525,0.04935402050614357,-0.10402592830751126,-0.000817008785366663,-0.1284551212253249,-0.033692241327694536,1.4792825376044927,0.029803474120385854
121.703608,1785472164.948,-0.02205924317240715,0.07281962782144547,0.36400002241134644,-0.02083692440740666,0.0754466219221151,0.36353736527101477,0.7058523948450003,-0.06613593923010445,-0.005261059541543793,0.7052451740254805,0.6830721620096076,-0.053580198917723615,0.013572437147450243,0.728256392159613,23.68398811437029,24.53183204964808,19.527196884155273,1,0.4910380732246661,-0.06050502122937869,0.7100570331579319,0.11226278149636511,0.04760035602216026,0.992074065376469,-0.030336822586895223,0.4908423125743866,-0.06002536043524742,0.7099134922027588,0.10899706184864044,0.06904421001672745,0.9913224577903748,-0.025146396830677986,-0.09857837110757828,-0.004830238875001669,-0.12354134768247604,-0.049161188304424286,1.4712817668914795,-0.003403647802770138,-0.10042494825355111,-0.0009780353036355314,-0.12816620900987832,-0.043455770737070784,1.4799840275162255,0.037809620128026966
121.787416,1785472165.015,-0.02363458275794983,0.07163866609334946,0.36400002241134644,-0.02133792838376826,0.07464788088470173,0.36358611113553924,0.7267348243848881,-0.10509072990444508,-0.0674790631290926,0.6754694734432022,0.7029077405304334,-0.06343805953970776,0.0006173629684562607,0.7084461445778378,25.43651889644668,25.072927012563117,61.97762489318848,1,0.49165572473497055,-0.06025139426430183,0.7101583317165049,0.11445685584633611,0.028527899307631333,0.9928333893950416,-0.019174149608744057,0.4909817576408386,-0.06019483879208565,0.7099728584289551,0.11052814871072769,0.058355506509542465,0.9918144345283508,-0.026121890172362328,-0.11267305910587311,-0.00536729721352458,-0.12329913675785065,-0.018986757844686508,1.4676055908203125,-0.055464960634708405,-0.10107823246491064,-0.0026092998138046073,-0.1262475692078624,-0.04277475725571343,1.476052747160669,0.015726245475902987
121.863934,1785472165.148,-0.024028418585658073,0.07085136324167252,0.36400002241134644,-0.021617062231665526,0.07417670284769792,0.3636062591196843,0.7465901794292624,-0.07642338021359607,-0.037773275004634344,0.6597997807152819,0.7213910411443785,-0.06882817243859615,-0.015183372332272552,0.6889318642942945,25.617956715884883,25.234952874068505,26.00884437561035,1,0.49277445549610943,-0.059404224304156636,0.710348918748603,0.1163321759784399,-0.0006502673447845025,0.9931966525761586,-0.00517796253511572,0.49125176668167114,-0.06021427735686302,0.7100315690040588,0.11204640567302704,0.046132009476423264,0.9923596978187561,-0.023232292383909225,-0.12967917323112488,-0.003424918744713068,-0.12556035816669464,0.019941382110118866,1.4672058820724487,-0.13073298335075378,-0.1058264359161098,-0.0037387630543080303,-0.1250397485172578,-0.033033335310705056,1.4725935521677296,-0.013427263463134342
121.972175,1785472165.215,-0.027029765769839287,0.07085356116294861,0.3620000183582306,-0.022846114695259236,0.07367752032011442,0.3634230487055854,0.7618095335899259,-0.15990592071651144,-0.07287660422970686,0.6235104903746617,0.7497839316451285,-0.12736687663969534,-0.056404070590573535,0.6468541685748308,24.601180129050416,25.170457213656217,20.067453384399414,1,0.4934331773219938,-0.05892882196268637,0.7104747024707899,0.12321536365676923,-0.028443857574399364,0.9919381165295486,0.008227642495212004,0.4917494058609009,-0.05992360785603523,0.7100642323493958,0.11317731440067291,0.030034475028514862,0.9929760694503784,-0.016950787976384163,-0.14771047234535217,-0.006867405027151108,-0.12057372182607651,0.05939382314682007,1.4578123092651367,-0.20460978150367737,-0.11402941460416087,-0.0036308458371951745,-0.12521863910674436,-0.014815328539299042,1.4707407324219626,-0.05376869966507914
122.097753,1785472165.348,-0.028517454862594604,0.07143864780664444,0.36100003123283386,-0.024211499862616895,0.07342109731249805,0.363086400056006,0.7992516842023677,-0.12279687418820105,-0.053086653816059995,0.5859176394135098,0.7822072133889604,-0.12293671515679996,-0.049446443874519394,0.6087639021631435,24.92203881346322,25.284123672035314,63.24887275695801,1,0.4939490674018832,-0.05702580700163766,0.7108585770673342,0.10611476505199172,-0.08409256040807168,0.9880401667160549,0.07378839256743451,0.4923867881298065,-0.05948864668607712,0.7100721001625061,0.11662553250789642,0.00600994098931551,0.9931370615959167,-0.006417109631001949,-0.21371090412139893,0.03206632286310196,-0.15925706923007965,0.20329435169696808,1.5365922451019287,-0.37400975823402405,-0.12782214730583624,-0.004956289714516425,-0.12331603914042277,0.015574067099315303,1.465446413855011,-0.11553962844574599
122.222915,1785472165.482,-0.028827965259552002,0.07240872830152512,0.36000001430511475,-0.025231864554534814,0.0732664737383771,0.36262307918150377,0.8165110311532342,-0.1354055103373629,-0.05653078882625884,0.5583720566880488,0.8029724675832918,-0.13058034491069082,-0.05666291960350247,0.5787687823027529,25.676512681507887,25.466553967055376,59.84330177307129,1,0.4940413865203687,-0.05494597017638528,0.711371724070832,0.10580226545658758,-0.13317197244703943,0.9834811408577375,0.06193506241203055,0.49244585633277893,-0.05831632763147354,0.7097153663635254,0.10909965634346008,-0.030218828469514847,0.9932355880737305,0.02582785300910473,-0.20146897435188293,0.033467527478933334,-0.16371725499629974,0.18647481501102448,1.5403839349746704,-0.4612739384174347,-0.1629944477648069,0.009357049977431382,-0.13803394733773042,0.09244741423116304,1.494581343208936,-0.221385729318423
122.361663,1785472165.615,-0.029996486380696297,0.07240872830152512,0.36000001430511475,-0.025838625806532272,0.07316351406645503,0.362308503935055,0.8324776894156329,-0.1294553435272579,-0.039273880726612254,0.5372892823704196,0.8201354777647669,-0.12275303568713078,-0.04477405737514984,0.5570500642916382,25.923187716424437,25.36346682941554,62.908172607421875,1,0.4939800296946097,-0.053391813681619923,0.7120501046427221,0.10479083994454375,-0.16979227697131682,0.9774010896686407,0.06983245992492684,0.4931214451789856,-0.05668717622756958,0.7102034687995911,0.1060665026307106,-0.0783461332321167,0.9903540015220642,0.04255232959985733,-0.2085210084915161,0.04084763675928116,-0.1719953864812851,0.20736511051654816,1.5570578575134277,-0.5402867197990417,-0.18102202586100108,0.020654189117331728,-0.15006757876447485,0.1365048283804877,1.5160425598040967,-0.3337875048839096
122.438317,1785472165.715,-0.029996486380696297,0.07318738102912903,0.36000001430511475,-0.026212191968974962,0.07316550314341473,0.3621555710928087,0.8261880885591951,-0.1662817801391148,-0.07189046817230366,0.53347480962332,0.8230777807734497,-0.14162813017455078,-0.056519834428614725,0.5470739875523928,26.06796517814371,25.57309399353001,20.31564712524414,1,0.4939453830068302,-0.05246543631151913,0.7125143125084944,0.10327044768700466,-0.19613729985591927,0.97364027419802,0.05375863371923989,0.49348902702331543,-0.05510997027158737,0.7108969688415527,0.10450444370508194,-0.12119752913713455,0.9855659008026123,0.05522538349032402,-0.192494198679924,0.03883945196866989,-0.17349423468112946,0.17791341245174408,1.5538569688796997,-0.5795395374298096,-0.19390691169721513,0.03011596851968914,-0.1603415023454679,0.16970709182899277,1.535260646683483,-0.4305445655931063
122.501509,1785472165.782,-0.029996486380696297,0.07279805839061737,0.36000001430511475,-0.02660167192889351,0.07313556547254622,0.3619789025248469,0.8357745746988042,-0.13243435308911622,-0.048998204271467,0.530604540488556,0.8289271933310218,-0.13744503741343325,-0.053093332166235484,0.5396013972612195,25.306651737679825,25.470153032677644,21.263837814331055,1,0.493843933326076,-0.051904085790131886,0.7127173340671612,0.09624144964711905,-0.20711278188470528,0.9707284570999206,0.07435147292560594,0.49361494183540344,-0.054392192512750626,0.7113326787948608,0.10413499176502228,-0.14158251881599426,0.9829084873199463,0.054782766848802567,-0.20893436670303345,0.05531388148665428,-0.1898501217365265,0.21424180269241333,1.5875452756881714,-0.6130644083023071,-0.19352405855646515,0.0324799986167986,-0.16390544453859038,0.17193103925457298,1.5403002499986578,-0.47092219868389273
122.563149,1785472165.882,-0.0299131628125906,0.07259584218263626,0.359000027179718,-0.02670783531715726,0.07312320328500904,0.36183828565003157,0.8321712892959076,-0.1633543885175535,-0.058825464639964825,0.5266363581576334,0.829734407901511,-0.1433868353892268,-0.05440965107114263,0.536675523618982,25.12776412649228,25.411179304823154,20.122289657592773,1,0.4937783782618469,-0.0513144756316272,0.7129655646827971,0.09724980547096808,-0.21605220956696447,0.9691178314618167,0.06837065759400772,0.4936574399471283,-0.05390733480453491,0.7115457653999329,0.10235490649938583,-0.1540263593196869,0.981015145778656,0.05838309973478317,-0.20308208465576172,0.052540116012096405,-0.18821100890636444,0.20443719625473022,1.5828551054000854,-0.6266058683395386,-0.19645201783250768,0.036818439814695576,-0.1688349779407592,0.1799700809346756,1.5492768048796652,-0.49792921894322417
122.686181,1785472165.915,-0.029996486380696297,0.07357670366764069,0.36000001430511475,-0.027058095034593648,0.07313588260513586,0.3615424613407547,0.8357266630397298,-0.12317138842553726,-0.035581378899219744,0.5339697737076824,0.8338228596545657,-0.13211280939800477,-0.04136975206561125,0.5343914182736084,25.742861247992717,25.67614842823182,66.05911254882812,1,0.49373313426644727,-0.05115128291164777,0.713169313189322,0.09350457297385423,-0.2191791556033954,0.9684418677482711,0.07305984789335482,0.49371638894081116,-0.05268407613039017,0.7121798992156982,0.09973907470703125,-0.1831352859735489,0.9759873151779175,0.06294773519039154,-0.2057848423719406,0.058697208762168884,-0.19523729383945465,0.2107285112142563,1.5954487323760986,-0.6338697075843811,-0.19955858196932644,0.044184907405169505,-0.17791287916931328,0.19143444252508718,1.5650102197932128,-0.5582218114227108
122.79388,1785472166.049,-0.03038599342107773,0.07279805839061737,0.36000001430511475,-0.027266038023808854,0.07312200821050643,0.3614729097853768,0.8361208258489872,-0.12445893233495242,-0.03547771650345359,0.5330602877492863,0.8344622542833297,-0.1300122454995218,-0.03975211272041289,0.5340312085738241,26.044045981985388,25.784240343278142,22.2625732421875,1,0.4935671386698732,-0.05062307556636372,0.7135776518233666,0.09384364709525066,-0.22231499283353012,0.9688607065616122,0.055482836465191906,0.4937255084514618,-0.052050188183784485,0.7125641107559204,0.09706782549619675,-0.1978977918624878,0.9730994701385498,0.06702030450105667,-0.18853704631328583,0.05092484503984451,-0.1903785914182663,0.17697785794734955,1.581299901008606,-0.626325786113739,-0.20210829177445877,0.05012780525245304,-0.18500689084331332,0.1993355993730558,1.5774750950810306,-0.5892003757352551
122.859576,1785472166.115,-0.030301589518785477,0.07298408448696136,0.359000027179718,-0.02742958163501736,0.0731156846471543,0.3612999203213764,0.8370815399401722,-0.12631206101511286,-0.027975248896876463,0.5315610446436627,0.8351262335381765,-0.12909447412341804,-0.036825274390806,0.5334254305647407,26.290894044273205,25.934813525567037,17.25006103515625,1,0.4935380458742509,-0.05030906959416604,0.713673369212955,0.0944199900968822,-0.22279872957633542,0.9688415026133262,0.05283686575893773,0.49367937445640564,-0.05166018009185791,0.7128270864486694,0.09622067958116531,-0.20453375577926636,0.972021758556366,0.0638851523399353,-0.18562407791614532,0.04911969602108002,-0.1888938695192337,0.17223666608333588,1.578108310699463,-0.624975860118866,-0.19843048077912817,0.05034378198195525,-0.18646230904569047,0.1932766776872959,1.5785116174874034,-0.5992613584368396
122.970394,1785472166.182,-0.029606977477669716,0.07279805839061737,0.36000001430511475,-0.027647579980836882,0.07316013782755461,0.3611702368264531,0.8347921174299097,-0.1285765808914345,-0.03852613813759417,0.533953106745676,0.8346287454698366,-0.1299023712880017,-0.038208914443831295,0.533910395128457,25.906276039838612,26.09349905096048,64.11504745483398,1,0.4934656846269998,-0.05006017803896019,0.7139191709971507,0.0932500749803793,-0.22351025564930424,0.9689440311558711,0.04995051174058956,0.4936164319515228,-0.051101744174957275,0.7131598591804504,0.09549965709447861,-0.21202518045902252,0.9707739353179932,0.05935618281364441,-0.1819618195295334,0.04909193888306618,-0.1899954229593277,0.16562369465827942,1.5786786079406738,-0.6230201125144958,-0.19318612382453582,0.04984246393416665,-0.18745742302006868,0.18466063499318439,1.5783464593246739,-0.6097916966729906
123.061099,1785472166.316,-0.030163133516907692,0.07241951674222946,0.3620000183582306,-0.027866490670474715,0.07311421958038117,0.3612120151259778,0.829791280059239,-0.07058457127223702,-0.011833313192551372,0.5534656471135775,0.8336884903152663,-0.11336834246826416,-0.030941382613521834,0.5395866481704438,25.464705618272514,26.028059358329898,57.74879455566406,1,0.4933290235863183,-0.04973712620779201,0.7140809576261599,0.09351775680781191,-0.2229326171812065,0.9689661169250587,0.051576560660307136,0.4935517907142639,-0.05067327618598938,0.7134605646133423,0.0945822224020958,-0.21673765778541565,0.970050573348999,0.05550512298941612,-0.18294109404087067,0.04907649755477905,-0.19010677933692932,0.16887681186199188,1.579620361328125,-0.6225237846374512,-0.1885896550953739,0.049535086302683835,-0.18849631052596152,0.1768648539888188,1.578482477504412,-0.6152088598971452
123.154109,1785472166.449,-0.030163133516907692,0.07163654267787933,0.3620000183582306,-0.027972467018286935,0.0729930336115189,0.3612822987265554,0.8115751002438375,-0.0961992471624402,-0.03207203426015287,0.5753806966939371,0.8269906650658784,-0.1080497998830745,-0.03130013720100511,0.5508466048278068,25.773037252355863,25.95238726005975,27.55594253540039,1,0.4933854631217376,-0.04940509573598257,0.7140255870688259,0.10156084787326679,-0.21674791867833956,0.970276765798983,0.03561925993808131,0.49347415566444397,-0.0503503754734993,0.7136719226837158,0.09421618282794952,-0.21887165307998657,0.9696834087371826,0.054153770208358765,-0.16952785849571228,0.03361960127949715,-0.17367690801620483,0.1426839828491211,1.548774003982544,-0.600629448890686,-0.18664711201457676,0.04937735236183869,-0.189049773714359,0.17411779651307724,1.578873795751387,-0.6177244579533832
123.329431,1785472166.516,-0.030413102358579636,0.07223021239042282,0.36500000953674316,-0.028188302006562055,0.07289008003558178,0.3619781277253913,0.7828310710911974,-0.06828409126057973,0.0004411578972886581,0.6184760321909292,0.8038031860918609,-0.0822057124110133,-0.009913573618027473,0.589104727475252,26.157441090164987,26.228186524521686,70.2369213104248,1,0.49357449969887784,-0.04923310643536961,0.7139614569265278,0.1058971275179424,-0.203710382248279,0.9727169444439338,0.0333110272937649,0.4934285581111908,-0.049897897988557816,0.713793933391571,0.09757784754037857,-0.21783332526683807,0.9700320363044739,0.04544290155172348,-0.16731779277324677,0.027454065158963203,-0.16635864973068237,0.13902150094509125,1.535709261894226,-0.572950541973114,-0.17862571397571894,0.041993873017798874,-0.18184605338600662,0.1593892498797634,1.56477026741997,-0.6097144297627026
123.371381,1785472166.649,-0.02922835387289524,0.0718354731798172,0.36500000953674316,-0.028260936341475112,0.07283104567640847,0.3623318237932263,0.7682078299767038,-0.08455664255584941,-0.005802508085626799,0.6345653906904175,0.7892070702167948,-0.08322503367962672,-0.00819390622210997,0.6084066518289157,25.087080242557043,25.88773419339026,27.845382690429688,1,0.49395083295812336,-0.04891241253530704,0.7129747484600799,0.11178024758373938,-0.15764395977925236,0.981143452774428,0.0033291550142948954,0.49347957968711853,-0.04966561868786812,0.7138293981552124,0.10036821663379669,-0.21295468509197235,0.9710184335708618,0.041227247565984726,-0.1331789791584015,0.008293820545077324,-0.14442868530750275,0.07066251337528229,1.4941678047180176,-0.4496815502643585,-0.17473691038953265,0.03699359503608237,-0.1765193974353022,0.15238482260829517,1.5547761876196666,-0.5970713219247581
123.4964,1785472166.716,-0.027572933584451675,0.07478787750005722,0.36400002241134644,-0.028243398469563103,0.07297903545635741,0.36272720495209254,0.6933268631142372,-0.10069392546969726,-0.014630249578606298,0.7134034973666322,0.7559813840245553,-0.04759141424972481,0.04512729402796119,0.6512992642647025,26.26160417611055,25.02345361507538,68.54891777038574,1,0.4941561392473862,-0.04880398491324602,0.712477474262928,0.10972102182267635,-0.1337686539167576,0.9849100848322996,0.004401067497685325,0.4936281144618988,-0.0493391677737236,0.7132393717765808,0.10408467799425125,-0.19011829793453217,0.9758962392807007,0.025454988703131676,-0.1305929273366928,0.010095803067088127,-0.14559845626354218,0.06592737138271332,1.4962917566299438,-0.3985537588596344,-0.15771851672395232,0.025240786363864846,-0.1633784122597045,0.1189186859562861,1.5299564487376123,-0.5367137426240167
123.572677,1785472166.883,-0.025279181078076363,0.07657226920127869,0.36500000953674316,-0.027802239458746634,0.07353361085196233,0.3628947925501386,0.6950397917080314,-0.04536422667525508,0.040349126066635904,0.7164033241870609,0.7511248769569259,-0.04279194841376008,0.05224673711000354,0.6566966931763515,26.931106001401723,25.589272941370204,20.828962326049805,1,0.49408655950443975,-0.048856970480622604,0.7118497366444823,0.1013494597790745,-0.0753836896094622,0.9904561880037082,-0.05515547106604542,0.4937886595726013,-0.04915083944797516,0.7128869295120239,0.10555672645568848,-0.17070864140987396,0.9794837832450867,0.018109578639268875,-0.05863599479198456,0.0057230256497859955,-0.1383889615535736,-0.08193982392549515,1.487109899520874,-0.2125924676656723,-0.1483900164325367,0.020032402755125106,-0.1572635820100223,0.10069499232873444,1.5183791611217852,-0.48920052043475737
123.633718,1785472166.949,-0.025533417239785194,0.07654526084661484,0.3630000054836273,-0.02754492448940779,0.07390774332300039,0.3629034187145152,0.6756411632734619,-0.04743363563400823,0.058536266726067696,0.7333706935641744,0.7484816180642258,-0.040216163523949834,0.056061584565419424,0.6595566892598299,26.53067621598183,25.869798692009645,19.829511642456055,1,0.49339352303162354,-0.0495888942045146,0.7114289340939058,0.10017357711002069,-0.06752125207785256,0.9906684134005321,-0.06310490993016456,0.49363207817077637,-0.04907069727778435,0.7120679616928101,0.10249946266412735,-0.15253086388111115,0.9829591512680054,0.004424123093485832,-0.05072205141186714,0.004497567657381296,-0.13543841242790222,-0.10139071941375732,1.4870457649230957,-0.18923228979110718,-0.13133675167742676,0.017313593888192768,-0.1536770585725265,0.06599439789290526,1.5124380014176122,-0.436644986167899
123.742218,1785472167.016,-0.025140663608908653,0.07968581467866898,0.3630000054836273,-0.02714962764901285,0.07529724031205264,0.36291318428568736,0.6618181897404717,-0.04600950554697361,0.08559028245933506,0.7433398365999896,0.7463827098913405,-0.038188445545164845,0.05906176670982768,0.6617901485480249,26.121471904879506,25.88565651569372,62.064170837402344,1,0.49288351358392596,-0.05002022095587065,0.7112950171628627,0.09953783183293585,-0.06330176107290143,0.9907306217643111,-0.06736424999633615,0.49328336119651794,-0.0492393895983696,0.7110885977745056,0.09897875785827637,-0.12316813319921494,0.9872623085975647,-0.01859893649816513,-0.04658510535955429,0.0036219730973243713,-0.1337612271308899,-0.11179232597351074,1.487334966659546,-0.17683178186416626,-0.10361335128439045,0.012906108998197557,-0.1474041254448155,0.008430684491196914,1.503705611287148,-0.351559751861157
123.820292,1785472167.116,-0.023569652810692787,0.08007838577032089,0.3630000054836273,-0.026703220522693645,0.07598961490826453,0.3629182105342883,0.6588854676939969,-0.07477354048945116,0.05316060481462768,0.7466276235179613,0.7457068734685863,-0.03753878173529071,0.060022449904792816,0.6625023805504118,25.7276570541493,25.838802102404326,19.646883010864258,1,0.49091651911724343,-0.050784116350238065,0.7108017885275059,0.09903506824763457,-0.05998014515787285,0.9907542503022748,-0.07071388090045977,0.4930035173892975,-0.04951438307762146,0.7107675075531006,0.09779053181409836,-0.10249430686235428,0.9892848134040833,-0.035320546478033066,-0.044444482773542404,-0.0006277984939515591,-0.12800264358520508,-0.11972416937351227,1.4866926670074463,-0.16805927455425262,-0.08400134328051057,0.009713243432564177,-0.14271171111173492,-0.03291399407362493,1.4980757465997159,-0.2914707956080604
123.928207,1785472167.183,-0.023896394297480583,0.0806407630443573,0.3620000183582306,-0.026250769431742885,0.07703720143816721,0.3627794265123154,0.6489181902361726,-0.04895138011946319,0.07377696063365036,0.7556890265477402,0.744987130720299,-0.036848629724285535,0.061042712420538735,0.6632572206986684,24.76193564290048,25.378314980020626,60.797691345214844,1,0.48996528506168996,-0.05153758731331053,0.7105683760057787,0.09887356077646994,-0.05891593957817372,0.9907571036308858,-0.0717864377716349,0.49207064509391785,-0.050026893615722656,0.7105679512023926,0.09754801541566849,-0.08501925319433212,0.9903412461280823,-0.04980345442891121,-0.04494033381342888,-0.002683041850104928,-0.12527823448181152,-0.12201810628175735,1.4861804246902466,-0.16639088094234467,-0.06780242800681394,0.0054784260273897665,-0.13668751642337734,-0.06846362267353498,1.4934142616758856,-0.24093253565869685
124.068241,1785472167.317,-0.023176899179816246,0.08007838577032089,0.3630000054836273,-0.025812474910498415,0.07750561124396414,0.3627465029234121,0.6419114614995225,-0.06545157658997068,0.024938868191822058,0.7635730610562064,0.7045625263535985,-0.048592463462523466,0.0465409826806547,0.7064448710861995,26.005563430760294,25.648389483665603,64.80264663696289,1,0.488447254938579,-0.052341236527072676,0.7104170281159617,0.09870176143978676,-0.05778541733266164,0.99075762892708,-0.07292550003369293,0.4909435510635376,-0.05080932006239891,0.710483193397522,0.0979515016078949,-0.07136844098567963,0.9907358288764954,-0.0612744465470314,-0.045546408742666245,-0.005953979678452015,-0.12154751271009445,-0.12443579733371735,1.4858653545379639,-0.1647259145975113,-0.05587522627108714,0.0012204963802178285,-0.13073447486851117,-0.09640316430087036,1.4896403464955832,-0.20204391437390462
124.174813,1785472167.45,-0.023240748792886734,0.08069264143705368,0.36400002241134644,-0.0255447442993281,0.07785413835177604,0.3629771535015993,0.6435320968440476,-0.04812159169376804,0.03463018096983997,0.7631195865068318,0.6665115314886318,-0.04671085048832084,0.03916104382150752,0.742998578387702,25.795140456392232,25.70991819276963,58.78591537475586,1,0.48780633043004684,-0.05305391912257359,0.7103188683790976,0.09780731115465204,-0.00031983148703502296,0.9939579106937964,-0.049812642589408096,0.49007895588874817,-0.05133397877216339,0.7104418873786926,0.0981433317065239,-0.06668763607740402,0.9907870292663574,-0.06528184562921524,-0.06576908379793167,-0.00041751592652872205,-0.13014844059944153,-0.086292564868927,1.498946189880371,-0.06896430253982544,-0.05232316759670727,-0.0012468556574846007,-0.12757449905002774,-0.10604359179199212,1.488342126761358,-0.1892102477419743
124.299427,1785472167.55,-0.02284691296517849,0.07990533858537674,0.36400002241134644,-0.025292583669825782,0.07812185500992634,0.36309571054283324,0.6430709667244469,-0.0446494980263977,0.039685246962090935,0.7634731398390082,0.6505681251863671,-0.045444561928877164,0.039000862335095185,0.7570831123593412,24.855869147542965,25.41745882853637,22.564172744750977,1,0.48741505660019213,-0.05350232498133024,0.7098715143437092,0.10217524418770801,0.05209742937633323,0.9925446870467767,-0.04124465471763067,0.48929476737976074,-0.05193684995174408,0.7103859782218933,0.09818539023399353,-0.043883953243494034,0.9923915266990662,-0.059940218925476074,-0.07051589339971542,-0.00343571649864316,-0.1260216385126114,-0.07860761880874634,1.4938300848007202,0.03228607028722763,-0.05694722670583975,-0.0009616660822372213,-0.1284594402073477,-0.09925121624561696,1.4919888640679866,-0.1478576647517381
124.376466,1785472167.684,-0.02284691296517849,0.07990533858537674,0.36400002241134644,-0.025149948902724872,0.07821044600959799,0.36314188130443303,0.6480111481918055,-0.028680360921346338,0.05856383540271221,0.7588341491389823,0.6497259038057228,-0.03959999711369283,0.045828212163479674,0.7577518493031418,25.75135264399576,25.515537838171042,57.2972297668457,1,0.48709866339187813,-0.05391503534612832,0.7096155462561383,0.10235341926965144,0.07334284027867707,0.9912250753318049,-0.04021760034021342,0.4886132478713989,-0.05252251774072647,0.7101719975471497,0.0998704731464386,-0.008759558200836182,0.9935253858566284,-0.053445108234882355,-0.07022576034069061,-0.0034514302387833595,-0.12548401951789856,-0.08100693672895432,1.4947013854980469,0.07533714175224304,-0.061584490584058384,-0.0018141009173341137,-0.12756688013726766,-0.0923918203187195,1.4927091899477063,-0.08160112315942444
124.43893,1785472167.75,-0.023240748792886734,0.08069264143705368,0.36400002241134644,-0.025072749399572103,0.07835907488704404,0.3631834520161103,0.6442672428892109,-0.036999553991539334,0.04780534789732946,0.7624076347051997,0.6481034440642688,-0.03882532143873611,0.046417697293797064,0.759144200784774,25.404126692837337,25.48250850870411,18.858671188354492,1,0.4870033215062815,-0.05414022595777039,0.7095237319268702,0.10225209707827078,0.07511192167316044,0.9907037918529426,-0.049078556150956514,0.4882020652294159,-0.05290326848626137,0.7100179195404053,0.100682832300663,0.013502665795385838,0.9935761094093323,-0.04987235367298126,-0.06084338203072548,-0.0035293044056743383,-0.12435008585453033,-0.10099028050899506,1.494903564453125,0.08785994350910187,-0.06392628347971109,-0.002257840760035226,-0.12700214999697607,-0.08930652090844429,1.4932490749418486,-0.039070851278557896
124.565103,1785472167.817,-0.022784145548939705,0.08007838577032089,0.3630000054836273,-0.024932988502765506,0.07852860039429072,0.36321261518739845,0.6473505912002893,-0.04570895677158813,0.038370474564031136,0.7598523606762173,0.6476941490738322,-0.039213001777052184,0.04571292262092636,0.7595162660882323,25.391686479590916,25.54759101559875,72.83139228820801,1,0.48681162886557394,-0.05427498261803813,0.7094137499156667,0.10235691601700914,0.07731711982738246,0.9904847281887618,-0.04985105766099465,0.4877113699913025,-0.053409695625305176,0.7098109126091003,0.10128644108772278,0.03875386714935303,0.9928666949272156,-0.04954726621508598,-0.06008833646774292,-0.003989432472735643,-0.12352920323610306,-0.10314163565635681,1.4946540594100952,0.09305548667907715,-0.06266381678171472,-0.0027785530621110294,-0.12591569300516248,-0.09409114489130303,1.4939266049416113,0.012908581043494067
124.688278,1785472167.917,-0.025926170870661736,0.07850810140371323,0.3630000054836273,-0.024970961573516286,0.07859826347401773,0.3631828353967544,0.6799072874711952,-0.09559338148993057,-0.022938759005632785,0.7266786079101019,0.6475644048438796,-0.041808159287893075,0.042780628477684005,0.7596592902237189,89.17668816064854,65.82721504386024,58.7618350982666,1,0.48659235689154146,-0.05450558573751221,0.7093174814385338,0.10250133224838741,0.07781106973285223,0.990472511011781,-0.04902162017265784,0.4872897267341614,-0.053816474974155426,0.7096203565597534,0.1017623096704483,0.05683674290776253,0.9919400215148926,-0.04968993738293648,-0.06148209422826767,-0.004621630068868399,-0.12275318801403046,-0.10130985826253891,1.4941128492355347,0.09272972494363785,-0.06145706624821484,-0.0033459634138055,-0.12479699397200551,-0.09833184495131257,1.4942674602799095,0.050462137488962173
124.767249,1785472168.084,-0.026785265654325485,0.07478787750005722,0.36400002241134644,-0.025099995933698167,0.07818154106384803,0.3632108479645422,0.6856199767915833,-0.09236061353826298,-0.026687374487022013,0.7215833621516878,0.6475452787548379,-0.04217462520970245,0.04236644350062196,0.7596785487400898,24.109859069817006,56.5934828478039,16.813278198242188,1,0.4864760996881277,-0.05445686379864988,0.7093338929718455,0.10245435099741539,0.07769431264155435,0.9906724724779988,-0.045108225626637494,0.4870511293411255,-0.05405331403017044,0.7095166444778442,0.10201388597488403,0.06405317783355713,0.9914857149124146,-0.04946114122867584,-0.06568188965320587,-0.004846630617976189,-0.12298494577407837,-0.09259659051895142,1.4941807985305786,0.08846563845872879,-0.061465683566576716,-0.0037846966327245374,-0.12409376319402084,-0.0993559929670342,1.494214289541749,0.06499796245636252
124.875012,1785472168.117,-0.02639142982661724,0.07321327179670334,0.36400002241134644,-0.025319301754000566,0.07647808187397272,0.3632977393036682,0.708515502692792,-0.06944753011212579,0.009514413349057964,0.7022053111048997,0.6474950269793227,-0.04311985506514829,0.04129800389617323,0.7597271503707094,24.39763281807674,38.368731283460384,61.16199493408203,1,0.4870760078650259,-0.05421275298821894,0.709436252144467,0.102447588860861,0.07767772663588757,0.9906994861794359,-0.0445554755903044,0.48685169219970703,-0.05419024080038071,0.7094537019729614,0.10217452794313431,0.06874563544988632,0.9912285208702087,-0.04796269163489342,-0.06564712524414062,-0.0034747847821563482,-0.12463033199310303,-0.0915171205997467,1.4944720268249512,0.08846774697303772,-0.06291564681708994,-0.004149926457695459,-0.12371208383043045,-0.09703144374292622,1.4942027719830073,0.07306849770922992
124.985696,1785472168.251,-0.025997593998908997,0.07281962782144547,0.36400002241134644,-0.025357011454834846,0.07599225691361113,0.3633323287999749,0.7113654384508336,-0.05966785968616851,0.019733209376690156,0.7000068284994231,0.6474783207643091,-0.04342869255790008,0.040948869938350424,0.759742695163115,24.695921864346584,34.01826973649331,21.683454513549805,1,0.4895539229745389,-0.05367489788109039,0.7099104250053442,0.10243000110026332,0.07763483351258699,0.9907677651338276,-0.043129607832600385,0.48695656657218933,-0.054200317710638046,0.7094444632530212,0.1023060604929924,0.07293254882097244,0.990991473197937,-0.04636916518211365,-0.06563319265842438,0.0022196639329195023,-0.13153594732284546,-0.08864271640777588,1.4956867694854736,0.0883471816778183,-0.06419551949178466,-0.003833623639123945,-0.12414186248976848,-0.09444767030301264,1.4943289337624936,0.08028395635299841
125.046295,1785472168.317,-0.026785265654325485,0.07360692322254181,0.36400002241134644,-0.025467507279948284,0.07579017749941593,0.3633638093477666,0.7086621960173752,-0.06810273902955166,0.01042475619595321,0.7021760700356848,0.6474648000268881,-0.04367674736764321,0.04066843525785277,0.7597550610816637,25.6592023615738,31.40614960427242,26.546716690063477,1,0.4902670448032961,-0.05355883169655919,0.7100326366197193,0.10242420895758707,0.07762078373396891,0.9907896373885695,-0.04266368239339174,0.4876602590084076,-0.054057274013757706,0.7095715403556824,0.10234198719263077,0.07420772314071655,0.990933895111084,-0.045491430908441544,-0.0657741129398346,0.0038675942923873663,-0.13350825011730194,-0.08768393099308014,1.496005654335022,0.08818154036998749,-0.0645851338128857,-0.0021931989772965635,-0.12614546988762357,-0.09287453267234652,1.494696907243421,0.08246909110905283
125.123286,1785472168.384,-0.02639142982661724,0.07281962782144547,0.36400002241134644,-0.02553753269023581,0.07540888150485706,0.3634052082749657,0.709728510872225,-0.055693841391549544,0.023121486246107825,0.7018896165066968,0.6704426735136628,-0.04803960352974673,0.03439038551982613,0.7396053808676318,25.335236814854042,28.991003919789954,19.65045928955078,1,0.4905588926028342,-0.053369203796260575,0.7100538053609229,0.10241954049041836,0.07760948655517405,0.9908070491527448,-0.042289439244385184,0.4885573983192444,-0.05388566851615906,0.7097307443618774,0.10237150639295578,0.07538381963968277,0.9908861517906189,-0.04452002793550491,-0.06570954620838165,0.004489935003221035,-0.1342257261276245,-0.08694130927324295,1.4961036443710327,0.08822101354598999,-0.06499403517758157,-0.00010893042040615984,-0.12867708317510107,-0.09108949615636651,1.4951469853682229,0.08443360403145395
125.200871,1785472168.484,-0.026785265654325485,0.07360692322254181,0.36400002241134644,-0.025614565561986245,0.07531884069173654,0.3634309794336605,0.7092045368445555,-0.06220141514946019,0.016269368363986143,0.702064966029171,0.6835469703434288,-0.05275221821488245,0.028396827715345213,0.727443718086447,24.37433109518575,27.58081747731915,19.873857498168945,1,0.4911190648529386,-0.05321798266772849,0.7101269378853665,0.10448466493045566,0.04665097194115496,0.9927354708165362,-0.037187721010921895,0.48924413323402405,-0.05370717868208885,0.7098433375358582,0.1023896336555481,0.07614921778440475,0.9908599257469177,-0.04375327751040459,-0.07440301775932312,0.002276382176205516,-0.1321290284395218,-0.06846515834331512,1.489141821861267,0.017848575487732887,-0.06524010967843354,0.0014725829844147785,-0.13058483432847828,-0.08966294547356642,1.4954759803992892,0.08573609569918157
125.32425,1785472168.551,-0.026711678132414818,0.07379727065563202,0.3630000054836273,-0.025702559808595697,0.07517827264000444,0.3634227025647119,0.7091623211776653,-0.06637547214581704,0.021544802686929737,0.7015831528739176,0.698240793588854,-0.058726903068499675,0.023888222956055107,0.7130499967242074,24.99929364330359,26.2665772951605,68.46094131469727,1,0.4912501408205985,-0.05309218746533183,0.7101178727484946,0.10549781815189761,0.02826205887932872,0.9935334631815637,-0.031027792888620818,0.49012210965156555,-0.05347638949751854,0.7099587917327881,0.10329034179449081,0.0623273067176342,0.9918639063835144,-0.04064890742301941,-0.08299020677804947,0.0011511027114465833,-0.13122066855430603,-0.05035412311553955,1.4862918853759766,-0.027268776670098305,-0.06953348470741529,0.0018491653830003001,-0.13130785285974056,-0.07973054342312429,1.4925080534088722,0.053926789175724306
125.386693,1785472168.684,-0.026785265654325485,0.07360692322254181,0.36400002241134644,-0.025758292394572453,0.07510651704952655,0.36345234689233746,0.7091664222758871,-0.06263446849709875,0.01584066005658994,0.7020747697798828,0.701448873510235,-0.05986796797440784,0.021543003850852054,0.709874075626741,24.99929364330359,25.887741436334935,20.091772079467773,1,0.4914409413022229,-0.05294300301765628,0.7101759557658233,0.10462041426436167,0.007143969891349617,0.9941628258658541,-0.02537337738189656,0.4904209077358246,-0.05336928367614746,0.709980309009552,0.10377730429172516,0.053094878792762756,0.9924545884132385,-0.03801474720239639,-0.0911843404173851,0.0025583901442587376,-0.13331520557403564,-0.032936085015535355,1.4883478879928589,-0.07761246711015701,-0.07318026214144056,0.0016599676911628523,-0.13128395993635997,-0.07176953845439667,1.4908234718719575,0.031922791994165166
125.495336,1785472168.751,-0.026785265654325485,0.07360692322254181,0.36400002241134644,-0.02580781313383341,0.07504036939771275,0.3634787065339579,0.7070956289968333,-0.06386331250813361,0.014490642005438047,0.7040790225985515,0.7029050378897818,-0.06089281634198336,0.019735588487065105,0.7083975431734466,25.335236814854042,25.723355818494056,35.15052795410156,1,0.49154934965555597,-0.052851401497597976,0.7101557622620026,0.10542554079022078,0.002468833670520934,0.9941532082650054,-0.02321117631215004,0.4907570779323578,-0.05321936309337616,0.7100061774253845,0.10384131968021393,0.037302181124687195,0.9933245182037354,-0.033642902970314026,-0.09393738210201263,0.0020152016077190638,-0.1326623409986496,-0.026919791474938393,1.4867850542068481,-0.08959559351205826,-0.07937187093469869,0.001968900506731112,-0.13198209985856332,-0.05841471927599804,1.4899721185759356,-0.005746381627506986
125.586158,1785472168.818,-0.026785265654325485,0.07360692322254181,0.36400002241134644,-0.025893421771328338,0.07492158591951674,0.36352431125041357,0.7092474724261446,-0.061709918040952744,0.016755898872384198,0.7020535226928801,0.7052975448540172,-0.06124960748144263,0.018644932066576254,0.7060143237318188,24.99929364330359,25.351445318627388,67.8262710571289,1,0.49164914979320473,-0.052769712840117694,0.7101386494120682,0.10588914446992645,0.00025512918205822244,0.9941489016060779,-0.02133976166587833,0.4910706877708435,-0.05306817218661308,0.7100395560264587,0.1043398454785347,0.023038936778903008,0.9938416481018066,-0.029346613213419914,-0.09606192260980606,0.0018742410466074944,-0.13246814906597137,-0.022173278033733368,1.4860749244689941,-0.09606737643480301,-0.0853366021271035,0.001987819052202569,-0.13226017176227164,-0.045517234843283655,1.4886669838461504,-0.0400834696585433
