wall_time_s,frame_timestamp_s,raw_x,raw_y,raw_z,filt_x,filt_y,filt_z,raw_qw,raw_qx,raw_qy,raw_qz,filt_qw,filt_qx,filt_qy,filt_qz,raw_gripper_dist_mm,filt_gripper_dist_mm
0.206515,1785142330.16,,,,,,,,,,,,,,,,
0.265204,1785142330.261,,,,,,,,,,,,,,,,
0.314083,1785142330.328,0.014991169795393944,0.0753670334815979,0.3960000276565552,0.014991169795393944,0.0753670334815979,0.3960000276565552,0.4990926749540468,0.5538932762116677,0.4395477659680518,-0.5009056815481475,0.4990926749540468,0.5538932762116677,0.4395477659680518,-0.5009056815481475,68.50294182519889,68.50294182519889
0.362364,1785142330.362,0.016747184097766876,0.07727470248937607,0.3970000147819519,0.015090888007085045,0.07548103896068481,0.39604169753441754,0.44618411630998944,0.5939424652208457,0.45308559499039336,-0.4928138857340158,0.4914575964160711,0.5599445357743791,0.4416669028664669,-0.4998618756153504,69.78195448498703,68.73052997208782
0.411879,1785142330.395,0.01717672497034073,0.07856272161006927,0.3970000147819519,0.015211235555853611,0.0757157804412287,0.39607723962678754,0.45948451598666845,0.5828662831182996,0.45072279087154926,-0.4959736297035527,0.48554771850168127,0.5642953327609781,0.4434133465907861,-0.49919815158626984,70.16844264589957,68.9805303059353
0.472937,1785142330.462,0.01717672497034073,0.07813338190317154,0.3970000147819519,0.015389848394638986,0.07596376517612556,0.39613559198589704,0.44931931800816965,0.5820490794101414,0.4528364131680309,-0.5042521219901733,0.47362869182872736,0.5702911586376611,0.4466235068604653,-0.500970358180983,70.01748573988476,69.28972226423667
0.538954,1785142330.529,0.016747184097766876,0.07899206131696701,0.3970000147819519,0.015474871227810966,0.07629994712696381,0.3961845043280452,0.46725682179727024,0.5752293593197225,0.44482336438685244,-0.5029059764569287,0.4718343643994554,0.5716885949410785,0.44611886429366576,-0.5015201311087993,70.96799687844332,69.79211128239069
0.592175,1785142330.596,0.01717672497034073,0.07813338190317154,0.3970000147819519,0.015594327416068716,0.07641730094857745,0.3962267847548572,0.4547986668950034,0.5869590858339968,0.4464537820312417,-0.4993157564682363,0.467215972015013,0.5758805391784336,0.44623351531438377,-0.5009455957484713,70.28565903357985,69.9387849638698
0.638522,1785142330.629,0.017133459448814392,0.07836483418941498,0.3960000276565552,0.015644107005095186,0.07648579838061775,0.39621865572274084,0.4588119762089888,0.5836853784729329,0.4502373497977262,-0.4960738637453414,0.4659113462841328,0.5771035325357389,0.44686260295130875,-0.5001919073936114,70.02574015864943,69.95373041009846
0.694635,1785142330.695,0.016705000773072243,0.07750831544399261,0.3960000276565552,0.01568845427846215,0.07653522847120242,0.39620536592845906,0.45827079549843325,0.5846276410192097,0.44960894525601525,-0.49603447026927544,0.4640793114925482,0.5789208773774493,0.44752896100872036,-0.49919819655081077,70.96799687844332,70.2529428281878
0.747955,1785142330.729,0.01717672497034073,0.07899206131696701,0.3970000147819519,0.015735597586675077,0.07665271907942295,0.396231207507498,0.456437664818345,0.5854212769112507,0.44730044653788414,-0.49886761490578496,0.46302567852244203,0.5798230018314061,0.44750005743938254,-0.4991554929756846,69.36744191893351,70.09590455950621
0.793658,1785142330.795,0.01717672497034073,0.07899206131696701,0.3970000147819519,0.01581336723916562,0.07682814842129346,0.396273544276384,0.45660173216040895,0.5855572093588571,0.4471181381266283,-0.4987213483641529,0.4616865319997854,0.5810244766586693,0.4474230266936634,-0.49906787001149655,69.62576954161212,69.95769010385109
0.842907,1785142330.828,0.01717672497034073,0.07856272161006927,0.3970000147819519,0.015849448041198033,0.0768751787537107,0.3962931219350345,0.46209455810217703,0.5812149709666943,0.453516995807866,-0.49293012832443744,0.4617357671199932,0.5810488717864714,0.44813350980333666,-0.49835594443040704,70.19898227408457,69.9992157010422
0.884274,1785142330.895,0.016747184097766876,0.07813338190317154,0.3970000147819519,0.015891278973766094,0.07693267696950684,0.396328090896577,0.4528047207935192,0.5796629816043337,0.4559917872675846,-0.5010291433930671,0.45997681250736955,0.5807820033683829,0.4496913828467523,-0.4988900246671038,71.6982372036312,70.50786712602392
0.925965,1785142330.928,0.01760626584291458,0.0777040421962738,0.3970000147819519,0.01595168775346094,0.07695685739399073,0.39634434615998565,0.4623470327174468,0.5788349969048256,0.4407756426976139,-0.5068551079944527,0.46025425708814444,0.580561559943594,0.4486647256588977,-0.49981422338457626,70.55640260870265,70.51620639988609
0.969008,1785142330.961,0.018035804852843285,0.07813338190317154,0.3970000147819519,0.016037745632498275,0.0769811686067932,0.3963597728460947,0.4515754999724217,0.5894118506017005,0.44297132152715507,-0.50244367495215,0.45918164350890445,0.581666388867747,0.4479626133711332,-0.5001459060591428,70.79663923428002,70.56448558124652
1.016781,1785142331.027,0.01717672497034073,0.07856272161006927,0.3970000147819519,0.01608316816378165,0.07706612734464385,0.3963880575069151,0.45022574076718547,0.5813162669232883,0.4531866025769348,-0.5039742884372047,0.4573762458855176,0.5816013662141163,0.4490227609945022,-0.5009245258783184,70.96799687844332,70.68307026778271
1.071836,1785142331.06,0.016747184097766876,0.07985074073076248,0.3970000147819519,0.016102528707631788,0.07721096423388606,0.39640164179347237,0.4534179205887527,0.5879217127485931,0.44388545141333624,-0.5017229863094882,0.4569287580937418,0.5823213358436672,0.4484413880112145,-0.5010172585517719,70.45072865195124,70.64309011632263
1.119553,1785142331.126,0.016747184097766876,0.07942140102386475,0.3970000147819519,0.016135912557256736,0.07736309062826076,0.3964269981167309,0.45039089984079145,0.5814532711178406,0.45300641696226907,-0.5038306432105654,0.4557324685182,0.5821653202168355,0.44928084327674517,-0.5015358221898748,70.87910240757498,70.71237646150284
1.16851,1785142331.159,0.016317645087838173,0.08070942014455795,0.3970000147819519,0.01614213408309684,0.07755834824961667,0.3964392708085436,0.45155142065320863,0.5795216677613338,0.4543438919339221,-0.5038130396918362,0.45531050553060004,0.5818992547354067,0.44979433762844134,-0.5017675305649414,70.60514877907035,70.69394489254819
1.221639,1785142331.225,0.01717672497034073,0.07899206131696701,0.3970000147819519,0.016193566034404833,0.0776219748980269,0.3964624390076635,0.44290150327832556,0.5890666758058073,0.4586414540047004,-0.49647429592814707,0.4529491539709276,0.5832835254273575,0.45149654522981464,-0.5007676732054456,70.55640260870265,70.65359256985114
1.27443,1785142331.258,0.016747184097766876,0.07899206131696701,0.3970000147819519,0.01620733942565003,0.07765250748325163,0.39647370670350174,0.44967181461752914,0.5823538252886341,0.4524399386480974,-0.5039418450837152,0.45262032673250124,0.5831907091420474,0.4515917927776809,-0.5010871074921002,70.16259298774973,70.56891436039567
1.322967,1785142331.324,0.01717672497034073,0.07899206131696701,0.3970000147819519,0.016253970951742757,0.07770942980281248,0.39649512536413584,0.4513925080500291,0.5808662274155849,0.453191364794834,-0.5034449487279476,0.4524296604689631,0.5828294732908337,0.45184121642408526,-0.5014546066513609,71.08874414238194,70.72179012078348
1.384443,1785142331.357,0.01760626584291458,0.07985074073076248,0.3970000147819519,0.01629813255095086,0.07778794137743097,0.3965055726878714,0.45846680219209746,0.5833278732125899,0.4506826776953421,-0.49640901245483576,0.4529651540404362,0.5828750783912929,0.4517398338568161,-0.501009316003689,71.23983374011283,70.81115527881519
1.438598,1785142331.423,0.016747184097766876,0.07942140102386475,0.3970000147819519,0.016321422120027327,0.0778659446371945,0.39652551462073266,0.45039089984079145,0.5814532711178406,0.45300641696226907,-0.5038306432105654,0.4526007738601946,0.5826741931653009,0.45191986331095935,-0.5014097738031466,70.93537676799389,70.84759716621141
1.494183,1785142331.489,0.01760626584291458,0.07856272161006927,0.3970000147819519,0.016398434552123066,0.07790967542042519,0.39654458073291465,0.44846244760307713,0.5828286061070623,0.4524252470449319,-0.5044835426745738,0.4520679907364888,0.5826949767955752,0.45198569292978485,-0.5018067647565745,69.89232731984436,70.56590366575072
1.543955,1785142331.521,0.01760626584291458,0.07942140102386475,0.3970000147819519,0.016432594163185415,0.07795067581365352,0.3965536269493561,0.44361591263160843,0.5880953564654312,0.4591428644644154,-0.4965245248477,0.45136393690543286,0.5831508303599856,0.4525876332016533,-0.5013682676283108,70.55640260870265,70.56431301677362
1.592562,1785142331.587,0.01760626584291458,0.07985074073076248,0.3970000147819519,0.016493346874997206,0.07807267685876101,0.39657149668801017,0.46379223344326376,0.5774202496403997,0.44182481803336804,-0.506234579688813,0.4535474386679275,0.5821626906204929,0.45071662106629223,-0.5022308732265026,70.8128880072832,70.63729140937318
1.648541,1785142331.62,0.01760626584291458,0.07942140102386475,0.3970000147819519,0.016521726824785383,0.07810262719146692,0.39658024086490706,0.4684755408640498,0.5828178571843378,0.4350808580237511,-0.501556238063599,0.45536906548065215,0.5822566651842886,0.4488317359972507,-0.5021615903406421,70.28799946257249,70.57712449733692
1.70285,1785142331.687,0.01717672497034073,0.07899206131696701,0.3970000147819519,0.0165531106143625,0.07814920157575433,0.39659725151221487,0.44948547825783436,0.5822281651203043,0.45260080757641064,-0.5041087953578579,0.4542449976036032,0.5822535815753798,0.449554837327285,-0.5025362644928059,70.67527267633469,70.60621928260468
1.754584,1785142331.753,0.01717672497034073,0.07942140102386475,0.3970000147819519,0.016581217635073513,0.07820760986306964,0.3966133241901511,0.44587656915423307,0.5864216964334499,0.4621406470337243,-0.4936898838244673,0.4526191823036938,0.583083979114337,0.45202888959245335,-0.5008181626945458,70.79613981616853,70.66195717308895
1.803977,1785142331.786,0.01717672497034073,0.07899206131696701,0.3970000147819519,0.01659466738346657,0.07822841576079421,0.3966211938662477,0.45330463449703684,0.5786544695108111,0.4566763485933738,-0.5011193728984075,0.4526925597634734,0.5826167311640867,0.4525212294568815,-0.500851003586197,70.79613981616853,70.68502782019647
1.859003,1785142331.852,0.01760626584291458,0.07813338190317154,0.3970000147819519,0.01664643776666046,0.07822118888351141,0.39663629724938093,0.4410943328117036,0.590948013557266,0.4577595210334441,-0.49666130887894944,0.4504757318167674,0.5842266520147724,0.45353513045359345,-0.5000567163474559,69.84145166570502,70.43644198976743
1.9124,1785142331.885,0.01760626584291458,0.07899206131696701,0.3970000147819519,0.016670667841931334,0.07823804460365893,0.39664369365880825,0.4540934325871906,0.5863460563793579,0.44724864993487806,-0.49996610063181945,0.45085937170830614,0.5844522693737716,0.452871816472047,-0.500048487260934,70.5395415245758,70.45416344812453
1.963919,1785142331.951,0.01760626584291458,0.07942140102386475,0.3970000147819519,0.01671417406309648,0.0783045787414978,0.3966578923593934,0.46793040745300135,0.5823382672560636,0.4357205128407677,-0.502066639959131,0.45450118776582843,0.5840330615623492,0.44925783595090635,-0.5005011989578735,70.25185506546502,70.39478478075482
2.010777,1785142331.984,0.01760626584291458,0.08028008043766022,0.3970000147819519,0.01673487616371213,0.0783928334928788,0.3966648464617968,0.45482182843130275,0.5854482045502276,0.4478218961223044,-0.49984302888481424,0.4545355431236569,0.5841843763421544,0.4491045261459506,-0.5004309933149937,70.17267637108698,70.35656738585006
2.065429,1785142332.05,0.01717672497034073,0.08028008043766022,0.3970000147819519,0.016757122543304533,0.07852982190016396,0.3966781980634362,0.45545104377588264,0.5859825769598223,0.4471276872685307,-0.4992650573601964,0.4546836255707418,0.5844750406411744,0.44878567630386756,-0.5002430851594285,70.4178346630741,70.37453356605707
2.117559,1785142332.116,0.01717672497034073,0.08028008043766022,0.3970000147819519,0.016776963678618806,0.07864046438238805,0.39669101612713076,0.4471072545276171,0.5839140981027906,0.4497164314517346,-0.5068476696877461,0.4535012945079276,0.5843912176116468,0.4489343288784604,-0.5012798110960157,69.59326803150383,70.14439812065822
2.163254,1785142332.149,0.01717672497034073,0.07985074073076248,0.3970000147819519,0.01678637701656103,0.07866679670820445,0.39669729458284314,0.4658405699183019,0.5751671371503967,0.44521297054511894,-0.5039451742191797,0.45477996401094833,0.5834463990351395,0.44855569937520834,-0.5015608321481523,70.00877738901026,70.12107957747241
2.208906,1785142332.215,0.01760626584291458,0.07985074073076248,0.3970000147819519,0.01682728303393307,0.07871625905400507,0.39670935045565686,0.45522166037009815,0.5857771288701208,0.44739680878975524,-0.49947421425666405,0.45484995780778165,0.5838143741384001,0.4483732895207874,-0.5012321674393571,69.76455610792736,70.01633676559327
2.259829,1785142332.248,0.01760626584291458,0.07942140102386475,0.3970000147819519,0.016846510761370833,0.07873621041732273,0.39671525573129884,0.4654340824331553,0.5761151180465065,0.4443901593207331,-0.5039641574226884,0.45591312679943263,0.5830490049020507,0.4479786162606622,-0.5015099580944283,70.27145238905611,70.06024527893085
2.306034,1785142332.28,0.018035804852843285,0.07985074073076248,0.3970000147819519,0.016884319318271054,0.07876059643010279,0.39672086904252396,0.4665573785419148,0.5745449781682206,0.4456197676123095,-0.5036321110720865,0.457079714974307,0.5821259964222106,0.44772531625837547,-0.5017464495437836,70.041688731275,70.05713831805963
2.364113,1785142332.346,0.01717672497034073,0.08028008043766022,0.3970000147819519,0.016899446843175642,0.07884739408298055,0.39673198501103163,0.45462285572538735,0.5866953855719782,0.44666320021613704,-0.4995984078971036,0.45665119838924545,0.5829263471327839,0.4475406550674808,-0.5013720364059658,70.27771110902835,70.12188434218402
2.425312,1785142332.379,0.01717672497034073,0.07942140102386475,0.3970000147819519,0.01690651414017941,0.0788648420030889,0.39673742999826556,0.466423205140746,0.5756817597817361,0.4445473385973599,-0.5034059682868702,0.4576916191117929,0.5821620587368226,0.4472264455255151,-0.501591692100999,69.87065153898118,70.07864497285496
2.478647,1785142332.445,0.01760626584291458,0.07942140102386475,0.3970000147819519,0.016939599949864062,0.07889459396360075,0.39674788609790534,0.46595347908452034,0.5752878375477428,0.4450546426965807,-0.5038428567647777,0.4591924448211559,0.5809222562420215,0.446837196084856,-0.5020041344619313,70.15054656973861,70.0997310462995
2.526517,1785142332.51,0.01717672497034073,0.08028008043766022,0.3970000147819519,0.016951060814782076,0.07897503307083953,0.39675777954839203,0.4507245166851986,0.5802310670023513,0.45399146688822456,-0.5040546269372846,0.45774037148088687,0.5808086677537607,0.44807158697663385,-0.5023613208865527,69.88951926999613,70.0386929716203
2.578052,1785142332.543,0.01760626584291458,0.08028008043766022,0.3970000147819519,0.01696755358034917,0.0790124033750691,0.3967627003052726,0.4523885960893288,0.5885198100797968,0.4435496194411052,-0.502247674325742,0.4571976499955434,0.5815968099087229,0.44761332035979867,-0.5023522419368961,69.99226539963543,70.03071645747914
2.62709,1785142332.609,0.01717672497034073,0.07942140102386475,0.3970000147819519,0.016977532966858184,0.07903582205108212,0.3967721498538789,0.456158488682141,0.5866273661954987,0.4462858428554084,-0.4986147941052239,0.45702841837100244,0.5824241307217188,0.4473967411205945,-0.5017402841999252,70.4178346630741,70.14446834272943
2.679055,1785142332.642,0.01760626584291458,0.07985074073076248,0.3970000147819519,0.016993722697277454,0.07905338061051674,0.39677677863248545,0.45087507626058326,0.5804186955899289,0.4537550717483862,-0.5039167969807271,0.4564453632270798,0.5822357298772981,0.4480026622717563,-0.5019490012343565,70.93665634103269,70.28144375116975
2.733927,1785142332.709,0.01717672497034073,0.07899206131696701,0.3970000147819519,0.017002428863420585,0.07904925003572522,0.39678579678064724,0.45804648355971006,0.5843903979571553,0.4499035967443167,-0.49625400281568427,0.4566989118323324,0.5825768447510888,0.4483034189873622,-0.501053259060622,70.82923666685987,70.44428502952047
2.785012,1785142332.775,0.01760626584291458,0.07899206131696701,0.3970000147819519,0.01703217994681297,0.07904588858772676,0.3967943265486625,0.4554985778772969,0.5860886343043947,0.44699674488126184,-0.49921445126971786,0.45653531863322383,0.583057601322118,0.44812527833713645,-0.5008024274064801,71.26428680875387,70.6858901811521
2.849285,1785142332.841,0.01717672497034073,0.07942140102386475,0.3970000147819519,0.017039059422176737,0.07906118142863158,0.39680251665536137,0.45314414019177557,0.5785082005560092,0.4568616249356726,-0.5012645067830375,0.45606424146561747,0.5824254403377159,0.4493494852195514,-0.5008702968201776,70.48251289993772,70.6261986165434
2.906629,1785142332.874,0.01760626584291458,0.07942140102386475,0.3970000147819519,0.01705369316331531,0.07906863968899992,0.39680652851957227,0.4721649814824027,0.5795027134051602,0.4391551751980137,-0.49837693316864173,0.4577043880565181,0.582139160109263,0.4483237198806677,-0.5006261415601972,69.90362791233767,70.50133648313789
2.969233,1785142332.941,0.018035804852843285,0.07985074073076248,0.3970000147819519,0.017114760156034952,0.07911197845233302,0.3968143447540856,0.44981507342622934,0.5810064638763416,0.4535733619756559,-0.5043501699797135,0.45632892125392993,0.5819455883303635,0.44924467005077073,-0.5012808337459412,70.15023525049742,70.39709354960145
3.034367,1785142333.007,0.01760626584291458,0.07985074073076248,0.3970000147819519,0.017134797847770167,0.07914916527949689,0.396821737747014,0.4551500188545991,0.5857129551870321,0.44748081897289466,-0.4995394990529568,0.4561524311329756,0.5825124196825697,0.44898028507814297,-0.5010199038942297,69.78064131178446,70.21569378494152
3.09973,1785142333.073,0.01760626584291458,0.07985074073076248,0.3970000147819519,0.017153887420181948,0.07918233380917739,0.39682883636094557,0.45542524323707617,0.5860001202550272,0.4471038882982854,-0.49928931487875666,0.4560562867277233,0.5829766087148207,0.4487313933581854,-0.5007904488329515,70.15023525049742,70.1964978678383
3.153665,1785142333.139,0.01717672497034073,0.07942140102386475,0.3970000147819519,0.017155114385081258,0.07919404712371442,0.3968356523194057,0.47192319470712957,0.5792896387453574,0.4394362037764013,-0.49860589201319633,0.45860129316133547,0.5824017115348222,0.44725759860617487,-0.5004535351070051,70.15054656973861,70.18302417280417
3.206711,1785142333.172,0.01760626584291458,0.07985074073076248,0.3970000147819519,0.017165544189340385,0.07921058714984544,0.39683899107040477,0.4721609147500195,0.5794991299141011,0.43915990388005743,-0.4983807859812448,0.46002957351677093,0.5821043504486524,0.4464135181391768,-0.5002422288265287,71.0720609570279,70.33687200175746
3.266031,1785142333.238,0.01717672497034073,0.07985074073076248,0.3970000147819519,0.017166108439084487,0.07924030524473188,0.39684540268658297,0.4678313874739628,0.5822125093286299,0.4358848151990248,-0.5021621399053885,0.4614772380004311,0.5821320264622581,0.4444739666281937,-0.5006035912418505,70.44112534820476,70.367452103577
3.324691,1785142333.304,0.01760626584291458,0.07942140102386475,0.3970000147819519,0.017186683061937304,0.07924928693524046,0.3968515590046792,0.46397989639324333,0.5855120699781259,0.43177968327491834,-0.5054350371351958,0.4619434838579617,0.5827611063995001,0.44215120486825565,-0.5014977792799781,69.74798630215179,70.18516279416217
3.388256,1785142333.337,0.01760626584291458,0.07942140102386475,0.3970000147819519,0.017196464286894395,0.07925351303477655,0.3968545746357766,0.4630044592438218,0.5780615115707805,0.4413806707504657,-0.5066111556694244,0.4620512933470305,0.5822895063320319,0.4420746659381455,-0.5020134688109593,70.27145238905611,70.19999284715895
3.447825,1785142333.403,0.01760626584291458,0.08028008043766022,0.3970000147819519,0.017214448465993452,0.07931781713027743,0.39686036576554745,0.4676647556061055,0.582101101500462,0.43603526106243073,-0.502315871843652,0.46299194125447446,0.5822607698950234,0.44106709613940787,-0.5020664048488191,68.78774249501649,69.78235888061008
3.504087,1785142333.469,0.016747184097766876,0.07985074073076248,0.3970000147819519,0.017183886888987823,0.07934007092930205,0.3968659262845468,0.4590365371778356,0.5838149205356977,0.4500567744007008,-0.4958775009129928,0.46234479479949026,0.5825222569703954,0.4425519960411437,-0.5010517355083538,70.5716017921798,70.01484943156797
3.550819,1785142333.535,0.01717672497034073,0.07985074073076248,0.3970000147819519,0.017183573226656756,0.07936110544337431,0.3968712653954665,0.45958161857839575,0.5829221562025193,0.450637515849632,-0.49589547788010774,0.46190993598957236,0.5825895119856539,0.4438364103460877,-0.5002378558341283,70.9516638542273,70.2910679125335
3.603155,1785142333.568,0.01717672497034073,0.07899206131696701,0.3970000147819519,0.01718342234260646,0.07934737320325742,0.39687388072331053,0.4555339292205811,0.5860682136609476,0.4470198756642664,-0.49918545554355687,0.4613377212178108,0.5829038938877908,0.4441238768548559,-0.5001445185937975,70.43424142490684,70.3156864630725
3.65109,1785142333.635,0.01760626584291458,0.07899206131696701,0.3970000147819519,0.017205665583609083,0.079324846052474,0.3968789761229,0.4565075226235259,0.5855017785155127,0.44718559738314007,-0.4988121797193677,0.4606105599672413,0.5832971856857937,0.4445867473240785,-0.4999449262883792,70.8128880072832,70.46344142246403
3.696715,1785142333.668,0.01765061356127262,0.07962145656347275,0.398000031709671,0.017217434764626584,0.07933176271313751,0.39692448869697566,0.44799772188026804,0.5938021838677366,0.4524845501503346,-0.49188895037319746,0.4592780316894833,0.5844252502581039,0.4454349560133108,-0.49909770228844624,70.55552147137945,70.47926757331159
3.745846,1785142333.701,0.01765061356127262,0.08005187660455704,0.398000031709671,0.017228438439651134,0.07935451429763679,0.3969644712637142,0.45007894219968037,0.5812024951666036,0.4533229395061164,-0.5041139929798268,0.4582149489489447,0.5840567776735535,0.4463543724907529,-0.4996844155781601,71.0720609570279,70.58159204129366
3.810587,1785142333.768,0.01760626584291458,0.07899206131696701,0.3970000147819519,0.017245764653274376,0.07933253235884312,0.3969662854477134,0.4417149471813158,0.5897351450824909,0.4585343465011225,-0.496836610134488,0.4546239999290189,0.5853217941325068,0.4490360424854335,-0.499081204365645,70.01572607071878,70.4133620024341
3.858819,1785142333.834,0.01760626584291458,0.07985074073076248,0.3970000147819519,0.017261493888258494,0.07936068877417804,0.39696787962864744,0.44571265748572125,0.5953405633435005,0.449561547266109,-0.4947769758331136,0.45279811367288886,0.5873923760779161,0.44915143623189746,-0.4982038258691288,70.44314910030972,70.42209520094796
3.903297,1785142333.867,0.01717672497034073,0.07985074073076248,0.3970000147819519,0.017259162187297332,0.07937373726695288,0.39696863602325,0.46869629625729664,0.5817056310470979,0.43616290628954146,-0.5017013652162516,0.45497275480417554,0.5866350301759792,0.44739722099214957,-0.49869315255458374,70.82923666685987,70.49226150656216
3.954996,1785142333.933,0.01717672497034073,0.07985074073076248,0.3970000147819519,0.01725507670727393,0.07939681003646415,0.39697002269074944,0.47120448556100847,0.579890226725094,0.43904140669936503,-0.4989351670701788,0.45879521585390154,0.5850730547346641,0.4454526640795187,-0.4987668739977429,70.55552147137945,70.51081239423748
4.004227,1785142333.967,0.01717672497034073,0.07942140102386475,0.3970000147819519,0.01725309911311737,0.07939745389640326,0.39697070804539814,0.4713277759244848,0.5800050392917934,0.43889176250587963,-0.4988169031244695,0.460595516827898,0.5843557057932952,0.4445196855958362,-0.49878094200023343,71.10545808794242,70.61601508189926
4.052155,1785142334.033,0.01760626584291458,0.07942140102386475,0.3970000147819519,0.01727026048482311,0.07939857355529382,0.39697194977060596,0.4559008881139483,0.584836640594792,0.4479314401073224,-0.4994776361340832,0.4596192866119945,0.5844575050377973,0.4452313564900694,-0.4989274249600708,70.4671277551234,70.57233094443107
4.104953,1785142334.066,0.01760626584291458,0.07942140102386475,0.3970000147819519,0.017278363773140078,0.0793991058202479,0.39697255079162314,0.4636597677770323,0.5773313310100198,0.44194065071970856,-0.5063562137671345,0.46011054483444297,0.5836009366412196,0.4448370519875444,-0.4998282009477596,69.90302407935357,70.4567246513644
4.159509,1785142334.132,0.01760626584291458,0.07942140102386475,0.3970000147819519,0.017293111132415613,0.07940008439731279,0.3969736854299313,0.4657211324628095,0.5842968883958629,0.4326146475113322,-0.5045250635470122,0.46127205349852607,0.5837537614794344,0.44233080414225584,-0.500802454393676,70.31686470142559,70.41569124713597
4.213227,1785142334.165,0.01717672497034073,0.07985074073076248,0.3970000147819519,0.01728997683979265,0.07941242828025956,0.3969742372617924,0.46333697404889257,0.5770098472947116,0.4423567203369649,-0.506654731130455,0.4615124920351164,0.5829774695198253,0.4423356944966201,-0.501480431424787,70.57232676594869,70.44262752533069
4.269479,1785142334.232,0.016747184097766876,0.08028008043766022,0.3970000147819519,0.017255414144842503,0.07946819974989512,0.3969753013954092,0.46333817141227757,0.5770108927038698,0.4423553567025332,-0.5066536361361523,0.46185520182030426,0.5818678659591595,0.44234156468178626,-0.5024475089703686,70.55552147137945,70.47609666857622
4.323906,1785142334.298,0.01765061356127262,0.08005187660455704,0.398000031709671,0.017276622135928597,0.07949683049757618,0.3970491259775443,0.46276763798927395,0.5778418629937372,0.44166415139759807,-0.506831009284155,0.46200464920659545,0.5812149951463488,0.44223257359099594,-0.5031611912534637,70.0582385359721,70.35328823438849
4.376319,1785142334.331,0.01717672497034073,0.07942140102386475,0.3970000147819519,0.01727421882374844,0.07949462268571714,0.39704781910423637,0.47204327889458547,0.579401649573099,0.4392904983420168,-0.4984904506496013,0.4629937530789114,0.5810402880343793,0.4419461342768398,-0.5027052642340112,70.02533497198242,70.29680740606197
4.430452,1785142334.397,0.01760626584291458,0.07942140102386475,0.3970000147819519,0.01729055821174295,0.07949081968848414,0.3970455078481121,0.471760975951138,0.5791733424504023,0.439589140040192,-0.4987596705059294,0.4644783279422854,0.5807289953243933,0.4415510539186094,-0.5020422130108432,70.00877738901026,70.21222392590076
4.480787,1785142334.43,0.01760626584291458,0.07942140102386475,0.3970000147819519,0.017298256649477997,0.07948904416044872,0.397044415559595,0.46572024945868634,0.5750945775751792,0.44530837288460234,-0.5040548870179049,0.46459555596684815,0.5802030148115913,0.44190361343875206,-0.5022316471601223,70.7375463092707,70.30284869220468
4.524066,1785142334.496,0.01760626584291458,0.07942140102386475,0.3970000147819519,0.017312221147895383,0.07948586822926061,0.39704242504490495,0.46881524536842345,0.5818154866992523,0.43601835294196417,-0.5015884777831658,0.4652576405689038,0.580457491399992,0.44098418399323797,-0.5021328290778277,70.041688731275,70.22616905382867
4.57327,1785142334.529,0.017219992354512215,0.08005187660455704,0.398000031709671,0.017309833462388995,0.07950294683222464,0.39707930243460937,0.4636110098728363,0.5772822831778955,0.44200274907994347,-0.5064025739067463,0.4651186400158992,0.5801890618905937,0.4410710726781794,-0.5024953850721351,70.1671867865552,70.21603449228891
4.619287,1785142334.596,0.01717672497034073,0.08028008043766022,0.3970000147819519,0.017303247274565565,0.07955066605185876,0.3970754029744237,0.46955815283286195,0.581200067103996,0.43644810698986153,-0.5012331523467577,0.4657630553182156,0.5803370975269978,0.4404025331117625,-0.5023138843027571,69.87396163466852,70.11447746397222
4.666291,1785142334.629,0.017219992354512215,0.08048229664564133,0.398000031709671,0.01730130684759488,0.07958183428643195,0.3971095856256435,0.47099257022455593,0.571988031641946,0.44857815817026453,-0.49977327506001357,0.4662454011494489,0.5795764026784266,0.44115457476321424,-0.5020847144962804,69.07126512557146,69.9337112889786
4.714818,1785142334.696,0.01717672497034073,0.07985074073076248,0.3970000147819519,0.017295580551764472,0.07959360564513662,0.3971039617815565,0.46140964331251244,0.5897771228225898,0.4414105529731261,-0.49438933056578693,0.4654208371089012,0.5813365312298833,0.4412044106565593,-0.5007693579480026,68.96319347037472,69.64445252819284
4.764172,1785142334.729,0.017219992354512215,0.07962145656347275,0.398000031709671,0.01729393303782931,0.07959434272251278,0.39713628178095106,0.46681476871175814,0.5748122013332451,0.4452786279468312,-0.5033903539052015,0.4655557740620247,0.5807130825172259,0.4415961009999601,-0.5010219761771769,68.96319347037472,69.5267662239964
4.824864,1785142334.762,0.01765061356127262,0.07962145656347275,0.398000031709671,0.017303899805266882,0.07959503179684906,0.39716513016207095,0.4607870344391152,0.5906904308989303,0.4407704655386631,-0.49445072600419165,0.46505173409789646,0.5817799428831258,0.4415116870834876,-0.5003263063642954,69.93117437006673,69.59645785305027
4.879552,1785142334.829,0.01760626584291458,0.07942140102386475,0.3970000147819519,0.017318816618806847,0.07958564084678443,0.3971558453721858,0.459147575289455,0.582468029640601,0.4511091638351814,-0.4964020757977688,0.46396360019712235,0.5819136098850886,0.4432934011220823,-0.49960513292423897,68.97967170805879,69.41302774610399
4.931157,1785142334.896,0.01765061356127262,0.07962145656347275,0.398000031709671,0.017334809708731646,0.07958719176142987,0.39720887018895956,0.46697024712344265,0.5749289461772145,0.44513017844515346,-0.5032440952325368,0.4644764906468333,0.5807308348900283,0.4436075674059751,-0.500225562306132,69.90302407935357,69.55863243880756
4.979655,1785142334.929,0.017219992354512215,0.07919103652238846,0.398000031709671,0.017331841050355273,0.07957516295173322,0.3972325860713315,0.45320761901937345,0.5785882913294506,0.4567689583722143,-0.5011991239685276,0.4632338670587654,0.580501997748527,0.44507374300235525,-0.500341061986346,70.2574253482611,69.67936135545061
5.027877,1785142334.996,0.01760626584291458,0.07942140102386475,0.3970000147819519,0.017344455215745524,0.07956803110120038,0.39721843281982405,0.4563287009641659,0.5852425010172287,0.44740967504560225,-0.49907906623604664,0.46197567397607175,0.581370943563147,0.44550284126869305,-0.5001135081722669,69.68218064615134,69.68019660458246
5.079795,1785142335.029,0.01760626584291458,0.07899206131696701,0.3970000147819519,0.01735039552373101,0.07954981029059371,0.39721207204183734,0.4554878253571129,0.5859790995472282,0.4470237171925211,-0.49932868144404513,0.4613222586649548,0.5818377821019765,0.44565767910071924,-0.5000358007557837,69.68218064615134,69.68053734186935
5.130023,1785142335.096,0.01765061356127262,0.07962145656347275,0.398000031709671,0.017363952856668356,0.07955312293320357,0.39726092294915905,0.45343005047815055,0.5879257747764809,0.4437668632460001,-0.5018121598383823,0.45994953192591603,0.5829038542954361,0.4453313603432626,-0.5003493821555842,69.20268277697275,69.53854903032885
5.180341,1785142335.162,0.017219992354512215,0.08005187660455704,0.398000031709671,0.0173566144995833,0.07958213714819456,0.39730155912081877,0.4588141195807226,0.5836049399502731,0.45021597910069294,-0.49618590256214323,0.45977488409539263,0.5830141337159718,0.44608952741682817,-0.49970562271352725,69.7485666287225,69.60019271367185
5.227597,1785142335.195,0.01717672497034073,0.08028008043766022,0.3970000147819519,0.01735192973438695,0.07960512952769436,0.3972912505619333,0.4730170877486461,0.5790433423640483,0.4393706556002266,-0.4979127125903575,0.4611232840173984,0.5826176726031767,0.4454127873237155,-0.49952919173556415,70.75309937958359,69.80015203247987
5.283099,1785142335.229,0.01678936928510666,0.08005187660455704,0.398000031709671,0.017332890953081128,0.07961714218881007,0.3973125864569086,0.47217982156611943,0.5795219705168325,0.439131756025334,-0.49836111670572936,0.4623877811941024,0.5822698337786251,0.44470061564338087,-0.4994003833801146,69.62576954161212,69.76941111898756
5.338885,1785142335.295,0.016747184097766876,0.08028008043766022,0.3970000147819519,0.01729881440972628,0.07965376739824911,0.39729350048629386,0.4689666052934659,0.5819470521693523,0.43584273899735043,-0.5014469647472316,0.4636226948497,0.582215041117062,0.44304812691322454,-0.4997879549929582,68.96319347037472,69.53189157179241
5.389033,1785142335.362,0.016747184097766876,0.08028008043766022,0.3970000147819519,0.01726926294762985,0.07968599545408522,0.39727716763920484,0.45469067212466885,0.5770650202481538,0.45756147667547187,-0.500889059724183,0.4618867254470811,0.581222000270107,0.44589879746179373,-0.5000159014270593,70.49010897566879,69.81745825912138
5.437067,1785142335.395,0.017219992354512215,0.07876061648130417,0.398000031709671,0.017268060269614218,0.07964313243642375,0.39730191492885225,0.45378233573158805,0.579111951751874,0.45610485585455685,-0.5006788387599516,0.46095014277160135,0.5809822850063094,0.4470874705040382,-0.5000973346319582,70.61254391393838,69.95493976974142
5.48539,1785142335.462,0.017219992354512215,0.07876061648130417,0.398000031709671,0.017265849015468675,0.07957635022158566,0.3973433644195028,0.46254332054969083,0.5801790438173644,0.454149248261227,-0.4931474566838982,0.46125961230376883,0.5808326519880721,0.4484466508999284,-0.498767081650862,69.91928113736518,69.94437345815942
5.538601,1785142335.495,0.01717672497034073,0.07942140102386475,0.3970000147819519,0.017263904994298477,0.07957291117331351,0.3973321581493387,0.4659430271247501,0.5752576501171253,0.4450960129917087,-0.5038504447496619,0.4617670070217253,0.580233563188265,0.44808702271372935,-0.4993177980520956,70.1671867865552,69.98271259323273
5.59073,1785142335.562,0.01717672497034073,0.07942140102386475,0.3970000147819519,0.017260204137045123,0.07956640019275893,0.39731315705086273,0.44605060751397246,0.5865454780684843,0.4619924041353937,-0.49352434206939416,0.4584484103729635,0.581599262792607,0.4510600300590242,-0.4981086245275735,70.74840322842489,70.21063492472986
5.638916,1785142335.595,0.01717672497034073,0.07899206131696701,0.3970000147819519,0.017258435401678242,0.07954905277091995,0.39730453464085397,0.45644941044584786,0.5853618375872277,0.4472578527975788,-0.4989647962642669,0.4582254112451759,0.5820213919916313,0.45063517928984387,-0.49820528594117075,70.14957062140665,70.20014262645637
5.685609,1785142335.662,0.01760626584291458,0.07942140102386475,0.3970000147819519,0.017277935420184055,0.07954376580088278,0.39728922719284504,0.4479219971261053,0.5831117377434781,0.45019319080671116,-0.5066287365987194,0.4562221855075218,0.5822422159588421,0.45055528549029283,-0.49985523316540165,70.21736829613533,70.20524644853002
5.732727,1785142335.695,0.016747184097766876,0.07985074073076248,0.3970000147819519,0.017261368799144042,0.0795528377390892,0.39728213114034494,0.45469486213104676,0.5770688478076391,0.4575566494122937,-0.5008852561417514,0.45605832899594106,0.5816835134887056,0.45131614385962693,-0.4999688280088483,70.74840322842489,70.29896352843551
5.780636,1785142335.728,0.01717672497034073,0.07856272161006927,0.3970000147819519,0.01725962971232187,0.07951431523694236,0.3972754130409324,0.44948267467114844,0.5821840025104116,0.4526584398121351,-0.5041105526154668,0.4553481419529315,0.5817394247782477,0.45146275550475473,-0.5004185165146675,70.32387032126127,70.3032419014193
5.831689,1785142335.795,0.01760626584291458,0.07899206131696701,0.3970000147819519,0.017278552645965464,0.07948740365708779,0.397262968405867,0.4614029440433211,0.5897822196360101,0.4414081282923251,-0.49439166751356495,0.45654186571916655,0.583324653311221,0.44950314946800174,-0.4992482271409218,70.90367828184411,70.48179067889001
5.885262,1785142335.828,0.01717672497034073,0.07899206131696701,0.3970000147819519,0.0172762027715676,0.07947498080745888,0.39725708970888224,0.46291938779893005,0.5779604122350714,0.4415134098075546,-0.5066885742238881,0.4572924078019058,0.5827027850373466,0.4485728253943924,-0.5001235231361819,70.59566933618366,70.50136723401397
5.935,1785142335.895,0.01717672497034073,0.07899206131696701,0.3970000147819519,0.017271807750033664,0.0794523234805681,0.397245985336217,0.4626777468941759,0.5777768299071162,0.44175325974361485,-0.5069095529355334,0.4583634657958363,0.5817346764558297,0.4472284165160688,-0.5014722752984356,69.89098017886373,70.31985148929161
5.978389,1785142335.961,0.01717672497034073,0.07985074073076248,0.3970000147819519,0.017267770613140773,0.07947773793460379,0.39723571103372696,0.46309172409076726,0.5768354418609347,0.44258770603967373,-0.5068757742822991,0.4592202019662354,0.5808545482007484,0.4463939856525039,-0.5024512011269019,70.21736829613533,70.28979115647262
6.024485,1785142335.995,0.01717672497034073,0.07985074073076248,0.3970000147819519,0.01726576000278664,0.07948954248111484,0.39723057786406707,0.4554889818904686,0.5948583352298732,0.4343153646912945,-0.5000435104838337,0.4587728371645932,0.5825783036954155,0.444925594064302,-0.502166525855567,69.55562283775508,70.15975154674749
6.068748,1785142336.028,0.017219992354512215,0.08005187660455704,0.398000031709671,0.01726482825753646,0.07950812504394185,0.39726130305425944,0.4552601312612456,0.5857638378484453,0.4473013253857708,-0.4995402520930486,0.4583741157394956,0.5829416514253128,0.4451965926751516,-0.5018687028735702,70.59566933618366,70.23489559344327
6.115722,1785142336.095,0.016747184097766876,0.07985074073076248,0.3970000147819519,0.01723563552744595,0.07952562055162406,0.3972489732155374,0.44303532411806246,0.5892281531834017,0.4584250049756467,-0.4963631733849313,0.45506160934020906,0.5843307184282742,0.4480876526737532,-0.500693517760238,70.59566933618366,70.34201681653308
6.167305,1785142336.128,0.016747184097766876,0.08028008043766022,0.3970000147819519,0.01722235801320633,0.07955097822162997,0.3972431940757747,0.4716419813453932,0.5790684601631105,0.43972729172837394,-0.4988721968461914,0.45734105035237127,0.5836234497780056,0.4469533253264757,-0.5004553501676399,70.87001303565519,70.433105338421
6.21238,1785142336.195,0.017219992354512215,0.08005187660455704,0.398000031709671,0.01722224664971849,0.07957649161388895,0.39729599456491377,0.4606319565427376,0.5905521802555184,0.44095567899981447,-0.49459520030513443,0.4580687030379317,0.5851512653514349,0.4456413541343838,-0.4991741614306919,70.06516598678641,70.32385173071688
6.258497,1785142336.228,0.01717672497034073,0.07942140102386475,0.3970000147819519,0.017221232756182175,0.07957202996022396,0.3972876825397914,0.4632412798471336,0.5782678204191448,0.4411103439495815,-0.5063946178366857,0.4587254226838574,0.5842870041949609,0.4450729460020479,-0.5000897479947496,70.70481550639613,70.38949182450023
6.304304,1785142336.261,0.01717672497034073,0.08070942014455795,0.3970000147819519,0.01722025639723884,0.07961700640310834,0.3972799852668733,0.46417871464534305,0.5765061016181622,0.4426298486249568,-0.5062189770973372,0.4594327291502559,0.5832871178741775,0.4447609630019084,-0.5008846087645316,69.23467897629824,70.18919857265524
6.350258,1785142336.328,0.01760626584291458,0.07985074073076248,0.3970000147819519,0.01724228097863484,0.07962704245288128,0.3972662085944306,0.46347512077142106,0.5878266690932167,0.4446897355176206,-0.49183499128667024,0.4602835850368047,0.5842432800542545,0.4447504254212006,-0.4989948598380285,70.2179013595497,70.19770341561485
6.398135,1785142336.361,0.016747184097766876,0.08028008043766022,0.3970000147819519,0.017227039273957745,0.07964536749714325,0.3972597986816514,0.4478602386133123,0.5830049640659672,0.45032799547063573,-0.5066864070004901,0.4587123566937494,0.5840940104983745,0.44546472931628034,-0.4999783351821998,69.78802499427086,70.12709768065896
6.444988,1785142336.394,0.01717672497034073,0.08028008043766022,0.3970000147819519,0.017226010689404887,0.07966233931092224,0.3972537106255085,0.45500779699356086,0.5773652802029186,0.45718671483555795,-0.5005971890343993,0.458222366596389,0.5832011849034006,0.4470367735275499,-0.5000667593353431,69.62576954161212,70.04062869980415
6.494129,1785142336.461,0.01717672497034073,0.07985074073076248,0.3970000147819519,0.017224010935803988,0.07967104581914637,0.39724237786592276,0.45101189192952923,0.5805235543315369,0.45363023504049815,-0.5037859526242551,0.4566800055864439,0.582632477750986,0.44845565029682666,-0.500869541980906,70.08686267856923,70.0543296493947
6.546947,1785142336.494,0.01765061356127262,0.08005187660455704,0.398000031709671,0.01723685418731388,0.079679419755732,0.39727180826964836,0.456647502894157,0.5855282615917369,0.4470356330301547,-0.49878738534491657,0.45667676758337294,0.5829506752413087,0.4483001430579191,-0.5006414105121083,70.47358612077043,70.1265906595841
6.596601,1785142336.561,0.01717672497034073,0.07942140102386475,0.3970000147819519,0.01723426408910066,0.07966411173223746,0.3972585681186632,0.4605923337578794,0.5904881729754724,0.4410466931493021,-0.4946273689573033,0.4574296269984892,0.5843962563422531,0.44692157797778587,-0.4995000050600886,69.21948534273807,69.85633939781145
6.641837,1785142336.594,0.01717672497034073,0.07942140102386475,0.3970000147819519,0.017233029634822566,0.07965720487383984,0.39725239702008136,0.46365235975117486,0.5879354066520867,0.4445422344709281,-0.4916712811153473,0.45811495598508534,0.5847879056292763,0.44666312287154647,-0.4986440084861602,70.7375463092707,70.00882003104043
6.684865,1785142336.661,0.016747184097766876,0.07985074073076248,0.3970000147819519,0.017205620247011517,0.07966569051568975,0.39724097363791455,0.4608695134590244,0.5907239759484428,0.4407263221408425,-0.4943731230314933,0.45862434592065543,0.5858827342985502,0.445575609040765,-0.49786294058471237,69.41498896411586,69.8322438947013
6.732088,1785142336.694,0.01717672497034073,0.07985074073076248,0.3970000147819519,0.01720497647624396,0.07966972142330266,0.3972355789760437,0.4524098195807217,0.5885102754777133,0.4435675538574829,-0.502223890280992,0.4579935725314682,0.5861518725644981,0.445372723547389,-0.4983081445541265,69.5074187251401,69.7763030169154
6.784493,1785142336.727,0.017219992354512215,0.08048229664564133,0.398000031709671,0.01720531936028264,0.0796976805369269,0.39726534937116936,0.46451443554136806,0.5768059669101483,0.4422409376562786,-0.5059092495412872,0.45873648066199313,0.585099431055774,0.4450225213854529,-0.49917376989160056,70.44073266696581,69.89106164170927
6.836772,1785142336.794,0.01678936928510666,0.08005187660455704,0.398000031709671,0.01718387200835411,0.0797136973928065,0.397313649458782,0.46967079035475595,0.5812783904338363,0.4363460808516452,-0.5011256122247163,0.460926154728871,0.5843469351857458,0.44329878040921133,-0.4995717471130534,70.3733302812146,70.03436517019196
6.890499,1785142336.861,0.01765061356127262,0.07962145656347275,0.398000031709671,0.017212575267198015,0.0797089370190981,0.3973537168250559,0.44516680457557006,0.5965866337329759,0.44866965991415625,-0.4945770322484129,0.4576218428154784,0.5869486952651305,0.44444747930097006,-0.49853777815501643,69.06251269356422,69.74471013050763
6.946619,1785142336.894,0.01717672497034073,0.07899206131696701,0.3970000147819519,0.017211824024678146,0.0796818005846567,0.39734202047663386,0.4584541614601255,0.5833495255866314,0.4506679680023239,-0.49640859728091075,0.4577181150927078,0.5865397627645537,0.4451584354277408,-0.49829629858108093,70.7375463092707,69.91667079954757
6.998973,1785142336.961,0.01760626584291458,0.07942140102386475,0.3970000147819519,0.01723314161381095,0.0796687641587194,0.39732225555084016,0.4488653372396411,0.5929395331676801,0.4528697696818419,-0.49178408955552055,0.45594523900131867,0.5878377013550159,0.44671772291522194,-0.4969950220385719,69.09457380264728,69.6718758751804
7.045396,1785142336.994,0.01717672497034073,0.07942140102386475,0.3970000147819519,0.01723182630461046,0.07966271665923254,0.397313300918401,0.462121159664279,0.5786249423483206,0.4410472132131357,-0.5070646562321922,0.4567141518173672,0.5867083020535518,0.4460237494994227,-0.4982452876983958,69.9141175025848,69.71356402191492
7.095052,1785142337.061,0.01760626584291458,0.07942140102386475,0.3970000147819519,0.017250877822286,0.07965160285345016,0.3972974445342751,0.4661680950486306,0.5754901630762896,0.4447970237309727,-0.5036407321109214,0.4587459304279152,0.5843207033238569,0.44577055397875215,-0.4994097517954732,70.59566933618366,69.97632438729688
7.140914,1785142337.094,0.01717672497034073,0.07985074073076248,0.3970000147819519,0.017249047424065623,0.07965692852682131,0.39729010263602305,0.4563710672376098,0.5853392190806136,0.447399134870326,-0.49893633031859547,0.4584893423054241,0.5844311069772394,0.4459468615609328,-0.4993587897030075,70.3012119015199,70.03227598059028
7.187375,1785142337.161,0.016358748078346252,0.07962145656347275,0.398000031709671,0.01718379802280048,0.07965545968540856,0.3973382722652273,0.4546122312318434,0.5867689768261753,0.44669449175006265,-0.49949366171045806,0.4578363259222433,0.5848261427425281,0.446073573161845,-0.4993822671636846,69.8935093711405,69.99113015936118
7.244482,1785142337.194,0.01717672497034073,0.07942140102386475,0.3970000147819519,0.01718363698699972,0.07964983937571206,0.3973284855845076,0.4530892211716188,0.5785110720979025,0.4568616302962361,-0.5013108296070381,0.4573488800307281,0.5841774885621912,0.447193908254924,-0.4995861008990307,70.40139187856713,70.06183637511434
7.289844,1785142337.261,0.01717672497034073,0.07899206131696701,0.3970000147819519,0.017183334533664645,0.07961050124288949,0.39731134895789627,0.4574027185513455,0.5838596031132208,0.4505959885619141,-0.4968440117443522,0.4573582145047331,0.5841266601210948,0.44774662770255996,-0.4991417293132308,70.14612268898837,70.08681997607881
7.334354,1785142337.294,0.01717672497034073,0.07942140102386475,0.3970000147819519,0.017183190806546903,0.07960657109863298,0.3973034548013789,0.46608409305762866,0.5753886481005074,0.4449286737195867,-0.5037181723323545,0.45823843707596823,0.5832537531147421,0.4474672460470178,-0.4996055023504435,71.6623621648409,70.36106387478355
7.377969,1785142337.361,0.01717672497034073,0.07985074073076248,0.3970000147819519,0.01718291692193304,0.07962012689613496,0.3972891035521954,0.4562169784837466,0.5852010383947815,0.44757986096146885,-0.49907722976162916,0.4579264779313603,0.5835548121824405,0.4474848775334677,-0.4995241799622451,71.01755731565615,70.55635321755312
7.423006,1785142337.394,0.01717672497034073,0.07899206131696701,0.3970000147819519,0.017182785971297496,0.07960038114732705,0.39728237967077096,0.4547339019553961,0.5868777809513842,0.44655153269366615,-0.49938289647017026,0.4576680224384492,0.5838246974378857,0.44740957692929145,-0.49951313733553865,70.7666255878968,70.59253121310486
7.475561,1785142337.427,0.01717672497034073,0.07985074073076248,0.3970000147819519,0.017182658658819475,0.07960756795316863,0.39727595466053073,0.45611454251733075,0.5850393469869831,0.4476709655070088,-0.49927867291050293,0.4575517386678241,0.5839157493691296,0.4474292157264056,-0.49949564662286355,70.61254391393838,70.59596880709871
7.517518,1785142337.494,0.01717672497034073,0.07899206131696701,0.3970000147819519,0.017182413331275084,0.07957192763660284,0.397263885184972,0.4567536964618663,0.5939150583429302,0.43691142066281025,-0.49774428649291413,0.45743489102695556,0.5854682242520028,0.44581109762177273,-0.499232154512942,70.60871160259717,70.59974430687109
7.570087,1785142337.527,0.01760626584291458,0.07942140102386475,0.3970000147819519,0.01719492824305127,0.07956867295074671,0.39725814927570324,0.45527017900091155,0.585772834819665,0.44728954314866387,-0.4995310948176009,0.45726762287324907,0.5854919251494785,0.4459255284849041,-0.4992553952658546,70.41785253538374,70.56845839624157
7.623176,1785142337.594,0.01717672497034073,0.07899206131696701,0.3970000147819519,0.017194156998791895,0.0795380276212465,0.3972472177574257,0.460817232946601,0.5907286766594827,0.44072370028731517,-0.4944185761039234,0.45777974907908375,0.5862469709609499,0.4451812331536738,-0.4985637973419014,70.9047786035763,70.66830506134373
7.676641,1785142337.627,0.01760626584291458,0.07985074073076248,0.3970000147819519,0.01720582161155322,0.07954817592676547,0.3972419908942073,0.45137512693618503,0.5892110996486154,0.4432292303794946,-0.5026316983352852,0.45725203537391035,0.586493323962085,0.4450212088382193,-0.4989010731382438,70.62591005575499,70.6610217134093
7.72099,1785142337.694,0.01717672497034073,0.08070942014455795,0.3970000147819519,0.017204539523451023,0.07964636285496667,0.3972319404042427,0.4558288934107695,0.58485972624265,0.4480119955812181,-0.49944406330100727,0.4570614320308014,0.5862745838718155,0.44542290700871,-0.4989743415926241,70.15780567538597,70.5114752110745
7.774796,1785142337.727,0.01717672497034073,0.07942140102386475,0.3970000147819519,0.01720393105845406,0.07964023007934366,0.3972271168869489,0.4544167441337704,0.5865941399704427,0.44692406075061564,-0.49967151362207946,0.45688036824345063,0.5862966630585754,0.44552590203306675,-0.4990222666552371,70.25185506546502,70.466789341396
7.817392,1785142337.794,0.01717672497034073,0.07942140102386475,0.3970000147819519,0.01720277378774367,0.07962931172859766,0.3972177919487928,0.4683475381828004,0.5826736256509552,0.43527231730443805,-0.5016772261497481,0.45861427553096745,0.5857608354259453,0.4439895209667786,-0.49943017052636607,71.00089129385321,70.62554600838632
7.85846,1785142337.827,0.01760626584291458,0.08028008043766022,0.3970000147819519,0.01721416587326575,0.07965132807772306,0.3972133066733192,0.44452750883548764,0.5959713565915318,0.4494712575644226,-0.49516565373056826,0.45715425327466097,0.5868341398589332,0.4445678681873432,-0.49899407970864174,70.75076281762668,70.64707360909905
7.90458,1785142337.861,0.01760626584291458,0.08028008043766022,0.3970000147819519,0.017225003549133745,0.07967170095140917,0.3972087943659112,0.45401625710834115,0.5862536136630573,0.4473607193815173,-0.5000443235382149,0.4568382120962924,0.5867761071730342,0.4448498850962063,-0.4991004185025442,71.1586872212838,70.73752360738882
7.950064,1785142337.927,0.016747184097766876,0.08028008043766022,0.3970000147819519,0.017196506256977863,0.07970510974620916,0.39720041525210875,0.4558693340641392,0.5863164922909632,0.44669054334340524,-0.49888243065386895,0.45669479499388915,0.5867081802702847,0.44512272636722794,-0.49906826577215513,70.82325149709465,70.76266679943373
7.993367,1785142337.961,0.01717672497034073,0.08028008043766022,0.3970000147819519,0.01719608905051995,0.07972100122216587,0.3971961957328139,0.44386532536640394,0.5970810693062318,0.4487704051015068,-0.4950584744437092,0.45536763769278854,0.5877946402436468,0.4455081394236113,-0.49865847345677694,70.14052021544204,70.65257389683782
8.045009,1785142337.994,0.01717672497034073,0.07942140102386475,0.3970000147819519,0.017195692973953486,0.07971126502508818,0.39719218862127037,0.4683475381828004,0.5826736256509552,0.43527231730443805,-0.5016772261497481,0.4569161257674417,0.5871960990496754,0.4443000070677658,-0.49902494826821886,70.16259298774973,70.56807115619438
8.089476,1785142338.061,0.01760626584291458,0.07942140102386475,0.3970000147819519,0.017218310196777924,0.07969473800644628,0.3971843958320692,0.46343345962178223,0.5771337951672214,0.44219858321826416,-0.5065633464618471,0.45826152702419265,0.5851405053909502,0.4438760921927919,-0.500580639437778,69.73485277787155,70.31994602221425
8.130546,1785142338.094,0.01717672497034073,0.07899206131696701,0.3970000147819519,0.01721735954158367,0.07966934482480827,0.3971806383743109,0.4498569713090504,0.5809846127613448,0.4536117047425061,-0.5043034864243909,0.45723952389168987,0.5846389232972494,0.4450702267126933,-0.5010407572753394,70.16259298774973,70.29288576745877
8.174955,1785142338.128,0.01717672497034073,0.07942140102386475,0.3970000147819519,0.017216421838701593,0.07966303984097263,0.39717685043631246,0.47189900744717717,0.5792745047366747,0.43945814547427164,-0.49862702825735705,0.4592582011206952,0.5839127240558168,0.444307730565873,-0.5007179604812494,71.6623621648409,70.53675348262367
8.219912,1785142338.194,0.01760626584291458,0.07899206131696701,0.3970000147819519,0.017236462282794157,0.07962281407319391,0.3971697962788517,0.4552178722875629,0.5857851494357,0.4473907453258559,-0.4994736914466607,0.4584492203034397,0.5842896054522424,0.44492699906318356,-0.5004697142367966,71.4073944041592,70.79336042131723
8.261912,1785142338.228,0.01760626584291458,0.07985074073076248,0.3970000147819519,0.017246101498679906,0.07962964348202324,0.39716623964901027,0.45581762851742447,0.5848719536754609,0.4480046961951186,-0.4994465732425444,0.45816861174208845,0.5843522832223759,0.44525600819416256,-0.5003608892330851,70.88948624806059,70.81029513684432
8.307103,1785142338.261,0.01717672497034073,0.07985074073076248,0.3970000147819519,0.017244365644720545,0.07963574766121867,0.3971628587458048,0.4560691693086132,0.5850573133579478,0.44776338174404956,-0.4992161925074787,0.4579654338151101,0.5844209177957856,0.44549920738538235,-0.5002502458692706,69.9257791175914,70.65723789977713
8.353036,1785142338.328,0.016747184097766876,0.08070942014455795,0.3970000147819519,0.01721396405462028,0.07971986648019193,0.3971562745581338,0.45584969315107743,0.5848492736188584,0.44803074695961376,-0.49942049835822006,0.4576452634860396,0.5844862516008531,0.44588305033633435,-0.5001249243150588,70.96339422380278,70.74811205353734
8.396713,1785142338.361,0.01717672497034073,0.07985074073076248,0.3970000147819519,0.01721320308877113,0.0797226537574417,0.3971530980338138,0.46333297774590215,0.5770128620381165,0.44235475769115995,-0.5066566659224884,0.45817555744422445,0.5837966203968779,0.4455584904079867,-0.5007337577987068,71.35185174677369,70.85233573419177
8.439857,1785142338.394,0.01760626584291458,0.07942140102386475,0.3970000147819519,0.017224614378297462,0.07971363819525845,0.39714998648206473,0.4620237567026479,0.5785265896229073,0.4411720716643912,-0.5071570136801917,0.45855947943029,0.583276426548109,0.44512533018882566,-0.5013733683415771,72.34056009319815,71.11119062985662
8.487731,1785142338.461,0.01760626584291458,0.07899206131696701,0.3970000147819519,0.017244576965651043,0.07966483869111649,0.39714392553895383,0.46057246381521005,0.5904991382939646,0.4410267068112982,-0.49465060105942804,0.45891318478121035,0.5845365297776495,0.4444168545048546,-0.5002093497941442,71.12296355719536,71.11467878500395
8.533028,1785142338.494,0.016747184097766876,0.07985074073076248,0.3970000147819519,0.017228253285570573,0.0796696994389887,0.39714100118014317,0.46634556431769286,0.5743637919093042,0.4458552425291274,-0.5038265097174534,0.4597003477409447,0.5834690767331933,0.44457210928993396,-0.5005947127412238,71.39139188170735,71.16231498901728
8.578541,1785142338.528,0.01760626584291458,0.07899206131696701,0.3970000147819519,0.017238964433758608,0.07964667905383191,0.39713805141933933,0.4659583843719871,0.5752776059164312,0.4450722381724786,-0.5038344598899995,0.4604117694401457,0.5825448231165061,0.4446313607365965,-0.5009645543056668,70.16259298774973,70.98484430706696
8.623399,1785142338.594,0.01717672497034073,0.08028008043766022,0.3970000147819519,0.01723619375707813,0.07968810235003108,0.39713255397222796,0.4506936630235355,0.5802553295919995,0.45396396311577175,-0.5040790560841921,0.4585439926439387,0.5821120443178618,0.44643860991527473,-0.5015730677051473,70.3012119015199,70.78359224274851
8.674206,1785142338.628,0.01717672497034073,0.07985074073076248,0.3970000147819519,0.01723482624608808,0.0796919088458429,0.3971297813090742,0.4532265299615576,0.5878036151920756,0.44404533790043166,-0.5018927777872713,0.4579619724433333,0.5827384974597849,0.4461774353042234,-0.5016097802071542,70.66378862905026,70.76248228411298
8.720984,1785142338.694,0.016747184097766876,0.07942140102386475,0.3970000147819519,0.01720710475494401,0.07967811978142508,0.39712461367123947,0.4713426472160432,0.579997513271358,0.4389040971531709,-0.49880074881316466,0.460553878743425,0.5822205890313275,0.444781943948014,-0.5010771725195894,70.52272841741025,70.69209698903819
8.764013,1785142338.728,0.01717672497034073,0.07899206131696701,0.3970000147819519,0.017206425162237266,0.07965424359710864,0.39712200730388464,0.4654507781231082,0.5761087669475756,0.44440081472638054,-0.5039466019939673,0.4610947979231836,0.5815494203349758,0.4447414857669902,-0.5013949240608668,70.67527267633469,70.68913506911805
8.814666,1785142338.761,0.017219992354512215,0.08005187660455704,0.398000031709671,0.017206728757716644,0.07966649630447564,0.3971576518783443,0.4719038779656882,0.5792726142039476,0.43945864558620984,-0.4986241743174948,0.46234334582467884,0.5812918782928509,0.44413665034664573,-0.5010798525397644,70.84597703378505,70.7161068767004
8.8629,1785142338.828,0.01717672497034073,0.07985074073076248,0.3970000147819519,0.01720547619473514,0.0796753385177011,0.3971503610452421,0.45309613818078487,0.5876485109575029,0.4442514144035899,-0.5020097588050441,0.46055595924889203,0.5825294531226548,0.44416328894993823,-0.5012650171257987,69.7577045491355,70.43048324910976
8.909078,1785142338.861,0.01717672497034073,0.07942140102386475,0.3970000147819519,0.017204875644456163,0.07966875673952867,0.3971469314484095,0.46045040006449517,0.5903903017090691,0.44117239271582703,-0.4947642273181367,0.46054683046194744,0.583403380218185,0.4438344825795808,-0.5005477649283492,71.12296355719536,70.55011448667992
8.95329,1785142338.928,0.01717672497034073,0.07985074073076248,0.3970000147819519,0.01720371628577442,0.07967737115402553,0.39714049392073153,0.46957505847024583,0.5811887273067224,0.43646354985497154,-0.5012170162337412,0.4622678708172589,0.5829887718499445,0.4424382805312971,-0.5006804124663565,71.1385893608115,70.72509079632974
8.999134,1785142338.961,0.01717672497034073,0.08028008043766022,0.3970000147819519,0.017203158961890168,0.07969667984876154,0.3971374355610382,0.4717745637386759,0.5791586385953709,0.4396088421398029,-0.49874652706764855,0.4633088947474697,0.5825737263567,0.4421317403894388,-0.5004720227414842,71.27958460417324,70.82077235128997
9.04422,1785142338.994,0.01717672497034073,0.07942140102386475,0.3970000147819519,0.017202614665898296,0.07968891487099948,0.3971344781417445,0.4710686743987481,0.5797564145563874,0.43922251954962555,-0.4990594975565611,0.4641683318486699,0.582264595080555,0.44181190822451066,-0.5003178377546785,70.02731000485026,70.68357581345298
9.088642,1785142339.061,0.01760626584291458,0.07942140102386475,0.3970000147819519,0.01722492388476051,0.07967522245286317,0.39712882376739284,0.47484163366757953,0.576592757003641,0.4430311477452192,-0.4957717394470951,0.4662284248717127,0.5811806897626287,0.4420523209032057,-0.4994495042271702,71.01755731565615,70.78272551551694
9.13938,1785142339.094,0.01717672497034073,0.07942140102386475,0.3970000147819519,0.017223825856863707,0.07966889459873504,0.3971261165163732,0.4688350792012834,0.5818063956809884,0.4360308389943542,-0.5015696301620572,0.46649981755463676,0.5812468809685424,0.4414287771008951,-0.4996705097692276,71.01755731565615,70.8231362332591
9.182728,1785142339.161,0.01760626584291458,0.07899206131696701,0.3970000147819519,0.017243559075230324,0.07962759337416793,0.3971209007196243,0.4741660755630398,0.5771766783598875,0.44266929388887566,-0.49606200317149574,0.46784961222140353,0.5805356378298867,0.4416495763409084,-0.4990398433708726,71.25374634795703,70.95104886296987
9.225666,1785142339.194,0.016747184097766876,0.08028008043766022,0.3970000147819519,0.01722711971907591,0.07965220210006421,0.3971183954871899,0.4690665275866902,0.5807395095415329,0.4370591377940681,-0.5016946529772173,0.4679630819193855,0.5805552739459451,0.44122429906937083,-0.4992867370207242,71.01387560601412,70.96184437198501
9.269292,1785142339.228,0.01760626584291458,0.07899206131696701,0.3970000147819519,0.017237765291381935,0.07963038239381792,0.39711587822334016,0.4708579397409561,0.5808609044501313,0.4381691052955475,-0.49890003550689094,0.4682264486535634,0.5805834733574455,0.4409470389138245,-0.49925197257357595,69.47378564088466,70.69659422230079
9.312825,1785142339.294,0.01760626584291458,0.08070942014455795,0.3970000147819519,0.017255912221287077,0.07971687137889664,0.39711121156308876,0.4723475340907967,0.578452365477421,0.44014841384728143,-0.4985479332016551,0.4688162913424612,0.5802795942284743,0.4408334713782458,-0.4991520089176671,70.33951444560284,70.59168642025567
9.358014,1785142339.328,0.016747184097766876,0.08070942014455795,0.3970000147819519,0.01723824282713218,0.07975573256545483,0.3971088632062573,0.4513806269709524,0.5808555322503571,0.45320507271076843,-0.5034556011394564,0.4669198015844167,0.5803560514467292,0.44219707157682836,-0.4996343686401165,71.10588532697759,70.68259320034755
9.401443,1785142339.361,0.016747184097766876,0.08028008043766022,0.3970000147819519,0.01722279178051009,0.07976954401867467,0.39710663436272675,0.45393049873863894,0.577776165806903,0.45721670256935665,-0.5010735389461002,0.4652790484001158,0.5800410749176339,0.4441162477887118,-0.4998284875618376,70.4571114477742,70.64379400396376
9.451316,1785142339.428,0.01717672497034073,0.07985074073076248,0.3970000147819519,0.017220896891195117,0.07977334074905583,0.3971023034238855,0.46217654654241885,0.5799223496238407,0.45458218465481315,-0.49339431049348825,0.464630063772815,0.5800237596920961,0.44633245638071045,-0.49847635893016706,70.4571114477742,70.58842332032354
9.496448,1785142339.461,0.01717672497034073,0.08028008043766022,0.3970000147819519,0.017219985767771496,0.07978674100964103,0.39710021586728655,0.45299441657860845,0.587598234893811,0.44431707877782495,-0.5021022867948561,0.4631703382876587,0.5809841963111515,0.44608384880652907,-0.4989386747899333,69.42096856070161,70.38591340480936
9.541438,1785142339.494,0.01717672497034073,0.07985074073076248,0.3970000147819519,0.01721909576590699,0.07978828224442389,0.39709817255211066,0.47163946448703037,0.5790662416944214,0.4397302131720591,-0.4988745763134664,0.464252897680837,0.580743451338152,0.44527680972832195,-0.49893371648042134,70.33796469061458,70.37767525784157
9.58767,1785142339.561,0.01717672497034073,0.07985074073076248,0.3970000147819519,0.017217369041862753,0.07979112754066842,0.3970941966827137,0.45236109507254646,0.588537233763102,0.4436543450196819,-0.5021595227459095,0.4616903750805208,0.5824390428380266,0.4449341545526526,-0.4996402276122767,68.15610929653344,69.71046289619628
9.641167,1785142339.594,0.01717672497034073,0.07985074073076248,0.3970000147819519,0.01721653727450715,0.0797924696419489,0.39709227920814755,0.4720324871272833,0.5794126185812235,0.4392737074709757,-0.4985027165923818,0.46298382835319607,0.5820663908112869,0.44423191166619186,-0.49950245247520186,70.05464659940712,69.76974156680652
9.689318,1785142339.661,0.01760626584291458,0.07899206131696701,0.3970000147819519,0.01723785472302621,0.07973500478611366,0.39708854621890005,0.4683001188266252,0.5826656744867386,0.4352846418684452,-0.5017200325234605,0.46407069754041413,0.5821937897094691,0.44241398920830416,-0.49995863935017104,70.18477585275784,69.89300887948204
9.731692,1785142339.695,0.01760626584291458,0.07942140102386475,0.3970000147819519,0.01724787360914528,0.07972687750057797,0.3970866920718534,0.4603272359851025,0.5902804729370766,0.4413193307752501,-0.49487882088808577,0.463632368686097,0.5831494351662113,0.4422875092329289,-0.4993631165278225,69.40646659445945,69.8070062400001
9.775038,1785142339.728,0.01717672497034073,0.07942140102386475,0.3970000147819519,0.017246158269590122,0.07971944169210035,0.3970849294554761,0.4680701460090922,0.5824395246183536,0.4355875679047481,-0.5019342678719991,0.4641416580457152,0.5830703512620871,0.44152275690713416,-0.49965902561527353,70.22976754167034,69.87987091262664
9.819888,1785142339.795,0.01760626584291458,0.07899206131696701,0.3970000147819519,0.017264093521794293,0.07967562335910833,0.39708149660273245,0.4746839569546599,0.5776508747170436,0.44205441329020784,-0.49556281502868144,0.46621348240546995,0.5820154897722314,0.44163243133727814,-0.4988624600826148,70.59566933618366,70.09286922756019
9.864837,1785142339.828,0.01760626584291458,0.07942140102386475,0.3970000147819519,0.017272420916192625,0.07967038889640365,0.3970798403882823,0.4671525493115655,0.573869434665726,0.44611104152752223,-0.5034156396610803,0.4663206341495798,0.5811107340962055,0.44213392979893323,-0.4993725753433551,70.33796469061458,70.13504924698198
9.908564,1785142339.861,0.01717672497034073,0.07942140102386475,0.3970000147819519,0.017269948810697825,0.07966527404411351,0.3970782180146954,0.45600120508424685,0.5849266012827646,0.4478139595084273,-0.499386052811743,0.4651035914012165,0.5815667912145087,0.4428094030298658,-0.4993781625286435,70.59566933618366,70.2144673281625
9.954707,1785142339.928,0.01717672497034073,0.08070942014455795,0.3970000147819519,0.01726547908801287,0.07975183053613705,0.39707505772035273,0.46643970651482447,0.5744408561255602,0.44575398151772383,-0.5037410951681374,0.4653629393634123,0.5802026657979595,0.4433773392350014,-0.5002186884962183,70.32387032126127,70.24690058641706
10.002113,1785142339.961,0.017219992354512215,0.0813431367278099,0.398000031709671,0.017264448947139178,0.07983351871233539,0.39711260427037703,0.45782967768727767,0.5837001592895902,0.44830263637468715,-0.49870919030390376,0.46454863406054503,0.5805844010450547,0.44391318801298396,-0.5000573980692475,69.66452644135921,70.14638362395402
10.051297,1785142339.995,0.01765061356127262,0.07962145656347275,0.398000031709671,0.017275266049939664,0.07982712037838048,0.39714647236235184,0.467211898185107,0.575136430272352,0.4448600904050419,-0.5030214992747957,0.464839329580217,0.5799932012376339,0.44401717008392844,-0.5003808917856432,68.39130622346718,69.83283373767665
10.099921,1785142340.061,0.01717672497034073,0.07985074073076248,0.3970000147819519,0.017270690461905356,0.079828167740205,0.3971390778919839,0.46323244288093346,0.5769250830766586,0.44246923410155187,-0.5067485858422689,0.4645656695338771,0.579469486860504,0.44375353490439917,-0.5014744786606941,68.6985790139397,69.49797490687311
10.15362,1785142340.095,0.01717672497034073,0.08028008043766022,0.3970000147819519,0.017268449659639556,0.07984080447312218,0.39713551017453697,0.4592966018976607,0.5825520299533257,0.4509970965012561,-0.49626745090722796,0.46402264237169344,0.5797917881695593,0.44450592194976646,-0.5009380751042231,70.47358612077043,69.6711238488363
10.205647,1785142340.161,0.01760626584291458,0.07899206131696701,0.3970000147819519,0.01728547814052103,0.07977884200379994,0.39712926899456574,0.46585774371450583,0.5751886997160819,0.4451871300697305,-0.5039275161771081,0.46431942229555273,0.5790513603042976,0.44461671450008783,-0.5014209542849343,70.32387032126127,69.86324279943805
10.253216,1785142340.228,0.01717672497034073,0.07942140102386475,0.3970000147819519,0.017280320017294726,0.07976093162338616,0.397123470591451,0.46419027147169334,0.5765024773368654,0.4426387513312671,-0.5062047227312181,0.46430150932415903,0.5786799907109362,0.4443285174864676,-0.5021212456552465,69.79494435818532,69.84300009096447
10.300409,1785142340.262,0.016747184097766876,0.07942140102386475,0.3970000147819519,0.017262748801951718,0.07975238643459098,0.39712064785830775,0.468225059282714,0.5825673535153688,0.4354145413957878,-0.5017915400033108,0.4646555793244426,0.5790313284154025,0.4435308381708094,-0.5020939243883163,70.59566933618366,69.97633696598814
10.344245,1785142340.295,0.01717672497034073,0.07942140102386475,0.3970000147819519,0.017260922637595693,0.07974452941719784,0.3971180081615223,0.46608409305762866,0.5753886481005074,0.4449286737195867,-0.5037181723323545,0.4647767836897742,0.5787236190526047,0.4436494310110601,-0.5022317159013429,70.32387032126127,70.03619967089935
10.388652,1785142340.362,0.01760626584291458,0.07899206131696701,0.3970000147819519,0.017279460580073732,0.07969980193114361,0.39711298804380274,0.4617912797174575,0.5783038671046659,0.44146643201684505,-0.5073665742547673,0.4643482416506566,0.5786646395611115,0.4433363385066492,-0.5029720035519574,70.10666060917816,70.05708335326395
10.437072,1785142340.395,0.017219992354512215,0.08048229664564133,0.398000031709671,0.017278117687220682,0.07973298693575483,0.3971482203942151,0.45714140633871236,0.5845629573498148,0.44784335802100356,-0.4987426292002461,0.4637176939749195,0.5791854981504366,0.4437343425418155,-0.502603116062561,69.24269697412763,69.916243109368
10.49007,1785142340.462,0.01760626584291458,0.07942140102386475,0.3970000147819519,0.017294661703288795,0.0797187327315025,0.3971411825704771,0.46379546642823904,0.577423071279366,0.44182113041286775,-0.5062316177360044,0.4637293691301287,0.5789344574599923,0.4434615981281355,-0.5031220300854626,68.92572558954002,69.62098950000211
10.533846,1785142340.495,0.01717672497034073,0.07942140102386475,0.3970000147819519,0.01729172700054585,0.07971201427159326,0.39713788754966184,0.4690235449152072,0.5725517742444346,0.44863545051210274,-0.500926753795927,0.46418237370742604,0.5783927647717587,0.4439042689858804,-0.5029369081456754,70.88948624806059,69.84120873497478
10.578438,1785142340.528,0.016747184097766876,0.07985074073076248,0.3970000147819519,0.017273838017115233,0.07971579622012781,0.397134740925712,0.45408075343258925,0.5779241066733735,0.45703396287965453,-0.5009334816743575,0.4631323337448985,0.5783513124924854,0.44528273023138504,-0.5027340160919163,70.32387032126127,69.92444460607007
10.625585,1785142340.595,0.01760626584291458,0.07942140102386475,0.3970000147819519,0.017291220063174333,0.07970240276350218,0.3971288354957007,0.4664418622203458,0.5744822990328506,0.4457041747681011,-0.5037359088457286,0.4636817259712238,0.5777111422510743,0.4453534152317573,-0.502901012785534,70.47358612077043,70.08768731562155
10.672892,1785142340.628,0.01717672497034073,0.08028008043766022,0.3970000147819519,0.017288463457323516,0.07972301155493305,0.3971260301091259,0.46419516805787503,0.5764940522702285,0.44264587967975244,-0.5062035942694502,0.4637263166017053,0.5776067611076428,0.44512054867241146,-0.5031858801311152,69.61042627901891,70.00538798456488
10.721576,1785142340.695,0.01717672497034073,0.07899206131696701,0.3970000147819519,0.01728337409879544,0.07967723164990077,0.3971206867353577,0.46596432855126185,0.5752828568145846,0.4450654510474276,-0.5038289625031213,0.46403429598135887,0.5772876416431342,0.4451132595591511,-0.5032746140267961,71.39139188170735,70.41953133238349
10.765636,1785142340.729,0.01760626584291458,0.07985074073076248,0.3970000147819519,0.017292325493592067,0.07968228879671901,0.3971180572594573,0.45581762851742447,0.5848719536754609,0.4480046961951186,-0.4994465732425444,0.46330831622404317,0.5779637666608579,0.44537237126519186,-0.5029381069857956,69.74970693995044,70.30095627682559
10.815142,1785142340.762,0.016747184097766876,0.08028008043766022,0.3970000147819519,0.017274641734766515,0.07970359598418968,0.39711557635334876,0.4686943059446157,0.581710352009695,0.436158607653303,-0.5017014878488837,0.4638286867430223,0.5783271833184361,0.444489141376347,-0.5028220575787473,68.6985790139397,70.02198523904374
10.863665,1785142340.829,0.01717672497034073,0.07942140102386475,0.3970000147819519,0.017270480559311675,0.079689932849811,0.3971107965962165,0.4711841689325987,0.5798786776117554,0.43905870228323024,-0.498952557011089,0.4650672792116059,0.578591829909234,0.4435802594260398,-0.5021757397729658,69.04615638885132,69.73113502809369
10.922312,1785142340.862,0.018035804852843285,0.07856272161006927,0.3970000147819519,0.01729874090559725,0.07964361757324696,0.39710850079336407,0.46277347972171945,0.5886583003244,0.4441889462239089,-0.49195354656505225,0.46483110843870007,0.5796543013083016,0.44364856255128415,-0.5011076576431589,68.93362687988477,69.59323010427839
10.978181,1785142340.929,0.01717672497034073,0.07985074073076248,0.3970000147819519,0.01729305001944659,0.07965505560842696,0.39710405730557885,0.44676676219997014,0.5945609355011182,0.44985860963802504,-0.4944936657874736,0.4609754406354879,0.5828872312633555,0.44500614471127153,-0.49971356788691274,69.09213231041751,69.44431099401568
11.027614,1785142340.995,0.016747184097766876,0.08070942014455795,0.3970000147819519,0.017261160873588265,0.07973719580144231,0.39709987376055056,0.47486697245995463,0.576609470934503,0.4430074036347056,-0.495749247927,0.463861396657791,0.5815994056473968,0.4446014900933592,-0.4989030477437905,69.04615638885132,69.32730580660089
11.074143,1785142341.029,0.016747184097766876,0.07985074073076248,0.3970000147819519,0.017246143952566052,0.07973965055393431,0.39709776781319134,0.4691065361644769,0.5820487921298434,0.4357092127843873,-0.5013140165632377,0.4645005382838255,0.581657417320189,0.44352531804717527,-0.49919854873746955,70.44073266696581,69.52515114886809
11.116653,1785142341.095,0.01717672497034073,0.07942140102386475,0.3970000147819519,0.017243135053077365,0.07972212117648275,0.39709385317096424,0.47189900744717717,0.5792745047366747,0.43945814547427164,-0.49862702825735705,0.46590624312422785,0.5812090076293595,0.4427567076107074,-0.4990931375345584,68.80824941808827,69.31406047123221
11.166574,1785142341.129,0.01717672497034073,0.07985074073076248,0.3970000147819519,0.017241642453076238,0.07972510123407656,0.3970918809890401,0.47221782316635186,0.5783378433277412,0.4402988806637134,-0.4986707953603565,0.46658059582914724,0.5809042934326143,0.4424957188482535,-0.4990493845985991,70.32387032126127,69.49333850261577
11.218776,1785142341.162,0.016747184097766876,0.07985074073076248,0.3970000147819519,0.017227849990528957,0.07972788139045661,0.3970900074251845,0.4556061971613942,0.5861329276336049,0.4469350192659884,-0.49911949752088697,0.4653437983385944,0.5815002970988491,0.4430013217580535,-0.4990615019638134,70.34769518426926,69.64114254180637
11.27151,1785142341.229,0.01760626584291458,0.07985074073076248,0.3970000147819519,0.01725017902027397,0.07973314992800842,0.39708636199498815,0.4508406024607336,0.5803988897373298,0.4537846833033326,-0.5039437877023705,0.4623243606877574,0.5812868775201531,0.44526926853164406,-0.5000970206258197,69.30238836256879,69.54057371617715
11.328124,1785142341.296,0.01760626584291458,0.07985074073076248,0.3970000147819519,0.017269254172200304,0.07973810607809423,0.3970828670919977,0.47227690902352737,0.5796075161946738,0.43901883858468654,-0.4982691117675036,0.4642770246495225,0.5809648768400789,0.4440513026894348,-0.49974503183182784,68.65558432734677,69.2769504618228
11.376706,1785142341.329,0.01760626584291458,0.07942140102386475,0.3970000147819519,0.01727800279554015,0.07972911376732217,0.39708118132793985,0.45633580647303046,0.585237722800074,0.4474115987462962,-0.4990764479011965,0.463405443442436,0.5814376241658741,0.4444230270831359,-0.4996737507519533,69.86127925176581,69.37780529363098
11.432895,1785142341.396,0.01760626584291458,0.07985074073076248,0.3970000147819519,0.017293798400671103,0.07973445728365372,0.397077898763187,0.4711954529943874,0.5798886071017825,0.4390455877843973,-0.4989419007039015,0.4648390428076916,0.5811572295769778,0.44343871529028395,-0.4995428355744315,69.86127925176581,69.5214680599266
11.48101,1785142341.429,0.016747184097766876,0.08028008043766022,0.3970000147819519,0.017274892920744793,0.07975115690329071,0.3970763151694221,0.47166117536817764,0.5790524954589858,0.4397466506158871,-0.4988555165828471,0.4655315369992081,0.5809457307257665,0.4430660037067752,-0.499474686415606,70.98155315767919,69.77536651708448
11.534723,1785142341.496,0.017219992354512215,0.08005187660455704,0.398000031709671,0.017272475660693794,0.07976522781673435,0.3971441823102071,0.4585397664357819,0.5834161900811711,0.45057722046346915,-0.49633355734586776,0.4643006223268033,0.5813872337748515,0.44439668572254815,-0.4989242449805223,70.32387032126127,69.93842227905927
11.582472,1785142341.529,0.018035804852843285,0.07856272161006927,0.3970000147819519,0.01729951586943518,0.07970794341915619,0.39714037299612526,0.4621353634158766,0.5786372967686799,0.441031004555128,-0.5070517110609184,0.46408527247410414,0.581113700152201,0.4440608238661521,-0.4997416453282322,69.67982808898581,69.89391443044283
11.633619,1785142341.596,0.01717672497034073,0.07942140102386475,0.3970000147819519,0.017293531590487726,0.07969378654511922,0.39713353039542554,0.47940911503825195,0.5711667318959763,0.43380082694253197,-0.5057195935866885,0.4671964756357594,0.5791279135800387,0.44200660359399113,-0.5009675391133249,69.81992851593539,69.87198583251755
11.681211,1785142341.629,0.01717672497034073,0.07942140102386475,0.3970000147819519,0.017290742586066582,0.07968720430242196,0.397130341542089,0.46255623233233367,0.5776642706210897,0.44189841962697807,-0.5070221978468991,0.46668776195242634,0.5789687278452819,0.4419960160260816,-0.5016345949375135,69.74970693995044,69.85096426618951
11.724491,1785142341.696,0.01760626584291458,0.07899206131696701,0.3970000147819519,0.01730655645963045,0.07964549064589067,0.3971244398017458,0.46521900539962524,0.5759043627268429,0.44466567269749535,-0.5041605711791198,0.4664361268885495,0.578443020896429,0.4424556964388951,-0.5020696842054841,70.00049484647217,69.8953054083779
11.772666,1785142341.729,0.01760626584291458,0.07942140102386475,0.3970000147819519,0.017313890958137654,0.07964085339333278,0.3971216529755439,0.467145955555977,0.5738842689303495,0.44608972641896427,-0.5034237360965659,0.46650209461546455,0.578024774038574,0.4427904739443754,-0.5021949347625434,71.27040555478771,70.13425475215212
11.824849,1785142341.796,0.018035804852843285,0.08028008043766022,0.3970000147819519,0.017357509327448787,0.07968524665404501,0.3971163919398978,0.46547829234244953,0.5840819397082195,0.43290281076027076,-0.5047508330854918,0.46633501651098186,0.5790463552459675,0.4411365968504832,-0.5026285644203256,69.34650056558692,69.89974064538765
11.868652,1785142341.829,0.01717672497034073,0.08113875240087509,0.3970000147819519,0.017352207248690705,0.07975779897768201,0.3971138864194087,0.46329637277797,0.5770011201590187,0.44236775351519375,-0.506692163898293,0.4660647407962814,0.5788647779361931,0.4412469078766998,-0.5029914438045922,69.48631024997074,69.82848759993932
11.915806,1785142341.863,0.01760626584291458,0.07985074073076248,0.3970000147819519,0.01735787462508377,0.07975987562465202,0.3971113872567721,0.4724279932520621,0.5797406271482436,0.4388430456272119,-0.49812586534953557,0.46667312774247505,0.5789500876326444,0.4410189592263876,-0.5025288702911335,68.30092418321846,69.55610700097637
11.96556,1785142341.929,0.01765061356127262,0.08048229664564133,0.398000031709671,0.01737050663789915,0.07980249034573836,0.39717478895733915,0.46579158303132767,0.5843572957773759,0.43253304833526174,-0.5044600223473887,0.4665328141220279,0.5798355669836823,0.43963905003815995,-0.5028472474714735,67.89737813997527,69.06483085485925
12.013902,1785142341.963,0.01760626584291458,0.07985074073076248,0.3970000147819519,0.01737556408004233,0.07980372803178779,0.3971699501604688,0.4458192299496559,0.5844108370868245,0.4496610900978075,-0.507458463083063,0.46401435563245486,0.5804128006790591,0.44087799111109793,-0.503426514526928,69.09420035409275,69.07000161294928
12.06318,1785142342.029,0.01717672497034073,0.07942140102386475,0.3970000147819519,0.01736492611289253,0.07978069880204003,0.3971616691060715,0.4660726203388985,0.575405840371705,0.44490610131086994,-0.5037290863677887,0.4643983633115837,0.5794845568408773,0.44162789794767804,-0.5034844667820148,68.79290857954453,68.98863278872602
12.10952,1785142342.063,0.018035804852843285,0.07942140102386475,0.3970000147819519,0.017386970198047677,0.07976990665871411,0.3971576486946878,0.4562065848945072,0.5851620304625405,0.4475098162371053,-0.4991952667797242,0.46347286830477513,0.5801328924566628,0.442298364394127,-0.5030018730476963,68.65031889638514,68.92890745257388
12.153526,1785142342.13,0.016747184097766876,0.08070942014455795,0.3970000147819519,0.017343676270248767,0.0798368582658334,0.39715045157686546,0.4545506867954003,0.5769159339433235,0.457741102339913,-0.5010237135353715,0.4616570076761561,0.5794893533385098,0.4454749972190368,-0.5026101108050977,68.6672040424665,68.85124789792893
12.201652,1785142342.163,0.018035804852843285,0.07985074073076248,0.3970000147819519,0.017367797066834327,0.07983719867754864,0.3971470581418424,0.4563370161042832,0.5852276929447887,0.4474204047977044,-0.4990792086575212,0.461056359219974,0.5801414266148844,0.44569703137107536,-0.5022122210530919,68.77648815808033,68.83840035961192
12.243658,1785142342.196,0.01717672497034073,0.07985074073076248,0.3970000147819519,0.01736285701637518,0.07983752099125803,0.39714379781009657,0.45327202083286317,0.5786247479203862,0.45671400629221376,-0.5011488727720314,0.4601126416966615,0.5799624178184148,0.44704354182926287,-0.5020876642359241,68.79290857954453,68.83058455168347
12.294287,1785142342.263,0.01760626584291458,0.08028008043766022,0.3970000147819519,0.017374402154793057,0.07985974439297533,0.3971376232630501,0.4691677126072598,0.5808537427874246,0.4369069676852029,-0.5016003274768001,0.46199626393826915,0.5801559895742647,0.4449496297642446,-0.501994329490731,68.68170158128123,68.78643559733379
12.339759,1785142342.296,0.01717672497034073,0.07899206131696701,0.3970000147819519,0.017369230483798976,0.07982306686921613,0.3971346787281277,0.45497835016692595,0.5870481498512468,0.44621309118414376,-0.49926250399113803,0.46117822204331244,0.5809650208168958,0.44509978993053706,-0.501677654579098,69.30238836256879,68.87543618479168
12.383368,1785142342.363,0.01717672497034073,0.07985074073076248,0.3970000147819519,0.01735991409387127,0.07982422218911495,0.3971290386200475,0.46656186950333756,0.574555193689652,0.44560856382186814,-0.503626209781033,0.46220069876149233,0.5797540803878134,0.4451987026488863,-0.5020496344962494,68.79290857954453,68.85097415605475
12.43307,1785142342.396,0.01717672497034073,0.07985074073076248,0.3970000147819519,0.017355566822216294,0.07982477611490323,0.39712633611156145,0.46313578370676484,0.5781692681756786,0.44123748725399164,-0.5064928657239947,0.4622959575406388,0.5795950350670555,0.44479940189787787,-0.5024992885950117,68.77648815808033,68.83817393006194
12.477677,1785142342.43,0.01717672497034073,0.07899206131696701,0.3970000147819519,0.017351307605970444,0.07979208266183425,0.3971236262106591,0.4576467014582159,0.5840201036431738,0.45026984468086995,-0.4967263654730805,0.4617937006007645,0.5800782250590015,0.44539536729284973,-0.5018752810130394,68.9168070094721,68.8520245632009
12.52609,1785142342.496,0.01765061356127262,0.07919103652238846,0.398000031709671,0.017366847370397193,0.07975757997971708,0.39718669062674233,0.45939976631120977,0.5826971888195948,0.45081312025186426,-0.4961686925469254,0.4613790578067158,0.5805376613890335,0.446341741490473,-0.5008836576786978,69.20268277697275,68.95503938752941
12.571686,1785142342.53,0.01717672497034073,0.07985074073076248,0.3970000147819519,0.017361992907856297,0.0797600916214591,0.39718157552229255,0.4510190012647372,0.5805707508107011,0.4535690624974803,-0.5037802788383193,0.46025637089289234,0.580545983674838,0.4471311954250989,-0.5012026815263871,69.17072297195578,68.99307473368732
12.620111,1785142342.597,0.01717672497034073,0.07899206131696701,0.3970000147819519,0.017353371024894208,0.07971303624254651,0.3971726762759763,0.47145119950011316,0.5801199682400648,0.43874188711581485,-0.4986984514003471,0.46239068873159833,0.5804740669430258,0.4455440777815961,-0.5007346436334207,69.77874685476323,69.22697129390964
12.663085,1785142342.63,0.01760626584291458,0.07856272161006927,0.3970000147819519,0.01736008359205062,0.0796693762861519,0.3971685328398227,0.46508870580833667,0.5758105297761634,0.4447847532703211,-0.5042829094731249,0.46266610946898834,0.5800006611725887,0.44546767398500386,-0.5010966529748331,69.78802499427086,69.32379174002207
12.718512,1785142342.663,0.01717672497034073,0.07985074073076248,0.3970000147819519,0.017355682269500492,0.07967517493317866,0.3971645951482519,0.45619171018770394,0.585148695768091,0.44752725209143723,-0.4992088601301133,0.46199360932420647,0.5805387609312173,0.44568371075447916,-0.5009018686011834,69.35773607227048,69.32962299457859
12.764813,1785142342.73,0.01760626584291458,0.07899206131696701,0.3970000147819519,0.017368198355494857,0.07963864351179126,0.39715725864952167,0.4544080364362246,0.5865266466726379,0.446893824778247,-0.49978569261253875,0.4606543566377751,0.5816025537087307,0.4459009948741656,-0.5007078349700049,68.77648815808033,69.16519095316167
12.813294,1785142342.763,0.01765061356127262,0.07919103652238846,0.398000031709671,0.017375345803084984,0.07962887287709916,0.39719002802474923,0.45881618430534404,0.5836068133837856,0.4502135506001354,-0.4961839933407031,0.4604791204330841,0.5817958050369372,0.4463151913700461,-0.5002752950515491,68.35913401925684,69.0258014447213
12.860859,1785142342.83,0.01717672497034073,0.07985074073076248,0.3970000147819519,0.017365480397304314,0.07964229627799611,0.39718078203221585,0.4594254360932249,0.5827802195359509,0.450821058293144,-0.4960401775941426,0.460313941415252,0.5819528382720472,0.44702802173123096,-0.4996077633033002,68.50945423482162,68.87233847021297
12.91112,1785142342.863,0.01717672497034073,0.07942140102386475,0.3970000147819519,0.017360897689970928,0.07963777354976945,0.3971764717181972,0.4562060472696287,0.5757965019246546,0.46036310574246553,-0.4983976742292283,0.4599014852658306,0.5813335540905843,0.4483876790933226,-0.4994901520310449,69.18592831707885,68.9263382966376
12.95638,1785142342.93,0.01765061356127262,0.07876061648130417,0.398000031709671,0.017375691991722036,0.07958274233131227,0.3972332524840664,0.4654987893033534,0.5761787157105538,0.44430976894002183,-0.50390256393842,0.4608766160949753,0.5804422847601198,0.4476825326512293,-0.5002597812719685,68.79290857954453,68.88677575420041
13.001511,1785142342.963,0.01760626584291458,0.07985074073076248,0.3970000147819519,0.017381218418357325,0.07959158647037656,0.3972266174546331,0.4632981991327122,0.5770359403299075,0.4423239516338868,-0.5066890802641673,0.46111736990857877,0.580108408194246,0.4471554940715206,-0.5008961669174434,68.79290857954453,68.87064223125907
13.050978,1785142343.03,0.01760626584291458,0.07942140102386475,0.3970000147819519,0.01739143543152697,0.07958421915376236,0.39721494505838967,0.4586863521782303,0.5834890042146641,0.4503662240138986,-0.49630401625764714,0.46072239475659127,0.5806617267604596,0.447680664559783,-0.500148834472924,69.03048799249102,68.91804458367274
13.095644,1785142343.064,0.01717672497034073,0.07942140102386475,0.3970000147819519,0.017385469386115203,0.07958060825086935,0.3972094028793496,0.4686708132040011,0.5816963693212488,0.43617925035796684,-0.5017217000751909,0.46155577339379744,0.5807750478969316,0.4464851196257343,-0.5003175489026584,68.89363730401597,68.91374740882863
13.145318,1785142343.097,0.018035804852843285,0.07899206131696701,0.3970000147819519,0.017406532319289902,0.07956405433750689,0.39720432794843835,0.46666089588002185,0.5746760841253195,0.4454542868153503,-0.5035330028396069,0.4620873122687151,0.5801439634427746,0.44637966486365005,-0.5006530658224305,70.32387032126127,69.15885285475824
13.194665,1785142343.164,0.01717672497034073,0.07985074073076248,0.3970000147819519,0.017394370167951347,0.07958087756572985,0.397194977168887,0.4663268982718806,0.5743743398824266,0.44584132864851517,-0.503844074393736,0.462817069331055,0.5791561482947214,0.4462892180850517,-0.5012030028334521,69.9316188992196,69.38889334291082
13.246392,1785142343.197,0.01717672497034073,0.07942140102386475,0.3970000147819519,0.017388780933035978,0.0795774839767725,0.3971905702049729,0.4639070695314943,0.5775536583188973,0.4416520359447535,-0.506127930218254,0.462920080263899,0.5790073502331905,0.44585605281394747,-0.5016650952912424,68.89363730401597,69.3034792771209
13.290597,1785142343.264,0.018035804852843285,0.07856272161006927,0.3970000147819519,0.01742886662249256,0.07950624367342608,0.39718227453901356,0.4552400528186148,0.5857978558845746,0.4472603959678941,-0.49955530679733817,0.46164707899975177,0.5801405463733071,0.4460929289793808,-0.5013182817524958,69.03048799249102,69.22246753220323
13.333942,1785142343.297,0.01760626584291458,0.07899206131696701,0.3970000147819519,0.017432555265134465,0.07949365493400692,0.3971783286283072,0.466171528647151,0.5754931955007705,0.4447931002722704,-0.5036375539624428,0.4620593918867426,0.5797191745639925,0.44597565087559143,-0.5015301744044813,68.90964707641682,69.16860072427109
13.386744,1785142343.33,0.01760626584291458,0.07985074073076248,0.3970000147819519,0.017436152909270804,0.07950594750034717,0.39717450903094714,0.4629007604096,0.5779645059406323,0.4415056655285604,-0.5067076703496778,0.4621380731720723,0.5795583565681801,0.44556378503339716,-0.502009388481438,68.31476681068919,69.02088995368263
13.433295,1785142343.397,0.01760626584291458,0.07899206131696701,0.3970000147819519,0.01744311755407736,0.07948019793168076,0.3971671952608484,0.45834491475209793,0.5831791306070376,0.4507674072028471,-0.49661935659913065,0.46152997850435,0.5801445808464606,0.44640409371201645,-0.5011444196770146,68.93362687988477,68.9950235339658
13.478938,1785142343.431,0.01678936928510666,0.07962145656347275,0.398000031709671,0.017418466363981443,0.07948442273732415,0.39720137225184843,0.4552659666696409,0.5857576583085221,0.4473049901126191,-0.49953889853105926,0.46094625306637216,0.5806707670841943,0.44648965543685765,-0.5009960075946728,68.15610929653344,68.84629881892079
13.521606,1785142343.497,0.018081236630678177,0.07919103652238846,0.398000031709671,0.01745868403298831,0.07947196822243827,0.3972542306212887,0.44741252108007556,0.5949220596417741,0.4516401838269919,-0.4918444096308113,0.45838295629147335,0.5834108198342344,0.44748899920332297,-0.49926994329104574,68.70562649523129,68.80502661818804
13.569634,1785142343.531,0.017219992354512215,0.07919103652238846,0.398000031709671,0.017451598191273267,0.07946576528253038,0.3972786456596519,0.4589921982133806,0.5837364524816293,0.4500506258362758,-0.49601648179046204,0.4584452122503407,0.5834443670657101,0.4477495713331516,-0.49893985536837215,68.54691856646436,68.75949302083639
13.613129,1785142343.564,0.01765061356127262,0.07876061648130417,0.398000031709671,0.017455997756532195,0.0794445624984061,0.39730017922331834,0.4553157663690738,0.5858656414719354,0.4471716000631076,-0.49948629924695714,0.4581528707696301,0.5836712014432547,0.4476958300285512,-0.498991301914553,68.10635319317964,68.64669351348532
13.663656,1785142343.631,0.01765061356127262,0.07919103652238846,0.398000031709671,0.01746433770693273,0.07943400479096198,0.3973375651634976,0.46680634465602344,0.5748109973788835,0.4452821532469606,-0.5033964221971838,0.45965841514893885,0.5821431603419441,0.447283258443441,-0.49976111189855243,68.65340674028023,68.64868242421777
13.7063,1785142343.664,0.017219992354512215,0.07919103652238846,0.398000031709671,0.01745746601452019,0.07942894040706935,0.39735471968073444,0.46624988486845714,0.5755623946854475,0.44470355287703633,-0.5035650154077868,0.46032185220373634,0.5814858684946653,0.4470266619743695,-0.5001451195490956,68.68170158128123,68.65435458312528
13.752951,1785142343.731,0.01760626584291458,0.07899206131696701,0.3970000147819519,0.017463840740946555,0.07940864656991528,0.39733121449048314,0.47185632110803666,0.5791956081634249,0.43948209284118966,-0.49873795703406987,0.46243998108978424,0.5810752182878918,0.44565224750124854,-0.49989491783618367,68.9557597749396,68.74381485679487
13.80604,1785142343.764,0.01717672497034073,0.07985074073076248,0.3970000147819519,0.01745577105812692,0.0794242419662079,0.3973207852485702,0.4663268982718806,0.5743743398824266,0.44584132864851517,-0.503844074393736,0.46283851671158954,0.5803929397214892,0.44567310192068194,-0.500299939230519,68.84632067297746,68.76143433082544
13.859106,1785142343.831,0.01717672497034073,0.07942140102386475,0.3970000147819519,0.017441527013635452,0.07942410994935925,0.3973029351068989,0.45668282561644874,0.585559918958214,0.4469941650972217,-0.4987550445515951,0.4617899751603872,0.5812777800853829,0.4459007788157738,-0.5000386551776418,67.96458631980316,68.52419337768278
13.906405,1785142343.864,0.017219992354512215,0.07962145656347275,0.398000031709671,0.01743621417158103,0.07942944019074225,0.39732680135544074,0.45557571487367243,0.586046384054162,0.446931074283103,-0.499252459778152,0.46120242098574493,0.5817311778198931,0.44599960499187113,-0.49996551478703244,67.45788636622464,68.33938736511776
13.951362,1785142343.931,0.01765061356127262,0.07876061648130417,0.398000031709671,0.017446937081464012,0.07938914630107244,0.3973667747093902,0.4588116211820433,0.5836136860338094,0.4502090668248687,-0.49618419754262266,0.46082883231287036,0.5820279185285651,0.4466608121695354,-0.49937401637901957,68.39519473698202,68.35592612934695
13.998008,1785142343.964,0.018081236630678177,0.07919103652238846,0.398000031709671,0.017467990716622882,0.07938506319354255,0.39738480823033623,0.4555474631375052,0.5860616531477154,0.44691024742310925,-0.49927895838595626,0.46037685908346465,0.5823747398496602,0.4466829705945446,-0.499366732758919,67.72567355948557,68.2470995714203
14.042661,1785142343.998,0.017219992354512215,0.07962145656347275,0.398000031709671,0.017461031829373794,0.07939220359633752,0.3974019403814014,0.4661567324418688,0.575480127997035,0.4448100070794521,-0.5036512490619021,0.4609318786776263,0.5817177085306675,0.4465057669929008,-0.4997788619405834,68.7200548892456,68.33068518908706
14.090112,1785142344.064,0.01760626584291458,0.07856272161006927,0.3970000147819519,0.017467338602404268,0.07934008606912915,0.39737623912287195,0.463021711003459,0.5780832024024661,0.4413542855514514,-0.506593624974601,0.46127187220806315,0.5811348880073591,0.4456773721379957,-0.5008814049398449,68.51277184141799,68.38412100135218
14.137282,1785142344.098,0.018035804852843285,0.07985074073076248,0.3970000147819519,0.017485248915325234,0.0793592531111297,0.3973643057594109,0.46425261881738084,0.5871385890948526,0.445012483983215,-0.49163164281400623,0.4615717361498592,0.5817368176346112,0.44561370740849504,-0.4999622297390235,68.9557597749396,68.48523318565874
14.183127,1785142344.131,0.01678936928510666,0.08048229664564133,0.398000031709671,0.017459350387540595,0.07941124308137477,0.39738470720827584,0.46392728485512974,0.5775647920822773,0.44163550069182195,-0.5061111240059705,0.4618095571765513,0.5813204361489093,0.4452162927019397,-0.5005805990335426,67.28752105113163,68.27742258363182
14.226108,1785142344.198,0.017219992354512215,0.08048229664564133,0.398000031709671,0.017447590051261414,0.07949225560469246,0.3974194518170477,0.4564298397581899,0.5853109055400855,0.44731154140561463,-0.4989943187647444,0.4609201314171896,0.5819834833980018,0.44556493521914314,-0.5003196438372666,69.77874685476323,68.72633303790289
14.278248,1785142344.231,0.017219992354512215,0.07962145656347275,0.398000031709671,0.01744211682486251,0.07949517329860445,0.39743525130623714,0.45970607670481617,0.5829862366127387,0.45044358875455043,-0.4958809779682044,0.46081145530621104,0.582075061771024,0.44600598458160756,-0.4999200804530873,69.61686847438025,68.88044583244051
14.331722,1785142344.298,0.01760626584291458,0.07942140102386475,0.3970000147819519,0.01745006691419683,0.07949146473219697,0.3974071651832181,0.4605710080782387,0.5904978403691944,0.44102844462239743,-0.4946519565018029,0.46077601866530715,0.5834577226663327,0.44519556074233796,-0.499062580423819,68.5313012736008,68.77678662887271
14.523303,1785142344.331,0.01717672497034073,0.07856272161006927,0.3970000147819519,0.017443032513214156,0.07945259047005329,0.3973946542703095,0.46123435741597757,0.591111751961065,0.44021427229511734,-0.49402546361525806,0.46082207086696286,0.5841932265057437,0.44472078165698403,-0.4985827107603048,68.480656701764,68.72580147621481
14.568952,1785142344.531,0.01760626584291458,0.07942140102386475,0.3970000147819519,0.01746313733049013,0.07944907051905664,0.39734165875868344,0.45923997815807654,0.5826034581954387,0.45093784439421636,-0.49631332185745586,0.46036976294974524,0.5837393298658415,0.44650946904728966,-0.4979330980970045,68.1154176210949,68.38539190215941
14.614505,1785142344.565,0.01717672497034073,0.07942140102386475,0.3970000147819519,0.0174551220645397,0.07944848602141132,0.3973331670546495,0.45905525076766146,0.5823841261718666,0.45121747842089605,-0.49648745552446644,0.46028198143928606,0.5836489260169336,0.4468256882002412,-0.4978365525812517,69.08484024598258,68.5092463858469
14.659699,1785142344.631,0.01760626584291458,0.07899206131696701,0.3970000147819519,0.0174619206461957,0.0794236350608579,0.397318172126514,0.4554716894036758,0.5859938251677533,0.4469991805443075,-0.49934808461607577,0.45972435848411203,0.5839220365477942,0.4468465357985478,-0.49801279390702946,68.7583336780779,68.58237622442935
14.706026,1785142344.665,0.01760626584291458,0.07942140102386475,0.3970000147819519,0.01746526969199917,0.07942358265774041,0.39731078634892836,0.460546490624951,0.5905159868826056,0.4410033321866587,-0.4946755100157754,0.4597869694629657,0.5844146501695903,0.4464129789269324,-0.4977659205136479,68.79457012563937,68.61979530362954
14.755565,1785142344.731,0.01717672497034073,0.08028008043766022,0.3970000147819519,0.01745048340816011,0.07948462999022413,0.39729747029790247,0.470227336638678,0.5712951758442635,0.4494583095798729,-0.5004950568031323,0.4614339943862108,0.5823678751681932,0.4468995483710866,-0.4982038944675051,68.9168070094721,68.70702137776874
14.801473,1785142344.765,0.01717672497034073,0.08028008043766022,0.3970000147819519,0.017443367474973583,0.07951252075096961,0.3972908501181179,0.4671374687138342,0.5750976153434482,0.44490994159949177,-0.5030909083017182,0.4619842115842854,0.5816722644290659,0.44671059853842027,-0.4986758528285236,68.09959278609884,68.59954573692782
14.846699,1785142344.798,0.01717672497034073,0.07985074073076248,0.3970000147819519,0.01743686027961554,0.07952028852439476,0.39728462853774155,0.46551527753997907,0.5749007033480716,0.445554612035418,-0.5042477519639894,0.46233472841127266,0.5810059979115995,0.44659826098788713,-0.4992280266353405,68.9168070094721,68.65417996145017
14.902193,1785142344.865,0.01717672497034073,0.07985074073076248,0.3970000147819519,0.017424895291378698,0.07953483833586848,0.39727271037159795,0.4633169211859142,0.5770255650082483,0.4423378369439168,-0.5066716548984106,0.46250435931114503,0.5803341802797218,0.44587807049163075,-0.5004944585826209,69.53014790634664,68.91510314264946
14.996618,1785142344.932,0.01760626584291458,0.07856272161006927,0.3970000147819519,0.017434152377757584,0.07945681828042728,0.3972614105669571,0.46520854736911554,0.5759227710464079,0.4446414791757799,-0.5041705309132205,0.4629188688339547,0.5796615938204722,0.4456902999232926,-0.5010575955728914,68.81455745446209,68.88529744313779
15.045482,1785142344.998,0.01760626584291458,0.07899206131696701,0.3970000147819519,0.017442286920187993,0.07943171309102488,0.39725081263934153,0.47149596325368337,0.5789459346124779,0.439890586513815,-0.4990084501566056,0.46421036954868855,0.579558248858253,0.4448224236034259,-0.5007534128125335,68.98745798108635,68.91526330668846
15.093481,1785142345.065,0.01760626584291458,0.07899206131696701,0.3970000147819519,0.017449784182665577,0.07940947889849663,0.39724055128646757,0.4554716894036758,0.5859938251677533,0.4469991805443075,-0.49934808461607577,0.4628793883122711,0.5805458686365778,0.4451584783388157,-0.5005428008150045,68.83104636273194,68.89030044532888
15.135502,1785142345.098,0.01760626584291458,0.07942140102386475,0.3970000147819519,0.017453318240450762,0.07940977471663106,0.39723561219504133,0.4523941681118843,0.588548243201552,0.4435207499039145,-0.5022348320132648,0.46187791825359215,0.5813174603802476,0.4450049553708199,-0.5007088860627521,68.33540720644044,68.7945501102812
15.180745,1785142345.132,0.01717672497034073,0.07899206131696701,0.3970000147819519,0.017445562123237196,0.07939884772764672,0.3972306404353215,0.45538960638923814,0.5858911656253867,0.44713896148840054,-0.49941825913141713,0.4612249810462294,0.5817805723774964,0.44522158038095466,-0.5005802900895151,68.57836725597376,68.75642654039746
15.228831,1785142345.198,0.01760626584291458,0.07899206131696701,0.3970000147819519,0.017452778641435872,0.07937984092045684,0.39722140057140287,0.457741463258699,0.5841059997314688,0.45015841163530346,-0.4966390422887298,0.4606608091391098,0.5821606635642005,0.44602541824861813,-0.4999419036227466,68.81455745446209,68.77347274688006
15.271219,1785142345.232,0.01760626584291458,0.07942140102386475,0.3970000147819519,0.01745633469845902,0.07938095941673548,0.39721674595248885,0.4583498147618431,0.583172554980514,0.45077149279736434,-0.49661884751438845,0.4604513225863526,0.5822536836240143,0.4464579380844251,-0.49964040764949,70.18026007170454,69.02406713182316
15.316978,1785142345.265,0.01717672497034073,0.07942140102386475,0.3970000147819519,0.017448689435998543,0.0793819763508786,0.3972123244391286,0.4621259320785475,0.5786222801332953,0.44104863311826886,-0.5070621096654598,0.460613313809163,0.5819092571154421,0.44594305907187454,-0.5003516560287521,69.38334054254577,69.08595997142447
15.371324,1785142345.332,0.01760626584291458,0.07899206131696701,0.3970000147819519,0.01745584188049091,0.07936310807121595,0.3972037223389673,0.47366115056515307,0.5778992330335457,0.442053421677029,-0.4962523181690599,0.4629596174087833,0.581199777695557,0.44525297668990627,-0.4996248570719093,68.52892879535905,68.9203671137897
15.420344,1785142345.365,0.01760626584291458,0.07942140102386475,0.3970000147819519,0.01745921786168504,0.07936460901653877,0.3971995739613764,0.46572024945868634,0.5750945775751792,0.44530837288460234,-0.5040548870179049,0.463234514016851,0.5805964603815531,0.4452597485308375,-0.5000652872918084,68.98745798108635,68.93189584523671
15.46708,1785142345.432,0.01760626584291458,0.07899206131696701,0.3970000147819519,0.01746558705955962,0.07934688724503206,0.3971914984629588,0.4614320083909185,0.5805751311687691,0.45421478809178983,-0.4936617718432532,0.46292439842234473,0.5805979421932737,0.44682503822180436,-0.4989533205464509,68.52892879535905,68.8122158219553
15.515867,1785142345.465,0.01760626584291458,0.07942140102386475,0.3970000147819519,0.017468619512823087,0.07934883199532404,0.39718760309486584,0.46560324976602235,0.5749848155755692,0.44544807303374795,-0.5041647447961513,0.4631857250022741,0.5800549736678159,0.4466927450949752,-0.49946051210967896,69.06050160965354,68.85494691320064
15.560394,1785142345.532,0.01760626584291458,0.08028008043766022,0.3970000147819519,0.017474414326461126,0.07941998713313964,0.3971800174680077,0.4673664321021272,0.5740735205470547,0.44584423123528566,-0.5032207593343653,0.46387521257130293,0.5790743191858698,0.4465553368716823,-0.5000810445645467,68.25359648094374,68.6761271247428
15.606462,1785142345.565,0.01717672497034073,0.07942140102386475,0.3970000147819519,0.0174659546826648,0.07942001850231854,0.39717635789322275,0.46356106374436434,0.5772451802254088,0.4420531714973842,-0.5064465772969868,0.46384760541580533,0.578907892309079,0.4461430791089722,-0.5006669593007395,68.81455745446209,68.69992894179933
15.659753,1785142345.599,0.01717672497034073,0.07985074073076248,0.3970000147819519,0.017457915175351082,0.07943223865825241,0.3971726669144982,0.4663268982718806,0.5743743398824266,0.44584132864851517,-0.503844074393736,0.46407993236023315,0.5784852959112884,0.4461155879894549,-0.5009645306284402,68.78053180897832,68.71412671734812
15.707238,1785142345.665,0.017219992354512215,0.08005187660455704,0.398000031709671,0.01744663009372724,0.07946710928359363,0.3972327344456314,0.44799820613700003,0.5938026293313846,0.45248396556118775,-0.49188850932623523,0.4609378783554923,0.5815276994462004,0.4473905187334315,-0.49920289544570773,67.05749907954636,68.22348693203422
15.757075,1785142345.732,0.01765061356127262,0.07919103652238846,0.398000031709671,0.01745674644780852,0.07945119536705608,0.3972818566990393,0.4585164041401625,0.5833347767272181,0.4505659685690478,-0.49646102904701156,0.4605239075077511,0.5818383902162156,0.4479353837180581,-0.4987341078147266,68.9636084432297,68.44375450219927
15.801808,1785142345.766,0.01760626584291458,0.07942140102386475,0.3970000147819519,0.017460336098077487,0.07945049018584134,0.39727298899248986,0.46080722797763984,0.5907197582139155,0.44073565396788594,-0.4944279009327411,0.4605568673888597,0.5827744337989876,0.4471830242410285,-0.4982857353385478,67.85124259142715,68.33892908861397
15.849524,1785142345.799,0.018035804852843285,0.07899206131696701,0.3970000147819519,0.017478507123386267,0.07943613989041659,0.3972651216489017,0.46767629847858455,0.5849176456552021,0.4480202846599294,-0.4882909503316453,0.4613500632069944,0.5830166285378476,0.4472793264468842,-0.4971809873280408,68.08354782455031,68.29497330083561
15.894799,1785142345.866,0.01765061356127262,0.08005187660455704,0.398000031709671,0.017485874050748,0.07947372379175406,0.3973109786605038,0.45811211174571903,0.5920466456196334,0.43824956464508014,-0.4975453562950977,0.4607300615514348,0.5847710234408107,0.44553893994727206,-0.4972581960284406,67.42696202345394,68.03642931670753
15.942199,1785142345.899,0.01717672497034073,0.08070942014455795,0.3970000147819519,0.017476901146983276,0.07952611006783654,0.39730123710824894,0.4560948053456682,0.5850506998544177,0.4476510433914349,-0.49930126225267335,0.4602591921078651,0.5848002793491268,0.44575440094333324,-0.49746670581361385,68.9557597749396,68.1955569044033
15.989897,1785142345.966,0.017219992354512215,0.07962145656347275,0.398000031709671,0.017463838046577786,0.07953056137074169,0.39734249410137035,0.47189457736972307,0.5792910881543165,0.4394339629926602,-0.49863326724417806,0.46242550686331296,0.5837871187329391,0.4445885263495776,-0.4976909611817482,68.51277184141799,68.28971885542083
16.034147,1785142345.999,0.01717672497034073,0.08028008043766022,0.3970000147819519,0.01745646712875423,0.07955390351851156,0.3973312670157148,0.46416763642378983,0.587010838375331,0.445177352585078,-0.4917151672177547,0.46260156967662713,0.584112305761613,0.4446486788484317,-0.4970916961576776,68.36200346868864,68.30214041201268
16.080094,1785142346.032,0.01760626584291458,0.07942140102386475,0.3970000147819519,0.01746017123839131,0.07955006724267405,0.39732110978776997,0.4661680950486306,0.5754901630762896,0.4447970237309727,-0.5036407321109214,0.46298850019063925,0.5831875244931114,0.4446674290576041,-0.4977999974910804,67.28504783883152,68.1259389834173
16.126734,1785142346.099,0.017219992354512215,0.08048229664564133,0.398000031709671,0.01744876092288697,0.07960992726549318,0.39736180001379284,0.4614819867855189,0.5898306685421791,0.44133462776662746,-0.4943257070532226,0.46272330377538723,0.5843702756750663,0.44407780030496885,-0.4971855109784858,67.69443930059897,67.99775976912596
16.175027,1785142346.133,0.01760626584291458,0.08028008043766022,0.3970000147819519,0.017452850076020713,0.07962816712404056,0.39734975926489113,0.45645127307658556,0.5853412314802561,0.44727617152058347,-0.4989708452663654,0.4621015183833477,0.5844681080555594,0.4443965079491085,-0.4973640126671786,67.96458631980316,67.99191870085204
16.222433,1785142346.199,0.01765061356127262,0.08005187660455704,0.398000031709671,0.017462332491844777,0.07964530078239015,0.3973867864312227,0.46609378277056296,0.5753908186906609,0.444923848052544,-0.5037109894207541,0.46279039489689805,0.5829179250155878,0.4444912833479447,-0.4984568608359121,67.96458631980316,67.98390527319714
16.27974,1785142346.233,0.017219992354512215,0.08048229664564133,0.398000031709671,0.017455935378751786,0.07967060069869653,0.39740429498285773,0.46051516291631445,0.5809302950177494,0.4519770073717598,-0.496147721814803,0.4625661143801974,0.5827225575078517,0.4452353837606686,-0.49822932856888774,67.74201824223424,67.94123886570551
16.333283,1785142346.299,0.018081236630678177,0.07919103652238846,0.398000031709671,0.017494266793269393,0.0796369029320448,0.3974340019297259,0.4556498524419871,0.5861127500805424,0.4468440372387558,-0.4991847979924753,0.46145167972658413,0.5832722698334435,0.44549694091299585,-0.49838567611641826,67.55555042864103,67.82790728427733
16.380961,1785142346.333,0.01678936928510666,0.08005187660455704,0.398000031709671,0.01746727172781278,0.07964738968650144,0.3974483661466991,0.46738816523789956,0.5740660200339561,0.4458542026055995,-0.5032002957638722,0.46205233420358094,0.5823492066112499,0.445535798689148,-0.498873625382915,68.7200548892456,67.98613893733469
16.424623,1785142346.399,0.017219992354512215,0.07962145656347275,0.398000031709671,0.01745528702982482,0.07964612981122285,0.39747357501734054,0.4587456033409025,0.583542769910476,0.45029655723441514,-0.4962492495142274,0.46152657564637006,0.5825410823114121,0.4462958612334794,-0.49845672995501916,67.82006616287818,67.93740717633048
16.470976,1785142346.433,0.01765061356127262,0.07962145656347275,0.398000031709671,0.017460398166978103,0.07964551781162307,0.3974859569897308,0.45988651622459836,0.5817435214301492,0.4514845013201289,-0.4962263722703241,0.46138170585455873,0.5824711420788692,0.4467568991907008,-0.49825953395151923,67.71289008458528,67.89781093028873
16.515356,1785142346.466,0.01765061356127262,0.08005187660455704,0.398000031709671,0.017465066864103224,0.07965610464134679,0.39749747731125873,0.4666521481136969,0.5746621131048087,0.4454703451503397,-0.5035428482407686,0.4618862291936631,0.5817300646673109,0.4466365941807362,-0.49876547182223574,67.31630990629189,67.79744605925693
16.561935,1785142346.533,0.01760626584291458,0.08028008043766022,0.3970000147819519,0.017471375948230776,0.07969097261955854,0.39746225508892274,0.45824554032474957,0.5921641658458607,0.43809075793622704,-0.49742246960849706,0.46124813324137437,0.5835861743043971,0.44512963341715095,-0.4985347993831704,66.89984866891535,67.5300440814581
16.609447,1785142346.566,0.017219992354512215,0.08048229664564133,0.398000031709671,0.01746472804839927,0.07971556226924889,0.3974771082543287,0.4646664249269828,0.5874623337306806,0.44458138295757565,-0.49124384364672574,0.4615904074002002,0.5839745126103552,0.4450766038030672,-0.4978100854389583,68.11923198034572,67.63174094941746
16.657962,1785142346.633,0.01760626584291458,0.07899206131696701,0.3970000147819519,0.01747111937058105,0.07966111489764127,0.3974465775353172,0.46717378010452015,0.5858063980640429,0.4474483744710076,-0.4882309651725693,0.4625766242221763,0.5843022214260423,0.4454979206868905,-0.4961304096943312,67.44989011865219,67.57780514478138
16.704937,1785142346.666,0.01717672497034073,0.07942140102386475,0.3970000147819519,0.01746313279494092,0.07965470051117968,0.3974329606173226,0.46348976974771167,0.5878289557761712,0.4446822307585056,-0.4918252390208828,0.46266245512538406,0.5846320647685644,0.4454224294937619,-0.4957294229372227,67.74743182872939,67.60697862040425
16.748224,1785142346.7,0.01717672497034073,0.07942140102386475,0.3970000147819519,0.01745548539221971,0.07964854456449555,0.3974201623599406,0.4623050457397833,0.5799800455020223,0.4543940739986171,-0.49337938446792473,0.4626281481911014,0.5841585945563945,0.44634333094794454,-0.49549123486239766,67.01856859187588,67.50288374937361
16.793212,1785142346.766,0.01765061356127262,0.07962145656347275,0.398000031709671,0.017464882508780057,0.07964745337317654,0.39745597297888857,0.4596972549144634,0.5829782231335747,0.45045396000255417,-0.49588915605621386,0.46216548692196013,0.5839729810380583,0.4469941926783191,-0.49555505428516095,67.4182610517479,67.478064847424
16.836436,1785142346.8,0.01765061356127262,0.07919103652238846,0.398000031709671,0.017469454355592648,0.0796336878133068,0.3974726895180513,0.4651050895046622,0.5758315253011151,0.4447596403483458,-0.5042659739695526,0.4624626769876513,0.5831629580724919,0.44677387902820487,-0.4964295899154757,67.31630990629189,67.44955261799163
16.879808,1785142346.833,0.01765061356127262,0.08005187660455704,0.398000031709671,0.017473674132426672,0.07964645304099899,0.39748757352198794,0.45494269473570254,0.5855087757228783,0.4476299178061834,-0.4998340472026121,0.4617099132106807,0.5834002199590779,0.44686124614986866,-0.4967727509476257,66.5050118266509,67.28602112295152
16.93063,1785142346.9,0.01760626584291458,0.07942140102386475,0.3970000147819519,0.01747937119916302,0.07963569399161702,0.39745676409256614,0.4493430728278132,0.6020284233078018,0.44196274669389846,-0.49022597948901664,0.45917618622317224,0.5872761939439509,0.4458699021362462,-0.49544316768047547,66.3767986856399,67.01513346824102
16.984661,1785142346.933,0.01760626584291458,0.07942140102386475,0.3970000147819519,0.017482087743543255,0.07963066273700875,0.3974429968365774,0.4716369196167928,0.5790639985306174,0.43973316710498395,-0.498876982239045,0.46076490566311445,0.5862425759667053,0.44509761525788877,-0.49588653613999606,66.89984866891535,66.99531472162292
17.033777,1785142347.0,0.01760626584291458,0.07985074073076248,0.3970000147819519,0.017487290367757754,0.07964181002908963,0.3974191572633422,0.4551305186096555,0.5856769701449357,0.447409830474837,-0.49966302771611165,0.4596508364910549,0.5861329565773654,0.4455574046994001,-0.4966365520624562,66.7727490233426,66.92928587893303
17.082917,1785142347.033,0.01760626584291458,0.07942140102386475,0.3970000147819519,0.017489783096193447,0.07963634866031451,0.3974082317785639,0.4585764739472293,0.5834003081466101,0.4504855367619797,-0.4964015301797903,0.4595392641411362,0.5858482722940612,0.446073129770492,-0.4966127560377849,67.98701506176737,67.11258697865588
17.129495,1785142347.1,0.018035804852843285,0.07942140102386475,0.3970000147819519,0.017520222711018153,0.07962635222994688,0.39738852936226177,0.4718649076123322,0.5792773265360749,0.43945609299357097,-0.4986578288326061,0.461911604569385,0.5845992002278506,0.4448125858779859,-0.49701429365927985,68.17745596272361,67.43014696482462
17.175421,1785142347.133,0.01760626584291458,0.07985074073076248,0.3970000147819519,0.01752216484539309,0.07963231015272579,0.39737933133139924,0.4722924745780825,0.579647874355054,0.4389652207902708,-0.4982546488986607,0.4630961613979042,0.5840410220523018,0.4441513149984962,-0.49715957120801313,68.82222228137537,67.67208341267241
17.219727,1785142347.2,0.01717672497034073,0.08028008043766022,0.3970000147819519,0.017502163885489676,0.07967322887417883,0.39736226260082713,0.4731357948592398,0.5791541351606087,0.43922655400032734,-0.4977981936591177,0.46505337647173367,0.5830977950461577,0.4431990890012183,-0.49728953935613746,67.17354779840014,67.52393515179797
17.267034,1785142347.233,0.01717672497034073,0.07942140102386475,0.3970000147819519,0.017493105034361273,0.0796661478254148,0.39735419334190897,0.4724248684608091,0.5797707044685123,0.43880497826260056,-0.4981273581643862,0.46585656824186844,0.5827385592356117,0.44272329120977594,-0.49738266639107653,67.4789711157163,67.51621038872655
17.314351,1785142347.267,0.01760626584291458,0.07899206131696701,0.3970000147819519,0.017495774391394166,0.07964158352438926,0.3973461959156133,0.4637435453426662,0.5880693384532404,0.444368773591401,-0.49158190607573937,0.4656222221125812,0.5833358097196393,0.442908550585488,-0.4967366457107199,66.77574919781796,67.38505166690827
17.358906,1785142347.333,0.017219992354512215,0.08048229664564133,0.398000031709671,0.017482177224522468,0.07969935133571766,0.397392332065234,0.4681687686137389,0.5840214368025837,0.44861830256400786,-0.48834269120601087,0.4660908412428825,0.5834657386190659,0.4439543338616302,-0.4952086519970002,67.89572690048561,67.53522704698256
17.402566,1785142347.367,0.018035804852843285,0.07942140102386475,0.3970000147819519,0.017500897669559735,0.07969096425344657,0.39738132737753246,0.4612294093096753,0.5896668850498338,0.44156140394165294,-0.4945542672068967,0.4655838752114591,0.5841161787247585,0.44370547682655825,-0.49514179254955143,67.76379839967203,67.57554022464446
17.444415,1785142347.4,0.01717672497034073,0.07985074073076248,0.3970000147819519,0.017491971933781138,0.07969442837687733,0.39737138888395024,0.46278040249748026,0.5778596304890651,0.4416429216822766,-0.5068175966195865,0.4652722782949816,0.5834165166486266,0.44347717939892933,-0.4964623515475769,67.46447502386226,67.5564482167884
17.490352,1785142347.467,0.018035804852843285,0.07899206131696701,0.3970000147819519,0.01752432355224383,0.07964723866560836,0.39735346587904874,0.4681840959617077,0.5825239171175794,0.4353927263381261,-0.5018991055245705,0.4658242371663086,0.583253097935628,0.4419585215831191,-0.49748996876015805,66.88499178017841,67.35669601178691
17.539408,1785142347.5,0.01760626584291458,0.07985074073076248,0.3970000147819519,0.01752603839676914,0.07965259962990102,0.3973450984638467,0.4648066813384702,0.5862015139814917,0.4456767532621969,-0.4916246185766044,0.46572084520993906,0.5835578487949893,0.4423420563901837,-0.4968881530034781,67.5769386087545,67.3945914048018
17.587833,1785142347.533,0.01717672497034073,0.07942140102386475,0.3970000147819519,0.01751568823438982,0.07964701258707654,0.39733712770258633,0.46701533412891527,0.5749958462422848,0.4450434310402472,-0.5032025427007509,0.4658647209063714,0.5826279619509686,0.44263915878874,-0.4975794357431647,67.15832389484446,67.35393304130817
17.634231,1785142347.6,0.01717672497034073,0.07856272161006927,0.3970000147819519,0.017497682518375624,0.07956686005029445,0.3973222240207912,0.4659489598861271,0.5753030124290528,0.4450410789780653,-0.5038416901102296,0.465883589948554,0.581290475364243,0.4430824099570113,-0.49873022953711843,68.13808727893341,67.58737525512085
17.682814,1785142347.634,0.018035804852843285,0.07813338190317154,0.3970000147819519,0.017515633967955007,0.0795029895370001,0.39731494864132016,0.4712141631791476,0.5799029548050433,0.43894929124474674,-0.49899227964317266,0.4664248311977875,0.5811511124642654,0.44266449203413194,-0.4987578659187503,67.18964492457837,67.5171279246436
17.730061,1785142347.7,0.017219992354512215,0.07962145656347275,0.398000031709671,0.01750062580712803,0.0795098644770896,0.397363290257615,0.46266264253694495,0.5777840025071412,0.441741494252981,-0.506925416508881,0.46579448756049674,0.5805880295240959,0.442511984661001,-0.5001361602233572,67.66804482232156,67.56140848309578
17.777578,1785142347.734,0.01765061356127262,0.07962145656347275,0.398000031709671,0.017504396725999505,0.07951310538121625,0.39738540832742897,0.4873753826807175,0.573764376685402,0.4305565317027687,-0.49787623905115075,0.4685698508558887,0.5797372785546041,0.4410002646029507,-0.49986573131503914,68.41881837795314,67.71343626118326
17.826453,1785142347.8,0.016747184097766876,0.07899206131696701,0.3970000147819519,0.017455738193141095,0.07948691583349621,0.39736419838132625,0.4843965813259903,0.5764558536608063,0.4269133052313835,-0.5008029858100889,0.47216842532147496,0.5790184535731755,0.4378318531250939,-0.5000978673621929,66.6143390379203,67.38904225268612
17.878236,1785142347.834,0.01760626584291458,0.07899206131696701,0.3970000147819519,0.01745995464958924,0.07947426983826589,0.39735411307684687,0.47841834034386144,0.5713615725516749,0.43370750462094,-0.5065171719392934,0.47301352745440234,0.5779936098721823,0.43728096828373114,-0.5009660113909021,67.73255925988022,67.44968640058342
17.925495,1785142347.9,0.017219992354512215,0.07962145656347275,0.398000031709671,0.01744951861067122,0.07948233626899294,0.3973955432999295,0.45624561681557174,0.5851970205758481,0.44746405959893726,-0.4991595933295961,0.4691355150294336,0.5796902435510675,0.4396645064840695,-0.5005658915746175,67.85900623710194,67.56997836611895
17.971436,1785142347.934,0.01717672497034073,0.07942140102386475,0.3970000147819519,0.017443120537494337,0.07948091119409542,0.39738328140109586,0.4667879396222624,0.5747947169939392,0.44530316866581326,-0.5034134888093947,0.46882995390981086,0.5790514666510679,0.44040462064775576,-0.5009407583719637,67.73255925988022,67.59863615449949
18.017211,1785142347.967,0.01760626584291458,0.07942140102386475,0.3970000147819519,0.017447544196686288,0.07947958393889261,0.3973723784822021,0.4846902070153712,0.5756667761011801,0.42776960202432707,-0.5006958494941008,0.47113590357023494,0.5785771163319514,0.4385888733949652,-0.5009184374308826,67.76379839967203,67.62704085494394
18.062922,1785142348.034,0.01717672497034073,0.08028008043766022,0.3970000147819519,0.017435166773507982,0.07953683801447488,0.39735319795274165,0.4796664827069827,0.5703424722869576,0.43464459302090447,-0.5056813299211321,0.47313126901226676,0.5766674857080395,0.43767676692606583,-0.5020363143271175,67.89018719332898,67.70512728623657
18.109858,1785142348.067,0.01760626584291458,0.07942140102386475,0.3970000147819519,0.017439768798139757,0.0795340209737641,0.3973443432978984,0.4553681418482871,0.585901129135852,0.4471206743367515,-0.49944251405704365,0.4704928072089431,0.5780649722788532,0.43910127584149106,-0.5016647045021922,67.89018719332898,67.73695950752048
18.162795,1785142348.134,0.01760626584291458,0.07985074073076248,0.3970000147819519,0.017447993349018302,0.07954966690364079,0.39732819215984405,0.4724624609557999,0.578512967417442,0.439989757581817,-0.49850875894065205,0.47092150538011446,0.5781630732620567,0.4392949414167548,-0.5009793917242008,66.53539101766575,67.37833239322575
18.213689,1785142348.167,0.018035804852843285,0.07942140102386475,0.3970000147819519,0.017467338083558322,0.07954641969637818,0.3973206138467807,0.4744666570761535,0.5866816547793792,0.42936861605416515,-0.49631503988499076,0.4713833963131681,0.5792665662994828,0.4380219140667042,-0.5003845937328709,66.09614745607811,67.15570134131849
18.260447,1785142348.234,0.017219992354512215,0.08005187660455704,0.398000031709671,0.01745478318751189,0.07957416660458354,0.397368119805712,0.4568979224273312,0.5857415361575692,0.44675181443470835,-0.49856188943866875,0.46812844141230814,0.5807443875506267,0.4400044646671313,-0.4999877895932279,66.59810285730381,66.9899318952476
18.309988,1785142348.267,0.01765061356127262,0.07962145656347275,0.398000031709671,0.017459631673126235,0.07957525249070557,0.3973890341768703,0.45866248604328586,0.5834563276168074,0.4504041311590887,-0.4963300880415451,0.466868757329931,0.581114325022382,0.4414004778619142,-0.49950507787835485,66.5050118266509,66.90630292548218
18.356777,1785142348.334,0.01717672497034073,0.07899206131696701,0.3970000147819519,0.017445368835953688,0.07953736314734978,0.39736699880108506,0.45881089025985283,0.5836130228367767,0.45020992653717506,-0.4961848734107807,0.4651122141255052,0.5816689320533533,0.4433338577481767,-0.4987854973125231,67.62229322192934,67.11935927644484
18.404876,1785142348.367,0.01760626584291458,0.07942140102386475,0.3970000147819519,0.017449372627823402,0.07953479578239903,0.3973569836778919,0.4592685707055983,0.5825779802368363,0.45096716088053324,-0.49629013360387925,0.4644000666628831,0.5817832064464056,0.44426971572615653,-0.49848299717146705,67.65319929523308,67.21145934762215
18.453465,1785142348.401,0.01717672497034073,0.07985074073076248,0.3970000147819519,0.017442255813792697,0.07954377193292143,0.3973474032867365,0.4592710383665735,0.5825802225402288,0.4509642641656409,-0.4962878500106655,0.46376659256608915,0.581884361661707,0.4451009087805269,-0.4982131253549387,67.89018719332898,67.33162196516204
18.495444,1785142348.468,0.018035804852843285,0.07899206131696701,0.3970000147819519,0.01747928465764144,0.07951100624267453,0.39733063523189716,0.4712137979457903,0.5798963128478848,0.4389560305658011,-0.49899441499965447,0.46523752279657116,0.5814971520636507,0.44389360986205983,-0.4983709187418573,66.6143390379203,67.11817519407983
18.547072,1785142348.501,0.017219992354512215,0.08048229664564133,0.398000031709671,0.017472131318921037,0.07955221919001045,0.39735563741297075,0.4600319846048894,0.5818653628587147,0.45132325765223136,-0.4960953434048346,0.46466580558851545,0.5815402315423233,0.4447143574057639,-0.49812226263403986,67.4789711157163,67.18032907144237
18.599428,1785142348.568,0.01760626584291458,0.07899206131696701,0.3970000147819519,0.017477977097951635,0.07951857977959792,0.3973375728700814,0.45880380467984316,0.5836065937675102,0.45021826050080765,-0.49619142519194287,0.4636065693670445,0.5819176293772889,0.4457136337647656,-0.49777522852774075,67.86411542749606,67.38376572627081
18.646977,1785142348.601,0.018035804852843285,0.07942140102386475,0.3970000147819519,0.01749497010097421,0.07951657077320118,0.39732921370423824,0.4550987140874842,0.5857004802669826,0.44738267640498897,-0.49968875182822864,0.4627336673868865,0.5823091340115518,0.44588718255575405,-0.49797414184462496,67.74743182872939,67.44641633699828
18.692845,1785142348.668,0.01760626584291458,0.07985074073076248,0.3970000147819519,0.017499540199572238,0.07953507424609871,0.3973139104735917,0.4565382939636333,0.5854593562687952,0.44712076632710623,-0.49889192078161,0.4616909723335699,0.582842226531048,0.44609670785551286,-0.4981306176882591,67.4954027841803,67.46093337944887
18.739942,1785142348.701,0.01760626584291458,0.07942140102386475,0.3970000147819519,0.017501738385437685,0.07953249022272398,0.3973067184117479,0.46594780061652524,0.5752892006790449,0.4450548949219818,-0.5038463289423396,0.46211087386536026,0.5821039388987665,0.4459966359719567,-0.49869383921964794,67.71618513863673,67.50486595882847
18.786764,1785142348.734,0.017219992354512215,0.08048229664564133,0.398000031709671,0.017493714169625994,0.07957036921822325,0.3973334273363132,0.46736032257373605,0.5740742075739966,0.44584526726270857,-0.5032247318460263,0.4626613492135381,0.5812686978538097,0.4459831805267899,-0.499169489779227,67.46447502386226,67.49792697645617
18.838351,1785142348.801,0.01765061356127262,0.08091271668672562,0.398000031709671,0.017500595313035383,0.07967876539407731,0.39737687399214905,0.45679163040582077,0.5856752700967133,0.446833588762893,-0.49866384302614897,0.46165810483141356,0.5820254771822174,0.44613052771869244,-0.49908485289750154,66.86882131582371,67.31082157592026
18.888348,1785142348.835,0.01760626584291458,0.07942140102386475,0.3970000147819519,0.017502865844291678,0.07967000895396169,0.39736521215500636,0.45892162394108765,0.5837134921121756,0.45007965684253903,-0.4960824575632424,0.46140274886324895,0.5821842796491994,0.44650069101637485,-0.49880467198361345,67.1109220423448,67.27557429743999
18.938706,1785142348.901,0.01760626584291458,0.07899206131696701,0.3970000147819519,0.017507060897414637,0.07962194793264621,0.3973458544692991,0.45588898630481384,0.5848884362429062,0.4478716623371313,-0.49948145450123754,0.460574328964368,0.5825926374167846,0.44670811035106794,-0.4989077775234169,66.7727490233426,67.12771524195692
18.985099,1785142348.935,0.01678936928510666,0.08005187660455704,0.398000031709671,0.01748006484906605,0.07963447844119173,0.39736939395107745,0.4665006366836936,0.5745280678354457,0.44564321145476476,-0.5036832172380393,0.4611329885083069,0.5818387906927371,0.4466105188410898,-0.4993586216489142,66.92014633869141,67.09111317747627
19.035928,1785142349.001,0.01760626584291458,0.07985074073076248,0.3970000147819519,0.017485757893335414,0.07964397711473736,0.39734967292182966,0.4562088721787524,0.5851640809251493,0.44750713504774003,-0.49919317645755124,0.46039559138831365,0.5823388174996363,0.44674601111842976,-0.49933496033534647,67.14221925955279,67.10609871559517
19.083188,1785142349.035,0.01765061356127262,0.08005187660455704,0.398000031709671,0.017489746497205295,0.07965497516273301,0.39737296535600514,0.4532721802436543,0.5877861563585803,0.4439517766097194,-0.5019547639533314,0.45974853269718835,0.5828373073998563,0.4464932430439807,-0.4995755635554409,66.36050438692425,66.97402105912077
19.130908,1785142349.101,0.01717672497034073,0.07985074073076248,0.3970000147819519,0.017473648305817636,0.0796630044184225,0.3973529703750911,0.4659504372311934,0.5752915296374341,0.4450518844352553,-0.5038438906368808,0.46073922040877974,0.5816407934512734,0.44626728549936573,-0.5002588010855087,66.62882226603075,66.87261252684232
19.175211,1785142349.135,0.017219992354512215,0.08005187660455704,0.398000031709671,0.017467264547761752,0.07967299314813497,0.39737608091871013,0.45601526135371956,0.5849905031549051,0.44773401561885123,-0.4993700470481664,0.4603203515215603,0.5819391496742282,0.44639820886721143,-0.5001806065529217,66.00753517854668,66.71921448607813
19.224835,1785142349.201,0.01717672497034073,0.08028008043766022,0.3970000147819519,0.01745364708743419,0.07970558814113533,0.397355870022114,0.46654526639470767,0.5745675541775576,0.44559230057628474,-0.5036418784793861,0.46128993284486075,0.5807987765762868,0.4462761897770022,-0.5007214209733727,67.4789711157163,66.94298052915579
19.421787,1785142349.235,0.01717672497034073,0.07985074073076248,0.3970000147819519,0.01744698953390031,0.0797090425812616,0.3973462218065233,0.46689264917241347,0.5748810892826578,0.445189685968766,-0.5033181209145781,0.46180457791716517,0.580258502440049,0.44617804433483294,-0.5009608317167366,67.00285953104631,66.95352602948384
19.470387,1785142349.435,0.017219992354512215,0.08005187660455704,0.398000031709671,0.017420668510748638,0.07974898669947375,0.39744533705393154,0.46681672324428486,0.5748076994971021,0.445282473543812,-0.5033902802528294,0.4632078262307884,0.5787391491033956,0.44593058690350973,-0.5016427201480319,67.46258704595631,67.23735849104659
19.519414,1785142349.468,0.017219992354512215,0.07962145656347275,0.398000031709671,0.01741644749994474,0.07974537156231898,0.3974604352248726,0.4583706030451826,0.5831914239639149,0.4507470805409682,-0.49659966035301606,0.462862436010032,0.5790601251936899,0.44627726981459087,-0.5012826898949955,68.01856941745983,67.37242335548251
19.574398,1785142349.535,0.017219992354512215,0.07962145656347275,0.398000031709671,0.01740831732228567,0.07973900553608777,0.39748732689508826,0.4553928564604466,0.5859232544150335,0.44709168017053713,-0.4994199793187865,0.46182768927443413,0.5800172910648236,0.44639326856811157,-0.5010271222821558,67.48720025312706,67.40645138770472
19.623022,1785142349.568,0.01765061356127262,0.08048229664564133,0.398000031709671,0.01741528077121546,0.07976371947536212,0.39749981142942814,0.4592119445339496,0.5825672094027264,0.45098035459865093,-0.4963431839888038,0.46162243613333404,0.5802194857498917,0.4467557786972202,-0.5006589148463231,66.7727490233426,67.29702851135218
19.677025,1785142349.635,0.01765061356127262,0.07962145656347275,0.398000031709671,0.01742749639461671,0.07975635022919153,0.39752278237628236,0.45586443047744646,0.5863453382511594,0.4465379881411561,-0.4989895695136878,0.4608019557524818,0.5810972039578945,0.446726677080409,-0.5004226944411103,68.01856941745983,67.51174807957776
19.720703,1785142349.702,0.01765061356127262,0.08005187660455704,0.398000031709671,0.01743832348907916,0.07977023553853473,0.3975439204635927,0.45700008726438585,0.584417655615942,0.44791770075650805,-0.49897560801477364,0.4603073772617606,0.581530771336986,0.4468825861979918,-0.5002349793643021,66.36050438692425,67.16825011086668
19.762098,1785142349.735,0.01765061356127262,0.08091271668672562,0.398000031709671,0.017443373303573678,0.07981654996776048,0.39755394275271005,0.4502021577110523,0.590282636161809,0.44050890932718384,-0.504813160923478,0.4594088738313383,0.5823185248604422,0.4463174026996962,-0.5006489771254677,66.25337420600708,67.00989314669313
19.806695,1785142349.769,0.017219992354512215,0.07919103652238846,0.398000031709671,0.017437330330199712,0.07979181020107219,0.397563901243385,0.45936874487307805,0.5841190825223068,0.4495531512631041,-0.4956684555793763,0.4594059354016557,0.5824843264031601,0.44661440008267483,-0.500193736117496,67.00285953104631,67.00865495082066
19.855721,1785142349.802,0.01760626584291458,0.07813338190317154,0.3970000147819519,0.01744127240547842,0.07969868916350802,0.39754162299300105,0.46202112729571737,0.5785379302883377,0.4411613439642658,-0.5071558042078625,0.4596590924033908,0.5821078773886308,0.4460926652243801,-0.5008645244834207,67.46258704595631,67.08691494311961
19.908556,1785142349.869,0.017219992354512215,0.07962145656347275,0.398000031709671,0.01743034143737059,0.07969556751187089,0.3975635269440824,0.4546973225566891,0.5852776224453267,0.44792769890179635,-0.5000612223328915,0.45887712303747225,0.5826096769592606,0.4463834482609673,-0.5007390212325448,67.08418591795224,67.08610642949054
19.956921,1785142349.902,0.01717672497034073,0.08028008043766022,0.3970000147819519,0.01742398821789022,0.07971531078376394,0.3975423652862644,0.459154088865456,0.5824632056284992,0.4511110879968932,-0.49639996278541865,0.45890163692130354,0.5825980493230385,0.4467899250103181,-0.5003674284615385,66.7727490233426,67.03214577451195
20.005001,1785142349.969,0.017219992354512215,0.08048229664564133,0.398000031709671,0.017414724228092208,0.07976545297409585,0.397565484328142,0.4553964123615284,0.5859150323241552,0.4470980257843446,-0.4994207022587014,0.45840597357034546,0.5830685944937074,0.4468342114376442,-0.5002341101914732,66.72889061273852,66.94213414613944
20.05784,1785142350.002,0.01765061356127262,0.08005187660455704,0.398000031709671,0.017421103233378532,0.07977183990054511,0.39757619255948545,0.4535627150637883,0.5880826431884181,0.44355812938274786,-0.5016929879348184,0.4580162079070345,0.5834745155736721,0.44657087747988,-0.5003529697697204,66.88373091571934,66.93209906008863
20.104646,1785142350.069,0.01717672497034073,0.07942140102386475,0.3970000147819519,0.01740954313464266,0.0797511925657792,0.39753706639181324,0.46607915810316336,0.5754052251197336,0.44490487839184156,-0.503724820184489,0.4592655016865626,0.5822340519833654,0.446317840703389,-0.500878321293192,67.00285953104631,66.95307146293354
20.15748,1785142350.102,0.01765061356127262,0.07962145656347275,0.398000031709671,0.017416081692232046,0.07974805493185347,0.39755044990645594,0.45445197061325937,0.5865952828179102,0.44679836007143975,-0.4997505437905728,0.45885945722200433,0.5826036302939238,0.4463592067463493,-0.5007838526141175,67.02668135413418,66.9657209235311
20.204123,1785142350.169,0.018081236630678177,0.07962145656347275,0.398000031709671,0.017458628973138674,0.07974226996688105,0.3975738900787602,0.4562409238049634,0.5851928135897583,0.44746956147487094,-0.49916388283006086,0.45849892170941464,0.582961197439813,0.4465127505530509,-0.5005610299098326,67.86411542749606,67.23336034088223
20.249796,1785142350.202,0.01760626584291458,0.07942140102386475,0.3970000147819519,0.017461692307497983,0.07973370886210954,0.39755338764544224,0.4514744358958161,0.5893107022780463,0.4431013322382673,-0.5025384953232768,0.4579152412937146,0.5834928010156084,0.44623018778451434,-0.5007278726650591,66.5050118266509,67.10749331079548
20.297961,1785142350.269,0.016747184097766876,0.07985074073076248,0.3970000147819519,0.017412814415478664,0.07973912658925279,0.3975194141675442,0.46689924629847723,0.5748869244897729,0.4451821507635654,-0.5033120011465355,0.4593538101973054,0.5821259210440111,0.4460678162488347,-0.5011456798306012,67.98701506176737,67.36948156662832
20.346448,1785142350.302,0.01760626584291458,0.07985074073076248,0.3970000147819519,0.01741780703993862,0.07974167466311746,0.3975041663462846,0.46666032097955845,0.5746755755351624,0.44545494294161053,-0.503533535641343,0.46004530082070616,0.5814259771246505,0.44601219364927613,-0.5013733912301208,67.62229322192934,67.41299369117682
20.39442,1785142350.369,0.01717672497034073,0.08070942014455795,0.3970000147819519,0.017406357038937243,0.07981154711177442,0.39747757335835077,0.46495139394057966,0.586322233264087,0.4455136586428936,-0.49149162761490545,0.46088898790509897,0.5822692376935534,0.44593155916767246,-0.4996888233709759,67.1249337908299,67.32750184872239
20.441907,1785142350.402,0.01760626584291458,0.07985074073076248,0.3970000147819519,0.01741158171131627,0.07981249158206731,0.39746534551421064,0.4641294130367324,0.5884180940916025,0.44390685995776596,-0.4912176036974049,0.46121730989914417,0.5828906030589978,0.4457305351623766,-0.4988400825302395,67.14221925955279,67.2956315065784
20.487997,1785142350.436,0.01717672497034073,0.08028008043766022,0.3970000147819519,0.017405700709876702,0.07982500599805488,0.397453523073038,0.4720420123275691,0.5793943516088456,0.43929813119441674,-0.49849340602519276,0.46244579543932784,0.5825000906721957,0.4450066981620968,-0.49880514155152766,67.51773282516157,67.33480119129182
20.532706,1785142350.502,0.01760626584291458,0.07942140102386475,0.3970000147819519,0.017415498970495664,0.07980048718771329,0.39743278215706745,0.46374094255479886,0.5880669856432574,0.44437188723906734,-0.49158436145429724,0.4626832955350944,0.5835120511021287,0.4448945328247226,-0.4975004612199301,66.7727490233426,67.16946606678351
20.582871,1785142350.536,0.01717672497034073,0.08028008043766022,0.3970000147819519,0.017409297502726923,0.0798146840011606,0.39742259638069044,0.4717614007133083,0.5791737168207027,0.4395886467944083,-0.49875926873650256,0.46368027036327775,0.5830407447020154,0.44431639781260424,-0.49764147287780236,66.90317182780659,67.12248534286539
20.629501,1785142350.603,0.01760626584291458,0.07942140102386475,0.3970000147819519,0.017418808337794453,0.0797919379248268,0.39740405174900917,0.4647736644831667,0.587610132572615,0.44438965537374875,-0.4911390913964024,0.4638743218011787,0.5838453939763516,0.44433132361173755,-0.4965026126452272,68.40217825508876,67.50461180003397
20.674311,1785142350.636,0.01760626584291458,0.07942140102386475,0.3970000147819519,0.017423248103051025,0.07978163393488447,0.3973952440038831,0.4489628554669727,0.6016677536427312,0.4424456747142105,-0.4905813832221307,0.4620312280005066,0.5860841970314219,0.44411042179570737,-0.4957805881585281,66.49726047015938,67.33011750598962
20.722528,1785142350.669,0.01760626584291458,0.07985074073076248,0.3970000147819519,0.017427477071680027,0.07978321949175757,0.39738672900010713,0.46081405701443556,0.5907544960458965,0.4406837813730307,-0.4944262686126438,0.46188778458351504,0.5866391361628489,0.44370494221164763,-0.4956209465222362,67.34025621537666,67.33185885627468
20.76594,1785142350.736,0.01760626584291458,0.07942140102386475,0.3970000147819519,0.01743538346476848,0.07976463179491428,0.397370454640246,0.45558462851153375,0.5861063179644693,0.4468560996590006,-0.49924108054494637,0.46069370405000004,0.5865408527340162,0.4443051731165003,-0.4963104394072935,66.24001332817986,67.00620107708733
20.814805,1785142350.769,0.01760626584291458,0.07985074073076248,0.3970000147819519,0.017439133235944256,0.07976673866573022,0.3973626638033186,0.4636430802906751,0.5773434635828992,0.4419244499708563,-0.5063717998414135,0.46103691807525665,0.5854911439787112,0.4440364330001186,-0.49747032741933506,66.74209585986945,66.96074072527571
20.862419,1785142350.836,0.018035804852843285,0.07899206131696701,0.3970000147819519,0.017473182813138186,0.07971751363742369,0.397347657149386,0.46104573072308314,0.5909836137494364,0.44038546529146405,-0.4942022302880634,0.46104041079447583,0.5865028412328951,0.4433673207068544,-0.4968717900720747,66.20492771779205,66.73577272261849
20.908026,1785142350.869,0.016747184097766876,0.08028008043766022,0.3970000147819519,0.017444569826113983,0.07973812094207502,0.39734044984319855,0.46480272632226705,0.5848438032196183,0.432274073988362,-0.5050299757405535,0.46146740683634424,0.5863226782503949,0.44212686404520124,-0.49779251248545314,66.63778211773996,66.71892965146868
20.952816,1785142350.903,0.01760626584291458,0.07942140102386475,0.3970000147819519,0.01744822636824722,0.07973019142911834,0.39733320841971537,0.47424466613890687,0.577231713470077,0.4425166637481405,-0.49605901655792006,0.46310156792661933,0.5851726419181975,0.4421826436762605,-0.4975785632097277,67.66502497234221,66.88680568136527
20.997105,1785142350.969,0.01717672497034073,0.08028008043766022,0.3970000147819519,0.01743410704852371,0.07976480584610958,0.3973197853083523,0.45691302784161436,0.5843395019376423,0.44801965282998346,-0.49905532974007755,0.4618887507307446,0.5850124695722694,0.4433317881905381,-0.4978715878347815,66.74209585986945,66.84434812657163
21.046726,1785142351.003,0.01765061356127262,0.07962145656347275,0.398000031709671,0.01743962690683443,0.07976130689121652,0.3973479970466011,0.46540256373379346,0.5853564194888419,0.43150119093957295,-0.504544386601363,0.4623212356360248,0.5850604853614515,0.4418966979660482,-0.49868889287340773,65.51098839256996,66.60698088761448
21.243337,1785142351.203,0.017219992354512215,0.08048229664564133,0.398000031709671,0.017412100317390274,0.07986940385299639,0.39744875033493443,0.4624405369596902,0.589290950464397,0.44148662329384136,-0.49393773588358564,0.46236175023902376,0.5864269482418949,0.44176645568214445,-0.4971593757796794,65.53421299865167,66.00801615917128
21.288731,1785142351.236,0.01765061356127262,0.07962145656347275,0.398000031709671,0.01741851082975019,0.07986162657323162,0.39746404615766534,0.4596045314073954,0.5829238644068113,0.4505192582012833,-0.495979678015726,0.46213595830745147,0.5861400727959314,0.4424903076588144,-0.497063877917156,65.9508725900086,65.99819745856306
21.330191,1785142351.303,0.01717672497034073,0.07985074073076248,0.3970000147819519,0.01740701860028953,0.07986110618640538,0.3974344289772089,0.46931770176924875,0.5821916036246724,0.43543773122269086,-0.501186406143062,0.46325635874022364,0.5855314699215107,0.44139793615056155,-0.49770905736215915,67.3265546954084,66.39496876170553
21.375005,1785142351.336,0.018081236630678177,0.07962145656347275,0.398000031709671,0.017431118888042416,0.07985435451701453,0.3974517952100777,0.46839109722239397,0.5827034737460173,0.435152389222993,-0.5017059296845583,0.46372078518867627,0.5852787629059765,0.4408367202111552,-0.4980710684116465,66.39805454684056,66.39549872466372
21.429593,1785142351.37,0.01717672497034073,0.07942140102386475,0.3970000147819519,0.017424309813745605,0.0798406061537352,0.3974368578666704,0.4631331942908137,0.5781736652473529,0.44123374812685,-0.5064934715022109,0.4636640418487131,0.5845648453549532,0.4408792330971508,-0.49892394179406,66.65300122215464,66.44092542723484
21.476038,1785142351.436,0.017219992354512215,0.07919103652238846,0.398000031709671,0.017414896089744347,0.07980059275180175,0.39746908603162945,0.48466359711737905,0.5766834500426529,0.42660581319327623,-0.5005445796588449,0.46808170800498666,0.5829513394677002,0.43792089044893684,-0.4992920429491732,67.28504783883152,66.68967530700846
21.526469,1785142351.47,0.01717672497034073,0.07942140102386475,0.3970000147819519,0.017409037389508115,0.07979079335300117,0.3974530835179154,0.4825563672533339,0.5685996025732544,0.43715168140504157,-0.5027248271386123,0.4701086569251086,0.5809684455344518,0.4378250386923262,-0.49978270425397503,68.14597517799785,66.94920052350638
21.578588,1785142351.537,0.01717672497034073,0.07899206131696701,0.3970000147819519,0.01739851455346302,0.07974187214939153,0.3974268528667746,0.47869784163667495,0.5715847620706951,0.4334128842107807,-0.506253402932828,0.4720608764116866,0.578857025052131,0.4368354769156169,-0.5012562614243661,66.36050438692425,66.774162656755
21.627116,1785142351.603,0.01717672497034073,0.07985074073076248,0.3970000147819519,0.017388924651434386,0.07974774119750623,0.39740462095390566,0.48312898198046483,0.5681251460536406,0.43756928512066495,-0.5023478136819541,0.4744421211714177,0.5765690092360907,0.43700152525899666,-0.5015002673660194,66.74209585986945,66.76476114688411
21.672514,1785142351.637,0.01717672497034073,0.07899206131696701,0.3970000147819519,0.017384165227534148,0.07972305387478298,0.39739395156908014,0.4797238211322548,0.5820891408661176,0.4361097999050874,-0.4907601552191843,0.4751306907135367,0.5772894566770266,0.43689035797421416,-0.5001145119477978,67.01856859187588,66.80953511019358
21.72099,1785142351.67,0.01760626584291458,0.07856272161006927,0.3970000147819519,0.01739036876050098,0.0796784514528073,0.39738421828382725,0.47425737734499757,0.5772218717128664,0.44253184778477317,-0.4960447707075785,0.4750258539741747,0.5772827611835583,0.43757678591329424,-0.4996214648373146,67.0122326127368,66.84440697848795
21.766563,1785142351.737,0.01760626584291458,0.07899206131696701,0.3970000147819519,0.01740133787620104,0.07964352890139152,0.3973663874322339,0.4720169653824515,0.5793637769857132,0.43926004515014466,-0.49858621224687233,0.4744727972020394,0.5776664435861497,0.4378870947651792,-0.4994316138450921,66.48628807449737,66.73807658043619
21.817549,1785142351.77,0.017219992354512215,0.08048229664564133,0.398000031709671,0.017397017049010574,0.07968209871270991,0.3973905445285713,0.45988329032757314,0.5817195587687349,0.45150696141152846,-0.49623701798668934,0.4726913878766883,0.5781775828908676,0.4395702778730696,-0.49905060392737366,66.7727490233426,66.74403292261863
21.873452,1785142351.837,0.017219992354512215,0.08091271668672562,0.398000031709671,0.01738901451238504,0.07979128647727408,0.39742993943106797,0.4840127588866198,0.5679500507817316,0.43760337642046204,-0.5016649020984052,0.4751126569363417,0.5760107648070442,0.4391602693805638,-0.49961767366946164,66.90321306552886,66.79123802270784
21.918878,1785142351.87,0.01678936928510666,0.07962145656347275,0.398000031709671,0.017370325697953954,0.07978697395388408,0.3974474836002561,0.47227434065035573,0.5795639046865572,0.438996290221618,-0.49834213620704415,0.4747996537796656,0.5764038818064509,0.43914263789855873,-0.49947732419866686,66.33605307879112,66.71276006779209
21.961248,1785142351.937,0.017219992354512215,0.07919103652238846,0.398000031709671,0.017364210325339705,0.07975022247298993,0.397477694789387,0.47067193290070053,0.5806826042738988,0.43832284409292577,-0.4991480031208077,0.47407810573460957,0.5771546137566758,0.4390002332162797,-0.4994209614328566,66.6362568454016,66.69008464189088
22.015741,1785142351.97,0.017219992354512215,0.07919103652238846,0.398000031709671,0.017361263488791013,0.07973373916958033,0.39749150439450326,0.4664026277865831,0.5757036687987541,0.4445226696351468,-0.5034217622489779,0.4733040195666756,0.5770106663739197,0.4395609943028518,-0.49982809869018097,66.5050118266509,66.65825023707559
22.058028,1785142352.037,0.01765061356127262,0.07962145656347275,0.398000031709671,0.017377112922382643,0.07972897088427959,0.39751630620460754,0.4719749973877087,0.5793268021324154,0.4393088090164908,-0.4986259404527748,0.4730975536738634,0.5773712775266912,0.4395220153426767,-0.49964138201725683,67.60826319344103,66.94135797921817
22.10801,1785142352.07,0.01760626584291458,0.08070942014455795,0.3970000147819519,0.01738297316660514,0.07977131055942625,0.3974971310064267,0.4695833121239806,0.5811816747145391,0.4363930783905254,-0.5012788197036819,0.47280147989309285,0.5776939606700376,0.4392584311830488,-0.49978043084025714,66.75872986120815,66.90994517706429
22.15247,1785142352.104,0.01765061356127262,0.08091271668672562,0.398000031709671,0.017390014995311114,0.07982210354517016,0.397510990169437,0.46989626664231315,0.5814540866544995,0.43603004828100717,-0.5009854695542181,0.47254994092921065,0.5780211441170265,0.43897879394434614,-0.49988571568770634,66.20120452739383,66.7844370065204
22.198653,1785142352.17,0.01717672497034073,0.07985074073076248,0.3970000147819519,0.017379634080500687,0.07982336282269675,0.3974781281018619,0.4714207513648854,0.5800388058624905,0.4387639868858948,-0.4988021879344329,0.47240110706073835,0.5782876188025953,0.4389506123850776,-0.4997429177829121,66.86882131582371,66.80918585685879
22.244645,1785142352.204,0.01760626584291458,0.07899206131696701,0.3970000147819519,0.01738553862904536,0.07978964247582186,0.3974628833046011,0.45184500051569054,0.5896373867683193,0.4426665184716358,-0.5022053375445189,0.4701926254724376,0.5795301034161875,0.4393642734113861,-0.5000227889161092,65.83212326415826,66.63576848554487
22.291685,1785142352.237,0.017219992354512215,0.07962145656347275,0.398000031709671,0.017381541968045606,0.07978570614200664,0.39748004925335245,0.47948096697772363,0.5818673040949307,0.43640367535418806,-0.4909992615765944,0.47126607411938976,0.5798044855252805,0.43902757782517504,-0.49898880935129447,66.50102147860585,66.61260040566837
22.340075,1785142352.304,0.01760626584291458,0.07942140102386475,0.3970000147819519,0.017392396956526134,0.07976698854540037,0.3974521167474691,0.4713065562613233,0.5799715859449484,0.43885453457591955,-0.4989085958407078,0.4712728028616209,0.5798322538964631,0.4389988266362146,-0.49897548320165636,66.09614745607811,66.45910561621649
22.388608,1785142352.337,0.01760626584291458,0.07899206131696701,0.3970000147819519,0.017397463864501892,0.07974083986686709,0.39743947540827734,0.46412844458376357,0.5884281642823249,0.44389799938344165,-0.4912144628886323,0.4705344015438648,0.5807318561002823,0.4395126056067635,-0.4981732206640895,65.67997575795322,66.32440179438588
22.44107,1785142352.404,0.01760626584291458,0.07942140102386475,0.3970000147819519,0.01740686446285139,0.07972667964095143,0.3974171295901988,0.4772243526054134,0.583942535790182,0.4331545777703273,-0.4936042381624025,0.4717379362322466,0.5813125019762222,0.438376376119638,-0.4973582686813392,66.86882131582371,66.48623397033832
22.485097,1785142352.437,0.01717672497034073,0.07985074073076248,0.3970000147819519,0.0174006079072241,0.07973008821369201,0.3974067910887483,0.46042344275962277,0.5904062841165945,0.441150189209196,-0.4947900399095581,0.4704854856345965,0.5823298083648438,0.43868957984931906,-0.4970783184052288,67.25547617181377,66.61921479075596
22.528815,1785142352.504,0.018035804852843285,0.07899206131696701,0.3970000147819519,0.017438689741891614,0.07968613596128454,0.3973878692911185,0.45447919848716006,0.5866722720094694,0.4467009647340815,-0.49972247448294405,0.4671915380386737,0.5832435964791689,0.44035738251969797,-0.49763877422433955,65.679851070166,66.33929931573923
22.575546,1785142352.537,0.01717672497034073,0.07899206131696701,0.3970000147819519,0.01743095348504089,0.0796663166550238,0.3973789776478398,0.46893020242451716,0.5819481733401715,0.4358428822063978,-0.501479581668246,0.46738346486202526,0.5831024119508534,0.43986225856664307,-0.4980617104730264,66.86882131582371,66.43065108314588
22.623034,1785142352.571,0.01760626584291458,0.07899206131696701,0.3970000147819519,0.017434833532430215,0.07964749604563909,0.3973702116227097,0.4666489504649677,0.5746988088500092,0.4454266129291019,-0.5035426184851016,0.46729990450582415,0.5821135945589798,0.44052267975130543,-0.49871267369418254,67.18161845186384,66.56368511548622
22.670857,1785142352.637,0.01760626584291458,0.07942140102386475,0.3970000147819519,0.017441934597748666,0.07963730609572821,0.3973543896676588,0.46266140224648544,0.577782921701153,0.44174290790968906,-0.5069265484991755,0.4664227714740213,0.5812958969563264,0.4407581576741941,-0.5002770481202222,66.36050438692425,66.50405058375382
22.728041,1785142352.671,0.01760626584291458,0.07985074073076248,0.3970000147819519,0.017445488199339523,0.07964418258892564,0.3973465198583972,0.46351943478264235,0.5772355496355626,0.44206539636220377,-0.5064849841355986,0.4661105111466459,0.5808589745982764,0.4409007976653906,-0.5009494282313072,66.74209585986945,66.54603738182519
22.787023,1785142352.737,0.01765061356127262,0.08005187660455704,0.398000031709671,0.017454155484992635,0.07966915345533762,0.3973929350274167,0.4849623943359095,0.575896710496669,0.42745948079475415,-0.5004326600030986,0.47008906300610614,0.5798444509508149,0.43810007347358093,-0.5008642642134015,67.74743182872939,66.90085241020525
22.831266,1785142352.804,0.01760626584291458,0.08028008043766022,0.3970000147819519,0.017460334024950782,0.07970782578913581,0.3973726866639344,0.46908384626140837,0.58204894975426,0.43570664988645075,-0.5013372921609682,0.46991156022793984,0.5802351118116353,0.43767685238908266,-0.5009484139787923,67.4789711157163,67.07274220928947
22.874959,1785142352.838,0.017219992354512215,0.08005187660455704,0.398000031709671,0.017453377646748255,0.07971686112908691,0.39739586670476684,0.4561719382255546,0.5851309706001729,0.4475504270672862,-0.49922692761101145,0.46830815923380426,0.5808185730251294,0.4388416571298001,-0.5007546836442663,67.44803582078782,67.13901613838874
22.926884,1785142352.871,0.01765061356127262,0.07919103652238846,0.398000031709671,0.017457857311344797,0.0796991754210638,0.3974159611376341,0.4579606819036282,0.5843462121138588,0.44984577370514417,-0.4964376074575425,0.4670037901732266,0.5812738761748885,0.4402422373883606,-0.5002148670918848,65.64940605779081,66.87992454732176
22.97883,1785142352.938,0.017219992354512215,0.08005187660455704,0.398000031709671,0.017445553231357058,0.0797172586395412,0.39744986700157725,0.46615878107787323,0.5754755484745513,0.4448139127993468,-0.5036511361170953,0.466837155054751,0.5801163722798183,0.4411596904154388,-0.5009053731253478,67.48720025312706,67.06051145720812
23.029706,1785142352.971,0.016747184097766876,0.08028008043766022,0.3970000147819519,0.017421273987055966,0.07973393358950498,0.3974349285438286,0.4676176116971602,0.5742693015079735,0.4455923413662377,-0.5029870812376221,0.4669234724816437,0.579481322938345,0.4416436321711169,-0.5011334845867041,67.89018719332898,67.20401423383592
23.076528,1785142353.038,0.01717672497034073,0.07899206131696701,0.3970000147819519,0.017410085929898348,0.07968150159619794,0.39740971219377713,0.46607678254940504,0.5754095165343158,0.44490134681662946,-0.5037252352730491,0.466778273060634,0.5787789221642228,0.44220784016874576,-0.5015827241345596,65.39211683827216,66.66120413324907
23.123704,1785142353.071,0.01760626584291458,0.07942140102386475,0.3970000147819519,0.01741535872488282,0.07967507851051797,0.3973982936766988,0.45912526454618147,0.5824884489321824,0.45108207741583517,-0.4964233654353849,0.4659769884425885,0.5791740504994181,0.44314521613519753,-0.5010440927568774,66.88499178017841,66.699708917905
23.170379,1785142353.138,0.01717672497034073,0.07985074073076248,0.3970000147819519,0.017404374427376648,0.07968368670676612,0.3973780911278767,0.46654786763974654,0.5745698556018907,0.44558933299627923,-0.5036394688210596,0.4660741443262788,0.578400867799596,0.44355745463743573,-0.5014819164783118,67.43429976286995,66.91832346342925
23.219492,1785142353.171,0.01765061356127262,0.07876061648130417,0.398000031709671,0.01741118639952529,0.07964783196711495,0.3974006810299484,0.47152409662930356,0.5801423556843398,0.4386311404949287,-0.4987009083880459,0.4665863045761159,0.5785657054020783,0.4430968815568656,-0.5012226037093507,67.71618513863673,67.0562839261852
23.268153,1785142353.238,0.017219992354512215,0.08005187660455704,0.398000031709671,0.017402585673423804,0.07967143921175265,0.3974379600746937,0.45609119999456077,0.5850474674542622,0.4476552678958869,-0.49930455559501685,0.4647725988001546,0.5796968172054707,0.4438928094670888,-0.5008964016938157,68.25789004532743,67.41491983435607
23.318124,1785142353.271,0.017219992354512215,0.07962145656347275,0.398000031709671,0.01739851942182424,0.07967036888795756,0.39745465830259014,0.4584309521132294,0.5832572217884003,0.4506663588550119,-0.4965399363320139,0.46413357615412887,0.5800600853214827,0.44458038711785797,-0.5004583901717997,66.48838646558946,67.25453430932677
23.366603,1785142353.338,0.01765061356127262,0.08048229664564133,0.398000031709671,0.017411709571067694,0.07972525814038205,0.39748368673691836,0.4852530601759759,0.575147471918757,0.42826600790697195,-0.5003229752936984,0.46870880748269156,0.5790386318594586,0.441096064124708,-0.5004603668785083,67.89018719332898,67.44359552503856
23.416746,1785142353.371,0.017219992354512215,0.08048229664564133,0.398000031709671,0.017407092309945176,0.07974954118639785,0.3974970143937331,0.4669637418144312,0.5749439697883014,0.44510847544374227,-0.5032521639525077,0.46850945938578215,0.5785697202174093,0.4415577966969307,-0.5007820658627296,66.36050438692425,67.25585765842014
23.460892,1785142353.438,0.01765061356127262,0.07962145656347275,0.398000031709671,0.0174192381750492,0.07974270047348432,0.3975211174512434,0.45856939784506007,0.5834129522926412,0.4504595668066594,-0.4964167736182573,0.4665099478511014,0.5795583124960705,0.44336375665588695,-0.4999092020123747,66.62882226603075,67.06936944187696
23.506801,1785142353.471,0.018081236630678177,0.08005187660455704,0.398000031709671,0.017441172672661324,0.07974999985449611,0.39753238422859255,0.4603135552159951,0.5821617177536966,0.4509402301015712,-0.49583472462345574,0.4657980734560578,0.5798621211973745,0.44424034620050057,-0.49944227891996257,68.1292684150204,67.25305060457066
23.553225,1785142353.505,0.01717672497034073,0.08028008043766022,0.3970000147819519,0.017433500120514527,0.07976510703202089,0.39751159732407754,0.4636643677770613,0.5773288545348516,0.44194191743575023,-0.5063537196353817,0.46555056038900344,0.5795683470267057,0.44397353518723104,-0.500250644077116,66.24001332817986,67.07319302164939
23.598199,1785142353.571,0.01760626584291458,0.08028008043766022,0.3970000147819519,0.017441035339301254,0.07979075225353807,0.3974790651005335,0.48263825900722657,0.5686658501122903,0.4370644844865935,-0.5026470911673594,0.46923192372225375,0.5772537968027005,0.4425097742095412,-0.5007839410023054,67.14221925955279,67.09343541211098
23.646077,1785142353.605,0.01765061356127262,0.08048229664564133,0.398000031709671,0.017445967123805223,0.07981120673951979,0.39749534607216724,0.4730162569953787,0.5790750189766332,0.4393305367709832,-0.4979120629948763,0.4696765926951051,0.5774684498514219,0.4421377643600106,-0.500448084247751,65.82187910525226,66.8671867924702
23.697584,1785142353.672,0.01765061356127262,0.07962145656347275,0.398000031709671,0.017454946653101183,0.07980021282006972,0.39752265621060123,0.4802707281598123,0.5813980594539182,0.4366273045460149,-0.49058426499526403,0.471847013046259,0.5782818675625332,0.44102306500630845,-0.4984467213857003,66.34199299281677,66.7110837555314
23.741463,1785142353.705,0.01760626584291458,0.07856272161006927,0.3970000147819519,0.017458106225230797,0.07973960408813614,0.39750442136220915,0.47854002056719047,0.5822376408280889,0.4363233671946426,-0.4915492829395882,0.47263426854167645,0.578749174222918,0.44047546619928446,-0.49764204526234307,66.6143390379203,66.69445493386957
23.788926,1785142353.738,0.01760626584291458,0.08028008043766022,0.3970000147819519,0.017461185408390183,0.07975652307626038,0.39748806980913337,0.4692168382842101,0.5808823079975498,0.43678920291941215,-0.5016238582235037,0.47224742416225846,0.5789926474315245,0.4400580312676166,-0.4980951853905193,66.74209585986945,66.70263981782091
23.839539,1785142353.805,0.01760626584291458,0.08070942014455795,0.3970000147819519,0.017467139566676608,0.07982269762679987,0.3974602955658895,0.4600522519701909,0.5818732809955405,0.4513088367411478,-0.49608038078520394,0.4697529467221332,0.5795980841711912,0.44237990405233607,-0.49769292777937213,66.74466415507437,66.71509295852603
23.889023,1785142353.838,0.01717672497034073,0.07985074073076248,0.3970000147819519,0.017458757793973195,0.07982340813104771,0.3974476815022465,0.46389406631113334,0.5881944421672626,0.44419867830150894,-0.4914439211548527,0.469057381881917,0.5806286829701993,0.44260048341317504,-0.496951020822774,65.90837121437836,66.57558583592804
23.937787,1785142353.905,0.01760626584291458,0.07899206131696701,0.3970000147819519,0.017465143739867822,0.07976070187623807,0.39742525771756065,0.47931984910012126,0.5817240929863398,0.43659455685632,-0.4911565481812198,0.4711527644868565,0.5808599186473469,0.4413844373204671,-0.4957787872798563,66.74209585986945,66.62496603715799
23.987492,1785142353.938,0.01717672497034073,0.07985074073076248,0.3970000147819519,0.017457092211138836,0.07976273983416131,0.3974148564626292,0.4644320086332727,0.5872501652651225,0.444861599849722,-0.49146547155634007,0.4703765131623973,0.5816041482592469,0.4417901487408954,-0.49528175321560003,66.90317182780659,66.67285805705181
24.034084,1785142354.005,0.01765061356127262,0.07919103652238846,0.398000031709671,0.01746601446091541,0.07972875890592464,0.39745473317862395,0.47355207823953516,0.5871704007427511,0.42910588513064213,-0.49683748754785245,0.4710255435321678,0.5827377934228778,0.4392359244451504,-0.4956040800212155,65.86193623612269,66.43140494762412
24.083282,1785142354.038,0.01765061356127262,0.08005187660455704,0.398000031709671,0.01747021386823357,0.07973838495199305,0.3974723541835274,0.47243008779677703,0.5785107523342677,0.43999235320893654,-0.49853971827290905,0.47117490145287,0.5822910425515366,0.4393166173589357,-0.49591558124082497,66.48628807449737,66.44083467897937
24.131745,1785142354.105,0.01765061356127262,0.08005187660455704,0.398000031709671,0.01747810310886091,0.07975510633331172,0.3975023094028214,0.4571553578207084,0.5845570296060562,0.4477357948442084,-0.4988333549084197,0.4684347326382724,0.5827485314893108,0.4409781834895154,-0.4964990352371788,65.92396308113628,66.28721453056176
24.184544,1785142354.139,0.01678936928510666,0.08048229664564133,0.398000031709671,0.017452318633836568,0.07978094476653862,0.39751630165642454,0.47032981862732964,0.5725606182389473,0.4482319762977951,-0.5000522928414491,0.4686642032468226,0.5815429375025424,0.4418443030547606,-0.49692583782088434,66.74874394362492,66.36877336033328
24.233814,1785142354.205,0.01717672497034073,0.07985074073076248,0.3970000147819519,0.017438881675254942,0.07978385397564369,0.3974834620417841,0.46774962077138177,0.5821337652683344,0.4359101564049406,-0.5023075822101041,0.46849729984198424,0.5816551162274544,0.4407485648190825,-0.49792399863545,67.40226726545778,66.67368162426625
24.280783,1785142354.239,0.01760626584291458,0.07899206131696701,0.3970000147819519,0.017443236241119056,0.07975251077199154,0.3974682019091845,0.468283946818543,0.5826039528153445,0.43528358368685593,-0.5018077132614757,0.4684762713200182,0.5817542971497,0.4401853688085375,-0.4983259596336951,65.83637796386301,66.52524539263784
24.326514,1785142354.305,0.01765061356127262,0.07876061648130417,0.398000031709671,0.01745319407375938,0.0796813929129546,0.39749967192958985,0.4709927507352293,0.5797018455416498,0.43921281937149975,-0.4992030632219776,0.4688659259471903,0.5814372657507352,0.4400352760960348,-0.4984620399519699,66.22460671814312,66.43695250890339
24.373126,1785142354.339,0.01717672497034073,0.07899206131696701,0.3970000147819519,0.01744565405311931,0.07966039022433422,0.39748306076485895,0.47160736104157736,0.5789700181859015,0.4397772531021438,-0.49897513235345614,0.46909182681953815,0.5812344866016597,0.4400142691528746,-0.4985045361256759,66.27174929105844,66.40783173278726
24.43186,1785142354.372,0.01765061356127262,0.07919103652238846,0.398000031709671,0.017450769249446677,0.0796491526239852,0.39749901541237626,0.47125719434312996,0.5799344872194665,0.4389055945851578,-0.4989534310486151,0.4692555003056672,0.5811364588894385,0.43993065329331943,-0.4985385761154647,66.51732480284362,66.42665339044969
24.489305,1785142354.439,0.01765061356127262,0.07962145656347275,0.398000031709671,0.01746011207211381,0.07964776615588767,0.3975264685585646,0.46903768556780767,0.5819681062620432,0.43573404561201634,-0.5014505103253467,0.4692280478726771,0.5812448595159188,0.43938874168169056,-0.4989158105926261,65.96731187954036,66.29018166914106
24.550883,1785142354.505,0.01760626584291458,0.07813338190317154,0.3970000147819519,0.017466361892831003,0.07952412574833628,0.3974932943503674,0.4715052558598161,0.580125784214471,0.43865305739319993,-0.498718721751763,0.46948178947873204,0.5811204466288183,0.4393069720728595,-0.4988940369917705,66.6212953312565,66.3874430571716
24.596826,1785142354.572,0.01765061356127262,0.07876061648130417,0.398000031709671,0.017474470897123954,0.07948594962198878,0.3975223863307396,0.4652910926744159,0.5865916330569944,0.445053480565901,-0.49126556417232625,0.46895202181654344,0.5818212865907788,0.44004176201558665,-0.4979269418160106,66.6371912194707,66.46154750887685
24.644255,1785142354.606,0.01765061356127262,0.07833019644021988,0.398000031709671,0.01747843276665146,0.07944655470073238,0.3975359504233122,0.4749139074104109,0.5778195214534407,0.4417552696131529,-0.49541261887895316,0.46940480187405503,0.5815192788510031,0.44017254578836856,-0.49773747119980344,66.93491336179957,66.54520756385695
24.691546,1785142354.639,0.018081236630678177,0.07789977639913559,0.398000031709671,0.017496757335024617,0.07938532258070481,0.39754817639167095,0.4746353406871345,0.5775711014605724,0.4420800157904608,-0.49567950912574044,0.46981480092225625,0.5812115130953031,0.4403225568425526,-0.49757740685795426,66.6371912194707,66.56101707531735
24.741251,1785142354.706,0.01765061356127262,0.07876061648130417,0.398000031709671,0.017503094554844358,0.07935849141800225,0.3975701565448543,0.4642406665167667,0.5884689372541639,0.4437269940099742,-0.49121407576116455,0.4689801899014544,0.5823085170540875,0.4408386138591462,-0.4966242935831994,66.50264040349894,66.54371629639527
24.790965,1785142354.739,0.01765061356127262,0.07833019644021988,0.398000031709671,0.017506140883398698,0.07932961883706575,0.3975804038333478,0.46409696729032923,0.5883391226124505,0.4438991012941849,-0.4913498444344376,0.4685497938520044,0.5828446044462094,0.44111124521016754,-0.49615937671107374,65.9325497489408,66.43820455227291
24.834357,1785142354.806,0.017219992354512215,0.07833019644021988,0.398000031709671,0.017490292953314293,0.07927864099178336,0.3975993799335073,0.4744150953445981,0.5773413659204132,0.44237828735673923,-0.4958918383898305,0.4694530564655702,0.5820015121037558,0.4413078377537287,-0.49612040879327346,67.0625160940871,66.62387811204256
24.88289,1785142354.839,0.01760626584291458,0.0777040421962738,0.3970000147819519,0.0174928256014746,0.0792195354706684,0.39757623450287893,0.46585077555380294,0.5859978123384036,0.44768358496037286,-0.4890491044951968,0.469124269717033,0.5823717665707275,0.44189611426994435,-0.4954728743905914,66.40610295533399,66.58640815295081
24.925112,1785142354.906,0.018035804852843285,0.07813338190317154,0.3970000147819519,0.017523735241494802,0.07916563860940035,0.39753860651342066,0.464012330097112,0.5882844672183309,0.44398045690304005,-0.49142170997592394,0.4683078188075273,0.5833223051738909,0.442232500514887,-0.49482652578323305,65.96989630559078,66.40306300849034
24.967624,1785142354.939,0.017219992354512215,0.07833019644021988,0.398000031709671,0.017514633941450163,0.07914857108592226,0.39755247563911356,0.47154544054682024,0.5801737510188698,0.438593684237004,-0.4986771463337884,0.46859343858602215,0.5830465616739797,0.4419133701892747,-0.4951661029212673,67.19306532138656,66.53965725910916
25.011246,1785142354.972,0.01765061356127262,0.07789977639913559,0.398000031709671,0.017517511192990453,0.07911228872783205,0.39756518515167966,0.4745198413184942,0.5774680872405246,0.4422145698893724,-0.4957900791579016,0.4691386310499088,0.5825362242440453,0.44194224129914406,-0.49522474459138033,67.04720420814267,66.62720295957313
25.060607,1785142355.006,0.01717672497034073,0.07813338190317154,0.3970000147819519,0.01750723360244667,0.07908934897840995,0.39754540225647444,0.4752979697616101,0.576949271027402,0.4424934166794836,-0.4953997928913153,0.46974035044292806,0.5819935031750391,0.44199730913296126,-0.4952433181245583,66.6508052122234,66.63135841525641
25.111254,1785142355.073,0.018035804852843285,0.0777040421962738,0.3970000147819519,0.01753742623435674,0.07900880213733968,0.397513188103053,0.4713818679483182,0.5800630972564403,0.4387417132932903,-0.49883027853899153,0.4699946946910909,0.5816966102750613,0.4414955519181349,-0.49579806190951714,66.79759831807634,66.68065925232533
25.156464,1785142355.106,0.01760626584291458,0.07856272161006927,0.3970000147819519,0.017538938649271283,0.07899528234342507,0.39749864322871836,0.47983424660632645,0.5704943386712982,0.434446729373392,-0.5055208647172733,0.471052124128869,0.5805122302841496,0.44075162032457943,-0.4968434924857735,67.88122211308071,66.88896984696473
25.206236,1785142355.173,0.01717672497034073,0.07813338190317154,0.3970000147819519,0.01751825576026153,0.07895970970709738,0.3974730295497238,0.482606119378747,0.5696296346060914,0.4360142822688024,-0.5024987149976987,0.4733609599251743,0.578362551782667,0.4398204253609741,-0.4979800736469795,66.65312970802319,66.8189990533498
25.250241,1785142355.206,0.01765061356127262,0.0774693489074707,0.398000031709671,0.01752128590341903,0.07890868073381099,0.39749202842670983,0.4707922380550112,0.5808076429498309,0.4381634103414432,-0.4990290335403057,0.47309938091945797,0.5786123148868518,0.43965178872587163,-0.4980874115103148,67.14319139315005,66.87483099882645
25.296274,1785142355.273,0.017219992354512215,0.07876061648130417,0.398000031709671,0.017505774381065972,0.07889910569253712,0.3975234395945875,0.4699686794467407,0.5722077168695537,0.4486077852041729,-0.5004586138215888,0.47254329906153736,0.5774708058531087,0.4412605873395103,-0.4985171942472897,67.30347056236266,67.00215799551913
25.342475,1785142355.306,0.01760626584291458,0.0777040421962738,0.3970000147819519,0.017508139402009786,0.07886148345394088,0.3975069135056122,0.46303385833884025,0.5888546591250109,0.44381946774110126,-0.4918069911180804,0.4714694991181537,0.5787718950178564,0.44155730711122876,-0.4977617396660741,66.35795578726601,66.89091271735178
25.390857,1785142355.339,0.01765061356127262,0.07876061648130417,0.398000031709671,0.01751154390481669,0.07885818678039448,0.39752242900255935,0.47212123394211264,0.5794618079103278,0.43913270324990916,-0.4984857295557205,0.4715371610442581,0.5788435475389063,0.44130633354390547,-0.49783689417411664,66.78127086236559,66.87206552270749
25.434975,1785142355.406,0.017219992354512215,0.07833019644021988,0.398000031709671,0.017496928234793558,0.07883558393172593,0.39754899004681304,0.474796506525632,0.5777148317381529,0.4418921710026448,-0.4955251353739613,0.4720653948523792,0.5786615048143887,0.44140170409095436,-0.4974632262332726,67.63445826462697,67.09899974278969
25.479618,1785142355.44,0.01717672497034073,0.07899206131696701,0.3970000147819519,0.01748857521881576,0.07884118180469933,0.3975296773160478,0.4592385002564169,0.5825721887834624,0.4509832735974846,-0.49631011643284006,0.47068626995440843,0.5790914753097293,0.4424423374835282,-0.49734522869141784,67.34415394373306,67.1422437837464
25.526594,1785142355.473,0.01760626584291458,0.07899206131696701,0.3970000147819519,0.017491517970230727,0.07884605644272118,0.3975128199235671,0.477349478708929,0.5840523329117109,0.4330065193144861,-0.49348323358332585,0.4714531906503333,0.5796644637090204,0.44136601767563,-0.49690747325806023,66.91746826963144,67.10356729332797
25.575266,1785142355.54,0.01678936928510666,0.07833019644021988,0.398000031709671,0.017448359009668356,0.07882211950564562,0.39754125628315923,0.47481021631390563,0.5777058777950126,0.441906225995145,-0.4955099037070437,0.4720425636846364,0.5793216788405293,0.4414613174281207,-0.49666298000762504,67.29490184967126,67.1603192562774
25.628936,1785142355.573,0.01765061356127262,0.07833019644021988,0.398000031709671,0.017454207375617366,0.07881086619001385,0.39755411950375263,0.4646433975754023,0.5874135605984966,0.4445435291560911,-0.49135819175020434,0.47126840522455465,0.5801764481784858,0.44178853976865695,-0.4961091264481833,66.76282258996899,67.09182129475946
25.682867,1785142355.64,0.01765061356127262,0.07789977639913559,0.398000031709671,0.01746444961765348,0.07875771942013335,0.397576840091279,0.46689543168580216,0.5855003367543125,0.44773717025122317,-0.4885994657251912,0.47047241308490123,0.581157550424476,0.4428826207166576,-0.49473891536631515,66.52774040136077,66.92412267409055
25.726687,1785142355.706,0.017219992354512215,0.07876061648130417,0.398000031709671,0.017453178554283088,0.0787578817471336,0.3975968154909213,0.47174414643227364,0.5791029320576222,0.43960618867441037,-0.49884231302918697,0.470676128707843,0.5808314282123683,0.44236148150462856,-0.4953939377368364,66.78127086236559,66.88221068963588
25.77475,1785142355.74,0.01765061356127262,0.07833019644021988,0.398000031709671,0.01745855123358206,0.07874814747953962,0.3976065689431604,0.47532182253582295,0.5769975164251295,0.4424302004046436,-0.49537717835035877,0.47108973458141634,0.5804915193471748,0.4423682392585995,-0.4953931760059535,68.69552138533288,67.20631822993997
25.817246,1785142355.773,0.01765061356127262,0.07876061648130417,0.398000031709671,0.0174634272488841,0.07874849268937975,0.3976155987596998,0.4751916345439211,0.5768812379414215,0.44258180430518546,-0.49550206282982906,0.4714420057561163,0.5801826353034629,0.4423870702066021,-0.4954030934653093,67.33467828291005,67.22838760156701
25.864623,1785142355.84,0.01760626584291458,0.0777040421962738,0.3970000147819519,0.017469974634058236,0.07867982282270321,0.3975724425839058,0.4740051642718682,0.5782304007634509,0.44162848589977965,-0.49591631180916645,0.4717938478210745,0.5799152776680526,0.442283326451228,-0.49547380862020035,66.24312501046973,66.9347187365266
25.909795,1785142355.873,0.018035804852843285,0.0777040421962738,0.3970000147819519,0.017487747373363328,0.07864931861759536,0.39755345038423384,0.46384501769428427,0.5881223777534992,0.4441906824217922,-0.49158367140846126,0.47110850551711064,0.5806291870299561,0.44245105660690004,-0.4951399657731182,66.91746826963144,66.93175578836731
25.957865,1785142355.907,0.01760626584291458,0.07727470248937607,0.3970000147819519,0.017490274728993442,0.07859561929792955,0.3975358255935697,0.4746065903253319,0.5775515063870611,0.4421076477903614,-0.4957052245589841,0.47141131858160545,0.5803636366371798,0.44242175665347694,-0.49518926404160984,66.6217799002683,66.87704839072639
26.001303,1785142355.973,0.01717672497034073,0.07813338190317154,0.3970000147819519,0.017473448532292633,0.07857502531080204,0.39750679186072546,0.46367005781175036,0.5879642748422864,0.4443999382020113,-0.4917486999719277,0.4702093618341333,0.5815529146853664,0.44273384142806155,-0.4946575675341922,66.6508052122234,66.8106354689278
26.04967,1785142356.007,0.01760626584291458,0.0777040421962738,0.3970000147819519,0.017476611605451768,0.07855075112478202,0.3974929508399086,0.4738311481018265,0.5780630355899181,0.44184336498108034,-0.49608629369825336,0.4705205608824399,0.5812541909061019,0.4426579438390126,-0.49478067069883064,67.2034782743806,66.88001705172023
26.097633,1785142356.073,0.01760626584291458,0.0777040421962738,0.3970000147819519,0.01748226971920014,0.07850928580448205,0.3974691719042217,0.4745164250731362,0.5774650401539645,0.4422185489140554,-0.49579334881797055,0.471077329880182,0.5807281652425198,0.4425976540001772,-0.49492248286024965,66.24312501046973,66.6925791662442
26.140142,1785142356.107,0.01760626584291458,0.07856272161006927,0.3970000147819519,0.017485072881380848,0.07851114769972754,0.3974576064528885,0.46051553672789,0.5904515103151986,0.4409811322905972,-0.4948010664523948,0.470083887402561,0.5816517985878806,0.44244891125058017,-0.4949154321064923,65.71290707722663,66.51869281605082
26.188638,1785142356.14,0.01765061356127262,0.07919103652238846,0.398000031709671,0.017488812415953695,0.07854113575072835,0.3974780530386311,0.46765519608490064,0.5848476165179537,0.44800141317710307,-0.48841234302521486,0.46984938925470277,0.581965069214286,0.4429909696433914,-0.4942845440086125,66.90327459056,66.58495730233376
26.232265,1785142356.207,0.01717672497034073,0.0777040421962738,0.3970000147819519,0.017472166449115,0.07849289505115828,0.3974539991518224,0.46710215390764737,0.5856897563751415,0.4474893599195554,-0.4884018425956749,0.46939588217043127,0.5825863661895481,0.4437399525855405,-0.49331074001169145,66.50264040349894,66.5605576797947
26.280145,1785142356.24,0.01760626584291458,0.0777040421962738,0.3970000147819519,0.017475334082877512,0.0784710295474251,0.397442850438484,0.46349935475478016,0.5878099980099277,0.4446039808687457,-0.49190960000505707,0.46885082105828413,0.5830719444954106,0.44382121660903956,-0.49318226126147896,66.19596482829347,66.49774666742205
26.325675,1785142356.273,0.01765061356127262,0.07833019644021988,0.398000031709671,0.01747953510779574,0.07846721910980858,0.3974635776259591,0.4679252967125465,0.585065155487791,0.44772230090755233,-0.4881489750071891,0.46876553746495897,0.5832586634553429,0.44418532405455685,-0.49271452209572997,67.04866312609526,66.59280720062829
26.371289,1785142356.34,0.01717672497034073,0.07813338190317154,0.3970000147819519,0.01746394503842303,0.07845288065366204,0.3974399334025021,0.46312279932188816,0.5889237380875065,0.44372322044042417,-0.4917273707119371,0.46786973816563837,0.5841626000114173,0.44411373178170255,-0.49255959852554676,66.6508052122234,66.6099956711057
26.422526,1785142356.374,0.01760626584291458,0.0777040421962738,0.3970000147819519,0.017467520592148938,0.07843128361994228,0.3974286875787891,0.47392419238374894,0.5781459035049363,0.4417349279304229,-0.4959974068280763,0.46844141839710496,0.5835985253551946,0.4438915361285122,-0.4928850808117653,66.3739613291162,66.56836397409306
26.46998,1785142356.44,0.01717672497034073,0.07813338190317154,0.3970000147819519,0.017453345574515798,0.0784182240913821,0.397408994033005,0.4752883258884914,0.5769675996229224,0.4424692138174402,-0.4954093167101873,0.4695446508606866,0.5825370349290645,0.4436659809963408,-0.4932939499839059,66.78127086236559,66.63085695239619
26.524674,1785142356.474,0.01760626584291458,0.07856272161006927,0.3970000147819519,0.017457324563435152,0.07842280206148042,0.39739933062620963,0.46137237093996364,0.5804601911671874,0.45424726561876133,-0.49382276525213703,0.46870596270904974,0.5823278238658007,0.444760811114943,-0.4933526598378506,66.3739613291162,66.58553801252107
26.569962,1785142356.54,0.01760626584291458,0.0777040421962738,0.3970000147819519,0.017464256510729338,0.07838370941703672,0.39738200287963954,0.47419371032225943,0.5783859129308218,0.4414206248199272,-0.4957397430079355,0.4696189275703442,0.5816760073641836,0.44420828245310257,-0.4937510375934482,67.41880330499845,66.8310691568792
26.618649,1785142356.574,0.01765061356127262,0.07876061648130417,0.398000031709671,0.017468883573258695,0.07839748026406444,0.39740681735417116,0.46623551240037014,0.5755152218821327,0.4446865712587294,-0.5036472274329312,0.46927285936978613,0.5810439917215063,0.4442606912134965,-0.4947760113281053,67.29597897359596,66.91322963145672
26.668188,1785142356.64,0.01717672497034073,0.07856272161006927,0.3970000147819519,0.01745409907157026,0.07840637652249031,0.3973873643628101,0.4710462043052633,0.5797488745400522,0.43915074051423314,-0.49915262494045637,0.46956531223121767,0.5808335782622236,0.44342414760733345,-0.49549550677176685,67.286874650704,67.02301458852472
26.715971,1785142356.674,0.01765061356127262,0.07876061648130417,0.398000031709671,0.017459232407967692,0.07841745737573365,0.39741079716565575,0.4658857147549169,0.5751999640250566,0.4450922733661301,-0.5039725889000748,0.46919945281837894,0.5802726865558491,0.4435935534222042,-0.4963468969122837,67.77277493182251,67.15583487561892
26.765692,1785142356.74,0.01760626584291458,0.0777040421962738,0.3970000147819519,0.01746587662794695,0.07837366781659948,0.3973901028265377,0.4539733155473366,0.587705461753533,0.44584079962619233,-0.4997364309160403,0.4663730507092383,0.5816710482708455,0.4440225101672462,-0.4969899190531252,65.88912548283237,66.78158313750566
26.816928,1785142356.774,0.018035804852843285,0.07727470248937607,0.3970000147819519,0.017484270691739943,0.07833036940359372,0.39738011428233533,0.4685238026438436,0.573333405791006,0.4479654899609988,-0.5010999620477342,0.46661242357492716,0.5807555746724352,0.44445920616893536,-0.4974452961925585,66.6371912194707,66.75613500837689
26.863813,1785142356.841,0.01717672497034073,0.0777040421962738,0.3970000147819519,0.017467560677174906,0.07829863734949384,0.3973623887987181,0.4745289628766774,0.5774701842543949,0.44220980233461576,-0.4957831586566454,0.46803066994533915,0.5801716190942698,0.44405966958337895,-0.4971510778803066,66.50264040349894,66.6809162627771
26.91433,1785142356.874,0.018035804852843285,0.0777040421962738,0.3970000147819519,0.01748571855942982,0.07828394712574446,0.3973540631103257,0.46773299919508665,0.5849292559821624,0.4478991609331911,-0.4883338495286461,0.4680023409077624,0.580667512000643,0.44445973416851287,-0.4962404599734814,67.31447949074716,66.79031468182802
26.963524,1785142356.907,0.01760626584291458,0.07856272161006927,0.3970000147819519,0.01748827093733245,0.07829349332876186,0.39734609020595696,0.47492555410682086,0.5766376427736052,0.4428971553666961,-0.4957588695736243,0.4687284690482726,0.5802475187802117,0.44429756901432615,-0.4961916055527646,66.7649867766077,66.78596399718373
27.010392,1785142356.974,0.01765061356127262,0.07919103652238846,0.398000031709671,0.017495266165168603,0.07836496901453223,0.3973922993264945,0.4719730397608028,0.5793312514883742,0.4393049270600006,-0.4986260440938374,0.469278936768357,0.5800941815533888,0.4434539860638944,-0.4966050566370702,66.35795578726601,66.65882605949554
27.062247,1785142357.007,0.01760626584291458,0.07856272161006927,0.3970000147819519,0.017497546410608692,0.07836984855965617,0.3973814398331382,0.46278267965548653,0.588605623375698,0.44414055427921273,-0.4920516025641486,0.46862848961415565,0.5809537441082825,0.4435257591519503,-0.4961501656728634,66.35795578726601,66.6070215062775
27.11111,1785142357.074,0.01717672497034073,0.07899206131696701,0.3970000147819519,0.01748003142497311,0.07840760624051608,0.3973621898492484,0.46367414065001356,0.5879570667310096,0.44440502135691534,-0.49174887490089736,0.46777760709108285,0.5821648405648535,0.4436802893555925,-0.49539480170019645,66.13312006948742,66.46621092235773
27.156804,1785142357.107,0.01760626584291458,0.0777040421962738,0.3970000147819519,0.01748294432355248,0.07838096901855321,0.39735327219163685,0.46394237635969726,0.5882103468723895,0.4440741845649558,-0.4914917881846553,0.4674109259274087,0.5827466577140772,0.44371937063844663,-0.49502169585481354,66.24793613796953,66.42865420403905
27.204473,1785142357.174,0.01760626584291458,0.07813338190317154,0.3970000147819519,0.01748839247523916,0.07836857181933203,0.39733691875541316,0.4713179736048977,0.5799673650605599,0.4388645265253267,-0.4988939271823068,0.4680458921740024,0.5822987964866521,0.44293465119433767,-0.49565113658760956,66.63406486107186,66.48958597719977
27.251125,1785142357.207,0.01765061356127262,0.07962145656347275,0.398000031709671,0.01749209756419,0.07842654718918274,0.39736223142052496,0.4725487302672538,0.5786275270426758,0.43984264722401395,-0.4984238438861602,0.46844818485914635,0.5819727933730124,0.4426599876584438,-0.4958992853412983,65.98379282312122,66.40234414823118
27.295946,1785142357.274,0.01765061356127262,0.07833019644021988,0.398000031709671,0.01749904951092981,0.0784219179140555,0.39740349809201314,0.46827429024567274,0.5826087354440366,0.435281262053969,-0.5018131857413833,0.46842351847771785,0.5820767134725716,0.4414972135747441,-0.49683630843132,65.01435457190733,65.98760172157827
27.353369,1785142357.308,0.01765061356127262,0.07919103652238846,0.398000031709671,0.017502448365812745,0.07844929078776257,0.3974223793521173,0.4614874603658548,0.5898271960359174,0.4412267985787513,-0.4944209896003881,0.46776211240687293,0.5828212380832359,0.44147351660340556,-0.49660763664447066,66.90658778884173,66.1506270008795
27.414316,1785142357.374,0.01760626584291458,0.07856272161006927,0.3970000147819519,0.017506632841509485,0.07845399744344064,0.3973974339868121,0.47460779695672145,0.5775404977283615,0.4421179666868346,-0.4957076921778224,0.46885488992096,0.581983073144979,0.4415784120136123,-0.49646681743442517,66.35795578726601,66.21147985999575
27.464778,1785142357.408,0.01765061356127262,0.07919103652238846,0.398000031709671,0.01750981057660878,0.07847856909487146,0.39741749763728373,0.45531355426737086,0.5858636610573924,0.4471741947080032,-0.4994883157192886,0.4674269615978763,0.5824003765405202,0.44217566623941085,-0.49679222735724327,66.35863189785276,66.23741437326404
27.51199,1785142357.474,0.01760626584291458,0.07942140102386475,0.3970000147819519,0.017513653087774944,0.07853857045918819,0.3973937332575023,0.4601257124631718,0.5820013765269568,0.45115136103035186,-0.4960052176050642,0.46612812267743997,0.5823348954855669,0.4437824162264596,-0.49665663168553853,66.38930090147208,66.28197921827704
27.561213,1785142357.508,0.01765061356127262,0.07833019644021988,0.398000031709671,0.017516647587535503,0.07853166933367411,0.3974144990667794,0.46412446642106964,0.5884245693124758,0.44390276481084917,-0.49121822166127815,0.46592362494843637,0.582962939356218,0.4437962375242092,-0.49609906935149856,66.49660143867577,66.31982681934612
27.612286,1785142357.574,0.01717672497034073,0.07856272161006927,0.3970000147819519,0.017498144478584877,0.07853316466861492,0.39739142342540507,0.4585654362709476,0.5833902913885134,0.4504985086444949,-0.4964117265741681,0.46466938623662635,0.583040077044354,0.44494478241679003,-0.49615599427464957,66.24097807401189,66.29670225391246
27.659349,1785142357.608,0.01760626584291458,0.07813338190317154,0.3970000147819519,0.01750068179520575,0.07851974539829934,0.39738047180543445,0.47103903464085095,0.5797488890369971,0.4391527558108377,-0.4991576009325409,0.46531651348638814,0.5827092274272048,0.44436004862215056,-0.496462129206833,66.54109363843519,66.33981079898022
27.705251,1785142357.674,0.01765061356127262,0.07833019644021988,0.398000031709671,0.017507379962704357,0.07851027953605094,0.3974199850649764,0.4746531685143695,0.5776081710362142,0.4420292353739169,-0.49566452913862974,0.46692183965751494,0.5818392535905774,0.44396404277546936,-0.4963295350414511,66.50264040349894,66.3875899799097
27.755375,1785142357.708,0.01760626584291458,0.07813338190317154,0.3970000147819519,0.017509568169241315,0.07849915075096472,0.3974068956806189,0.47130764962779037,0.5799788694871656,0.4388469452702682,-0.49890577164197203,0.4673508964748052,0.5816591613604805,0.4434658618882823,-0.49658210691616905,65.96731187954036,66.31334574490602
27.802653,1785142357.775,0.01760626584291458,0.07856272161006927,0.3970000147819519,0.017513630588455672,0.07850191808986938,0.3973849232201957,0.4718414322149984,0.5792152954865868,0.4394578015744677,-0.49875058391446614,0.468062676134875,0.5812744031827601,0.44283324535283236,-0.49692667087233644,66.78127086236559,66.4523749792499
27.847026,1785142357.808,0.01760626584291458,0.07942140102386475,0.3970000147819519,0.017515575982507168,0.0785378426816844,0.397374859158749,0.4685714108280737,0.5815891445603405,0.4362393763772682,-0.5018865473213363,0.46810941452291205,0.5813041308885225,0.4422455716880078,-0.4973710262664112,66.90658778884173,66.53068513322056
27.892875,1785142357.841,0.01717672497034073,0.08028008043766022,0.3970000147819519,0.017505894788028352,0.07862987218707766,0.3973654319012441,0.4801998928496627,0.5708008624026766,0.4340424327379381,-0.5051748261448363,0.4694820222344085,0.5801307309891461,0.4413289104311766,-0.49826073353046774,67.44821563578854,66.68950341324641
27.941092,1785142357.908,0.01760626584291458,0.07813338190317154,0.3970000147819519,0.01751028050816219,0.0785965434006422,0.3973482523181373,0.4745296666286412,0.5774708119601456,0.44220898262893166,-0.49578248507353107,0.47038507439261373,0.5796572526464405,0.44148740123524677,-0.49781947108724467,67.29511759591284,66.86959767308949
27.987309,1785142357.941,0.01717672497034073,0.0777040421962738,0.3970000147819519,0.017501025568738917,0.07856041939658068,0.39734019471353077,0.47059806068589255,0.5805970104703478,0.4384386574883481,-0.4992155048988228,0.47040464031967216,0.5797428320073137,0.44121093252302995,-0.4979464189288018,66.48628807449737,66.80355311660952
28.035127,1785142358.008,0.01760626584291458,0.07813338190317154,0.3970000147819519,0.017505743928477382,0.07853748324300473,0.39732513674124165,0.47130342465366626,0.5799814729343452,0.4388455403998005,-0.4989079721089255,0.4705322823037879,0.5797769272433148,0.44087576280518753,-0.49808297272365426,66.50264040349894,66.7142395688651
28.08021,1785142358.041,0.01717672497034073,0.07856272161006927,0.3970000147819519,0.017496773165100083,0.07853807522629302,0.3973179964428128,0.47493307333365936,0.5766443602237489,0.44288840932852896,-0.49575166621851463,0.47087536184599665,0.5795339856075082,0.4410329790049391,-0.49790226406625937,67.31809006488325,66.81848257965305
28.12382,1785142358.075,0.01760626584291458,0.07856272161006927,0.3970000147819519,0.01749940945810025,0.07853865643293229,0.39731090090456606,0.47425737734499757,0.5772218717128664,0.44253184778477317,-0.4960447707075785,0.47114322049771884,0.5793516021012693,0.4411518809661406,-0.497755768265689,66.66858022219134,66.7920625131737
28.16684,1785142358.142,0.01765061356127262,0.07876061648130417,0.398000031709671,0.017506381130074578,0.078549894568204,0.3973603490312836,0.4714148731118102,0.5800526020167946,0.4387518616155769,-0.49880236590395993,0.47117712787063154,0.5794388434058093,0.4408541702012486,-0.4978858720031018,66.65695978837108,66.75200399790461
28.216314,1785142358.175,0.017219992354512215,0.07919103652238846,0.398000031709671,0.01749872096687694,0.07857134007048044,0.3973820380821202,0.46672374140805595,0.5747379280292925,0.4453764618752907,-0.5034730087086196,0.4708402230638532,0.5790834824200455,0.4411993090400554,-0.4983121255157568,65.98379282312122,66.61920236485389
28.26496,1785142358.208,0.017219992354512215,0.07876061648130417,0.398000031709671,0.017491572002986018,0.07857558383778664,0.3974015657495813,0.466882975198159,0.5748850217659203,0.44518854944759634,-0.5033236082880055,0.4705138412508244,0.5787374306046441,0.4415309143202379,-0.4987285467146064,65.82187910525226,66.48133267085144
28.313167,1785142358.275,0.01765061356127262,0.07876061648130417,0.398000031709671,0.017499166054834196,0.07858359272340376,0.39743495778864263,0.47140453195971843,0.5800640858979493,0.4387343007744354,-0.49881423077452625,0.470632632892646,0.5789142938551992,0.441159078231448,-0.49874024594036026,66.78127086236559,66.57035667315412
28.358088,1785142358.308,0.017219992354512215,0.07919103652238846,0.398000031709671,0.01749189390708786,0.07860203220148418,0.3974501712899982,0.47522343393009114,0.5768978254462973,0.44255621745404683,-0.49547510657125043,0.4709710579649273,0.5787666546905794,0.4412624560663821,-0.49850061869965306,66.78530128944787,66.60733863121348
28.407053,1785142358.375,0.01765061356127262,0.07876061648130417,0.398000031709671,0.017499385758261293,0.07860857257575522,0.39747735260948386,0.4716805898381143,0.580306868498153,0.43841312571423285,-0.498553197507861,0.4710575455280657,0.5789541369083615,0.4409165093008863,-0.49850729982989206,65.66510550057328,66.32656189065796
28.452366,1785142358.408,0.01760626584291458,0.0777040421962738,0.3970000147819519,0.01750176970909837,0.0785705241390262,0.3974597562299062,0.47391344050409623,0.5781638397651834,0.4417111243030598,-0.4960079716743239,0.47124091481202907,0.5789037273701902,0.44096767497684775,-0.4983472526958844,66.32689426945036,66.32661897300832
28.500451,1785142358.475,0.01760626584291458,0.07813338190317154,0.3970000147819519,0.017506276064480752,0.0785460804556194,0.39743082369407234,0.47055716041251555,0.5806218957656538,0.4384070765265872,-0.49925284996023733,0.4711664822757851,0.5790916907057505,0.44068823660264295,-0.4984464242578841,66.07243575756429,66.25119564812115
28.548751,1785142358.509,0.01760626584291458,0.07727470248937607,0.3970000147819519,0.01750848638551874,0.07848840495782222,0.397417529178271,0.4739111495672716,0.5781679956020574,0.441707769742446,-0.49600830368702553,0.4713310551205963,0.5790366242414577,0.44074948372177203,-0.49830062900316885,66.37544171516252,66.27308902074267
28.595978,1785142358.542,0.01765061356127262,0.07833019644021988,0.398000031709671,0.017511639730944713,0.07848492582521108,0.39743662404667,0.4712578132804005,0.5799682123622345,0.438862723906738,-0.49895135598241175,0.471327000931001,0.5790890373490892,0.44064353839739184,-0.4983372523543866,66.19596482829347,66.2598350680205
28.647938,1785142358.609,0.01760626584291458,0.07813338190317154,0.3970000147819519,0.01751556182761476,0.0784691696800232,0.39741170546162374,0.474330533862594,0.577326457423346,0.44239914138748243,-0.4959714769059348,0.47163603892734934,0.5789085035017627,0.44082433339896776,-0.49809466815217485,65.96989630559078,66.17378339904036
28.697641,1785142358.642,0.01760626584291458,0.07856272161006927,0.3970000147819519,0.017517444913535168,0.07847172057322617,0.3974003935165036,0.4710373915218199,0.5797474434400625,0.43915466421364235,-0.49915915148621104,0.4716048390605186,0.578952379636005,0.44073720696329505,-0.49815031093707374,66.10275992952654,66.16157853801684
28.740588,1785142358.709,0.01760626584291458,0.07727470248937607,0.3970000147819519,0.01752108746974272,0.07838343974324093,0.39738029923853174,0.4740089257167333,0.5782337504394629,0.44162410008728675,-0.4959127165295074,0.47183181263355845,0.5788849044407569,0.4408210776582862,-0.4979395399942985,66.90327459056,66.38232302298847
28.787237,1785142358.742,0.01760626584291458,0.07684536278247833,0.3970000147819519,0.01752283994542893,0.07831677226089712,0.3973709816693734,0.46329696785894026,0.5891032360231434,0.44349404236946327,-0.49155501346498853,0.4712147228921177,0.5796323977803879,0.4410188079186441,-0.49747902411567163,65.82361109345102,66.28591063136112
28.833445,1785142358.809,0.01717672497034073,0.07856272161006927,0.3970000147819519,0.01750395853660663,0.0783330600147959,0.39735386959903213,0.46680423138593374,0.5854471966243424,0.44780150939525387,-0.48869131126736665,0.4705663296543636,0.5805006184578536,0.4420289293012412,-0.49618221151757214,65.96989630559078,66.19210526610064
28.88425,1785142358.842,0.018035804852843285,0.07813338190317154,0.3970000147819519,0.0175209035022365,0.07832852728584273,0.39734581623379184,0.4646191720706179,0.5874316410319157,0.44451890898254887,-0.4913817575123525,0.4700404138719121,0.5811186835883926,0.44225203411491315,-0.49575823062540986,66.2124366159342,66.19559750493035
28.92992,1785142358.909,0.01760626584291458,0.0777040421962738,0.3970000147819519,0.01752446207673428,0.07829624112239159,0.3973306888370854,0.47381854013047314,0.5780793250591938,0.4418217252288533,-0.4960986273751758,0.4705897020058897,0.5806782198230269,0.44219020574394136,-0.4958083897366999,66.51903625059167,66.2916110593003
28.976404,1785142358.942,0.01760626584291458,0.07813338190317154,0.3970000147819519,0.017526168729735715,0.07829227939501424,0.39732349987446725,0.4745017277685106,0.5774791506369705,0.44219980701146344,-0.4958076961921084,0.47089249264149496,0.5804314912292691,0.4421913505082639,-0.4958087876378596,66.52769227833637,66.33223730282421
29.023519,1785142358.976,0.01760626584291458,0.07684536278247833,0.3970000147819519,0.017527881367722077,0.07822826496608615,0.39731634233553503,0.4731053251263019,0.5787019198936233,0.4414295786069153,-0.4964024238251581,0.47105928233744077,0.5803014180892906,0.44213411842507716,-0.4958536457582757,66.24312501046973,66.31653939377692
29.068163,1785142359.042,0.018035804852843285,0.07813338190317154,0.3970000147819519,0.01755570722096372,0.07822334310800551,0.397303241867879,0.4532954485942572,0.5985965357523902,0.44583316085678065,-0.48727632442939456,0.46783481890146966,0.5836810588294783,0.4428353460831926,-0.49431150102592936,64.75079540373872,65.85307704973921
29.113345,1785142359.076,0.01760626584291458,0.07813338190317154,0.3970000147819519,0.017556885664027338,0.07822097941345901,0.39729668573222215,0.46662722903984893,0.5852955070674998,0.44800419974823014,-0.48885625242308056,0.4677105885506581,0.5838505543092954,0.44337398564622255,-0.4937457285308995,65.65354675828928,65.81789381108122
29.15763,1785142359.109,0.018465343862771988,0.07727470248937607,0.3970000147819519,0.017589521427579125,0.07818920316340824,0.39729049093058927,0.4660109762266496,0.5861552303436941,0.44748201945636207,-0.4888922767238933,0.46754058751524274,0.5840837564558587,0.44378834876700995,-0.4932584170279972,65.52513616112597,65.76748824937113
29.203101,1785142359.176,0.01760626584291458,0.07813338190317154,0.3970000147819519,0.01759032582112856,0.07818634105679861,0.3972785305986225,0.46068805610548785,0.5906052536667297,0.4407752028087038,-0.494640445062826,0.4663562714329325,0.5852182674156193,0.44326930443073387,-0.4935015008363471,66.51606667435503,65.99028703319819
29.250371,1785142359.209,0.018035804852843285,0.07813338190317154,0.3970000147819519,0.017601864874583862,0.07818501874235782,0.3972727808283447,0.46095494016917793,0.5908543154269982,0.4404457469529058,-0.4943877679170669,0.4658351383755318,0.5857653105459367,0.4429974884837091,-0.49358874583280105,64.8267993806963,65.78847178682264
29.293407,1785142359.276,0.01760626584291458,0.07727470248937607,0.3970000147819519,0.017602073327083814,0.07812777615362991,0.3972616382312078,0.4601912248893342,0.5917004365146231,0.4399144276910471,-0.4945603363316931,0.4649036966900077,0.586750570444137,0.44248968563095653,-0.4937521635371964,66.1022281334445,65.88160385411746
29.343686,1785142359.309,0.018035804852843285,0.07684536278247833,0.3970000147819519,0.017613432872058205,0.07807821472901043,0.39725627330660246,0.46636617469075603,0.5864803005557124,0.4470558900809767,-0.48855345593731925,0.4650372784725418,0.5867272733227696,0.44290467591846905,-0.4932817495302614,65.37527048529712,65.79426732623159
29.390083,1785142359.342,0.01717672497034073,0.07813338190317154,0.3970000147819519,0.017599002747037823,0.07807994647525222,0.39725102688738495,0.46068182507358213,0.5906109720907571,0.44077200196203575,-0.49464227273784805,0.46464251305652016,0.587080952660904,0.44271173604388553,-0.49340612972712045,65.98629731917367,65.82729987248462
29.435261,1785142359.409,0.01760626584291458,0.07727470248937607,0.3970000147819519,0.01759931754537239,0.07803624510302672,0.39724083183477005,0.4663775160904144,0.5864799066387463,0.447051839742746,-0.4885468085833424,0.4649090405495166,0.5869908400869384,0.4433763191433499,-0.49266497469604287,66.18178182052516,65.93254798770116
29.482614,1785142359.443,0.018035804852843285,0.07813338190317154,0.3970000147819519,0.017611834303863892,0.07803943591921778,0.39723577191252313,0.47507572934261294,0.5768046393102342,0.44268132492408957,-0.4956134623103247,0.4659352851664518,0.5859729182016231,0.4433108103596649,-0.4929660988236294,66.63667271804474,66.0572343462737
29.528932,1785142359.476,0.01717672497034073,0.07813338190317154,0.3970000147819519,0.01759805075807091,0.0780422487258171,0.39723096480339104,0.4743395093924333,0.5773344634365006,0.44238869342452714,-0.4959628928538642,0.4668408747751565,0.5850500016056622,0.44321512219116893,-0.49329144399781405,66.06668844001938,66.05885809053652
29.57693,1785142359.543,0.01760626584291458,0.07727470248937607,0.3970000147819519,0.017598391130305903,0.07799908250775676,0.39722161088165453,0.46328042803944586,0.5891179802497698,0.4434690954950632,-0.49157543844542323,0.4662351847770095,0.5857445794706294,0.44325941295463833,-0.49300013481117105,65.96895853187988,66.03220983918264
29.622564,1785142359.576,0.018081236630678177,0.07833019644021988,0.398000031709671,0.01761269361491885,0.07801070458233136,0.39725317977157765,0.4550892815522792,0.5965899915936576,0.44942059474201795,-0.48476309344693397,0.46498199390940276,0.5869821178052249,0.44396437523500254,-0.49207659184228947,65.95634825901023,66.01917312612964
29.670666,1785142359.643,0.018035804852843285,0.07684536278247833,0.3970000147819519,0.017634521546972003,0.07792937549205889,0.39724145598045985,0.46882409482842424,0.5736359522592995,0.447579736743946,-0.5008174733773727,0.46577908519711825,0.584263901875415,0.4447145742475855,-0.4938769929952598,66.34290730503984,66.11527463657538
29.718266,1785142359.676,0.01760626584291458,0.0777040421962738,0.3970000147819519,0.01763383271747337,0.0779237011342909,0.39723594232058274,0.4638194168449155,0.5881287727971989,0.44417700416249545,-0.49161253456246784,0.46557096526487957,0.5846760870481693,0.44465784821016263,-0.49363645282887875,66.08936733897085,66.11082439784605
29.766325,1785142359.743,0.01760626584291458,0.07727470248937607,0.3970000147819519,0.017632565749339222,0.07789232754831403,0.39722559649638844,0.47639944851497995,0.5760886836086762,0.4448969635129687,-0.49318565057145114,0.4676327673822799,0.5830550248966646,0.4447097642153538,-0.4935581611367242,65.55249624520467,65.94484212378578
29.810519,1785142359.776,0.01760626584291458,0.07727470248937607,0.3970000147819519,0.017631969088236284,0.07787768495025499,0.39722068208552697,0.46292012688552087,0.5887928927841055,0.4439006225718798,-0.49191475156932996,0.4671456492246752,0.5836512454628814,0.4446271179344584,-0.49338918925872427,66.10275992952654,65.97199915648193
29.867444,1785142359.81,0.018035804852843285,0.07727470248937607,0.3970000147819519,0.017643258574641232,0.07786333653840925,0.3972157911045273,0.4623434021932862,0.5897731995722261,0.4432128583671474,-0.49190295149825974,0.4666336753048573,0.5843075601396858,0.4444772910036202,-0.493231817725876,65.93951103251557,65.9662788600333
29.925465,1785142359.876,0.018035804852843285,0.07727470248937607,0.3970000147819519,0.017662526698271924,0.07783766363796794,0.3972068439877051,0.45021610345863217,0.5921751923874582,0.4553878753449179,-0.48913789946828345,0.46330454558024403,0.585933580687458,0.44671833411475453,-0.49241594920676196,65.6693052113051,65.8790641928993
29.974282,1785142359.943,0.018081236630678177,0.07789977639913559,0.398000031709671,0.01768285977216607,0.0778413126317255,0.39726426913784024,0.46420397285871956,0.5884979822690672,0.4436966464495394,-0.4912413687555745,0.4634619404478805,0.5863813903271322,0.4461921352617106,-0.49221181747790266,66.18178182052516,65.96891519147555
30.022745,1785142359.976,0.01765061356127262,0.07919103652238846,0.398000031709671,0.017682030987917013,0.0779139647575215,0.3972894251261693,0.4578976981775671,0.5746141649178031,0.46061376486506467,-0.49797913520180004,0.4628167763287032,0.5850086035208668,0.44789943342613786,-0.4929012709375145,66.58898689884823,66.07597258376633
30.07139,1785142360.043,0.01765061356127262,0.07789977639913559,0.398000031709671,0.017680530267604765,0.07791334489286351,0.39733157313212736,0.46701608129781336,0.5856518143505774,0.4475383178380712,-0.4884847860719721,0.46359210605284423,0.585128817780681,0.4478341411763143,-0.4920886178372183,66.17017766740582,66.10389792414013
30.120174,1785142360.076,0.018511857837438583,0.07789977639913559,0.398000031709671,0.017709441729717248,0.07791305024327595,0.3973505908541342,0.462858373123393,0.588737165249323,0.44397453031336054,-0.4919728581098639,0.46352160624892513,0.5854790890854249,0.4474608162042817,-0.4920780169301567,64.85853571232872,65.88773354576536
30.166611,1785142360.143,0.018081236630678177,0.07789977639913559,0.398000031709671,0.017726443724086403,0.07791248852012538,0.3973840461291333,0.4570390387413269,0.5849723978342329,0.44952552719221756,-0.49683942198765846,0.46245827510975074,0.5853985876570494,0.44780231805108156,-0.4928629843067177,65.6900651070348,65.82910019982097
30.212463,1785142360.176,0.01765061356127262,0.0774693489074707,0.398000031709671,0.01772440327338535,0.077899928149872,0.3973994906076837,0.467962596136393,0.5741139323966513,0.4473782441632065,-0.5012553320362656,0.4630371576840832,0.5842281409185193,0.4477628718644594,-0.4937433346815205,64.6089434687649,65.61735164354388
30.258847,1785142360.21,0.018035804852843285,0.0777040421962738,0.3970000147819519,0.01773170488444681,0.07789546171774163,0.39738440232330524,0.45677559030824993,0.584775876218181,0.4497803447279451,-0.4970823635859748,0.4623727277351901,0.584287886496244,0.4479785026077501,-0.49409957249707276,65.6900651070348,65.63015853466166
30.303894,1785142360.277,0.01760626584291458,0.07813338190317154,0.3970000147819519,0.01772523119896144,0.07790793960688622,0.3973602969364126,0.4784353526418329,0.57445078105673,0.44578915581999295,-0.4923189434087381,0.46558157089236657,0.5823477933089568,0.4475559051224929,-0.49375961789475137,65.53282312908631,65.60130429141772
30.353381,1785142360.31,0.018081236630678177,0.07833019644021988,0.398000031709671,0.017734238981372195,0.07792039264606933,0.39738025064066074,0.4543970841552733,0.5865517278388299,0.4467464258842563,-0.4998979810322416,0.4642650908071361,0.5828497637323413,0.4474645277390898,-0.4944892059390465,65.8121734105025,65.63758337390975
30.40157,1785142360.377,0.01760626584291458,0.0777040421962738,0.3970000147819519,0.01772787690833969,0.07790977368227782,0.39735773154330345,0.4745884649721966,0.5775836943360972,0.4420629322277301,-0.4957249528746979,0.4663466999087881,0.5817987741493922,0.44638449721545964,-0.4947441990848893,64.9620887290196,65.43662121052843
30.448395,1785142360.41,0.018035804852843285,0.0777040421962738,0.3970000147819519,0.017735632222886703,0.07790483077775028,0.3973475682972729,0.4581636407971256,0.5831188994478984,0.4508526618568774,-0.496779935841578,0.4654266940473024,0.5819502422184237,0.4468900975262608,-0.49497590727538016,65.78581962047404,65.49677068750219
30.498601,1785142360.443,0.01717672497034073,0.07856272161006927,0.3970000147819519,0.017716706515841046,0.07792772224147054,0.39733817384646625,0.4531784317821112,0.5785862252046291,0.45665496121275007,-0.5013317617813041,0.4638743763374417,0.5815313915232702,0.4481411789039356,-0.49579359356606195,66.37673388552605,65.64903510901928
30.5448,1785142360.51,0.01760626584291458,0.07813338190317154,0.3970000147819519,0.01771179332077126,0.07793714099261433,0.3973214081624865,0.46195246997350115,0.5811061377961063,0.45353896439714,-0.4931713494057052,0.4634982227884795,0.5814496691228476,0.4492031409845859,-0.4952799389016621,65.50613528130603,65.60666241395005
30.59558,1785142360.543,0.01717672497034073,0.0777040421962738,0.3970000147819519,0.017695290303104974,0.07793088163728742,0.39731361767270557,0.4618559202942142,0.581027950575526,0.4536435372375952,-0.4932577122172051,0.463330119065868,0.5814070711521078,0.44965974656351143,-0.4950728539328076,65.6526971560583,65.61457138586688
30.645972,1785142360.61,0.01760626584291458,0.07813338190317154,0.3970000147819519,0.01769168204703872,0.07794020815663094,0.3972992639002004,0.4588390920424644,0.5837317504206143,0.4500589040866158,-0.4961561387475586,0.4625970994556854,0.5817880126553534,0.4497257992555422,-0.49525078232112335,64.30452383660084,65.22330725930091
30.691121,1785142360.643,0.01760626584291458,0.0777040421962738,0.3970000147819519,0.01768994207975629,0.07793389241004242,0.39729249913467923,0.47770258111526376,0.5749467818004497,0.44554688087434346,-0.49267070040369215,0.4642290467316319,0.5810602711267175,0.44928261816562337,-0.49498028496398566,65.32858305861161,65.24140285112452
30.738636,1785142360.71,0.01760626584291458,0.07813338190317154,0.3970000147819519,0.0176865552707446,0.07794311040421237,0.39727976538826215,0.4588567372411231,0.5837587586865632,0.4500282925175038,-0.4961358103170279,0.46330636944432285,0.5815259329776096,0.4494120766179505,-0.4951803537063874,65.0532169108641,65.18558517346142
30.78842,1785142360.744,0.01760626584291458,0.07856272161006927,0.3970000147819519,0.017684873203018155,0.07796320296442848,0.3972735310968268,0.4824077427695035,0.5694795440974998,0.4362090958895393,-0.5026902060253085,0.46582918912924076,0.579971751709165,0.447700749331437,-0.49618542181594416,64.67306360775257,65.09497340798147
30.834338,1785142360.81,0.018035804852843285,0.07813338190317154,0.3970000147819519,0.017703904473992543,0.07797011376922632,0.3972621462865614,0.4624603540150494,0.5802365381646983,0.4540780983026147,-0.4932231354922464,0.46516236367194996,0.5800271499898743,0.44896951838846677,-0.49559948774769386,65.07934518464049,65.09039177826894
30.878174,1785142360.844,0.018035804852843285,0.07856272161006927,0.3970000147819519,0.017712975928692445,0.07798805737686293,0.39725645434676043,0.4551615007083401,0.5858200726136029,0.44723411228242443,-0.49962435850034026,0.4639664989084328,0.5807266958179336,0.4487649749014435,-0.49608627269532785,64.56307088394804,64.99715172654825
30.922562,1785142360.877,0.01760626584291458,0.07856272161006927,0.3970000147819519,0.017710415048517607,0.07800406958378915,0.397251080477884,0.4580175419698301,0.5844505066709161,0.4497140240445484,-0.4963817412815299,0.4632906074969278,0.5811519843618105,0.4488741258719814,-0.49612115778317917,65.64303390800418,65.10868859504507
30.968604,1785142360.944,0.018035804852843285,0.0777040421962738,0.3970000147819519,0.01772666990478362,0.07798635777379134,0.3972407172267832,0.4650291037830665,0.5784679310506824,0.45699034723675436,-0.49018629918949363,0.46362568114406677,0.5806457919851024,0.4504237177507096,-0.49499511767422777,65.32858305861161,65.17392264805679
31.013565,1785142360.977,0.018035804852843285,0.07813338190317154,0.3970000147819519,0.017734213211065865,0.07798946351074905,0.39723573761018893,0.4504483514426005,0.5923744122430651,0.4551208563654973,-0.48893132902634007,0.4620060662130833,0.5821072568628962,0.4510133800237141,-0.4942554676778508,65.25465349100747,65.18779667131176
31.060347,1785142361.01,0.018035804852843285,0.07856272161006927,0.3970000147819519,0.017741361447066725,0.07800653848002338,0.3972308761682435,0.4616417662354684,0.5807600801505973,0.4538674892514319,-0.49356753455942626,0.4619651436605929,0.5819553292755183,0.451336143568272,-0.4941779904845936,66.04214408567064,65.3355977880405
31.108541,1785142361.077,0.01760626584291458,0.07813338190317154,0.3970000147819519,0.01773455850258005,0.07801186596690377,0.3972214519640385,0.4671584582533205,0.5857717431477568,0.4473768844962908,-0.48835270351500176,0.46293961286320734,0.5826731180923548,0.45059879926036445,-0.493091953290372,65.89261066790287,65.50118869486207
31.158278,1785142361.11,0.01760626584291458,0.07813338190317154,0.3970000147819519,0.017731405825999542,0.07801441730720636,0.39721691379205215,0.46687326865453355,0.5855514089419737,0.4476645333517304,-0.4886259961165376,0.46334014639359844,0.5829667741295256,0.4503019251097713,-0.4926396504986252,65.5061925909513,65.502048091413
31.202708,1785142361.177,0.01717672497034073,0.07942140102386475,0.3970000147819519,0.017697816584209325,0.07812944288459558,0.39720809798937184,0.45213136493196826,0.5906276199663686,0.4558603263505365,-0.48880221586772765,0.4612492572060233,0.5844115730730148,0.4513506911895798,-0.49192965914641146,64.99328483789584,65.35084742646262
31.251498,1785142361.211,0.01760626584291458,0.07856272161006927,0.3970000147819519,0.017695888457146838,0.0781387672923105,0.3972037232729166,0.45889046658292965,0.5837262959686141,0.450062302386222,-0.496111958175648,0.46101372709042054,0.5843436575354615,0.4512222690552587,-0.49234875570158826,66.13896598568095,65.49050702496862
31.297817,1785142361.244,0.01760626584291458,0.07942140102386475,0.3970000147819519,0.017694057479249077,0.07818783016869374,0.39719956758118946,0.4644549925546404,0.5872511177230858,0.4447443153290886,-0.4915487550655738,0.46135625212737175,0.5846335978350715,0.45058119400261887,-0.49227081217210034,65.5188434058491,65.49537464680941
31.343736,1785142361.311,0.01760626584291458,0.07899206131696701,0.3970000147819519,0.017690496949932445,0.07822853828781096,0.3971914825175706,0.46492155289954584,0.5876438846783677,0.44423030804696073,-0.4911028892829837,0.46195102636586083,0.5851366412028559,0.4495273172843176,-0.49207880606314724,65.6361330758681,65.5371121437003
31.390872,1785142361.344,0.01760626584291458,0.07899206131696701,0.3970000147819519,0.017688780214214,0.07824738687930158,0.3971875834769316,0.46969000479095907,0.572000584847301,0.448867352592331,-0.500724205636762,0.4628041208468339,0.5837091181827175,0.44946189069659054,-0.493031459329919,66.01188646744771,65.61898207649871
31.439689,1785142361.411,0.018035804852843285,0.07942140102386475,0.3970000147819519,0.01770786302389908,0.07831864712390584,0.3971799933019147,0.4714629914405912,0.5801360259685608,0.4386367916798734,-0.4987610691103323,0.46451835656592694,0.5830163036707446,0.4473381277012401,-0.49416928837407664,65.33879348633637,65.5358301230316
31.489984,1785142361.444,0.01717672497034073,0.07899206131696701,0.3970000147819519,0.01769104006043206,0.07833237637197626,0.39717633202841635,0.47545644199406734,0.5771328324423819,0.4422493997770238,-0.4952517883665219,0.4658040111257323,0.5823325739965377,0.44674622296568517,-0.49430072703531375,64.71017516878688,65.39302794115002
31.536578,1785142361.511,0.018035804852843285,0.07899206131696701,0.3970000147819519,0.017709622602392797,0.07835909256547391,0.3971692022604286,0.4613024232904934,0.5911810780763461,0.4399973020733113,-0.4940722430566354,0.46491840330604994,0.5840905008765028,0.4454156131453385,-0.4942611623621173,60.853644567529464,64.01065363680642
31.592987,1785142361.544,0.01889488473534584,0.07813338190317154,0.3970000147819519,0.01776103324322194,0.07835055531353355,0.39716576259023323,0.473915820021891,0.5887171507175913,0.42731324145720667,-0.4962049028972553,0.466097774719924,0.5847054112495305,0.4430766091179835,-0.49452559580790373,19.73287281974291,53.71472794016867
31.650338,1785142361.611,0.01756191812455654,0.07279748469591141,0.3960000276565552,0.017750373589526854,0.07717933631282296,0.39708006048479605,0.48697907165106613,0.573831303372886,0.41317990666218873,-0.5126903390681999,0.47196077499691624,0.5817994844968164,0.4348799333899378,-0.4996417018607554,6.707151436046974,35.97500202413997
31.701814,1785142361.644,0.01760626584291458,0.07512801140546799,0.3970000147819519,0.017746765726409416,0.07705902269182584,0.3970779471523084,0.4653931950966751,0.5946656604733107,0.4197018185518838,-0.5036192110273305,0.47085557663367206,0.5840130929951518,0.4323046405608741,-0.5003363178030772,5.7050275417532195,29.260760270624306
31.746789,1785142361.711,0.018465343862771988,0.07469867169857025,0.3970000147819519,0.01779189694862111,0.07681088256035626,0.39707415013240505,0.46812536504388835,0.5932049162163038,0.4223055160803044,-0.5006242314026379,0.47014469924023944,0.5864468344919235,0.4296770436005027,-0.500421532603703,5.9198094691276575,21.16358146623296
31.795432,1785142361.744,0.018465343862771988,0.07555735111236572,0.3970000147819519,0.0178120826069395,0.07677088999312348,0.39707238042567855,0.4930166647162982,0.5767218399625683,0.4091355757083339,-0.5068871356742221,0.474315983698304,0.5847361961969412,0.4259989963087352,-0.5016301262976464,7.020035380567143,18.335509688665965
31.839228,1785142361.811,0.01889488473534584,0.07555735111236572,0.3970000147819519,0.017885385463131835,0.0767026759233022,0.39706910463885703,0.4940050223651723,0.5765728288782191,0.40934554229815157,-0.5059239447565074,0.48027010558710814,0.5823291338936316,0.4210280744927482,-0.5029600043611517,7.287002092315592,14.748046717630134
31.888026,1785142361.844,0.018465343862771988,0.07555735111236572,0.3970000147819519,0.017898930349053432,0.07667163440957554,0.3970675576925445,0.49439289070014375,0.5768865807298283,0.4089032562524384,-0.5055449234490993,0.48284023816494204,0.5813604460294268,0.4188451867706178,-0.5034421970001861,7.571709402983261,13.40069419847176
31.93166,1785142361.911,0.018465343862771988,0.07555735111236572,0.3970000147819519,0.017924170333450763,0.07661627879170287,0.39706463703269335,0.48098281359198397,0.5809445553857236,0.42113796530692577,-0.5037874261769197,0.4823699415161867,0.5812555461228623,0.4194265782256612,-0.5035301134003775,6.995199394212836,11.391173141443055
31.984441,1785142361.944,0.01884729228913784,0.07451051473617554,0.3960000276565552,0.017951779259208368,0.07652083215604832,0.39702265689448657,0.5006118200726403,0.5675288059342828,0.4034731019471539,-0.5143037196477457,0.48552267220250633,0.5789428930031181,0.4167225677517718,-0.5054059387708931,7.322080929929109,10.653609381765456
32.028141,1785142361.978,0.01841883361339569,0.07579528540372849,0.3960000276565552,0.01796195373462315,0.07650170398236039,0.39698464052052845,0.4881284760216368,0.5718062689327159,0.4159778729803386,-0.5115961208773914,0.4859616774211088,0.5777534082257318,0.4166008434657753,-0.5064444536029766,7.038435808688779,9.986763383986398
32.076478,1785142362.044,0.01889488473534584,0.07512801140546799,0.3970000147819519,0.01801289790421391,0.07642614365592776,0.39698543701923955,0.4910879869074202,0.5793421707197901,0.405416636592138,-0.5087559229288809,0.48725292033400563,0.5781599788725769,0.413805778268526,-0.5070309737359484,7.289634341591935,9.174439881282867
32.122492,1785142362.078,0.01889488473534584,0.07512801140546799,0.3970000147819519,0.018037153115804696,0.07639021165458504,0.3969858196184951,0.4933989287248453,0.5770303347054849,0.40870037047900526,-0.5065150512405087,0.4881184591937687,0.5780035279349007,0.4130900183449351,-0.5069604799517323,6.742185209227582,8.732969312846524
32.169389,1785142362.145,0.01889488473534584,0.07598668336868286,0.3970000147819519,0.018079308160051957,0.07636586382228874,0.3969864936366588,0.4946024765082055,0.5761317273359138,0.4099661361099675,-0.505339875956717,0.489489363412404,0.577611243980694,0.4124326682081456,-0.5066208721794874,7.571709402983261,8.384258749095673
32.215006,1785142362.178,0.01889488473534584,0.07598668336868286,0.3970000147819519,0.018098926004185462,0.0763549069183761,0.3969868092089895,0.49496947789414947,0.5764294177132052,0.40954746537466846,-0.5049804114549328,0.4901069120413414,0.5774795127181578,0.4121089575296178,-0.5064373942393585,6.158181007146135,7.992254824239836
32.259032,1785142362.211,0.01889488473534584,0.07598668336868286,0.3970000147819519,0.018117562252984026,0.07634480544756518,0.3969871105714276,0.49986419959645956,0.5803908285317542,0.4039139588529023,-0.5001357635300547,0.49130974097891833,0.5778432921687907,0.41110805493095837,-0.5056698876595737,5.8976195693234175,7.624158313596267
32.302491,1785142362.278,0.01889488473534584,0.07555735111236572,0.3970000147819519,0.018152263028808527,0.07630916605111253,0.3969876761724094,0.4993066602015305,0.5808525921283756,0.4032496326318809,-0.5006923796887599,0.4929629938641438,0.5784705493753942,0.40949509481557494,-0.5046514415988653,5.939967544799771,7.118398219060984
32.351315,1785142362.311,0.018465343862771988,0.07598668336868286,0.3970000147819519,0.018160824781230996,0.07630043285558781,0.39698794486393824,0.5075711653730973,0.5715588929383598,0.3982615212581794,-0.5070302798354288,0.49490317525139166,0.5775708617769836,0.4080208716988068,-0.5049769450286109,6.726413695820683,7.050636940587011
32.402263,1785142362.345,0.01889488473534584,0.07598668336868286,0.3970000147819519,0.018178447689988518,0.07629206817165206,0.396988212295331,0.4992861605054455,0.5808360818513109,0.4032734134797598,-0.5007128218127938,0.4954818509717026,0.5780028038871404,0.40739788294088897,-0.5044179408303605,6.158181007146135,6.891935976464286
32.451716,1785142362.411,0.01889488473534584,0.07684536278247833,0.3970000147819519,0.018209894386752995,0.0763337022419019,0.39698870156374255,0.49420524056932996,0.5758094306052384,0.41041868820275634,-0.5057283660165908,0.49523929222289176,0.5775856939745219,0.407973947982002,-0.5046682745353804,6.158181007146135,6.675515474627838
32.507207,1785142362.445,0.01889488473534584,0.07598668336868286,0.3970000147819519,0.018225456649791014,0.0763257611767558,0.3969889463714897,0.5075904865364197,0.5715758468108073,0.39823660955020695,-0.5070113925092663,0.4967759138931229,0.5768508321834285,0.40677503029171136,-0.5049662201733061,6.181791894146527,6.588107333046176
32.556705,1785142362.511,0.01889488473534584,0.07598668336868286,0.3970000147819519,0.018253703629742685,0.0763113799455198,0.3969893976513539,0.4945825147648544,0.5761155549647272,0.40998886244346233,-0.5053594127834886,0.49638000126547455,0.5767185943783306,0.40735646338075737,-0.5050378886617236,5.42568737426368,6.244565086888773
32.604216,1785142362.578,0.01889488473534584,0.07727470248937607,0.3970000147819519,0.018280693996403925,0.07638932227792146,0.3969898337796989,0.4548013125951408,0.5884383310015467,0.444983881359808,-0.4988841969834397,0.4849892650527714,0.5801680851647509,0.41795015042161643,-0.50349585648979,58.14024473914657,25.982167843269828
32.651712,1785142362.612,0.016317645087838173,0.07727470248937607,0.3970000147819519,0.018139333589654114,0.07642384160836073,0.3969900497441155,0.4743279893093008,0.5674332077419402,0.4556076045585538,-0.4954333698671341,0.4828758641763656,0.5776437526908779,0.4257202370625642,-0.5019171988769884,75.93379697936575,38.47758599612369
32.700856,1785142362.645,0.016747184097766876,0.07727470248937607,0.3970000147819519,0.018064668060595677,0.07645354706191743,0.39699025454570114,0.4921346495331729,0.5569275012438293,0.45243242609933576,-0.4928895869269656,0.48500476153271477,0.5730691910579812,0.43175209653989294,-0.4999522084001154,82.21467512495576,49.013778382802315
32.750377,1785142362.712,0.016317645087838173,0.0777040421962738,0.3970000147819519,0.017892337628617673,0.07654632947738513,0.3969906520202996,0.494894345299696,0.5537442625815633,0.45634260182153347,-0.4901003044389375,0.4885892392613783,0.5662693600854912,0.44056082020685294,-0.49651357565027454,89.35299928366936,64.21513197143707
32.800343,1785142362.745,0.01588810421526432,0.07856272161006927,0.3970000147819519,0.017783403474753413,0.07665106246074556,0.396990843511851,0.5009283281052003,0.5477903281534642,0.4635043856166987,-0.4839010756315132,0.4915104176540964,0.5620312047371848,0.4459432747641691,-0.4936324846804282,98.57551069061455,72.18926155107265
32.849627,1785142362.812,0.016317645087838173,0.07856272161006927,0.3970000147819519,0.017676586788839727,0.07681011389522713,0.3969912157513843,0.5040439045789616,0.5448838773318577,0.4669297836849209,-0.4806431936359328,0.49610438061775175,0.5558972263268199,0.45358940919832774,-0.4889942383680378,74.84578945923428,73.03637825096271
32.895041,1785142362.845,0.01588810421526432,0.07856272161006927,0.3970000147819519,0.017599739805512146,0.07687846577783332,0.3969913952025976,0.506996698571931,0.5418048320813798,0.4705080267870124,-0.47751865754064754,0.4986062372131557,0.5527375443962371,0.4574550152425429,-0.4864236181112108,75.54332342400417,73.5020115263714
32.941591,1785142362.912,0.016317645087838173,0.07856272161006927,0.3970000147819519,0.017526450670043568,0.07698932243311615,0.39699174436347967,0.5073971911516465,0.5417646150182817,0.4703547250138516,-0.4772898752149022,0.5016012177997944,0.5490580128603877,0.46183607774332786,-0.48336213557768914,74.67504525015481,73.86460453489042
32.98873,1785142362.945,0.016317645087838173,0.07942140102386475,0.3970000147819519,0.017493189010938916,0.07710697618606703,0.39699191275415757,0.5041174438095634,0.5444615043081628,0.46722058746033435,-0.4807620989914081,0.5020722267685076,0.5482046175978064,0.46284106759734867,-0.48288023618439957,73.47734507737208,73.79593496603562
33.034606,1785142363.012,0.016358748078346252,0.07919103652238846,0.398000031709671,0.017437760851882877,0.07725512963622895,0.3970660670053268,0.5075840793468531,0.5419487844766412,0.47014251076993024,-0.47709112019072913,0.5036152121078673,0.5464709248718151,0.46488185322609715,-0.48127550212363857,74.2218659644674,73.92514470629959
33.084105,1785142363.045,0.016747184097766876,0.07727470248937607,0.3970000147819519,0.017420697464170826,0.07725602689632025,0.3970643242544369,0.504135846836363,0.544990882588113,0.46680588880450563,-0.4805457813859657,0.5036897762733498,0.5462597672402233,0.46515683709922795,-0.48117147969533924,73.56295831336006,73.86183344776805
33.131062,1785142363.079,0.016747184097766876,0.07899206131696701,0.3970000147819519,0.017404098393591787,0.07731662061668383,0.3970626478034514,0.5044946835244603,0.5448306302335315,0.4667910964993932,-0.4803652473730603,0.503795321305876,0.5460728614792218,0.4653709419013715,-0.481066097974108,73.36230391213988,73.7727660611475
33.182025,1785142363.145,0.016747184097766876,0.07856272161006927,0.3970000147819519,0.017374712533826796,0.07737138177323016,0.3970597287782486,0.5040300967842006,0.5448704634696453,0.4669454365411658,-0.4806576732638974,0.50383881138407,0.5458511034466774,0.4656616939989626,-0.48099086451942985,73.02158827853599,73.55131319302971
33.233661,1785142363.179,0.016317645087838173,0.07899206131696701,0.3970000147819519,0.017345331585333336,0.07742280407547764,0.3970583002031563,0.5042113465116114,0.5445391199226297,0.4671306536739345,-0.4806631016845359,0.5038740955847295,0.5457272499961207,0.4658005562794526,-0.4809599839696594,72.31878654474174,73.33425220770684
33.293087,1785142363.245,0.016317645087838173,0.07813338190317154,0.3970000147819519,0.017295104723761827,0.0774614081350672,0.3970557483051236,0.507196464976274,0.5415678859694631,0.47058172354718475,-0.4775026829929846,0.5043938989057348,0.5450813810233075,0.4665475196177888,-0.4804232454272839,72.3146344274965,73.03527340833736
33.341239,1785142363.312,0.016747184097766876,0.07813338190317154,0.3970000147819519,0.017268514503776443,0.07749554120956778,0.3970533389800217,0.4966326236409039,0.5524605865575669,0.4730174417784779,-0.47370648846027635,0.5031223968351629,0.5463045058359637,0.46761977034877483,-0.47932347228685085,71.35814713878722,72.53534965083495
33.38742,1785142363.345,0.01588810421526432,0.07899206131696701,0.3970000147819519,0.017221008871972986,0.07754560105980612,0.3970521914536677,0.5011153998060451,0.5473935149753864,0.4637713065546219,-0.48390068305049727,0.5029443890479939,0.5464024564642719,0.46727760952883235,-0.47973214685694116,70.25544097911595,72.1377451571928
33.436287,1785142363.412,0.016317645087838173,0.07899206131696701,0.3970000147819519,0.017180123821259313,0.07762994419990013,0.39704999743671915,0.5041732405689198,0.5440083048640159,0.4675532344096739,-0.4808932113538999,0.5031170707742816,0.5460668211700612,0.46731652639222726,-0.47989530532547786,70.68225955632359,71.7036968349372
33.484949,1785142363.446,0.016317645087838173,0.07899206131696701,0.3970000147819519,0.017160253492162922,0.07766917034999866,0.39704891599325176,0.49949095266730176,0.5399502869639358,0.4724278312517426,-0.4855660820834275,0.5028043985121724,0.5455381000757596,0.46776233967059844,-0.48038974987860705,95.55319673918585,76.72938138508337
33.527289,1785142363.479,0.016747184097766876,0.07899206131696701,0.3970000147819519,0.01714891638537781,0.07770444831043283,0.3970478942931613,0.4958914348594687,0.5524144856693963,0.4734512907281799,-0.47410314928658076,0.5021349172771552,0.5462117116449898,0.4683197505590147,-0.47978109815754244,69.12431154267185,75.35037967648094
33.572975,1785142363.546,0.016747184097766876,0.07899206131696701,0.3970000147819519,0.01712877110038014,0.077767650077204,0.3970459220715226,0.4960124775016987,0.5525018044526646,0.47334754274721236,-0.4739783560610679,0.5010771013964878,0.5473088543450849,0.4691970272611181,-0.4787785563503176,70.17548691610966,73.77599446543982
33.618917,1785142363.579,0.016317645087838173,0.07942140102386475,0.3970000147819519,0.01710849304830392,0.07782184947657021,0.397044974022888,0.49610927626640156,0.5525984731967477,0.47323468550910086,-0.4738770366394143,0.5005866551853477,0.547835557722043,0.46959928267773005,-0.4782945912868818,93.93203097653306,77.83253192133455
33.667659,1785142363.646,0.016747184097766876,0.07899206131696701,0.3970000147819519,0.017090934885918927,0.07787213615770207,0.3970431369862026,0.49246389267979424,0.5556862719568832,0.4699768242145086,-0.4772985085526349,0.4991706971695441,0.5492136759495391,0.4696696741226401,-0.47812482726459526,94.19783884922047,83.18275795762386
33.720912,1785142363.679,0.01717672497034073,0.0777040421962738,0.3970000147819519,0.01709372920433737,0.07786453104509916,0.39704225253274644,0.49628459737823993,0.5528142513992161,0.4729883768584846,-0.4736876578630887,0.4988961739343817,0.5495587915262345,0.4699876900838569,-0.47770211791397826,92.60208703078997,84.94605184578974
33.769916,1785142363.746,0.016747184097766876,0.07856272161006927,0.3970000147819519,0.01707893764566492,0.07789664367203455,0.3970405348514548,0.49100184908873157,0.5482442723506158,0.47866138287199067,-0.47877832299850803,0.4975447677827882,0.549338424050926,0.47148268728646603,-0.4778918031336684,92.54774864708398,87.31814954867
33.815515,1785142363.779,0.017219992354512215,0.07789977639913559,0.398000031709671,0.017083305262768373,0.07789675700727511,0.397079382732843,0.4913412274407329,0.548590900684361,0.4782680528125862,-0.47842605652515696,0.49694127621289563,0.5492675431568261,0.47214659769334055,-0.4779457336528545,92.32471948711195,88.22154400418827
33.86852,1785142363.813,0.01717672497034073,0.07856272161006927,0.3970000147819519,0.017086020052925154,0.077910942139577,0.3970774270472315,0.5028384724115921,0.5372713374237147,0.47548127579643495,-0.48208976032758055,0.49761276830729345,0.5479177616355406,0.4725282878365,-0.47841893409036035,66.83071228651886,83.81925444290505
33.914385,1785142363.879,0.017219992354512215,0.07789977639913559,0.398000031709671,0.01709298251415595,0.07791025732504536,0.3971401578922081,0.4995480012234428,0.5405317198824824,0.47196213802340153,-0.4853132952505303,0.4979720518574083,0.5465659831306809,0.47242809748687353,-0.4796886014470721,67.15121852986469,78.44431041861912
33.962198,1785142363.913,0.016317645087838173,0.07856272161006927,0.3970000147819519,0.01706628857421366,0.07792672643269352,0.3971360603475546,0.5028504851556188,0.5372831854842637,0.475467887712677,-0.48207723025329263,0.49851309298921104,0.5455456336298466,0.4727662180954344,-0.4799549570256354,92.92864949915071,81.2913314473592
34.00663,1785142363.979,0.01717672497034073,0.07899206131696701,0.3970000147819519,0.01707189700295938,0.07799033869426976,0.39712915354954426,0.5025790295077376,0.5370306012008473,0.47575313795274515,-0.48236024318037807,0.49924943525233595,0.5440157375498785,0.47330796647934603,-0.4803919728362159,91.8714973821907,84.59167678207886
34.056534,1785142364.013,0.01717672497034073,0.07856272161006927,0.3970000147819519,0.017074600257108493,0.0780023897317083,0.39712582430221977,0.5026929215954173,0.5375647731258645,0.4753476161150124,-0.48204624791172906,0.49960383080502463,0.5433559276569906,0.4735183756471234,-0.4805628949986308,92.37439758577412,86.05290533389628
34.103838,1785142364.079,0.016747184097766876,0.07813338190317154,0.3970000147819519,0.017058924848175613,0.0780095101297819,0.39712000858832097,0.5109014688025612,0.5293206877731513,0.4688492396233122,-0.4888554890510953,0.501835820199755,0.5406211883188633,0.472618185283222,-0.4822049266076957,91.51872682756513,87.71134369107108
34.153322,1785142364.113,0.016747184097766876,0.07813338190317154,0.3970000147819519,0.017051290479919583,0.07801290280187491,0.39711715812369575,0.5025406187500251,0.537414584629305,0.4755174083877468,-0.4822050238791117,0.5019100947948552,0.5402858031123414,0.4729222857141655,-0.4822053705353777,65.73779965034153,83.15244118168127
34.199613,1785142364.146,0.016747184097766876,0.0777040421962738,0.3970000147819519,0.017044237741161542,0.07800232443492845,0.39711451070451986,0.5027161801616166,0.537587708436651,0.4753216775930989,-0.48202199197923085,0.5019873913051066,0.5400283954588584,0.4731517611513048,-0.48218813961797446,65.48459729402259,79.65735665145205
34.244018,1785142364.213,0.016747184097766876,0.07813338190317154,0.3970000147819519,0.017031066987887613,0.07800822672103712,0.3971095268879906,0.5024506711282422,0.5373258837472183,0.475617636455334,-0.48229874728293837,0.5020575318816859,0.5396222521501575,0.47352318208848004,-0.48220520081191787,64.59119040704594,74.76830470541915
34.291589,1785142364.246,0.01717672497034073,0.0777040421962738,0.3970000147819519,0.017035068946436867,0.077998776003144,0.3971071562370127,0.4991026098040126,0.5406199381340844,0.47206485151421906,-0.48557331407685567,0.5018234450504582,0.5397018890987882,0.4734078454873669,-0.48247291398782005,91.41676265650527,78.0013635083198
34.340395,1785142364.313,0.016747184097766876,0.0777040421962738,0.3970000147819519,0.017022054241740255,0.07798254307971947,0.3971026322447251,0.5025333186899323,0.537407385807649,0.4755255441419273,-0.48221263168274175,0.5019150377175887,0.5394070871420782,0.47368049316055016,-0.482439716081738,91.23097013525701,82.22119901967102
34.393089,1785142364.346,0.016747184097766876,0.07813338190317154,0.3970000147819519,0.01701590673608045,0.07798599136553783,0.3971004679018845,0.5149111428641253,0.5333966418791742,0.46420687460659155,-0.48463028687274623,0.5031148960693078,0.5388618150453984,0.4728163352974306,-0.482646929665005,89.8663897911388,83.6189543941335
34.441356,1785142364.413,0.01760626584291458,0.0777040421962738,0.3970000147819519,0.01705505337264462,0.07797147534034457,0.39709630280703023,0.5117954358029775,0.5361235331410259,0.46105483102596734,-0.48791949324785167,0.5046643022748691,0.5383857288960224,0.47073797942983436,-0.48359125679941206,90.43052742014713,85.72148981640255
34.487027,1785142364.446,0.01717672497034073,0.07813338190317154,0.3970000147819519,0.017057819491529597,0.07797542899654386,0.3970943031952291,0.5025186272521823,0.5374082398585645,0.47552455846612207,-0.4822279619560666,0.5044638010701217,0.5382947855062571,0.4711873151338601,-0.48346407453253637,89.16683145916699,86.33122172739544
34.532689,1785142364.48,0.01717672497034073,0.07813338190317154,0.3970000147819519,0.01706055068785357,0.07797928299769258,0.3970922947912814,0.5025230108515127,0.537411443739159,0.4755204309073347,-0.4822238935314443,0.5042837208777513,0.5382131466877224,0.47159104810792446,-0.48334917082235673,89.47835740748648,86.90050908192427
34.577819,1785142364.546,0.016747184097766876,0.07899206131696701,0.3970000147819519,0.017044398295396175,0.07805265423191676,0.3970885735622933,0.5042364454405729,0.5445771523772146,0.46708578669127937,-0.4806372853505736,0.5042786457104573,0.5392016519731648,0.4708950614079572,-0.482931120483484,88.99873649982044,87.52403728949452
34.625322,1785142364.58,0.01717672497034073,0.07856272161006927,0.3970000147819519,0.01704767591665687,0.07806626521028767,0.39708670142507996,0.502603955773282,0.5374923815806051,0.47542944977682006,-0.48213902732382935,0.5041365853009109,0.5390566838690541,0.47128162884212116,-0.48286418510089685,88.99873649982044,87.7870641136316
34.670565,1785142364.646,0.017133459448814392,0.07750831544399261,0.3960000276565552,0.017051402343698036,0.07802878963391267,0.39700748937812946,0.5149709376896378,0.5332222500458875,0.4644071834672683,-0.48456674806991773,0.505889823555574,0.5381235889537942,0.47017997288603075,-0.4831451981871388,89.23114805613584,88.21438787886495
34.719409,1785142364.68,0.016276543959975243,0.07836483418941498,0.3960000276565552,0.017022572858475932,0.07803773524172238,0.39697141699646027,0.5054056853299616,0.5341728718765472,0.47916237324095257,-0.4791950085898347,0.5058448463572203,0.5377387552595688,0.4710633357661461,-0.4827601435522624,88.76636270876585,88.31205266271985
34.770025,1785142364.713,0.01717672497034073,0.07856272161006927,0.3970000147819519,0.01702651865290529,0.07805293542088775,0.3969722401326437,0.5263779725084,0.5218027092149061,0.46099032337548024,-0.48799188975647995,0.5085805503336209,0.5356584375545205,0.4697544365012481,-0.483473506498956,88.5228839361155,88.34834036080323
34.816006,1785142364.78,0.016705000773072243,0.07750831544399261,0.3960000276565552,0.017010698489992333,0.07801808041990639,0.396911528144241,0.5052170723264797,0.5343559572449892,0.479159544679714,-0.4791926037920253,0.5078691694921125,0.5353863620249575,0.47176262810402886,-0.4825664438825527,88.87629750785268,88.50530196901539
34.869457,1785142364.813,0.016747184097766876,0.07899206131696701,0.3970000147819519,0.017004582097948726,0.07805737051193135,0.39691429821541896,0.5151640423195663,0.5334073177386303,0.464194607231579,-0.4843614451016557,0.50875352446863,0.5351506479668061,0.4708513973517499,-0.48278628494744885,89.19735652393844,88.62488945331324
34.918486,1785142364.88,0.01717672497034073,0.07856272161006927,0.3970000147819519,0.017013364744242632,0.07808441792758576,0.3969190466824338,0.5148207116150662,0.5330782709668977,0.4645724453978548,-0.48472635052383617,0.5099428389470287,0.5347491111327459,0.46962718253194513,-0.4831687061229131,87.70687219430721,88.35140974507465
34.966145,1785142364.913,0.016747184097766876,0.07856272161006927,0.3970000147819519,0.017006810298791253,0.07809682469956271,0.3969212126035319,0.5150243298766884,0.533273419707258,0.46434842503633705,-0.4845099995202039,0.5104848849959908,0.534593569938147,0.46906683339145344,-0.483312738279814,87.39657732669366,88.18610418309734
35.012503,1785142364.98,0.016317645087838173,0.07899206131696701,0.3970000147819519,0.016965031770074572,0.07815264929796684,0.3969250894817226,0.5152958902932696,0.5333079098236636,0.4643088124508463,-0.48422117410008697,0.5113165257580048,0.5343736392937849,0.46824770637499785,-0.4834711052268103,87.22829464269248,87.90067911804691
35.062068,1785142365.013,0.016747184097766876,0.07985074073076248,0.3970000147819519,0.01696058214993262,0.07823231255076889,0.3969268933570773,0.5118964127358318,0.5359202553791532,0.46129110101360427,-0.4878135531411433,0.5113739702836299,0.5345243223651692,0.46757869201045527,-0.48389108081696,86.91882847942938,87.73064394303432
35.109206,1785142365.08,0.016317645087838173,0.07942140102386475,0.3970000147819519,0.01692538108090166,0.07830678830765754,0.3969302237682147,0.5154343709301406,0.5334406941936606,0.46415625146946526,-0.48407376427962956,0.5120090014864951,0.5343561471047524,0.46704517639123405,-0.4839205447775984,87.58333099897166,87.68696250578056
35.164591,1785142365.113,0.01717672497034073,0.07942140102386475,0.3970000147819519,0.01693336776479659,0.07834011273845798,0.3969317947530663,0.5152802400834566,0.5332929031683667,0.4643260486234378,-0.4842378281170683,0.5122754440526402,0.5342700518031458,0.46682434779087384,-0.4839467010700243,87.16633776913115,87.59715338645154
35.222707,1785142365.18,0.016747184097766876,0.07985074073076248,0.3970000147819519,0.01692562823234569,0.07844221715574848,0.3969347558575313,0.5118118486084597,0.5361390435494638,0.46103679460740016,-0.4879022767153184,0.5122110821458669,0.534537916591414,0.46600171835334814,-0.4845115288048339,86.56652581760808,87.28987236052612
35.268682,1785142365.247,0.01717672497034073,0.07942140102386475,0.3970000147819519,0.016939614371574784,0.07848662131524999,0.39693753039153884,0.5146930015644966,0.5329558704518289,0.46471285774221205,-0.4848619536945841,0.5125187535890329,0.5343422860734564,0.46584235947519725,-0.484555202894281,87.04331281304482,87.21671508285415
35.313723,1785142365.28,0.016747184097766876,0.08028008043766022,0.3970000147819519,0.01693526687855974,0.07855803565342831,0.3969388560309496,0.5120369225136521,0.5360531260456797,0.4611366891244447,-0.4876660640056352,0.5124861337400429,0.5344607507114405,0.46551869369062004,-0.484770063532934,86.55109333094009,87.10174785086178
35.358119,1785142365.314,0.016317645087838173,0.08070942014455795,0.3970000147819519,0.016915603125810093,0.07865747990603787,0.3969401820166257,0.515159814488528,0.5331774311523944,0.464458638534944,-0.4843659417590645,0.5126695862188954,0.5343729479851315,0.46544617410576133,-0.484742516020759,87.02760506359108,87.08868854595389
35.405037,1785142365.38,0.01717672497034073,0.07942140102386475,0.3970000147819519,0.01692975550193321,0.07869505252905502,0.39694262483025494,0.5115611186788201,0.5362085565606609,0.4609559456945235,-0.4881651583799012,0.51253838740307,0.5345928612920129,0.4649116219433333,-0.48515158236977685,86.90345855538177,87.0343282273591
35.45656,1785142365.414,0.01717672497034073,0.07942140102386475,0.3970000147819519,0.016936501986025275,0.07871326396433609,0.39694385077845756,0.5123029372572431,0.5363046591155813,0.46084413049416173,-0.48738660268579515,0.5125229304814446,0.5347085189638355,0.4646381378568943,-0.48530242769544385,86.44426593336367,86.92994003085448
35.507963,1785142365.48,0.016358748078346252,0.08005187660455704,0.398000031709671,0.016902579390284483,0.07878750529741724,0.39702112923833954,0.5124880671571618,0.5364796527328256,0.4606404044411072,-0.4871919344791295,0.5125195413904532,0.534911156328199,0.4641826691742625,-0.4855185106325052,86.61048451169418,86.83610923474734
35.554673,1785142365.514,0.01717672497034073,0.08028008043766022,0.3970000147819519,0.016910714376013852,0.07883621036966135,0.3970205626125142,0.5008906719011259,0.5471479621330506,0.4640191003762746,-0.4841734367167214,0.511508043758744,0.5359878312447067,0.46417367325899506,-0.4854063936341903,86.73541138764219,86.81836860649346
35.607599,1785142365.547,0.016747184097766876,0.07942140102386475,0.3970000147819519,0.016907101283688254,0.07885288040064797,0.3970200471926435,0.5090480977945241,0.5394152322552633,0.4571993079730112,-0.4907851201205847,0.5112829863585627,0.536306389430713,0.46353165713815503,-0.485904895372354,85.99868783632829,86.67660533200198
35.654722,1785142365.614,0.016747184097766876,0.07813338190317154,0.3970000147819519,0.016900250986014033,0.07878609572132701,0.39701910719552397,0.5087542399075603,0.5395207711129116,0.4570747614315729,-0.49108973047303733,0.5108782992467839,0.5368276428647643,0.46249347426170806,-0.4867434965978586,86.34624661680144,86.5785319994468
35.699563,1785142365.68,0.017133459448814392,0.07750831544399261,0.3960000276565552,0.0169121671972887,0.07866318643536548,0.3969407680958036,0.49249047248660704,0.5463180498656869,0.4654302160405078,-0.49230522737155424,0.5075109231610787,0.5385937502407747,0.4630503960300932,-0.48778454855616477,85.39858114159844,86.23009359711318
35.748078,1785142365.714,0.016705000773072243,0.07879308611154556,0.3960000276565552,0.0169069989593623,0.07866600869236322,0.39690536248634567,0.4931509711483402,0.5455988504987372,0.4658672201147579,-0.4920281975786076,0.5057922532896493,0.5394438464488421,0.46339589400160075,-0.48830193370814584,85.08424637298256,86.02642305528664
35.797158,1785142365.747,0.016276543959975243,0.07836483418941498,0.3960000276565552,0.016886636650116166,0.07865743650437221,0.3968747474917751,0.502644901470945,0.5451061824310701,0.4503989896474291,-0.4973410329193279,0.5053893752861992,0.5401927442676536,0.4617052092676288,-0.4894912441745425,84.95221834348362,85.84023018200313
35.841496,1785142365.814,0.01666281558573246,0.07645823806524277,0.39500001072883606,0.016876838909566406,0.07841254134695848,0.3967047678586442,0.5031849301271081,0.545087664686859,0.45042140025339206,-0.49679465183612564,0.5049146937293963,0.5412765893700968,0.4592373460273172,-0.49110270399358574,84.62298439881114,85.4768767932509
35.887771,1785142365.847,0.017517568543553352,0.07773976027965546,0.39500001072883606,0.01690010437854795,0.07839483790199989,0.396632548823145,0.5033008456768076,0.5442133623814662,0.45147737064603694,-0.49667721785985963,0.5047191671377564,0.5416404627288495,0.458286305639332,-0.4917904365907292,84.12089751536821,85.24127666783315
35.932135,1785142365.881,0.017899515107274055,0.07754295319318771,0.39400002360343933,0.01694240539337835,0.07836917819370655,0.3964755153953014,0.49240799340936087,0.5556839178522133,0.4535954495934524,-0.49295123447973593,0.5029835716628346,0.5436455875410877,0.4576310280022538,-0.49196630371805344,83.53007715589574,84.9356572501346
35.983126,1785142365.947,0.017384523525834084,0.07714933156967163,0.3920000195503235,0.016964988956446585,0.07829015392008974,0.3958158673121954,0.5049156474002812,0.5516882403104392,0.4423122036561631,-0.49503554317882553,0.5034482740434122,0.5455366862205471,0.454070781164417,-0.49269593568746806,83.62779633145058,84.54911753547164
36.031762,1785142365.981,0.01691712811589241,0.07779822498559952,0.39100003242492676,0.016963755449432225,0.07827866390696131,0.39538101695481465,0.48428807230515775,0.564632591336275,0.4590911701313546,-0.48568549219763696,0.5003401466487419,0.5486921659988326,0.45491750860752445,-0.49157573677445476,85.98449354216135,84.80484055728454
36.07617,1785142366.047,0.015865519642829895,0.07763824611902237,0.38600000739097595,0.016875676982143855,0.07825175595745543,0.3930399780266265,0.5215720240278913,0.5450451037168127,0.43379747844228755,-0.49265424626495496,0.5063644862198999,0.5477158489621915,0.44901271836642204,-0.4919247245626904,89.39097631065113,86.18738559409329
36.125293,1785142366.081,0.015742212533950806,0.07620644569396973,0.3830000162124634,0.016828427661494352,0.07814687788670033,0.39128878684472435,0.5045909956634689,0.5245067279795227,0.45803240646441556,-0.5103792061085369,0.5060605929835458,0.5432830646974458,0.45078504775479156,-0.49551894874243047,56.91856614292015,79.81529632201682
36.165485,1785142366.147,0.015903497114777565,0.07582803070545197,0.37700000405311584,0.016771241560835624,0.07793557881448758,0.3863815703393374,0.5122534229111865,0.5361414718164351,0.44452074304606937,-0.5025435920555055,0.507803803635534,0.5412930015493134,0.44903898604438763,-0.49749489695799615,56.09258555387653,71.83984091142213
36.215566,1785142366.181,0.01622486673295498,0.07583131641149521,0.3750000298023224,0.01675811030836955,0.07784256951364035,0.3839616763752195,0.509674884073154,0.5495346175769434,0.44498506051839826,-0.4901341781033201,0.5081143324657121,0.5426443447031803,0.44838122288452104,-0.49629751084320506,99.69624045897551,77.78142874961031
36.263041,1785142366.214,0.01690004952251911,0.07643156498670578,0.3720000088214874,0.016762602481401476,0.0778044272571344,0.3813059400882575,0.5091423595560335,0.5381557712393228,0.442028109140204,-0.5057406196040222,0.5082813628046027,0.5419426759945076,0.44738488539929844,-0.49779007269898895,103.18577604761552,83.04111367505982
36.311927,1785142366.281,0.01697695441544056,0.07578279823064804,0.36500000953674316,0.016775122593678134,0.07766107521841056,0.3747011389442042,0.5179361144912638,0.5400707965617562,0.4395918009457931,-0.4968146178888831,0.5106652353144998,0.5414898995792391,0.44547328491094024,-0.4975572917016776,108.41902126674218,91.6928237732817
36.362084,1785142366.314,0.016790905967354774,0.07495231181383133,0.36100003123283386,0.0167755053294491,0.07752566810254685,0.3710181767989617,0.509560599603091,0.537790180988222,0.4422549266796349,-0.5055099369867865,0.5105179426958185,0.5409905089120197,0.44503873588188525,-0.4986393717080477,111.64543406090789,95.7290123225414
36.405675,1785142366.381,0.016218597069382668,0.07528004795312881,0.3570000231266022,0.01674521392211038,0.07736811694898216,0.36531120977979853,0.5132683972731884,0.534860861473658,0.4461287172936423,-0.5014464865069831,0.5110951932376406,0.539711574506521,0.4452685830110044,-0.4992284134306091,115.2157427425685,102.2275028699955
36.457312,1785142366.414,0.016511833295226097,0.07677789777517319,0.35500001907348633,0.016740465034836536,0.07734571527745022,0.362771222025131,0.5020440544359852,0.5455500064436738,0.44986130136888575,-0.49794755487448433,0.510009758126782,0.5404181181871323,0.44582452751700274,-0.49907794462867344,118.9575244267638,105.54986660544189
36.504798,1785142366.481,0.015855154022574425,0.0773673951625824,0.3490000069141388,0.016685268546293163,0.0773475197213347,0.35708718468330436,0.5053135669763988,0.5415411647808084,0.43818375060747744,-0.5092998788346583,0.5090522051183367,0.540657176922267,0.4442607365452396,-0.501186659310565,125.20355029384243,112.1187390373527
36.553937,1785142366.514,0.015673434361815453,0.07759997248649597,0.3450000286102295,0.016651422046601104,0.0773585334555854,0.35378039881542467,0.5050716767982576,0.5518275979628914,0.4421383291759555,-0.4948763495017683,0.5085731185181741,0.542021074923678,0.44400699624895046,-0.500424144842417,128.13510902632703,115.28846843936108
36.600239,1785142366.548,0.015582573600113392,0.07715011388063431,0.34300002455711365,0.01661512686731237,0.07735196598645644,0.3508820067211281,0.5064162356450315,0.5322913641139796,0.4490000224578468,-0.5085346397224559,0.508294384526122,0.540744654767713,0.4446698721285084,-0.5014984963293247,58.07876683727081,100.9275699938008
36.644106,1785142366.614,0.016355181112885475,0.07557562738656998,0.3360000252723694,0.016602510684110203,0.07721411120188362,0.34438622524912565,0.49868349634871734,0.5406883032946984,0.45569305314026937,-0.5013130463786266,0.5062346066897594,0.5407422944473816,0.44705089703019196,-0.5014676354959975,56.77943079833978,84.61163738484927
36.68853,1785142366.648,0.017290035262703896,0.07346033304929733,0.3330000042915344,0.016632803368655438,0.07691601219800002,0.341139371205067,0.5066233979026541,0.5314412128350942,0.44992418610523444,-0.5084006262343461,0.506288368740025,0.5395570256740294,0.4474219470462993,-0.5023583432428068,57.537174928928266,78.61067729645957
36.732319,1785142366.715,0.018095077946782112,0.07235732674598694,0.328000009059906,0.01677338077101943,0.07624312930886468,0.3355004338580903,0.5091949098344084,0.5382538135810849,0.44150594890458444,-0.5060393987092406,0.5068615034030091,0.5393035984245987,0.4462622290304602,-0.5030835596946949,56.71900499905922,71.09617789853567
36.781541,1785142366.748,0.019395625218749046,0.07121101021766663,0.32600000500679016,0.016956369417704776,0.07579006730684738,0.3330195398174607,0.5020436904448886,0.5376521873698137,0.45927129827200713,-0.4979479218597833,0.5062929498432188,0.5391129669868685,0.4478185519264442,-0.5024770664579332,56.56058681506641,68.19674962032954
36.829369,1785142366.781,0.019276633858680725,0.07182531803846359,0.3240000009536743,0.01709414509262949,0.07552290309630674,0.330733744604892,0.5020891225785669,0.5376940653710234,0.4592222686943453,-0.4979021118536101,0.5057689293821449,0.5389395514882611,0.4492571504570519,-0.501906328587796,57.16982366682353,66.05766354148945
36.874946,1785142366.848,0.01909814588725567,0.07150741666555405,0.32100000977516174,0.01726971912343221,0.0750686851103295,0.32704891029467664,0.4975089486288974,0.5331044060897,0.46454245468821076,-0.5024787020702163,0.5039450334067499,0.5376563709399744,0.4526726163236856,-0.5020483368391889,57.52854519655308,63.34149363918374
36.924739,1785142366.881,0.019324300810694695,0.07071690261363983,0.3190000057220459,0.01736310116025332,0.07477393192502169,0.32521424608003924,0.5016895201842321,0.5373254781622385,0.459653489617692,-0.4983047514697355,0.5036730773407618,0.5376181540242359,0.4535216186718737,-0.5015957466156422,58.30420702455883,62.41777494347555
36.969408,1785142366.948,0.01970088668167591,0.06926890462636948,0.3140000104904175,0.017564994011737164,0.07397331097966618,0.3209204532750055,0.5015820623628028,0.5372263642286517,0.4597693264862979,-0.4984129158798731,0.5032743510874621,0.5375452890581058,0.4547211120840228,-0.500987724374561,57.011459549419214,60.73899122801878
37.017281,1785142366.981,0.019638145342469215,0.0693868026137352,0.31300002336502075,0.01764620152285805,0.07367148182942858,0.31919630568119306,0.502402456104937,0.5372740128890562,0.459713644646415,-0.4975859444354583,0.5031863449092931,0.537518558234177,0.45523074230713134,-0.5006418611234739,57.02518154765285,60.07101117977809
37.062193,1785142367.015,0.019912976771593094,0.06950253248214722,0.31200000643730164,0.017742670680014835,0.07343178337309732,0.3177018297835882,0.503298750603213,0.5374219266679415,0.4595407193454325,-0.4966793408641481,0.5031985503537657,0.5375095838766153,0.4556692525527737,-0.5002401407730622,164.92998796258894,92.22017150166954
37.107804,1785142367.081,0.0196576826274395,0.06861148029565811,0.30800002813339233,0.017857425083157335,0.07288220612577115,0.31438637951575393,0.5139220552503182,0.5258144879649753,0.4561487824721072,-0.5013297653467563,0.5051842673719352,0.5353646254391048,0.45576629229761817,-0.5004504577214512,57.1113528326931,80.54415989414247
37.166246,1785142367.115,0.0195300355553627,0.06783502548933029,0.3060000240802765,0.01790297316056897,0.07252763956307434,0.31261197655964507,0.49788767109196563,0.5228365052511549,0.4760693108957548,-0.5021034425042499,0.504223604290229,0.5337031281086215,0.45850696266110275,-0.5006904164400723,57.61425484261983,75.9876451437226
37.217989,1785142367.182,0.019402388483285904,0.06739165633916855,0.30400002002716064,0.017969654511483378,0.07192169554336036,0.3099022906442824,0.5111260228735561,0.5304442870307758,0.4675776495475504,-0.488620700279328,0.5057893900770725,0.5329831340378365,0.46055951740454454,-0.4979869502755686,57.71467100241565,70.1600007190173
37.264514,1785142367.215,0.019274739548563957,0.06760149449110031,0.3020000159740448,0.017997343785973133,0.07170191141795554,0.3084037513370577,0.5075871283358536,0.5315487885015635,0.46632165448595686,-0.49229595483587074,0.5060123462702972,0.532808824847709,0.4612697047005852,-0.497289172526275,57.21944083753281,67.75989260958329
37.309815,1785142367.282,0.01979627087712288,0.06682936102151871,0.30000001192092896,0.018099438326300146,0.07118840570729817,0.30591278136531286,0.5106010449191798,0.538994707376708,0.45769499169195305,-0.4891692681755895,0.5069547631722912,0.5340775934364359,0.46054513031332706,-0.49563714068938775,57.052083458077725,64.43328108887637
37.356924,1785142367.315,0.018955621868371964,0.06712464988231659,0.2970000207424164,0.018125588375289763,0.07101249744587182,0.3041867602348716,0.5101333424953352,0.538285599785288,0.4585287483504092,-0.48965699512468647,0.5073120250306836,0.5345500989944608,0.4603211235167147,-0.4949698618790731,56.96803986012645,63.08885706446101
37.404841,1785142367.382,0.018764149397611618,0.06612866371870041,0.2939999997615814,0.018164344350662755,0.07051193494518813,0.3009424618292991,0.5133457765990104,0.536772749420775,0.46029883280241074,-0.4862880973743433,0.5084553775272251,0.5349743820563557,0.46032102977424266,-0.49333567593946437,57.09414663119767,61.26269325686401
37.446111,1785142367.415,0.018066294491291046,0.06685434281826019,0.2930000126361847,0.0181601238344658,0.07038999957207208,0.29953280185026554,0.5016242602273522,0.5297702020386372,0.46834125702519674,-0.4983704461054665,0.5076947765923485,0.5343961292453371,0.4612226191252545,-0.4939033169312459,57.66041164784832,60.62988984857536
37.49173,1785142367.448,0.018257828429341316,0.06671270728111267,0.29100000858306885,0.01816358113672469,0.070265021645075,0.297963009872669,0.5197148787932653,0.5295979233218823,0.451619652263342,-0.49544139316733443,0.5092050707791491,0.5338038146596396,0.46002845945926274,-0.49410272194671867,186.64951158907255,60.11024616527884
37.537599,1785142367.515,0.017757996916770935,0.06664786487817764,0.2880000174045563,0.018132327027670887,0.07004376393020494,0.2948887173418359,0.5109820037909482,0.5385536073319778,0.45821393696581736,-0.4887713082841378,0.5095569193108783,0.5347405616777556,0.4596736148950911,-0.493056229499481,189.68160738166543,121.68870412517452
37.578848,1785142367.549,0.0176346767693758,0.06804081797599792,0.28600001335144043,0.018112543477817992,0.06996204682516803,0.2931996432520983,0.5067511872902299,0.5338234765516415,0.4637159646619029,-0.4931563993095319,0.5092631246537176,0.5346449649217616,0.46009830370934707,-0.4930673202266824,191.86869946772092,142.48545533415057
37.62528,1785142367.582,0.017204079777002335,0.06787214428186417,0.2840000092983246,0.018072479819628423,0.06989310417995193,0.29144715421195744,0.5161588762075395,0.5429025280095744,0.4530528060621778,-0.48330116336728374,0.5100775877492686,0.5356192590921552,0.45927937110521816,-0.4919302013930973,193.67997674720544,156.5304272217169
37.670515,1785142367.649,0.01696176826953888,0.06782461702823639,0.2800000011920929,0.017983196040416923,0.0697770433721213,0.28764356613599174,0.5168023030447955,0.5430235138339096,0.45290778688765543,-0.482613074385263,0.5114668584849736,0.5371484348105098,0.45798053626687846,-0.4900275911138412,198.93897283686985,173.76291078840205
37.72048,1785142367.682,0.0168406143784523,0.06734015792608261,0.27800002694129944,0.017937315738596752,0.06971966661585732,0.28571654423964776,0.5143433129587361,0.5449364029552176,0.4506043904959523,-0.48523288884269944,0.5118128668171209,0.5380787503358607,0.4571068262307182,-0.489461129417565,57.27443182206867,179.79138764194238
37.765199,1785142367.715,0.016719458624720573,0.06775114685297012,0.2760000228881836,0.017889545993970628,0.06966827622787948,0.28375114791357675,0.5095359746769192,0.5399232382737775,0.45659927373130776,-0.4902785845925173,0.511565500037731,0.5382795788885103,0.45705184268206694,-0.48955024994752216,202.96858200537557,185.20933764906079
37.812905,1785142367.782,0.016537724062800407,0.06790043413639069,0.27300000190734863,0.017792233786904425,0.06957400383813397,0.280232754533674,0.5077309845495667,0.5421071695446148,0.45400420342583414,-0.49214758693742244,0.5108967387501151,0.5389505667673062,0.45652048230681863,-0.49000597766766646,56.28767309525476,126.83658455171027
37.856723,1785142367.815,0.016477147117257118,0.06824003159999847,0.2720000147819519,0.01774590777536372,0.06953030287773854,0.27872836344146096,0.5125880189865516,0.5465841632780196,0.4486042269681228,-0.48708677131640776,0.5110740628581422,0.5397401185297014,0.4557079017562562,-0.4897082958253066,56.88447266991252,107.8751162997435
37.905545,1785142367.849,0.01635599136352539,0.06803026050329208,0.27000001072883606,0.017695750407869665,0.069489625113036,0.27705142860795257,0.5210507516668152,0.5369850607452861,0.44280687833972854,-0.49403970206740794,0.5123000793281638,0.5394122210979454,0.45414001154523365,-0.4902447698489331,56.8837093284721,94.56316322132021
37.952664,1785142367.915,0.016174258664250374,0.06669686734676361,0.2670000195503235,0.0175959205450312,0.06927880486396593,0.27393688646530434,0.5079364330322279,0.542296693616809,0.45377780475941826,-0.4919355445569032,0.5115048091225668,0.5399399015072345,0.45407493173010594,-0.4905544713680063,58.129578266838216,80.87574436789077
38.001325,1785142367.949,0.016053102910518646,0.06562409549951553,0.26500001549720764,0.017541954255180094,0.06906495916898132,0.27221542616587463,0.5103136283083508,0.5401215480676552,0.45636467141201864,-0.48946910092749113,0.5113920506146563,0.5399573051239158,0.45429216659553007,-0.49045173726004315,56.85504112396218,75.39172242811445
38.046576,1785142368.016,0.016216503456234932,0.06541323661804199,0.2630000114440918,0.017470886599044652,0.06871345522639104,0.2694998468431927,0.5192012535913897,0.5388513033137677,0.44007238977748,-0.4963926096767773,0.5128230605681855,0.5397682836924401,0.4517173222912124,-0.4915426423121943,215.58842356565413,141.7190008450516
38.09645,1785142368.049,0.0164383202791214,0.06601455062627792,0.26200002431869507,0.017448771446620624,0.06862462315713576,0.26827298307867575,0.5201011914654092,0.5390074459892951,0.44021879627861976,-0.4951496089136715,0.5136345962497786,0.5396892588028072,0.4504475566829187,-0.4919471558476502,55.84144503978663,162.89629919041928
38.142607,1785142368.116,0.015689635649323463,0.06553874909877777,0.2590000033378601,0.017331208991807078,0.06839918187435554,0.26560654859752697,0.5124595740607129,0.5279284808425975,0.4533847526517713,-0.5031093023704016,0.5134093274463136,0.537333593408014,0.45104871264754043,-0.4942049480785794,221.00352414446488,187.20303434219926
38.187937,1785142368.149,0.015290415845811367,0.06364298611879349,0.25699999928474426,0.017250093692069743,0.06806067419822019,0.26410478140132554,0.5126521959817472,0.5375520593848887,0.45938848859224257,-0.48701922544709897,0.5133252933561293,0.5373620962991854,0.45201225178579674,-0.49338022345582755,57.34391675548352,195.5700415997622
38.237838,1785142368.182,0.016061868518590927,0.062287937849760056,0.25600001215934753,0.01722543111384295,0.06755373418299922,0.2627527759243946,0.5242739206903977,0.5267124523939553,0.4544876794122956,-0.49107209026729487,0.5147201172471405,0.5360194045802336,0.4523321649493811,-0.4930943229918061,56.747774278890326,201.56026788097756
38.283415,1785142368.249,0.01587364450097084,0.061010781675577164,0.25300002098083496,0.017161349969837727,0.0664743006576118,0.2599157501926081,0.5061630214498798,0.5354863243386895,0.46179475575870255,-0.4937600588511878,0.5129212573141074,0.5359142005047536,0.4543352804712368,-0.49324152948812866,55.41787168022004,132.59945795269456
38.33122,1785142368.282,0.01574816182255745,0.05889980494976044,0.2510000169277191,0.01712477333108884,0.0656045776447852,0.2583436573273989,0.5222608333258147,0.5284491505237383,0.4521204097850788,-0.4935303965718195,0.514064597533102,0.5350078316100055,0.45406870180454956,-0.4932806743838854,231.070169504554,110.5433701693381
38.38292,1785142368.349,0.01529160887002945,0.05846402794122696,0.24800001084804535,0.017008968252279547,0.06434569001620108,0.25523317226188247,0.5201641640609225,0.5302058182271522,0.4500066190929586,-0.49578732891977223,0.5152679127058266,0.5340666624348315,0.45327256495553575,-0.4937770347739251,232.95638864819622,165.19408515343974
38.428689,1785142368.382,0.015229948796331882,0.057426922023296356,0.24700000882148743,0.016953136046474797,0.06364179959813827,0.2538576999400532,0.5155360629843928,0.5359083096617416,0.4613049789840718,-0.4839654613322652,0.5153033356723095,0.53428465525943,0.4542075581105489,-0.4926437592769805,235.3531718599036,184.13454542770836
38.479538,1785142368.449,0.01484154723584652,0.05775680020451546,0.24500000476837158,0.016809063600468386,0.06282127292244805,0.25144894864718703,0.5109123234522417,0.5389767113371281,0.4577161834982615,-0.48884414463572334,0.5144833564980723,0.5351664711468469,0.4548672455711558,-0.4919344600180175,236.59763167794233,204.94985464790042
38.528529,1785142368.483,0.0131969740614295,0.056729428470134735,0.24400001764297485,0.01657037276468384,0.06229666579057898,0.25030167198517705,0.5173524015419736,0.5331309762135978,0.4645119613115858,-0.4820233320273537,0.5148226779899815,0.5349351592428863,0.45599457772465357,-0.49078603354081574,239.34842447613852,213.26333782590416
38.5716,1785142368.549,0.012565131299197674,0.05678785964846611,0.242000013589859,0.01610170798182257,0.06162310305178277,0.24821549969861273,0.49986507267389024,0.5410513209485167,0.47218962309965434,-0.48418523011095477,0.511569928198042,0.5363013708264233,0.4595655891215219,-0.4893633798196775,239.84115748687248,222.8115894668513
38.616767,1785142368.583,0.01094868779182434,0.056292567402124405,0.2410000115633011,0.015651350316972075,0.06125653302849622,0.24717580320481727,0.5242199968805412,0.5257454888868253,0.45580620394482074,-0.4909437648357814,0.5133274906217603,0.5348512966439953,0.45905376647654195,-0.48959025453322086,56.222329608473274,226.4909072569631
38.663784,1785142368.616,0.01068793423473835,0.05577130615711212,0.2410000115633011,0.015257561097095543,0.060877759169800275,0.24642261225825185,0.5113271643390679,0.5312257286039658,0.46668964555600073,-0.48841020772396615,0.5130666564806191,0.5343768018244869,0.46006006770730495,-0.4894372010593202,242.27960087231415,229.77297730178145
38.718307,1785142368.683,0.009782366454601288,0.055849216878414154,0.23800000548362732,0.014464767575308306,0.06035687981099937,0.2443681358992712,0.5213944214026399,0.519172286677864,0.4630581473161547,-0.49415093471530963,0.5149870094734962,0.5309137507198304,0.4607594730808913,-0.49052999636756806,245.08220553214497,234.9443777359653
38.773628,1785142368.716,0.008752335794270039,0.056106604635715485,0.23800000548362732,0.013969829019848855,0.06017328357782198,0.24360983811782128,0.5176646803150095,0.5231820943998561,0.45874235401425306,-0.49785462485267806,0.5153372122862275,0.5299167292273265,0.46050162265692557,-0.49148150855185857,246.85442613416015,237.3075402061556
38.823617,1785142368.783,0.007912755943834782,0.055379897356033325,0.23600001633167267,0.013049059277865748,0.05972160782752862,0.2419448867106533,0.5224903776044223,0.5276001409229152,0.4535809967221823,-0.49285512680849697,0.5168325886268306,0.5294385552504088,0.4590632702038571,-0.4917721072787572,246.74949573435666,240.36117239838774
38.868688,1785142368.849,0.0058202603831887245,0.05288608744740486,0.23400001227855682,0.011774485705466848,0.05869634639976902,0.2402028615908676,0.5243097248253402,0.5255981578309026,0.45545935078278166,-0.4913274556981982,0.5182301915642009,0.528725775371869,0.4583941405423029,-0.491692317333951,247.89622438112391,242.7303640185607
38.91886,1785142368.883,0.004030702635645866,0.052660077810287476,0.2330000102519989,0.01085818113940215,0.05823033493675186,0.23929021572617054,0.5262263183380783,0.5236991707411507,0.4577066080858709,-0.4892133495397582,0.5191065789555476,0.5281788376951886,0.4583211318995754,-0.4914236615694439,250.11572519307612,244.14624337249117
38.965726,1785142368.916,0.003778605256229639,0.05291205644607544,0.2330000102519989,0.01011724432058128,0.05790397285636857,0.23861526549019427,0.5222298173622961,0.5274304866897357,0.4534125643108772,-0.49346747217319836,0.5194311799443169,0.5281022304077388,0.4578132635711037,-0.4916363485732127,251.29491743140875,245.47744737575428
39.015257,1785142368.983,0.004282800946384668,0.05291205644607544,0.2330000102519989,0.0093093816297157,0.05742601323064161,0.237741766433726,0.5202620575731335,0.5293039850631065,0.451232146245925,-0.49553429047885345,0.5195757134502978,0.5283103185681228,0.4566881348670295,-0.49230603567165043,251.79255532848433,247.44786485968893
39.060903,1785142369.016,0.004030702635645866,0.05366799235343933,0.2330000102519989,0.008943083417882174,0.05731498885180791,0.23739577156782551,0.5070777183971386,0.5338513842087493,0.4636838357959033,-0.4928206443577137,0.5182323165244681,0.528914547722052,0.4574485945484123,-0.49236719088840897,252.46147908394983,248.3589097929881
39.113563,1785142369.083,0.004030702635645866,0.05391997471451759,0.2330000102519989,0.0084206264734874,0.05716386429051746,0.23690758033186757,0.5342015015700528,0.5247408883305407,0.4386150243964117,-0.4968828998950469,0.5217557449626752,0.5280304471510509,0.4533523196415627,-0.4933826747622169,253.8759876515313,250.0639387679807
39.165126,1785142369.116,0.004282800946384668,0.05190413445234299,0.2330000102519989,0.008236118338867424,0.056837890140465794,0.23670552547191398,0.5365237987110836,0.5230205758952728,0.44006225166491597,-0.4949110074209402,0.5238299122778747,0.5273446826724305,0.45150912680929073,-0.4936084653528334,252.07330400214573,250.41839417637163
39.212214,1785142369.183,0.004282800946384668,0.05291205644607544,0.2330000102519989,0.007946139812009971,0.05658329028816596,0.23639837371708425,0.5231823535360092,0.5355974870810862,0.44375252249284136,-0.49244213422714805,0.5236915376514472,0.5291893050874362,0.4497860772010084,-0.49335417047945146,252.89438565133688,251.16751545722315
39.259675,1785142369.216,0.00478699617087841,0.05240809544920921,0.2330000102519989,0.007869172173787327,0.056412202190595166,0.23626630976244917,0.5223719638086494,0.5275288586152855,0.4532993055982245,-0.4933158970668964,0.5235408375378496,0.5289995652361589,0.4501888756431936,-0.49335020792256595,252.85368718104084,251.463019342474
39.305789,1785142369.283,0.005543289706110954,0.05240809544920921,0.2330000102519989,0.0077288611721583475,0.05613797391039833,0.23605193728580337,0.5185857436234808,0.5312106791003162,0.44928361804579653,-0.4970193874246168,0.5226426144914137,0.5294028577936717,0.45002592924710777,-0.49401819266374186,252.37177885225114,251.73473722628734
39.354612,1785142369.316,0.005039094015955925,0.05240809544920921,0.2330000102519989,0.007669417846859996,0.05601688364690199,0.2359566849228791,0.5205522824878325,0.5294513428801007,0.4512053388671066,-0.4950962925502323,0.5224531269294975,0.5294074076186237,0.4501330549147391,-0.494116139984562,251.7781104363903,251.7422153038379
39.400043,1785142369.35,0.005543289706110954,0.05190413445234299,0.2330000102519989,0.007605624756816958,0.055845839012240724,0.23586747813732029,0.5277705749660504,0.5324188948031232,0.44769308098341387,-0.48740049845707356,0.5229789316750718,0.5297061087328164,0.4498944906863343,-0.49345660664867186,251.87592882097826,251.7658476756157
39.445777,1785142369.417,0.005039094015955925,0.05240809544920921,0.2330000102519989,0.007489016096410843,0.05567005925377991,0.2357164064543958,0.5291964038022662,0.520198510545771,0.4440049430636777,-0.5021994487887562,0.5241165010614375,0.5279902804893626,0.44883378093786946,-0.495051910523429,252.90048566346834,252.1049461881429
39.494421,1785142369.45,0.005770514719188213,0.05193227156996727,0.23200000822544098,0.007432065095188267,0.05554082569089116,0.2355467652009715,0.5224879613119725,0.5274897212661853,0.453412756476943,-0.49313060795955593,0.5239619383824557,0.527943208919372,0.4492706497899386,-0.49486941562370007,253.30491853887273,252.31350898857406
39.546801,1785142369.517,0.004766451194882393,0.05218316614627838,0.23200000822544098,0.0072808745211887715,0.05536789107259811,0.23528157655725962,0.520641487779138,0.5293759195143289,0.4513595989935613,-0.4949425112453522,0.5234595607157247,0.5281608206652831,0.44958757704829233,-0.49488104264895916,253.399084155334,252.63762192200812
39.595989,1785142369.55,0.005519499070942402,0.05243406817317009,0.23200000822544098,0.007230187067911133,0.055307067943711825,0.2351659315860592,0.5232167574517653,0.5353818763830523,0.44408150360400245,-0.49234346681867447,0.5234400160748044,0.528799666806307,0.44910350427028217,-0.4946589778921432,253.75363300024034,252.83132230050856
39.643523,1785142369.617,0.005519499070942402,0.05318676307797432,0.23200000822544098,0.007141300590232897,0.05516698233183586,0.23497364589745776,0.5211837152736312,0.5297322802846844,0.4510038939151474,-0.49431440787350894,0.5231252804088842,0.5289301925714431,0.44936911126037377,-0.4946111545734934,253.66208345854025,253.07886822738692
39.688742,1785142369.65,0.005495707970112562,0.05295750871300697,0.23100000619888306,0.0071005284654832275,0.05510790514139451,0.2347789495166288,0.524809004773738,0.5258729610812471,0.4553452880632284,-0.4906055502648286,0.5232613043953144,0.5286866881839363,0.4498485982295564,-0.4942916464300388,255.1105678426392,253.43409460915242
39.738677,1785142369.683,0.0057456414215266705,0.05195824056863785,0.23100000619888306,0.0070610688210596025,0.054996349594337954,0.2346119541539939,0.5227741318229354,0.5276249991726953,0.45332056367260903,-0.49276722080140173,0.5232237646197135,0.5286045333549836,0.45011849175280083,-0.4941735351431908,255.18734113576664,253.7399015382549
39.78546,1785142369.75,0.005495707970112562,0.05295750871300697,0.23100000619888306,0.006992189138667965,0.05488738798827067,0.2343489562501193,0.5293832336134195,0.5201063280400794,0.4440767522212783,-0.5020344984543057,0.5241993131270051,0.5272758403090276,0.44917489295267243,-0.4954161724091577,255.3368820851514,254.2178774789738
39.833377,1785142369.783,0.005495707970112562,0.05245787277817726,0.23100000619888306,0.006959491221911075,0.05482661148938727,0.23423383871116646,0.5206434005069525,0.5292886224643428,0.45138353812799287,-0.49501202525333676,0.5239069801371208,0.5274419885578815,0.4493571027546702,-0.4953833052027883,255.5149940195805,254.44321558678337
39.877401,1785142369.85,0.005268482957035303,0.05243406817317009,0.23200000822544098,0.0068816316821386555,0.05471264205704936,0.23411120127061139,0.5179365272791431,0.5232127456580576,0.45826423884842254,-0.4979799834166574,0.5229811740139257,0.526787618357189,0.45074959073338217,-0.49579260102008893,254.24505649315566,254.38445255207716
39.926778,1785142369.884,0.005268482957035303,0.05318676307797432,0.23200000822544098,0.006843912544445927,0.0546614688621141,0.23405359856039357,0.5074231986213467,0.5337687021987207,0.46377901262680415,-0.4924649200713503,0.521215846560316,0.5275979198627644,0.4522492209380763,-0.49542418028574264,254.4080593084335,254.3886098160382
39.97214,1785142369.95,0.00478699617087841,0.052660077810287476,0.2330000102519989,0.006722472805996022,0.054579750911689255,0.23396884454908062,0.5383777154831277,0.5212323471674104,0.44276223196690806,-0.49236965958637435,0.5248401143646658,0.5262796141958933,0.4502724312323446,-0.49480032306741656,253.41777428554735,254.1023401699951
40.01663,1785142369.984,0.00478699617087841,0.05291205644607544,0.2330000102519989,0.00666538217939774,0.054536745820567126,0.2339307822102161,0.5309783933655371,0.5181536954862028,0.446076435200531,-0.5005941545720751,0.525618079031415,0.5252601506816135,0.4497475314720032,-0.4955346274843903,253.1581039161165,253.93481697300228
40.06536,1785142370.017,0.004807541146874428,0.052633024752140045,0.23400001227855682,0.006615569338039726,0.05449458011004684,0.23393457843682858,0.5179230385005258,0.523396417541763,0.45820748356395813,-0.49785320959175944,0.5246478399149531,0.5250282319305467,0.4508221492167779,-0.49583201744544797,252.31602783295747,253.6529707936306
40.113366,1785142370.084,0.004807541146874428,0.05212689936161041,0.23400001227855682,0.006526465746111414,0.054352837054268396,0.23394027531910025,0.5166363556770581,0.5224014791355468,0.4593509664211481,-0.4991795871604511,0.5229714820515042,0.5244831397914632,0.45261974016213924,-0.4965416758449375,251.3260210492264,252.95369528337864
40.169248,1785142370.117,0.00484863156452775,0.052572429180145264,0.23600001633167267,0.006487428114761307,0.054315285896919765,0.2341027349686299,0.5040067411212121,0.5273984588520377,0.47101047292018416,-0.49596089049881303,0.5202465817974989,0.5249285021605709,0.4553041850983326,-0.4964792652059308,56.11057116577611,252.67023922345604
40.224514,1785142370.184,0.005190483294427395,0.053463488817214966,0.24000000953674316,0.0064251818954869575,0.05425480598714611,0.23540615725734448,0.5157281572897748,0.5254257516493893,0.4562600142806843,-0.4997789978087887,0.5192713118096653,0.5250374311647537,0.4555120490153655,-0.4971938996098094,56.52872010242545,147.70577858580296
40.269282,1785142370.217,0.004951356444507837,0.05290435999631882,0.2410000115633011,0.006392747348011329,0.05422486516437097,0.2360969526270393,0.49743815900893684,0.5344923154362157,0.4797544426351008,-0.48652740670317457,0.5157846481621424,0.5266117781601933,0.4594721476459982,-0.4955114301010505,57.438771480785974,117.48529409125481
40.31398,1785142370.284,0.004005645867437124,0.05448859930038452,0.24700000882148743,0.006216271621888709,0.05424967664421192,0.2394134266729486,0.49747392885340286,0.5344251519385769,0.47962275137706284,-0.48669442512533956,0.5106124741051766,0.5288857619186731,0.46525613607737976,-0.49304308125177204,58.46837704193365,90.54311742927466
40.362482,1785142370.317,0.004054297227412462,0.054880037903785706,0.25,0.006143004094072491,0.05428218385664878,0.24150791193791193,0.5064833606977397,0.5262732124934038,0.47226740922053123,-0.49343145961351437,0.5099714554945171,0.5284811709723745,0.46635100499354076,-0.49310597912617754,59.17949925011206,81.9604871259645
40.413679,1785142370.384,0.0030317793134599924,0.05459878593683243,0.2550000250339508,0.005858472890960343,0.054305551729642805,0.2463011538393483,0.5032042276077218,0.5197531281730471,0.4794337136188193,-0.49677510537235686,0.508263803496884,0.5262749643183162,0.4696945578541594,-0.49405423822574535,59.05145096701668,72.82310070635722
40.463065,1785142370.417,0.003346594050526619,0.05496210232377052,0.2580000162124634,0.005766911045088254,0.05433316893612202,0.24895281414910342,0.49053895609068277,0.5317630497139275,0.4822597527749959,-0.49398899013015074,0.5054357675837642,0.5271737316939717,0.4717274448108221,-0.4940604813897952,58.07501732963412,69.3469708740555
40.513489,1785142370.484,0.003450364340096712,0.055515680462121964,0.26600000262260437,0.005630313245042909,0.05443657070729302,0.25614085620009563,0.5050890820268257,0.5177198786635479,0.4816286196195171,-0.49485858506981434,0.5053573933734453,0.524801494791353,0.47423008070807293,-0.49427029708366355,59.23672362959273,65.71342283916388
40.560276,1785142370.517,0.004086510743945837,0.05693449079990387,0.27000001072883606,0.005591082725557533,0.05460710023471834,0.26001007400459986,0.4986715021769739,0.5326005685541517,0.4814419001733304,-0.4856717657532171,0.5043749518204459,0.5259637763963145,0.4753046835094146,-0.49300453520131615,57.78886467829182,64.04048106817062
40.604719,1785142370.584,0.004826463758945465,0.05611676722764969,0.27900001406669617,0.005536235503950582,0.054727570021740404,0.2690101845501616,0.5041083441072028,0.5381689578657032,0.4750235086237973,-0.48020997120631914,0.5043239536414535,0.5289839761753734,0.4752492550210836,-0.48986880726889526,58.59776139245247,62.216451087718646
40.650813,1785142370.617,0.00612044520676136,0.05692131072282791,0.28300002217292786,0.005570864792308588,0.054844496209210856,0.27340096723330076,0.4962193823637573,0.5348659712369495,0.4786470856096606,-0.4884482416967679,0.5032105415571578,0.5297981021016007,0.47572069569100206,-0.48967636410854337,56.94961426384154,61.18069877358333
40.699729,1785142370.651,0.006494767498224974,0.05597822740674019,0.28600001335144043,0.005627686814356885,0.05487826038344545,0.2773613094765949,0.500890861954588,0.5307704708477905,0.483118292921786,-0.4837228201467699,0.5028914690258851,0.5299361237506085,0.4767502360115595,-0.4888528281477866,58.42219156137175,60.64291838101644
40.750449,1785142370.717,0.007287762127816677,0.05734832584857941,0.2930000126361847,0.005820341196689211,0.05511245466580184,0.28476505466717716,0.49574056649164605,0.5458150701955354,0.48120523203192217,-0.4740978006140596,0.501186974364143,0.5338026899977473,0.4778513069700432,-0.4853085959530353,58.19428576299619,59.87755797381347
40.795327,1785142370.751,0.008993971161544323,0.05748885124921799,0.2970000207424164,0.006101567713785248,0.055228478782625844,0.2886987492571186,0.4881320225250909,0.5438626580583859,0.48394362612691844,-0.4813928795551103,0.49921554906767024,0.5353410399694571,0.47878615749160686,-0.4847242740856979,56.74339267165813,59.283617202486255
40.840215,1785142370.818,0.009205950424075127,0.05719999223947525,0.30400002002716064,0.006518639470206494,0.055362438980059325,0.2960728376101879,0.49808491600418214,0.553775018548466,0.4722289465908111,-0.47142811465003454,0.49894996735087077,0.5401375940246821,0.4771159465460877,-0.48131142013588607,187.6368994843687,119.3740788991911
40.888337,1785142370.851,0.011584085412323475,0.058238159865140915,0.3060000240802765,0.007054075072008314,0.055514180175118576,0.2990394845763852,0.5055300168623996,0.5561161436521115,0.4688692807829359,-0.46404292297016914,0.5000767804623454,0.5428427116131663,0.47575488869837734,-0.47843734173920255,53.22066971662913,138.69312150312567
40.933485,1785142370.884,0.012366308830678463,0.05814078077673912,0.30900001525878906,0.00761620557540143,0.05563352153512675,0.30199205894356995,0.4947669899918981,0.5586120768632375,0.4820433807385761,-0.45912128275981867,0.499119900780358,0.5457899859805195,0.4769436842560369,-0.47488665794762824,53.07640245453003,151.71591882410533
40.979971,1785142370.951,0.013881010934710503,0.058893412351608276,0.31300002336502075,0.008820375854371164,0.05595260001597295,0.30675744980471237,0.5209216556699667,0.5512975305220416,0.4591060975737487,-0.46252919114901586,0.5059737343907287,0.5475653878461243,0.4714288626855568,-0.4710812600461053,52.4740760990884,110.7685607212015
41.022415,1785142370.984,0.015723558142781258,0.05979962274432182,0.3160000145435333,0.009670239334199582,0.05619545116182636,0.3093011509595749,0.4874478846721668,0.5669861612785906,0.4862439150500566,-0.4522036131257591,0.5021324696450902,0.5517082435608139,0.47459500454051906,-0.46716226151129653,172.49978301354136,96.56432386503114
41.06921,1785142371.018,0.016167139634490013,0.06086591258645058,0.31800001859664917,0.010431682956627693,0.05655954903056081,0.31165215697878473,0.5021438988936573,0.5608077848480216,0.478306437836828,-0.4522931403211594,0.5021482221697038,0.5536528809351579,0.47539478898681353,-0.4640209531995175,168.45664332730007,116.08393422877904
41.115538,1785142371.084,0.017014281824231148,0.06074582040309906,0.32100000977516174,0.011643058933251753,0.05702054103212399,0.3152681575699212,0.5057645331386871,0.5478788261890497,0.4781816632762243,-0.46408331766946614,0.5032000984872774,0.5519809446274518,0.4762059004281065,-0.4640416339597521,164.40331270806388,134.54043605628695
41.16073,1785142371.118,0.01816871389746666,0.061124298721551895,0.3230000138282776,0.012368272263225464,0.057269771366585766,0.317123767885617,0.4947321244604017,0.5489751622501532,0.49218173849419805,-0.46002557814989414,0.5016933769552573,0.5514558002683041,0.47908546798745055,-0.4633328935365155,160.8297290065495,140.4825942665635
41.209486,1785142371.184,0.018095077946782112,0.06313464790582657,0.328000009059906,0.01324596537362618,0.058142973382630275,0.3213259876332144,0.5073631917218511,0.5445511128427891,0.48161367154576673,-0.46270395348181603,0.5031567555773913,0.549683322244695,0.479740110783754,-0.4631748597107356,157.4210903742456,146.20151373544496
41.252264,1785142371.218,0.019514616578817368,0.06348937004804611,0.328000009059906,0.013877289678724217,0.05856571940012323,0.3227491074576967,0.5049860012934102,0.5636592231900032,0.4742872928728809,-0.44980994034130467,0.5034698963116767,0.5519840813010686,0.47886177542163094,-0.46100220990594865,152.07688309424233,147.34687129255244
41.299368,1785142371.251,0.01831575110554695,0.0628274530172348,0.3320000171661377,0.014158788415003263,0.05880048934577549,0.32492617196283147,0.5156187713241204,0.5373144710193081,0.4754069815642202,-0.468421438206497,0.5055559053527049,0.5495004953606578,0.47828747389354564,-0.4622807853220048,150.07443594943706,147.8495783113987
41.350971,1785142371.318,0.01884371228516102,0.0633951723575592,0.33500000834465027,0.014693658304576451,0.059281413793111325,0.3285584967359779,0.4945119809856862,0.5479932288543475,0.4925435100397246,-0.4610446968669594,0.5025687125493399,0.5491084568760748,0.48218032416096535,-0.4619596592189638,146.0372971701863,147.30239030939185
41.402413,1785142371.351,0.018281053751707077,0.06432842463254929,0.33800002932548523,0.014844837241640993,0.05961772620563213,0.3307280513619681,0.5071035063230336,0.5451572639817194,0.48153912617504946,-0.46235231303132956,0.5032255620054018,0.5485383827170961,0.4820887059068359,-0.46201748459071595,145.5963497563322,147.00501223009223
41.449115,1785142371.418,0.019181212410330772,0.06489938497543335,0.3410000205039978,0.015270498717078699,0.06024895369187907,0.3343748037830099,0.5034489611599462,0.5459329867120198,0.4802083262510269,-0.466793617057744,0.5032752202972105,0.5479772716017405,0.4816839800995841,-0.4630502194774665,53.6339837971252,106.74719542944625
41.497419,1785142371.451,0.019293712452054024,0.06750566512346268,0.34300002455711365,0.015463510869574735,0.06099845678712263,0.33621531661412674,0.5073128844530554,0.5437021652425968,0.48182820874129606,-0.46353335375093196,0.5037363851193895,0.5474908884784969,0.4817012689948144,-0.4631061096429863,137.67080758109347,112.95623523414162
41.53872,1785142371.518,0.020211180672049522,0.06697354465723038,0.3460000157356262,0.01596699304273516,0.06181028823307963,0.3395276100351566,0.5028622261789701,0.5453227980358099,0.480773416741231,-0.4675570009952669,0.5035824567608181,0.547107777892214,0.48153778499125055,-0.46389562429311915,135.84882152201914,120.34831685179094
41.582528,1785142371.551,0.02070453204214573,0.06698432564735413,0.34800001978874207,0.016246103972194604,0.062139436116864,0.34125176323494777,0.4867890988711354,0.5617910175147639,0.49130656705293085,-0.45392189089161417,0.5014343827505509,0.5490243790209007,0.48281747837911254,-0.4626262785531359,133.30097268221593,122.72444763538763
41.627664,1785142371.585,0.019951485097408295,0.0662316307425499,0.34800001978874207,0.0163894716972851,0.062314849941823354,0.34247165463154305,0.5185302409533892,0.5399942199843378,0.4719772804551767,-0.46558573682455334,0.5040466914996927,0.5476707496443948,0.4811868460963302,-0.46309059795684343,131.18363421197066,124.2705176620794
41.676115,1785142371.651,0.01985621079802513,0.06756498664617538,0.3530000150203705,0.016597612984862797,0.06288873701535994,0.34597697344902123,0.5063245575276282,0.5431956233592122,0.482677796965814,-0.46432327264964546,0.5045429482765015,0.5466995843758168,0.4815120377638599,-0.46335961765809935,127.02600416021218,125.08040012165964
41.721522,1785142371.685,0.019584612920880318,0.06756387650966644,0.35500001907348633,0.016670084382455038,0.06313594221428495,0.3478380819823425,0.5059197711252333,0.5433698378725531,0.4829407080015755,-0.4642872785570197,0.5047022187310071,0.5463158326572071,0.4816772718361556,-0.4634670292399874,125.75158850914956,125.20012971657367
41.76608,1785142371.718,0.019200515002012253,0.06717995554208755,0.35500001907348633,0.016734707838076825,0.06329206548662995,0.34909309328741484,0.48368041793321453,0.5460499224271328,0.5075124803304006,-0.4585998450001461,0.5015159618478211,0.5463152448458541,0.4856741489483793,-0.46275481013614206,122.17657313338901,124.65924666153379
41.809531,1785142371.785,0.0190284326672554,0.06754867732524872,0.359000027179718,0.01685701144431046,0.06362037217773646,0.3522374272768216,0.49121277417325365,0.538662614639893,0.5023292688201935,-0.4649923695770717,0.49886672893070527,0.5443550051609124,0.4900122919731423,-0.46335469009978675,120.64705364202935,123.43001923332324
41.867941,1785142371.818,0.019525030627846718,0.06792499125003815,0.36100003123283386,0.01692372907887739,0.06380879659800003,0.35391285691606233,0.5278612442479265,0.5226569867791984,0.47626638992363185,-0.4704917712575119,0.5043739879677056,0.5403422857103038,0.48748737928592,-0.4647506315992081,119.749794519068,122.77198247181049
41.920409,1785142371.885,0.019240448251366615,0.06673102080821991,0.3630000054836273,0.01702491635592188,0.06394998219813529,0.35662173085875093,0.5121251964507999,0.5282802503325428,0.4850762097802957,-0.4725979591301658,0.506620461666045,0.5368835278037001,0.48680660317561064,-0.46702367873477324,115.98706306170116,120.66687748690507
41.967715,1785142371.918,0.020136291161179543,0.06946708261966705,0.36500000953674316,0.017140579298186517,0.06434083132032138,0.35813246220497824,0.5075524465103648,0.5230417260855731,0.49020191926287626,-0.47803759806709784,0.5067923428935431,0.5345173502702835,0.4874013299050329,-0.468927144715801,52.84784877068106,102.88487422343171
42.013902,1785142371.985,0.020699959248304367,0.07083399593830109,0.3680000305175781,0.017430339268139635,0.06529516694861934,0.3611402640624107,0.5148835364956822,0.5255237514489288,0.487896311868107,-0.46976262023945986,0.508915549038693,0.532172959416712,0.4875377094538409,-0.4691523069034262,54.189275795532495,84.10998081900843
42.063744,1785142372.018,0.022292610257864,0.07003805041313171,0.3680000305175781,0.017765715744799036,0.06554954489327387,0.3621986417379039,0.5175226000494828,0.5229376012682925,0.4909563154456749,-0.46654959001353147,0.5102144803579729,0.5307914476074098,0.48805686761458683,-0.46876659133742843,109.66564437040633,89.10301084239285
42.10655,1785142372.085,0.022999072447419167,0.07139303535223007,0.37300002574920654,0.018426964189699347,0.06628460521343713,0.36559817545951223,0.5284829659411897,0.5121620097586917,0.4875346918527313,-0.4697933106271346,0.5151075157871121,0.5258717271998081,0.4879504790993928,-0.4690708940642061,54.021149991995394,76.26083167220736
42.153125,1785142372.118,0.024209793657064438,0.07139303535223007,0.37300002574920654,0.018898061009242784,0.06658402125443652,0.36678481295563903,0.5094019286329354,0.5308783748381792,0.49671565525277955,-0.4603817807657262,0.5142334148249359,0.52665215523254,0.48931084878199776,-0.46773539071856324,103.64181985234225,81.74753297712911
42.200109,1785142372.152,0.024745339527726173,0.07055920362472534,0.3750000298023224,0.01938528559111603,0.06673018460465231,0.36821106748145876,0.5202290124589767,0.5198937633867513,0.49423564601461,-0.46346885072897803,0.5151670118423048,0.5256087710365828,0.49007825125781174,-0.46707780654080416,53.7518335996443,75.50006984046018
42.246225,1785142372.219,0.025829417631030083,0.07049208134412766,0.3790000081062317,0.02036314213512672,0.06695283904407309,0.37157334007167386,0.5330578202265847,0.5165289652396488,0.4829056098954099,-0.46459591076039647,0.5197961895126023,0.5232940263399748,0.4882529995463809,-0.4664593141947521,98.67682534935895,83.08121941518573
42.295331,1785142372.252,0.026239482685923576,0.0713118314743042,0.3790000081062317,0.02082543775700118,0.06714818135146627,0.37274992872763857,0.49447348390309853,0.5247622404486076,0.5161868110483424,-0.4622464070339894,0.5151675482169367,0.5236225442835104,0.493474298005537,-0.4657305504153189,95.20431337944022,85.31938713692773
42.346386,1785142372.319,0.027832074090838432,0.07059149444103241,0.3840000033378601,0.021962715866949964,0.06732052424856151,0.3763343300230046,0.533054879343278,0.51591704393037,0.48355930740928643,-0.46459928498473096,0.5204682815027831,0.5213762197664511,0.49057488040495695,-0.46542012432558977,90.78544372465797,86.96777784899881
42.393525,1785142372.352,0.027487998828291893,0.06994260847568512,0.3850000202655792,0.022349071541045606,0.06739792681775625,0.3778730244741451,0.5152946155360975,0.5141542195690897,0.5000906723027128,-0.4690695227518271,0.5196006612651414,0.5201624621078229,0.49218925565973104,-0.46604281181011215,90.90693491243357,87.65684803505903
42.438455,1785142372.419,0.027352703735232353,0.07066928595304489,0.3890000283718109,0.022864560800411347,0.06756939881668154,0.38142992826303135,0.5156289054711768,0.5143946922273146,0.4997317664301161,-0.46882096163844733,0.5185925167682895,0.5186959061803091,0.49411973481982274,-0.46675694544945684,86.75025337560473,87.38433591737301
42.485402,1785142372.452,0.026579083874821663,0.07169449329376221,0.39000001549720764,0.022985731920481742,0.06775928049883262,0.38295700999917576,0.5289670664487158,0.5118737321368356,0.4878373523504602,-0.4692481674046685,0.5201357935886292,0.5176919067776456,0.4931953825667061,-0.4671318448786519,86.96509875260534,87.31144070476687
42.530254,1785142372.485,0.026579083874821663,0.07127271592617035,0.39000001549720764,0.023095434401782328,0.06787620147474338,0.38404724261603107,0.49185450601534847,0.5278444133216107,0.5136827662413296,-0.464316094814963,0.5149676835307289,0.5196177109647437,0.4970263585449703,-0.46665888857095783,86.50891807505566,87.17165639683891
42.576619,1785142372.552,0.02685169130563736,0.07285591214895248,0.39400002360343933,0.02333332802903643,0.06841211233285617,0.3870061449114597,0.5066990907002872,0.533133594052647,0.4939925027135174,-0.4636766218377253,0.5126323857763444,0.5234722658347469,0.49617794005978305,-0.4658242970832667,84.24484667477438,86.28513178984272
42.623945,1785142372.586,0.025999102741479874,0.07328201085329056,0.39400002360343933,0.02340984620338714,0.06870336727047151,0.3880763255002507,0.5384006727927528,0.5110431319118136,0.4741622376758496,-0.4734234945841907,0.5178649641501818,0.5210325717840942,0.49180942432029995,-0.4674017845446451,84.2900922290979,85.92646034464713
42.667644,1785142372.619,0.025146516039967537,0.07456029206514359,0.39400002360343933,0.0234857716219732,0.06914866400681674,0.38884357871071057,0.5283358319140737,0.511217504178563,0.4885249875097904,-0.4699587734213115,0.5198859254975954,0.5191556286904533,0.4911868408788999,-0.4679012128814533,84.15611766248387,85.61667150867147
42.717604,1785142372.686,0.025210337713360786,0.0738951787352562,0.39500001072883606,0.023606713392266665,0.06960078041691994,0.39012285786191536,0.5288222715712474,0.5115133260875554,0.4882152365861251,-0.46941133890248726,0.5224371364561747,0.5169885060193524,0.4903485846507162,-0.4683381135743596,83.34431920726844,84.93249298602427
42.763521,1785142372.719,0.02478296123445034,0.07517670840024948,0.39500001072883606,0.023655802023815686,0.06998577507502042,0.39060841960705905,0.5304793007602717,0.519194949307055,0.48003812829195613,-0.46753792516211246,0.5237530536950721,0.5173540354336935,0.48867546986056093,-0.4682134405611608,84.54708237269867,84.8659313451312
42.809727,1785142372.786,0.025337986648082733,0.07512801140546799,0.3970000147819519,0.023742038274673756,0.07052286792392899,0.39186582159546285,0.5095919972935633,0.5299459806520316,0.4971805580014194,-0.46074368864967746,0.5199341443841002,0.5207971573312496,0.4910077963983269,-0.4662082692266648,82.57981589908546,84.17814849296003
42.852849,1785142372.819,0.02490844577550888,0.0764160230755806,0.3970000147819519,0.02378134505115987,0.07095401880683856,0.39234724860856957,0.5504307173046602,0.5173174762736122,0.46724605785749007,-0.459445073546352,0.5259130816632938,0.5201853722484228,0.48645801425681123,-0.46495291094852575,80.35677114481034,83.49947310099577
42.899524,1785142372.852,0.024971188977360725,0.07574767619371414,0.398000031709671,0.02381722397757915,0.07120184563850485,0.39291130195772755,0.5567132948090165,0.5124793271637381,0.4725663421322714,-0.45179231832382505,0.5327675600844661,0.5185474072275196,0.48345195188708767,-0.462105532963875,80.70017205842032,83.00652770113518
42.950018,1785142372.919,0.025832433253526688,0.07574767619371414,0.398000031709671,0.023930146765544995,0.0715785917374521,0.39365383327565506,0.5536799842335639,0.5149835080663372,0.4698254012622683,-0.45551570094515714,0.5399049472018912,0.5173774449909095,0.47886446379506786,-0.4599043951908521,79.45605160517918,81.93071247594364
42.998183,1785142372.953,0.024602225050330162,0.07809550315141678,0.39900001883506775,0.02395683755102801,0.07213571344224436,0.3941279691737691,0.5434220861553208,0.5159034841958606,0.4835737740971602,-0.4524294821058846,0.5405891569819513,0.5170960780471254,0.4797788309378502,-0.4584618662503285,78.4137149054198,81.29251588408111
43.043538,1785142373.019,0.024170519784092903,0.07852700352668762,0.39900001883506775,0.023973542248425368,0.07299973264895668,0.3947475167568634,0.518514763638896,0.5384629879514539,0.5015943085058482,-0.4354344958422933,0.5333083016860976,0.5243696548738952,0.48719463799182827,-0.4508437701822368,77.07519728676402,80.02297165022587
43.084467,1785142373.053,0.022818077355623245,0.07919103652238846,0.398000031709671,0.023898280672385298,0.07348372293756802,0.3948830497187048,0.5405296051708195,0.5182230941112903,0.481087128002528,-0.4558812849129453,0.5347356832415473,0.5231665080999879,0.48599872698421964,-0.4518404488759044,78.68907836092785,79.78526861062252
43.129992,1785142373.086,0.024170519784092903,0.07895850390195847,0.39900001883506775,0.02390630863341073,0.0738261298429195,0.39511644143001723,0.5297870921887907,0.5289547899991615,0.48391443375789533,-0.45316585031074896,0.5338532441864959,0.5242040874858559,0.4856282803878847,-0.45207959655593916,77.83166132862458,79.44383911603144
43.175783,1785142373.153,0.024663884192705154,0.07829122990369797,0.4000000059604645,0.02394009273157888,0.07416815287066235,0.3956994565523855,0.5556291097230267,0.5223076113842994,0.461550254731404,-0.45325755799081907,0.5406183333007525,0.5236793082498796,0.47826938773912214,-0.4524933066484956,76.42351039294407,78.53186042557206
43.224638,1785142373.186,0.024170519784092903,0.07895850390195847,0.39900001883506775,0.02394669853916922,0.07440408161463437,0.39581809422682834,0.560101205218442,0.5272676251920261,0.4560627226080557,-0.44752908775244693,0.5445560947017933,0.5244354530147072,0.47386083972095616,-0.45153296659639425,76.74120144517725,78.21939409824694
43.267586,1785142373.219,0.025096669793128967,0.07872381061315536,0.4000000059604645,0.023983920274622986,0.07457581589807523,0.39603994976155565,0.5582130499862015,0.519290031729399,0.46495076570116484,-0.45006315028613786,0.5472807489368943,0.523426006617953,0.47210265267678153,-0.4512516845116495,75.52775513468917,77.74618313167713
43.3115,1785142373.286,0.024231096729636192,0.07872381061315536,0.4000000059604645,0.023997062047748145,0.07485306528578589,0.39637530135916554,0.5585867667465962,0.5201798687995449,0.4641383622408534,-0.4494099562845157,0.5506354809259972,0.5224773504233033,0.4697578050519904,-0.4507167514446037,75.94118038356012,77.20522751078374
43.361755,1785142373.319,0.025096669793128967,0.07872381061315536,0.4000000059604645,0.02403289053574401,0.07497592522923803,0.39651907705093814,0.5581838003980975,0.5197215534781635,0.4646515759097063,-0.44991028531031346,0.5518730025710481,0.5220300635463524,0.46892591398615213,-0.4505877150780513,75.75898289467098,76.95364706965606
43.406301,1785142373.386,0.024231096729636192,0.07958897203207016,0.4000000059604645,0.0240433702310301,0.07536270667429468,0.396751315983216,0.5577762773188855,0.5193135848729747,0.46510701432704044,-0.450415908078802,0.5533062783986787,0.5213745695856057,0.46800302021377066,-0.45054843640258835,75.20486453749189,76.42978736209105
43.465802,1785142373.42,0.025096669793128967,0.07829122990369797,0.4000000059604645,0.02407876245729528,0.07544635735928139,0.39685708134510184,0.5583736685029463,0.5189526960711766,0.465139376191831,-0.45005811433513015,0.5539741129053909,0.5210571840901119,0.4676274017798113,-0.4504849678329248,74.25860030703461,76.04042085950692
43.522438,1785142373.486,0.025159412994980812,0.07848695665597916,0.4010000228881836,0.02414202006018021,0.07557810730922666,0.3972170947417717,0.5502129452587486,0.527908817670616,0.4704383915302962,-0.4441460512823379,0.5532065396087101,0.522469087656285,0.4682089188850593,-0.44918702703244856,74.9703289587463,75.72456197833768
43.572918,1785142373.52,0.025096669793128967,0.07872381061315536,0.4000000059604645,0.024168712303155114,0.0756547684883359,0.3972770973381625,0.549898548901738,0.5278519203374105,0.4705022318715481,-0.44453524710169273,0.5528238422785805,0.5230967042046615,0.4684771529997258,-0.448647739965153,74.65144888528286,75.53389251633213
43.618648,1785142373.586,0.025159412994980812,0.07892061769962311,0.4010000228881836,0.024219412700960605,0.07582114930675228,0.39755040912298945,0.5651001824133267,0.5213813011433464,0.4628366859269861,-0.44114116200443204,0.5552895045889317,0.5227637840438053,0.46735825920899604,-0.44715528592952747,74.63140098416049,75.26780326217978
43.667849,1785142373.62,0.025096669793128967,0.07915639132261276,0.4000000059604645,0.02424103212780804,0.07592382046866883,0.39761586493969747,0.5651070608445168,0.5213885178676186,0.46282855622531793,-0.441132350618119,0.5564801029235708,0.5226019479041191,0.466814890065404,-0.44643135811703166,75.50371914833717,75.30940634301773
43.71402,1785142373.686,0.02552945725619793,0.07958897203207016,0.4000000059604645,0.024317128351909637,0.07616894227911311,0.39772902396831233,0.5620062136878868,0.5236983920183149,0.4602023905012399,-0.44508737316461905,0.5575279589783575,0.522812295876458,0.46556774248462507,-0.4461799585319621,74.72885511023739,75.13859052501223
43.760533,1785142373.72,0.02552945725619793,0.07958897203207016,0.4000000059604645,0.024352900117141633,0.07628198551357351,0.397784221281781,0.5656086584659744,0.5213690285224626,0.4626669883942175,-0.4406817892948258,0.5584317573426048,0.5226541396957656,0.46524679889418186,-0.4455693422676724,74.72266967639926,75.06511089701598
43.805793,1785142373.753,0.02552945725619793,0.07915639132261276,0.4000000059604645,0.024384949310386938,0.07634305001284293,0.3978352804495444,0.5693110573014315,0.5252873379099694,0.4582515882174893,-0.4358481553958125,0.5597742824655739,0.5229846840571649,0.46439549651406675,-0.4443833882462673,52.55412682463006,70.47760924123598
43.851173,1785142373.82,0.025962242856621742,0.07872381061315536,0.4000000059604645,0.02448619727612707,0.07647104024688188,0.397930820570117,0.565191141239253,0.5209179690462993,0.46317526949747206,-0.44121662833045355,0.5608149167508351,0.522590222763291,0.4641631434475999,-0.4437777196827378,52.40459210612842,64.52619612534865
43.90013,1785142373.853,0.025962242856621742,0.07872381061315536,0.4000000059604645,0.024531333728554004,0.0765297071715262,0.3979761491435371,0.568697403526494,0.5251585525689267,0.4585839998171561,-0.4364544340451047,0.5617079878270512,0.522883818996132,0.46353764787678636,-0.4429554122529286,73.98031311342673,66.26487070118323
43.943149,1785142373.92,0.025962242856621742,0.07915639132261276,0.4000000059604645,0.024609191096134096,0.0766538897758877,0.39806232370215994,0.5658374572831604,0.5281264350880606,0.4553344106589858,-0.4399784255691844,0.5624988361785396,0.5238860811451808,0.46198130178130126,-0.44239316233932446,73.34099661115104,68.44171775965314
43.985458,1785142373.953,0.02546563372015953,0.07895850390195847,0.39900001883506775,0.024630203191925364,0.07670335623951667,0.3981012273283633,0.5776731433647018,0.5175267935221537,0.451979055738976,-0.4406525735714324,0.5643869624215833,0.5231101868125491,0.460753598623489,-0.44218685016289555,73.7131555546202,69.38404420516662
44.030104,1785142373.987,0.02589733898639679,0.07852700352668762,0.39900001883506775,0.024663711592717224,0.07675977771025133,0.39813621677996885,0.5803029162323285,0.513986228268705,0.4556598598501638,-0.4375394550022832,0.5666770262655318,0.5218173210977928,0.46003578746892226,-0.44153245130230845,73.64520512517498,70.15886426193384
44.085698,1785142374.053,0.026492465287446976,0.07560387998819351,0.39500001072883606,0.024785502074049795,0.0765972261881231,0.39758107768928747,0.5477837491842283,0.5191805573184586,0.4800536937702851,-0.44713864083712385,0.561872024330071,0.5211803475997446,0.46520732980723845,-0.44300453027554565,73.90258615284226,71.27994354157218
44.139861,1785142374.087,0.026425397023558617,0.07328201085329056,0.39400002360343933,0.024837217231279143,0.0762299683957691,0.3972054762541085,0.5504752433462478,0.5157232841107678,0.48376594984145405,-0.4438209171083413,0.5599925169726754,0.5202892299447553,0.46831631035194804,-0.44315610296648217,75.49673732824255,72.04762943027471
44.194412,1785142374.153,0.02593311294913292,0.07097094506025314,0.3930000066757202,0.024883640727720657,0.07511768373698752,0.396476242228133,0.5602789870437607,0.4978722115885466,0.47246442139384215,-0.46366807968861623,0.560128025665575,0.5139393170463032,0.46954548263234663,-0.4490545768584494,77.18105920671665,73.59919668371211
44.243196,1785142374.187,0.027277985587716103,0.06859496980905533,0.39400002360343933,0.02499752054766635,0.0741691163849555,0.39631276786034914,0.5520636553900853,0.5058533974389651,0.4790735207954923,-0.4580683599304852,0.5587306676788385,0.5125371849386889,0.4712211359348201,-0.45063989625706813,77.78373898454745,74.36165660202259
44.290285,1785142374.254,0.02749333530664444,0.06764981895685196,0.39100003242492676,0.025203052908993124,0.07272852973970197,0.3953469607891772,0.5534619212988646,0.5310710771517566,0.466865624149897,-0.44009078798830736,0.5572817303288531,0.5177594953084502,0.470023816006506,-0.44770502615706764,77.96153607077288,75.45179480760379
44.337964,1785142374.287,0.02756364829838276,0.06527924537658691,0.3920000195503235,0.025297523712506598,0.07164378079257495,0.39512036352233787,0.5674907275361556,0.51624690538875,0.46787336857577844,-0.4387914286019928,0.5589353746647496,0.517522225638399,0.46968306024241535,-0.44627325243618804,78.12150628396614,75.92086707120178
44.382577,1785142374.354,0.027001051232218742,0.06283733993768692,0.39000001549720764,0.02538032905890985,0.06937562899861018,0.3943003391887309,0.5598911693333485,0.5318472127139368,0.46598126821624136,-0.4318817876485831,0.5592138688639878,0.5213678364049136,0.4687145039082816,-0.4424501574851604,74.7588958715607,75.57420275237575
44.429142,1785142374.387,0.025801140815019608,0.058769967406988144,0.39100003242492676,0.02539766273071477,0.06737246847607622,0.3941142021757911,0.5851304211988791,0.5075217267370716,0.44722259686904,-0.4472538830766657,0.5641419125194482,0.5188193809674488,0.46472375444951264,-0.44339844893932756,75.71528845312399,75.59846541377263
44.475266,1785142374.454,0.02495504543185234,0.05665570870041847,0.39100003242492676,0.025355476061069478,0.06418209083790509,0.3938365806296571,0.5550244738843787,0.52731709339381,0.4711015633753552,-0.4381185152323155,0.561555578705666,0.5212537519331809,0.4665525476697828,-0.4419033586463918,77.34426116279661,76.12130944379565
44.521365,1785142374.487,0.022839803248643875,0.05158150941133499,0.39100003242492676,0.02514313436701583,0.06137982387846658,0.3937183650100965,0.5469089316355091,0.529937204949875,0.46815228164552825,-0.4482082334108846,0.5590712441624214,0.5227466918832085,0.46683629482308164,-0.4429888417462687,78.40940334017417,76.52203110354975
44.579487,1785142374.52,0.022839803248643875,0.04777585715055466,0.39100003242492676,0.02497267992077388,0.05806186716910116,0.39361486815724156,0.6120443708640667,0.504416159508668,0.41701291319148986,-0.44392145290769824,0.5569990004910624,0.5239856625506444,0.46706906524878633,-0.443889205974807,79.4057043549183,77.02959914714673
44.62937,1785142374.587,0.02247408591210842,0.04450658708810806,0.3920000195503235,0.02466530849750739,0.053004803503967,0.393534466231676,0.5705537419062556,0.5139656475783273,0.4546963181649806,-0.45117513113354474,0.5608291213571825,0.5212006402769958,0.4636212063875865,-0.44595511680022154,79.78030962836952,77.85851495030914
44.677775,1785142374.654,0.02035343647003174,0.03984333947300911,0.3920000195503235,0.023976438080949652,0.04804434959820213,0.39346230743351723,0.5392908433130982,0.5268496974289378,0.48699291468342765,-0.44094521619564486,0.5546433376086712,0.5228964839933419,0.47045137048879065,-0.4445509454257555,77.93980934356216,77.88261643303922
44.721928,1785142374.687,0.019878465682268143,0.03509034588932991,0.39100003242492676,0.02363332645662309,0.04466542497722322,0.39336906696657387,0.5688720894937936,0.5059948291081934,0.46322287374190907,-0.4536279840938198,0.5572737807039803,0.5198269362531232,0.4691500805544581,-0.4462332255685685,79.15524819036371,78.10361202290585
44.76781,1785142374.721,0.019980143755674362,0.03271975368261337,0.3930000066757202,0.023365585521999844,0.04153068320628733,0.3933515624368039,0.587164374348926,0.5076235887259595,0.4454681076867301,-0.4462224273816994,0.563937126276145,0.5172094426605326,0.4639962153402851,-0.4462923057594387,80.31448356617126,78.50016506609788
44.819977,1785142374.787,0.019355900585651398,0.031124668195843697,0.3890000283718109,0.022861884200632315,0.03779905122469244,0.39278461856968616,0.5831177614687647,0.4990056011230934,0.455754125063242,-0.45083840097675315,0.5704083812089403,0.5111600850207114,0.46127743356720496,-0.4478535200373756,79.3780644561414,78.75896232656959
44.873762,1785142374.821,0.018561726436018944,0.02740876004099846,0.39000001549720764,0.022534851163348763,0.03526069018332773,0.392664125414344,0.5760295305355077,0.507678484891746,0.46144485023487714,-0.44443355647472854,0.571476178435097,0.5105023990384047,0.46131112803842755,-0.4472072463692468,82.97343523889482,79.52741125769418
44.92126,1785142374.887,0.01945541612803936,0.024096235632896423,0.39100003242492676,0.022274948446706154,0.031172366089764293,0.3925916148980406,0.5730876114600684,0.5037134131314014,0.4653041101484077,-0.4487042144904664,0.5719092128338694,0.5086970889743669,0.4623779083279838,-0.4476089742565352,82.78466938997747,80.50183319528537
44.967541,1785142374.921,0.017717793583869934,0.02150399424135685,0.39000001549720764,0.0219322155299766,0.028905085219975833,0.3924877590149097,0.5622176910533689,0.5052026080777878,0.47980429759120535,-0.44549907819324347,0.5702908444085588,0.508122339351633,0.4653312121684747,-0.4472660327114222,82.48934739797473,80.8577429420891
45.020017,1785142374.987,0.017340175807476044,0.01944488286972046,0.39100003242492676,0.021376583584606396,0.02571673640059025,0.3924164627328417,0.5611592016045241,0.4864077116681465,0.48380691105038914,-0.46307533005355744,0.5676784824980254,0.501809477850034,0.47080914125563733,-0.45195922488510476,80.29681933806081,80.69278902899681
45.074576,1785142375.021,0.01691712811589241,0.01690778136253357,0.39100003242492676,0.021078819692219638,0.023813167991260396,0.3923817455099507,0.558084106765638,0.5180911468891326,0.48122922138530116,-0.4342143822763127,0.5658445676448309,0.5050113233541376,0.47286744660343627,-0.44853078656172923,79.76144717359232,80.52759578358882
45.123128,1785142375.088,0.016960393637418747,0.01567922718822956,0.3920000195503235,0.020670405669076863,0.021325842065639217,0.39235198834826707,0.5926575910585282,0.5074838461472375,0.4456163866423821,-0.4389113368507316,0.5748215769038989,0.5059173812652115,0.4639248854225637,-0.445422786513136,78.65291832446333,79.96584884114804
45.170502,1785142375.121,0.015688002109527588,0.014407431706786156,0.3920000195503235,0.020318793208667148,0.02012177880375262,0.3923390865335248,0.5885615353521045,0.5045153088035369,0.44959929091385525,-0.4437568026482566,0.5775753114450015,0.5056543294228872,0.46108758113073406,-0.4451052698768107,78.77939204685491,79.76003208310624
45.224522,1785142375.188,0.01530280988663435,0.01316914614289999,0.3930000066757202,0.019721009415151744,0.018282750914758072,0.39240138368535704,0.5885436459915179,0.4977018671307674,0.45647229838486986,-0.4444572746899225,0.5808371400226965,0.5033091599732064,0.4597301279712027,-0.44492281992824495,80.03253663482683,79.84090410996755
45.271776,1785142375.221,0.014877598732709885,0.011469092220067978,0.3930000066757202,0.019412910760689257,0.017209505763513863,0.3924277177310909,0.5993762725961134,0.48648803448320366,0.4529097159520381,-0.44603841241501063,0.5843502789726076,0.5001745956093683,0.45847232004002403,-0.4451553179832387,80.28593428982117,79.91762864015463
45.313661,1785142375.288,0.01480188686400652,0.010565025731921196,0.39100003242492676,0.01894717004639024,0.015624539982958069,0.3923214340056111,0.5923118661207968,0.4914121342602894,0.46386272003421636,-0.43876205911257293,0.5866252460797995,0.49769521612088186,0.46001393143588754,-0.4433480296528924,81.93638017904634,80.52319162639432
45.358507,1785142375.321,0.014378838241100311,0.009719325229525566,0.39100003242492676,0.018694588060976687,0.01485604512888095,0.3922750571313244,0.5919306320723119,0.4922549380368487,0.46354728403975315,-0.4386651550467397,0.5874617189737183,0.496844178959822,0.46057143971596776,-0.4426155662560289,83.21253106304354,80.99574883358193
45.404489,1785142375.354,0.014378838241100311,0.008873624727129936,0.39100003242492676,0.01848112350970076,0.014095131200736171,0.3922335044653795,0.552927086331546,0.5056833882901884,0.49425126282828513,-0.4407625632933305,0.5803687868966589,0.4987883960022961,0.46769442709218045,-0.44231677571224237,83.5880667267974,81.45092257423222
45.448288,1785142375.421,0.013920096680521965,0.008850929327309132,0.39000001549720764,0.01805184005784209,0.013144062168790566,0.3920344658394397,0.5833874635226526,0.49282785499449516,0.47752157332049455,-0.43445704017733455,0.581307092193291,0.4969711568705489,0.4707183505489242,-0.4399158649799175,84.68081180947013,82.42702668255079
45.496062,1785142375.454,0.01476403046399355,0.008007391355931759,0.39000001549720764,0.017963117928539267,0.012626119031608953,0.39194970801265205,0.5786212834009732,0.4993214636507994,0.47063934437331373,-0.44087877456381536,0.5808750351153884,0.4973501717307536,0.4707060600690054,-0.4400713638415934,84.6884677783169,82.82306482034473
45.541575,1785142375.521,0.01434206310659647,0.008429160341620445,0.39000001549720764,0.0177331768985097,0.012056621484478433,0.391814382648441,0.5658556290821792,0.503431381220156,0.4817335858545768,-0.4407913380483653,0.5769224642832914,0.49897794765337,0.4736416926512499,-0.44027834939204535,85.48024028355927,83.62338739099127
45.590393,1785142375.555,0.01476403046399355,0.006742084864526987,0.39000001549720764,0.01766704839053392,0.01154412516250676,0.39175311617816716,0.5778407972440963,0.49948366069650346,0.4708538672410111,-0.4414892087488793,0.5770503888591689,0.49904850599064793,0.47325472178202027,-0.44044682505043303,87.16014119993346,84.26482273176183
45.634891,1785142375.588,0.013920096680521965,0.0071638538502156734,0.39000001549720764,0.017522636864578594,0.011218704946369585,0.391699324348961,0.573877636095572,0.4952118491568633,0.4752703243217469,-0.446707736739694,0.5766362716831513,0.49854696311636615,0.47352106201614647,-0.44127014353330596,87.01919534142078,84.74923667846625
45.679929,1785142375.655,0.01349813025444746,0.0071638538502156734,0.39000001549720764,0.01720579396074378,0.010761322326642465,0.3916066219127952,0.5876443369256599,0.48993929787453044,0.46678648477602014,-0.4435583336020867,0.5791011837905415,0.4966397564994219,0.4720306535195305,-0.44178935403030395,86.81973037192085,85.37070247681515
45.729542,1785142375.688,0.013884404674172401,0.005462735425680876,0.3890000283718109,0.01710878326610557,0.010314300466524479,0.39148562145147375,0.5725452787238061,0.4947137811785291,0.47608714743417024,-0.4480973181922831,0.5782872233620536,0.4964024671507649,0.4725389581119527,-0.4425781410884529,85.97941853890352,85.47583100854568
45.775553,1785142375.721,0.013848711736500263,0.0041898745112121105,0.3880000114440918,0.01701613357103856,0.009720596792124534,0.39127146327176815,0.5562305407727437,0.4920226408886103,0.4930891940731754,-0.4531935050868723,0.5747879207476118,0.49573435759770856,0.47587016635722235,-0.4443128150649877,86.25535027465429,85.610646249584
45.820902,1785142375.788,0.01412141602486372,0.003316119546070695,0.3840000033378601,0.016893833345816053,0.008660404358654807,0.3897943585172983,0.5676485532585469,0.4999926680048462,0.46987468844600755,-0.45497277839739114,0.572985864668834,0.49682658056689694,0.474356699374232,-0.4470305017453483,89.58915755790464,86.81843307579476
45.868209,1785142375.821,0.013705940917134285,0.0016549990978091955,0.3840000033378601,0.016799410683455574,0.007907937575908948,0.3892316624129403,0.5670101734024262,0.5010077032875673,0.46954936079332116,-0.454988068286687,0.5721311964506084,0.4974323007285078,0.4736692490241982,-0.44817902981820856,91.23922343416785,87.60668968547247
45.918894,1785142375.888,0.01290852203965187,0.0008265860378742218,0.3850000202655792,0.01649205007448209,0.006653646914317429,0.3887484211086745,0.5678268388568444,0.4904848619991892,0.4805204484749115,-0.45397949273172,0.5711511144895632,0.49584485164642605,0.4752472694360701,-0.44951565090286116,91.64425595612815,88.83311775050073
45.961323,1785142375.921,0.014158191159367561,-0.002504306612536311,0.3850000202655792,0.016424321869113426,0.0053683725273581595,0.3885491258424442,0.5596204747044059,0.5083896678219,0.4762825850389019,-0.448909533349666,0.5695545290200743,0.4976014098056322,0.4753998352609847,-0.4494390637961915,91.97834557858478,89.38820636475057
46.010874,1785142375.955,0.01290852203965187,-0.002504306612536311,0.3850000202655792,0.016285088509073436,0.0043873052032048655,0.38837551849324164,0.5524066293604045,0.5078132715509319,0.47721977289151973,-0.45742090620869374,0.5668474856175215,0.49923952152814666,0.4757038023310753,-0.4507213336876768,92.27987112264873,89.9100547379598
46.055328,1785142376.022,0.01332507748156786,-0.0037533913273364305,0.3850000202655792,0.016133041501851318,0.0027260278116150675,0.3881145326443869,0.5619370537159576,0.4958115731688216,0.47498230374537365,-0.4612910607215633,0.5656654570901233,0.4984157606448991,0.4755354595770027,-0.45328837055529814,91.8710198780816,90.49834790993765
46.103264,1785142376.055,0.014158191159367561,-0.006667921785265207,0.3850000202655792,0.01606847813060117,0.0013538625265506594,0.3880012491339401,0.5512476617723184,0.5071900935095083,0.47810409319117403,-0.45858554328523377,0.5635547312136311,0.4997171974101717,0.47592305759692827,-0.4540771198671505,92.23930138094235,90.80197056168117
46.151047,1785142376.122,0.013777325861155987,-0.0071026841178536415,0.38600000739097595,0.015966499772414218,-0.0004600028824998197,0.3878968834834351,0.5592358485688113,0.4995814268866225,0.471442919290022,-0.4641284708318912,0.5625572499455438,0.49969185262511273,0.4748869774132969,-0.45642058634230404,55.3825552444288,78.19523261965863
46.197095,1785142376.155,0.01423174049705267,-0.0096322325989604,0.38700002431869507,0.015912104364842822,-0.001789684834463463,0.3878561428272051,0.5595512796322942,0.4991993697716298,0.4714992444684057,-0.46410216240305563,0.5621757052694497,0.4996311534359658,0.4744562688534533,-0.4574040182013085,55.57505131317562,73.51853069911351
46.242112,1785142376.222,0.013813018798828125,-0.0096322325989604,0.38700002431869507,0.01582530355575628,-0.003381808003813409,0.38779238525273624,0.5589292363638501,0.5000310456551839,0.4713295948550359,-0.4641287268985779,0.5615253724866509,0.4997142635866346,0.4738295797572731,-0.4587596758313022,56.643800295185876,67.9453400880071
46.287966,1785142376.255,0.01423174049705267,-0.011724854819476604,0.38700002431869507,0.0157785967289171,-0.004486629411876036,0.38776456585397406,0.5461353807031503,0.513354288609269,0.47150588531512394,-0.4646350400302343,0.5595007588905949,0.5015351966361017,0.4735342388051865,-0.459550510842092,55.66021028385236,65.57630335075586
46.334615,1785142376.288,0.014268513768911362,-0.012594363652169704,0.3880000114440918,0.015735520358124547,-0.00553647958506422,0.3877768993689152,0.5563828808904934,0.5129161788615539,0.4565839227235537,-0.4678527597700257,0.5590471200055104,0.5032719688228696,0.4709863766092506,-0.46082043797903155,92.63719277932451,71.17739562881779
46.377811,1785142376.355,0.01342890877276659,-0.011755150742828846,0.3880000114440918,0.015602854062164868,-0.006545846330615202,0.3877955944245698,0.5686709921819022,0.48981554080615824,0.4525109599533394,-0.4815889011986558,0.5617937591330349,0.4995668516689164,0.4658761526026435,-0.466669201200314,89.53032377247351,77.18038802807794
46.423683,1785142376.389,0.014688316732645035,-0.013853180222213268,0.3880000114440918,0.01556657659493011,-0.007393301951804408,0.3878038341162075,0.5697371857175002,0.49526638591728955,0.44581262118341036,-0.4810008866776715,0.5632756298454342,0.4988060007127495,0.46223036276165985,-0.4693146388260292,55.12767518732385,72.59510916693249
46.469222,1785142376.422,0.015147057361900806,-0.012626823969185352,0.3890000283718109,0.015547871746401081,-0.007792416695288146,0.3878703786819553,0.5456972241939244,0.5138159383012149,0.4556408664341675,-0.4802073738394791,0.5598985898321251,0.5017429196739953,0.4609780975027724,-0.47145180589720587,56.24399338300066,69.3855675736801
46.516871,1785142376.489,0.013884404674172401,-0.013468197546899319,0.3890000283718109,0.015465569522033354,-0.008582669423125442,0.3879699268651969,0.5506866984439396,0.5074975491364184,0.4626778945255131,-0.4744676634870709,0.5572811397171731,0.5033893034669784,0.46146854585690245,-0.47231739503778064,55.547556735956384,64.92121292963918
46.568939,1785142376.522,0.013463519513607025,-0.01304751168936491,0.3890000283718109,0.015399965713166376,-0.008837260980154265,0.38801238070605265,0.5355096897022973,0.5143634799109947,0.4706136689521437,-0.47663650443939237,0.5533388427185209,0.5054172157287112,0.4631606492759212,-0.4731297667091688,56.668448020670105,63.391774947338305
46.621569,1785142376.589,0.01472617406398058,-0.014730260707437992,0.3890000283718109,0.015355695208599507,-0.009656726089497652,0.3880803356450578,0.5474925660716294,0.5099937286153045,0.4599243563962492,-0.4781504713611161,0.5517751530078905,0.5066496506929432,0.46229644380682766,-0.47448109553426715,55.547949664503804,60.942911811430335
46.683367,1785142376.622,0.015108117833733559,-0.014692393131554127,0.3880000114440918,0.01534606034382202,-0.009980150579905265,0.38807804561224996,0.5544474858255497,0.5019452328633464,0.4541087956033591,-0.4841736986073848,0.5521952600495276,0.5059284676561661,0.4610360680352173,-0.47598584471026534,57.25079772879574,60.28430767611094
46.739791,1785142376.689,0.015988826751708984,-0.01515094842761755,0.3890000283718109,0.0154061438385261,-0.010565319708870681,0.3881359571199441,0.5402748339329109,0.5082446669358323,0.4614791334389204,-0.48664922865500737,0.5492240128519499,0.5065208379106093,0.4611583173747263,-0.4786675576903523,57.24841593714991,59.36411812921881
46.785538,1785142376.755,0.01767236366868019,-0.01515094842761755,0.3890000283718109,0.0156948113700328,-0.010986030551812038,0.38818396185588094,0.5344899783273601,0.5137502251508694,0.4549601814988534,-0.49334815543952254,0.5456030555323975,0.5083353168137873,0.4596463129828287,-0.48232538647144574,57.195546714093,58.71777060906099
46.834736,1785142376.789,0.019355900585651398,-0.01641301065683365,0.3890000283718109,0.016036571882649585,-0.011362561594003097,0.38820675237020746,0.5388591795097681,0.5178320211552779,0.4503937102540887,-0.48849389790237424,0.5445880953337977,0.5097859006086306,0.4582489618640814,-0.4832701427895638,57.73038459697493,58.54194340198208
46.879433,1785142376.856,0.02019767090678215,-0.01641301065683365,0.3890000283718109,0.01669091355206546,-0.011886960113092414,0.38824618840511166,0.5285518586820162,0.5195419829232342,0.4484462053770487,-0.4996049054471999,0.5403780167215304,0.5124057952236635,0.45568412190384,-0.48763088613216116,57.500465779609335,58.23080189091889
46.927776,1785142376.889,0.021039437502622604,-0.017254384234547615,0.3890000283718109,0.017078486684769825,-0.012233335782192056,0.38826450459340367,0.530821562517995,0.5159675397369972,0.45254078049848956,-0.49720499664577217,0.5389171880641515,0.5129597931630054,0.4552073353912773,-0.48910816473778856,58.06643093618753,58.202478803766255
46.977305,1785142376.922,0.020618554204702377,-0.01851644739508629,0.3890000283718109,0.017327066837911083,-0.012741183781102644,0.38828187421950977,0.528735765894144,0.5083802440839588,0.46103959090740065,-0.49943018821993945,0.5373080644136302,0.5122408148019334,0.45614263845026065,-0.4907578679499336,88.34336101734276,64.64751905843877
47.032106,1785142376.989,0.022302091121673584,-0.017254384234547615,0.3890000283718109,0.01809685562903816,-0.013118119015133838,0.3883141317156912,0.5228509165106868,0.5143080459588895,0.45444095754125197,-0.5055665822370715,0.5335017898025475,0.5128100496012153,0.4557112778961469,-0.49470084344352816,57.144719133610714,62.33784100396096
47.08375,1785142377.056,0.022781388834118843,-0.018564045429229736,0.39000001549720764,0.01873999638120443,-0.013724770822906145,0.38844304361630305,0.5233103875316629,0.5145138573549737,0.4534043120437884,-0.5058124738589049,0.5310243847108276,0.5132373119059538,0.45515776446458456,-0.49742534510983594,57.393650346079745,60.83480362436795
47.131788,1785142377.089,0.022781388834118843,-0.01940758526325226,0.39000001549720764,0.018999019003441156,-0.014110929427554219,0.38849908508499675,0.5258917291840047,0.510861278141803,0.45708706067554006,-0.5035176885017806,0.5303424308276864,0.5129227435210995,0.455416856359197,-0.49823955301288136,57.04564049405303,60.1654593261245
47.176738,1785142377.156,0.023143859580159187,-0.018937135115265846,0.3890000283718109,0.019455665757196285,-0.014546188051643191,0.3885254716477832,0.5221601357638491,0.5135582085736672,0.454896449475769,-0.5066319959102696,0.5285789322990643,0.5130661864401087,0.4553096291680219,-0.5000605385833432,56.315604602117865,59.00033981467579
47.225827,1785142377.189,0.023203356191515923,-0.01982935331761837,0.39000001549720764,0.019652236470103706,-0.014860491302971348,0.3885778167688616,0.5252564809242884,0.5219775958363088,0.4452274036113908,-0.5034059770855323,0.5281593396365114,0.5142135292813151,0.45402330300481336,-0.5004947538060491,56.24340421237625,58.516590208109484
47.274836,1785142377.223,0.021881207823753357,-0.019778510555624962,0.3890000283718109,0.01969916709082189,-0.015122775013231478,0.38859005009131947,0.5285052209792416,0.5075839900233236,0.461123926883833,-0.5004052842695798,0.5282072812261116,0.513351631263789,0.4549518304012604,-0.5004857667837009,56.11336324721273,58.08555937726808
47.330557,1785142377.289,0.021039437502622604,-0.01851644739508629,0.3890000283718109,0.019789509205814473,-0.015262585152151297,0.38861072202030644,0.5259941614447425,0.5113125626967949,0.457399452529342,-0.5026682267463667,0.5277879043433259,0.5129652770083785,0.4554172275962895,-0.500900889818642,56.3633556434143,57.57572580070086
47.376834,1785142377.356,0.02019767090678215,-0.017675071954727173,0.3890000283718109,0.01982507197419608,-0.015425352652219818,0.3886294037567471,0.5446101581812406,0.5014476770706046,0.45250152901765034,-0.4971844416340753,0.5312548351219429,0.5106227931404775,0.4548358418184145,-0.5001569956346791,57.485733331442916,57.549064516601476
47.42448,1785142377.389,0.021093523129820824,-0.018564045429229736,0.39000001549720764,0.019853789686995013,-0.015509587822561679,0.3886807567905723,0.5374145110185217,0.4996921391310636,0.4532274525595708,-0.5060417825473573,0.5320113341165806,0.5092954893304958,0.454644491771058,-0.5008796572245104,56.92059894554614,57.44061041064121
47.473435,1785142377.423,0.019306141883134842,-0.01553160510957241,0.3880000114440918,0.019821350779204973,-0.015511268272610939,0.38864824180540036,0.5363443258558609,0.5005007756456327,0.4547114158907025,-0.5050458058028152,0.5325640403525068,0.5081836391645771,0.4546558328981807,-0.5014110144587192,55.913591616352406,57.16844619569393
47.515714,1785142377.489,0.017626933753490448,-0.01553160510957241,0.3880000114440918,0.019518011798518187,-0.015513536558440432,0.38859967927523237,0.5418354264405586,0.4944271965796549,0.46129324322088766,-0.49916396273681063,0.5345939802920596,0.5052075265193013,0.45611109690092844,-0.5009364217818209,58.22829784941754,57.48126253608336
47.566057,1785142377.523,0.017626933753490448,-0.015111999586224556,0.3880000114440918,0.01939124949939976,-0.015488559636678301,0.3885776509469338,0.542546865087979,0.49403856765780096,0.4605614962417276,-0.499451600287171,0.5356599877084214,0.503725664744374,0.4567095330962513,-0.50074468007664,57.24162144981805,57.43900479789826
47.613269,1785142377.589,0.017207130789756775,-0.014272786676883698,0.3880000114440918,0.0191464898841248,-0.015344818095067363,0.3885426592348818,0.5400239519564062,0.4979690455433986,0.45688899462794846,-0.5016506828280455,0.5365347299824409,0.5025769032292576,0.45674734936119976,-0.5009279376464011,57.81337382622115,57.549019249208925
47.66352,1785142377.623,0.01636752486228943,-0.014272786676883698,0.3880000114440918,0.018950438093840855,-0.015283493539127934,0.3885262757420178,0.5572027886634279,0.4875680635055964,0.4528539347943779,-0.49671495799537924,0.5395263040333121,0.5004420765989959,0.45620731625176963,-0.5003438615830083,58.60190431606667,57.736042732175854
47.712791,1785142377.69,0.016787327826023102,-0.013853180222213268,0.3880000114440918,0.01875003550921299,-0.015139159486001455,0.38849853543351776,0.5417279396077103,0.4940017700881532,0.4612872111969184,-0.4997071136018838,0.5400069216172592,0.4990489567222769,0.45731140198547776,-0.500208901374151,57.80967572689518,57.757869318499885
47.762827,1785142377.723,0.01640971004962921,-0.013888885267078876,0.3890000283718109,0.01863147328640612,-0.015081238263911114,0.3885163303102605,0.5424241264344505,0.49411516800225624,0.4605833262553556,-0.49948900627288884,0.5402868435392819,0.4984809870380422,0.45768972575251743,-0.5001269310890226,57.74305167711407,57.755324523016114
47.8074,1785142377.756,0.01640971004962921,-0.013888885267078876,0.3890000283718109,0.01853019804300839,-0.01503120945317435,0.3885322497729269,0.5447541697227075,0.4904836332447898,0.46445150829952464,-0.4969441583588753,0.5408293132854521,0.4975207221840051,0.45850814493502673,-0.49974700190889854,57.94560403676529,57.78805876070875
47.857602,1785142377.823,0.016830595210194588,-0.01304751168936491,0.3890000283718109,0.01842640187692272,-0.014840489456277747,0.3885591840178399,0.5340446738199267,0.5020680018789467,0.46795377392384735,-0.493703629036975,0.5394380589780646,0.4984667358893763,0.4604641492401309,-0.498508035042898,56.37829285624698,57.36677607016167
47.905216,1785142377.856,0.017295828089118004,-0.012237513437867165,0.39000001549720764,0.018402699388694075,-0.01468291867241611,0.38862788154144307,0.5298495952856663,0.49769985719794707,0.47220909830398694,-0.4985707833394316,0.5382498635172169,0.49837742910467453,0.4619336707018587,-0.4985221223322182,84.59117201953867,63.088652497944025
47.952413,1785142377.923,0.01780865527689457,-0.011452407576143742,0.3920000195503235,0.018367934488159376,-0.014301769452974945,0.3890891515193753,0.5300323020356371,0.49786892736956023,0.47202690037900924,-0.49838027175769267,0.5365390933238872,0.4982780922326536,0.4640506835518885,-0.4984994555976901,55.809171953993705,60.84976040674506
47.999768,1785142377.956,0.017295828089118004,-0.008019824512302876,0.39000001549720764,0.018343198478189524,-0.01356821869553878,0.38911140618385526,0.5242799425935984,0.5141587987002715,0.47020958058648005,-0.48956533970230504,0.5348589347498309,0.5004916147789269,0.46491753821456394,-0.49727833867439664,55.04590025536008,59.80919070986519
48.042181,1785142378.023,0.017717793583869934,-0.008441594429314137,0.39000001549720764,0.01831133276697642,-0.012765407470363203,0.38915231232953645,0.5526705307769172,0.5034077052551168,0.45033494561286386,-0.48819504653406415,0.5393576369173979,0.5012522265443378,0.46128706111572026,-0.4950290821057344,81.52970098892114,67.08492547987406
48.087521,1785142378.056,0.017251480370759964,-0.0046337624080479145,0.3890000283718109,0.018284404706164627,-0.011634851112662806,0.3891464829818196,0.5395740635913269,0.5071616976241118,0.4623105709192432,-0.48776611032224754,0.539390415715725,0.502072009227405,0.46143102641106076,-0.49402741305479075,81.74061284145748,69.9362283235903
48.131102,1785142378.09,0.018093246966600418,-0.00379238766618073,0.3890000283718109,0.01827785959312535,-0.010556273400413763,0.3891411825125465,0.5403235702269737,0.5074689564420927,0.4615724866215528,-0.48731564442232544,0.5395209340805762,0.5028152322634497,0.4614525000134947,-0.4931080957801965,82.27231573872623,72.35456023214589
48.184517,1785142378.157,0.018093246966600418,-0.002530325436964631,0.3890000283718109,0.018267141111452403,-0.008797676480181127,0.38913262386463926,0.5664777505810294,0.47936993339488776,0.44457889091097547,-0.5016542981077756,0.5470860485513708,0.49639479423084876,0.4568480124584664,-0.4955592368765913,82.77559430262198,75.66101811006502
48.22702,1785142378.19,0.01795371063053608,0.003333390923216939,0.38600000739097595,0.018259289350759694,-0.006413764241077355,0.38886179472260807,0.5343031176665161,0.5029090516129455,0.4677830124936928,-0.4927288478259971,0.5449726773052836,0.4974897000671211,0.45867724842240043,-0.4950999506135026,54.493552822008645,71.42041929780656
48.275628,1785142378.223,0.018837664276361465,0.0033420268446207047,0.38700002431869507,0.01828362258670277,-0.004745206521637478,0.38875580967141976,0.5260325938244329,0.5034540006802667,0.48125292472397446,-0.48807724990824314,0.5414032043021041,0.4986629386158321,0.46301337935398246,-0.49379798962900007,54.305065479065846,68.06874355077711
48.323809,1785142378.29,0.019675105810165405,0.006690222769975662,0.38700002431869507,0.018417439687679255,-0.0012958985318503222,0.3885980532716645,0.5301325978143395,0.5082536391461359,0.47674943163295486,-0.48306070681331914,0.5380219003653705,0.5015932020362903,0.4671963159288277,-0.4905754751113712,53.51464439245845,63.37783885401289
48.368825,1785142378.323,0.019624264910817146,0.011264808475971222,0.38600000739097595,0.01847036905009077,0.0014401236500947837,0.38843853699329517,0.5527223216906008,0.5146937882525529,0.4545916820307139,-0.4721596573910931,0.5409510770048539,0.504205146963465,0.46474971990559155,-0.4869874740796866,85.47861916439167,67.85499221286625
48.41543,1785142378.39,0.019624264910817146,0.012517137452960014,0.38600000739097595,0.01855387208383353,0.004914503850289929,0.38820495085817963,0.5486051735226768,0.5093669906995436,0.4593947376251055,-0.47805241073778243,0.5432034491820295,0.5057269199320186,0.46319082432553077,-0.484380589530026,85.00987038297475,73.46516075591846
48.461496,1785142378.423,0.01874031312763691,0.01748104952275753,0.3850000202655792,0.018558447803004363,0.00779300554387709,0.38799988383437606,0.5451992329622551,0.5022541767780003,0.4685620463192389,-0.4805706472887721,0.5435230433804085,0.505176578022572,0.464046975181353,-0.48377653018407124,87.69251714626812,76.21552806504698
48.511483,1785142378.457,0.01952258311212063,0.01909676380455494,0.3840000033378601,0.01859096998684013,0.01034594219599037,0.38769022515247203,0.5562328634947776,0.4905430365317119,0.46496082842320935,-0.4835121083392333,0.5457195761766418,0.5026778676264243,0.4642162879501416,-0.48374408893332105,86.6501628140157,78.22657727038028
48.574173,1785142378.523,0.019256383180618286,0.020083006471395493,0.38700002431869507,0.018622808141069,0.013362202287685615,0.3876474021217294,0.5471237694273321,0.5025200281844165,0.46707138096456174,-0.4795555518237882,0.5460580694408489,0.5026412437840222,0.46490290323214845,-0.48273973879524756,86.98182354247179,80.9452637710423
48.629269,1785142378.59,0.01874031312763691,0.026641003787517548,0.3850000202655792,0.01862893775145899,0.018221985159692238,0.3874090880303711,0.5417252120238997,0.5154218488857137,0.4539843007184062,-0.4845331433969333,0.5450649698936147,0.5056280320572143,0.46237556986151196,-0.4831700572138795,85.29898938402027,82.27598426508601
48.673786,1785142378.624,0.016614262014627457,0.0315551683306694,0.3840000033378601,0.018490471366207236,0.021706659304508297,0.3871942893812446,0.539836807343499,0.5078566648869596,0.46196192957478094,-0.4870821337214265,0.5444011300996228,0.5059129679012279,0.46232416062415127,-0.48366915237463604,83.860684848413,82.56013652264883
48.71857,1785142378.69,0.01624097302556038,0.033719148486852646,0.3850000202655792,0.018236673073624393,0.026103643805623963,0.38705537030745635,0.5478441194115341,0.4994224119092607,0.4550949933245993,-0.4932875655840316,0.5451295185019019,0.5045650147570225,0.4608211515511113,-0.48568695702503467,85.77533215770897,83.52443730916633
48.767016,1785142378.724,0.01495236437767744,0.039445485919713974,0.3840000033378601,0.017975906696529525,0.0297458856988609,0.38689726611306763,0.5339546027196341,0.5136670925995485,0.45575543118032885,-0.49328043460538434,0.5436505373295706,0.5057855941992923,0.4601543020456971,-0.4867063224066186,86.81261195650967,84.12123633896644
48.809975,1785142378.79,0.013670248910784721,0.04265635460615158,0.3830000162124634,0.017326156207814913,0.03481130357426407,0.3864677202519029,0.5333003508496025,0.5239429113502692,0.44428607838500933,-0.49364404380359356,0.5411607717616241,0.5102526020063984,0.4563117787699547,-0.48843306788941243,88.69672137293168,85.50326407832665
48.856004,1785142378.824,0.0124270711094141,0.0484551377594471,0.3830000162124634,0.0168538260076545,0.03875183922982556,0.3862827704761738,0.5231085465085754,0.5242670591686399,0.45975053911557395,-0.49003157145564696,0.5382715049529899,0.5125293688840991,0.4568824445272734,-0.48870836382211996,52.50902234188984,78.16549537015169
48.898447,1785142378.857,0.0124270711094141,0.0484551377594471,0.3830000162124634,0.016490785066176156,0.041159593018157636,0.38612986775265584,0.5388729157381319,0.5177837664100348,0.450170875700911,-0.48873523977384487,0.5383641996167269,0.5133197215650699,0.45587808096404303,-0.48871466861548324,87.00289412860141,79.78047869570229
48.946898,1785142378.924,0.011213093996047974,0.05107332766056061,0.3840000033378601,0.015665671401747273,0.04480472910806863,0.3860380641775258,0.5390264107607151,0.5181906660785056,0.45008174823209085,-0.48821653187891956,0.5385169548390457,0.5144258071834861,0.45456728121300016,-0.48860430319955345,88.01868280134475,82.32926645084578
48.995543,1785142378.957,0.009940716437995434,0.05591071397066116,0.3830000162124634,0.015114095458696951,0.04765456108615894,0.3859113690696618,0.5259985468386162,0.5215988309730168,0.4623700884205771,-0.48731313299068185,0.5368123127107941,0.5154157232624207,0.45564243150370776,-0.48843540796030893,90.34003600377433,83.79194852807629
49.046149,1785142378.99,0.010328072123229504,0.0578303188085556,0.38200002908706665,0.014745222562266867,0.050184462299405826,0.385685849663853,0.5135437227809022,0.5249735226114032,0.4737117272740611,-0.4860790519990877,0.5329391114656246,0.5170563063956874,0.45870901723169577,-0.488072450561401,91.39893518564465,85.17852557285109
49.092343,1785142379.057,0.010328072123229504,0.05989590287208557,0.38200002908706665,0.014230870823676404,0.05367916042127903,0.38535109697603825,0.5260150185658212,0.5215241610772587,0.462080848483663,-0.4876495043783786,0.5312088041800448,0.5181792290844255,0.45955698306809906,-0.48797015505092545,90.78501537094655,86.89411454333258
49.139692,1785142379.091,0.008674830198287964,0.06485331058502197,0.38200002908706665,0.013746816565644656,0.056566783416274524,0.38520516665530385,0.5269277727314569,0.511637186591071,0.47349211915605416,-0.48618898045775255,0.5305675129934825,0.5171943550344273,0.4616808774032107,-0.4877077820956265,90.98223280722392,87.63791603992502
49.190524,1785142379.157,0.009940716437995434,0.06543727964162827,0.3830000162124634,0.01341191739427848,0.05956986180495341,0.38510991828736646,0.5420460210795176,0.5047527537637263,0.44794535435270005,-0.5007551578502535,0.5335855529833882,0.5139909247612743,0.4581375034864488,-0.49113115845939354,90.4231544078533,88.46815649416962
49.23857,1785142379.191,0.009966671466827393,0.06934565305709839,0.3840000033378601,0.013266276225712538,0.06186876085945619,0.3850620801623724,0.5242146922780275,0.5142823647029161,0.47029635173636997,-0.4894220543650339,0.5321170035299836,0.5140450041243463,0.46006119882741425,-0.4908695566263555,56.31797655645907,81.3408965957134
49.289364,1785142379.257,0.009966671466827393,0.07100677490234375,0.3840000033378601,0.013042590513651687,0.06489536782287762,0.3849889378163924,0.5210439591599916,0.5168199999974316,0.46736298383687724,-0.4929321673056312,0.5294456667563077,0.5147256217210934,0.4618367089274804,-0.4913773240431801,89.29845041960634,83.76652125348784
49.336423,1785142379.291,0.010853856801986694,0.07304637134075165,0.38600000739097595,0.01298355246088492,0.06657264936191118,0.3850633065982512,0.518590669337643,0.5201431598725302,0.4634735565722713,-0.49568848410267163,0.5278894980867109,0.5155103588227062,0.462076985980256,-0.49200264916324116,57.05329837075299,78.00720145729652
49.386321,1785142379.357,0.011689133942127228,0.07471615076065063,0.38600000739097595,0.012886602420221405,0.06901812249932737,0.38516448649625723,0.508222872972357,0.5104925463572253,0.4739293413548901,-0.5064561687889285,0.5228896220329287,0.5142622980884043,0.4651468262537165,-0.4957410230767565,56.471853163962315,70.8206264948726
49.429487,1785142379.391,0.012589304707944393,0.07929933816194534,0.3880000114440918,0.012870294302772867,0.07131276978892434,0.3854208607949521,0.47972823951239657,0.5300672056304125,0.48285885736446604,-0.5057043578951886,0.5140578802630734,0.5176427099510225,0.46891208091626857,-0.49790760281880814,57.48295330480323,68.17051122750362
49.476627,1785142379.424,0.013009107671678066,0.08139736950397491,0.3880000114440918,0.012878062378229875,0.073517612709147,0.38561955968782413,0.4980612756586616,0.521382579813994,0.4776611827085219,-0.5019312360167144,0.5108269376556593,0.5184167815445814,0.470701192643849,-0.4987386766854534,55.670447357593474,65.76043173283999
49.523078,1785142379.491,0.014305288903415203,0.08244853466749191,0.3890000283718109,0.013059263730963073,0.07629522806985416,0.38610818152067744,0.5213578369613455,0.5171275876249873,0.46716846726847855,-0.4924618636464844,0.5139710776860656,0.5180418629470182,0.46965748850319416,-0.49687845901133537,55.63024583106444,62.53962763891218
49.569324,1785142379.524,0.016451893374323845,0.08561286330223083,0.39000001549720764,0.013393300312372482,0.07819436596625952,0.3864428120038045,0.5211562703482499,0.5169021367591476,0.46745343363570696,-0.492641462194076,0.5151476811768455,0.5178583317829144,0.4692998129761908,-0.4961887748847696,85.43426444619594,67.16583941610517
49.616803,1785142379.591,0.017295828089118004,0.08687816560268402,0.39000001549720764,0.014043544681978836,0.0807857857733978,0.38689838550644046,0.5290777521871984,0.5085718562153692,0.4607689145546865,-0.49912263682014213,0.5188707078000674,0.5154067849136551,0.4670475049526887,-0.49698658208194574,84.85890130382793,72.93957439074933
49.660945,1785142379.624,0.019405657425522804,0.08983054757118225,0.39000001549720764,0.014663180047825746,0.08254108460977445,0.38708352800020324,0.5212093459260811,0.5168354129874961,0.46752239063691603,-0.49258987794563314,0.5191986171639162,0.5156074213551715,0.4671146793013797,-0.4963725006078772,84.95292037029613,75.21307679834129
49.706772,1785142379.658,0.019827624782919884,0.09067408740520477,0.39000001549720764,0.015232980772717005,0.08404488241874807,0.38724250507582275,0.548643807952012,0.48838236818895087,0.4498331428063096,-0.5080578491383299,0.5250170130082793,0.5103872928266743,0.4638235280600737,-0.49872806437058353,56.34203767996441,71.3814059832477
49.750935,1785142379.724,0.020671555772423744,0.09193939715623856,0.39000001549720764,0.016189497150018876,0.08617710998112474,0.3874731200506771,0.5119797038926277,0.5078145341929808,0.47665828462063264,-0.5027902757282592,0.5212216996682254,0.5096533972127909,0.46759619415361,-0.49993514951190104,84.09694739765408,75.39045198842078
49.797334,1785142379.758,0.021937455981969833,0.09615708142518997,0.39000001549720764,0.01681608816162122,0.0881993501898123,0.3875761335733435,0.4928674705157011,0.5266342689699438,0.48688652990283376,-0.49262512141904047,0.5153369945633248,0.5132810770325855,0.4717032356054179,-0.49846401626806336,84.47290441635549,77.11207613283243
49.845868,1785142379.791,0.021515490487217903,0.0970006212592125,0.39000001549720764,0.0172152015954652,0.08982209689927936,0.38766425331341847,0.507003501704898,0.5130523502146709,0.48659766331046295,-0.49289699660169506,0.5136531819095078,0.5132479094082175,0.47474911601547165,-0.49734321051449004,83.79285437608476,78.32651311005732
49.897481,1785142379.858,0.021093523129820824,0.09953123331069946,0.39000001549720764,0.017659470988590317,0.09274008400491736,0.38780964073988744,0.5358343992794828,0.4928240389281369,0.4617362664090388,-0.5067598874082231,0.5211650431283431,0.5064595404413565,0.4704432073916247,-0.5005685970334564,84.0741219685802,80.09157238106715
49.954413,1785142379.891,0.022781388834118843,0.10248361527919769,0.39000001549720764,0.01809426682693794,0.09464213099865039,0.3878747560843057,0.5294322722724453,0.5086386016286799,0.4609222996963183,-0.4985367345064089,0.5227588831839299,0.5068844474726086,0.46862161023535914,-0.5001850591362137,84.45154234780122,80.86965159188621
50.005321,1785142379.958,0.02272297628223896,0.10348290205001831,0.3890000283718109,0.01867279137664219,0.09715110113531485,0.38794360748361845,0.5167955392991558,0.5124580846093502,0.472221545374012,-0.49730865080309106,0.5211001738851503,0.5084435551221504,0.46962986416470126,-0.49938717516197717,83.88609038854807,81.78108737869425
50.048666,1785142380.025,0.02398562803864479,0.107689768075943,0.3890000283718109,0.019405600293993828,0.10041141485795509,0.38800183953147477,0.5118789223390837,0.5177215645986184,0.4816268073410768,-0.4878319063622001,0.5186643977671948,0.5109396171388962,0.4728491637039832,-0.4963281359254127,85.33582345427004,82.85835398543125
50.100798,1785142380.058,0.02518337592482567,0.11118938773870468,0.3880000114440918,0.019905335009094752,0.10264781927455925,0.3880017542372342,0.5193821797976786,0.5089487904787767,0.47580475203757505,-0.4947960366830597,0.5187640856869962,0.5106649313390854,0.4732581044310268,-0.4961168389524119,84.23935003922335,83.09862424324801
50.152189,1785142380.125,0.025669164955615997,0.1131587103009224,0.3890000283718109,0.020725233354621078,0.10595891089294499,0.3880448973400609,0.514550615341344,0.514550615341344,0.4850130557540118,-0.4850130557540118,0.5177917640923232,0.5115877025721419,0.47602139884223155,-0.4935314979405091,82.92778705699497,83.04799647103353
50.200389,1785142380.158,0.026090050116181374,0.11610352247953415,0.3890000283718109,0.021123999096639007,0.10801839014970378,0.38806544687410427,0.5242092860344645,0.5137253364618779,0.4708657905139352,-0.489465331189099,0.5186242951770513,0.5118667098208836,0.47535703594455725,-0.4930081137336939,82.83115697641102,83.0107146847907
50.244842,1785142380.225,0.025735151022672653,0.11724553257226944,0.39000001549720764,0.021595840347915576,0.1107426900301082,0.3882046498271692,0.5118074577597141,0.5177218312798966,0.48162652067363376,-0.48790688269539545,0.5171826666139424,0.5131166518797516,0.47669454686576135,-0.49193058443875176,82.7103213276151,82.92159343710483
50.291783,1785142380.258,0.026090050116181374,0.11694490909576416,0.3890000283718109,0.0218411000809683,0.11163469960936265,0.3882262073705508,0.5145777204988413,0.5145777204988413,0.48498429826770306,-0.48498429826770306,0.5168706493340883,0.5132970383660992,0.4777017043156443,-0.4910926225830295,83.32113811550231,82.99047487507512
50.339091,1785142380.291,0.026090050116181374,0.11652421206235886,0.3890000283718109,0.022048705030504878,0.11221100303543019,0.38824628344639617,0.5196359440026534,0.5196359440026534,0.4795607215989141,-0.4795607215989141,0.5172303503961174,0.5141146709139556,0.4779448601731229,-0.4896198325376933,83.59172933491122,83.09430301845252
50.388206,1785142380.358,0.026090050116181374,0.11694490909576416,0.3890000283718109,0.02236829315698161,0.1130616112152284,0.388282537058996,0.5261083310755033,0.5031504900095419,0.48154585037953224,-0.48801967415090913,0.5191657021733533,0.5117455491928949,0.4787347434069536,-0.48928162853635687,83.3861615226035,83.18094369929509
50.432842,1785142380.391,0.025735151022672653,0.11724553257226944,0.39000001549720764,0.022469313728666403,0.11343991632441028,0.38834680701340796,0.5233538473782086,0.5065057017789465,0.4780131344611756,-0.4909747119582085,0.5196540038324773,0.5111375150577099,0.478652022528568,-0.4894797220833732,83.18893152522685,83.18231588213035
50.47746,1785142380.458,0.025735151022672653,0.11682376265525818,0.39000001549720764,0.022644458079446865,0.1138523576985621,0.38845209340314246,0.5282327586685387,0.5110430752955967,0.4729583104599895,-0.4859172403081381,0.5213250656857616,0.5111239204785412,0.4775505906604972,-0.48879233541678246,83.06233647754154,83.14674909692386
50.520078,1785142380.492,0.025313187390565872,0.11640198528766632,0.39000001549720764,0.022708542859444743,0.11397946689361527,0.38850038356516314,0.5203470345723253,0.5093416996042041,0.47458444675119266,-0.49454989592350757,0.5212217610568582,0.5109347086839077,0.47723486610324073,-0.4894082976802698,83.06233647754154,83.13188144931091
50.565116,1785142380.525,0.025313187390565872,0.11640198528766632,0.39000001549720764,0.022767948811226565,0.11408542925908281,0.3885432807561672,0.5233998228702789,0.5063543295903986,0.4779742488318132,-0.49111967561693415,0.5214406592361517,0.5104764894518743,0.477309570309334,-0.48958039861025576,83.06233647754154,83.11993208997674
50.615285,1785142380.558,0.024891220033168793,0.11682376265525818,0.39000001549720764,0.02283378480288252,0.11421718930746781,0.38858289102768045,0.523511521822551,0.5062454115396335,0.4778846723894562,-0.4912000709581846,0.5216407226038018,0.5100694551704424,0.47736549408707535,-0.4897369625406214,82.93080607354341,83.08740203941018
50.660915,1785142380.625,0.024891220033168793,0.11724553257226944,0.39000001549720764,0.022946927458229956,0.1144934907462135,0.38865346190143685,0.5266391436554935,0.5031313439113558,0.4811635815910105,-0.48784390013022855,0.5224782332680992,0.5089147584508007,0.47800239593640353,-0.4894241247334121,83.90611430794644,83.3311962796592
50.719339,1785142380.658,0.024891220033168793,0.11682376265525818,0.39000001549720764,0.022998596910233628,0.11457319767957987,0.38868622902925,0.5179060438160501,0.51168886601232,0.48803125350639787,-0.4814284264340937,0.5220103255727823,0.5092060451674434,0.47904325948918997,-0.4886020662034719,84.17350900316798,83.47690934590554
50.771045,1785142380.725,0.025313187390565872,0.11682376265525818,0.39000001549720764,0.02310550421921069,0.1147067294312255,0.38874653108764284,0.5266204316463611,0.5033952464956517,0.4810910793604263,-0.48766332662811795,0.5228001294633428,0.5082155061987061,0.47939514420174084,-0.4884437732309597,84.17350900316798,83.68418339316614
50.819845,1785142380.792,0.025801140815019608,0.11796900629997253,0.39100003242492676,0.023269352788176684,0.1150019417508207,0.38892030591381616,0.513409666545341,0.5072114367014254,0.4926830202871579,-0.48622064363599576,0.5211252282940949,0.5080454339937279,0.48178949626404616,-0.4880545202364062,83.95612232658601,83.76488642332549
50.868114,1785142380.825,0.02622418850660324,0.11796900629997253,0.39100003242492676,0.02338051694278504,0.11512739983875075,0.38899576218185106,0.5183300214835544,0.5121186637357479,0.4875802234027872,-0.48097192103994796,0.5208390325282111,0.5084688307989809,0.48239021622406436,-0.4873251784920361,83.8462529660236,83.77887031304944
50.918194,1785142380.892,0.024891220033168793,0.1176672950387001,0.39000001549720764,0.023473375756015078,0.11528089734346092,0.389048261704197,0.5210379108865494,0.5084438837170664,0.49141104699701876,-0.4780371276574448,0.5208821571237333,0.5084706411428551,0.48405510000654584,-0.4856233578026835,85.59895535081775,84.32417308855585
50.967121,1785142380.925,0.023262852802872658,0.11881471425294876,0.39100003242492676,0.023460448893469737,0.11546373841400691,0.3891178762913476,0.517194056980425,0.5046582962448659,0.49529789423258114,-0.48219322623210803,0.5204815298177944,0.508056274055815,0.4852932073513963,-0.4852507623998602,87.44664020477218,84.87480758185082
51.011455,1785142380.992,0.022839803248643875,0.11923755705356598,0.39100003242492676,0.023393113649437077,0.11582596352686733,0.38923327833346144,0.5191006988974847,0.5019889606536847,0.482310973611958,-0.49590086964983393,0.5202244333302402,0.5069044807837496,0.4847300021190201,-0.48728965859464174,85.94569738236527,85.1942173479641
51.059378,1785142381.025,0.023262852802872658,0.11923755705356598,0.39100003242492676,0.023387614578826366,0.11597872092364095,0.3892850828545672,0.5006143653151611,0.5112566234330087,0.5039924592227374,-0.4837287703688863,0.5175387578275668,0.507529699910326,0.48741475079802854,-0.4868203966143256,86.55929675606228,85.43143790346744
51.106422,1785142381.059,0.024108948186039925,0.11881471425294876,0.39100003242492676,0.023403462163567066,0.11607250770177069,0.3893340703061715,0.5137289442390733,0.5074550043270065,0.49243214617191455,-0.4858832903599454,0.5170316181273509,0.50752092358038,0.48808537868637464,-0.4866964979299824,86.29367380815903,85.58434901878218
51.154304,1785142381.125,0.024108948186039925,0.11923755705356598,0.39100003242492676,0.02343253389629185,0.11629239693676172,0.3894171767014561,0.5135982772200639,0.5073225766225402,0.49256857720429814,-0.48602140861960214,0.5163586301077351,0.5074832650865401,0.4889671275312919,-0.48656515387372834,85.79421531211389,85.6459543064426
51.200462,1785142381.159,0.024170607328414917,0.11954250931739807,0.3920000195503235,0.0234484824905835,0.11642399039324301,0.3895358661397893,0.5053067761662552,0.516010011663095,0.4988891130350811,-0.47907033170400865,0.5149368289300701,0.5085980674765305,0.4902623446524705,-0.4856036463891561,85.07259483363173,85.54454530939755
51.247838,1785142381.225,0.02501886896789074,0.11954250931739807,0.3920000195503235,0.023556285772113435,0.11662816216933236,0.389714688451788,0.5271949645947591,0.5036611934378287,0.4806073451565766,-0.48724475503822523,0.5176076551997395,0.507538864071435,0.48817927991960236,-0.4859707886209658,84.35074110100702,85.19200722452487
51.30199,1785142381.259,0.025442998856306076,0.11954250931739807,0.3920000195503235,0.023636544808804158,0.11672262268428293,0.38979617473315203,0.5004009631748046,0.510934875289098,0.5040855504192727,-0.48419230386855644,0.5150774922614909,0.5080599176009806,0.49055260507229226,-0.4857246532241146,56.49058752480012,78.96432515872715
51.350969,1785142381.325,0.02501886896789074,0.11954250931739807,0.3920000195503235,0.02371170163424732,0.1168775126291314,0.3899265748455628,0.5215323190256189,0.5092747588914716,0.4905499158658919,-0.4774976860800062,0.5165316084035391,0.5083375581657651,0.4905567339050636,-0.48388233621255167,83.82798889819269,80.4227439787322
51.402872,1785142381.359,0.025442998856306076,0.1203903779387474,0.3920000195503235,0.02377435494954333,0.11703579982851983,0.38998785651569795,0.5183959486935115,0.5122646853829199,0.4874268069254481,-0.48090086335767196,0.5167619027370982,0.5088214853032326,0.49017285839126046,-0.4835167017486443,55.415078269966116,75.09521875213616
51.447219,1785142381.426,0.024594737216830254,0.1203903779387474,0.3920000195503235,0.02381433676523538,0.11727825910175559,0.3900922267502606,0.5216580433012207,0.5094039193233812,0.4904157898946344,-0.477360331258413,0.5177001669280515,0.5089352524343671,0.49022164820718483,-0.48234239044610827,54.59169340464502,68.23165813573767
51.491173,1785142381.459,0.025801140815019608,0.11881471425294876,0.39100003242492676,0.02389632630211082,0.1173375381773191,0.39012476149760267,0.508036936307108,0.5124999369311339,0.5024523152654361,-0.47621839199853916,0.516544547674205,0.5093724180443101,0.49170209097418793,-0.4816124206614224,55.597778848633446,65.79695493208084
51.538778,1785142381.492,0.02622418850660324,0.11923755705356598,0.39100003242492676,0.024003670343249465,0.1173887028240052,0.39015382721243963,0.5181837887599703,0.5120496163918586,0.4876527354100974,-0.4811294639349813,0.5167313280253641,0.50967702111376,0.4912430502681467,-0.48155823567767414,56.41373700525282,64.03266135333847
51.583998,1785142381.559,0.0262912567704916,0.11954250931739807,0.3920000195503235,0.02418101479825771,0.11747855792206857,0.39025812160428214,0.5214401117093936,0.5091800784940951,0.49064819133952503,-0.4775983771962537,0.5175772692896272,0.5095893410963573,0.49113775765590234,-0.4808494325258222,82.39009881569756,70.01210587079929
51.628129,1785142381.592,0.026715388521552086,0.1203903779387474,0.3920000195503235,0.024294779158372835,0.11758952517110596,0.3903055441034607,0.5211491973330652,0.5090365328481701,0.4907971151360956,-0.477915802332484,0.5179106663231124,0.5095382859285977,0.4911064603453349,-0.4805764470807659,82.74482284725012,72.42191988933429
51.675247,1785142381.626,0.02593311294913292,0.1206974908709526,0.3930000066757202,0.02433684927811512,0.11772104824497985,0.3904329690326471,0.5088321566237041,0.5132237187778287,0.501338558046906,-0.4757634928039098,0.5169139811548532,0.509950804960194,0.4922416090555306,-0.4800503212388388,82.39009881569756,74.3186935662957
51.724084,1785142381.692,0.02593311294913292,0.12112250924110413,0.3930000066757202,0.024410425016937503,0.11799744412570146,0.3906237104448772,0.505254826682092,0.5158222225169546,0.4988529746124373,-0.4793648971216408,0.5146931196813771,0.5110819870548198,0.493513988589134,-0.47992722169886626,82.88648097976534,76.96067571113008
51.770697,1785142381.726,0.025507904589176178,0.12112250924110413,0.3930000066757202,0.024440172682664598,0.11812139882181608,0.39071033390329235,0.505702059980295,0.5161377916933478,0.49834081965785126,-0.4790862489994276,0.513666546457172,0.5116645385294373,0.4940701936427337,-0.47983405758246417,54.330732885568025,72.2402511437032
51.816253,1785142381.792,0.02508269064128399,0.12112250924110413,0.3930000066757202,0.02447998047346917,0.11831466210714917,0.3908481948532585,0.5183386154072377,0.5122836935635267,0.4874068293621978,-0.4809626594421937,0.5145117227810353,0.5117787692925675,0.4928709472599954,-0.4800400064258298,53.551914844760525,66.12745553732323
51.862856,1785142381.826,0.025867126882076263,0.12081431597471237,0.3920000195503235,0.02451813182997485,0.1183783846699762,0.3908859506246237,0.5020296967119163,0.5187406326073674,0.49581813868620944,-0.4827408342487637,0.5130816436482549,0.51258535206458,0.49321549756204897,-0.4803560728924494,54.566366781502566,63.87714027242434
51.909787,1785142381.859,0.02635832503437996,0.12154751271009445,0.3930000066757202,0.024583613216901102,0.11850148586298771,0.3909519881339339,0.5022344933397302,0.5189504304036366,0.4955980630689956,-0.48252826276387667,0.5117869535376531,0.5133523031460555,0.493505259261646,-0.48062052195509075,55.47081351401281,62.31662389129002
51.955235,1785142381.926,0.02635832503437996,0.12154751271009445,0.3930000066757202,0.024692226994734976,0.11870133142870343,0.39106525470217834,0.5185649975154422,0.5125131102892719,0.4871655896937062,-0.4807185698013021,0.5131093370950827,0.5131925030136686,0.4922750179072148,-0.4806428713513411,53.82285421730678,59.65427226108185
52.006095,1785142381.959,0.02635832503437996,0.12112250924110413,0.3930000066757202,0.024740998007370948,0.11875584327780844,0.39111693293219457,0.5186964780507589,0.5126463566419326,0.48702537205134633,-0.480576699037457,0.5137036293635578,0.5131359889761121,0.49171935430966424,-0.48063719643146907,54.63930450097568,58.749605679295215
52.053814,1785142382.026,0.026783538982272148,0.12154751271009445,0.3930000066757202,0.024877095242128847,0.11891685032859016,0.39120947348625695,0.5037427016641132,0.526638634394691,0.48738021664895115,-0.4809943489296483,0.511745273771568,0.5158194988593332,0.49087265249327133,-0.4807193135325325,54.46385565005627,57.440387831301976
52.099033,1785142382.059,0.026425397023558617,0.12185680121183395,0.39400002360343933,0.024914791823715154,0.1190168283796547,0.3913327712335492,0.5186911805445826,0.5125638948451159,0.48711215720940987,-0.4805824166834104,0.5125057048941869,0.5154657621231269,0.49046368425982273,-0.4807060691857525,54.7737071743238,56.96963389337162
52.140952,1785142382.093,0.026425397023558617,0.12228289991617203,0.39400002360343933,0.02495155736850969,0.11915169467356426,0.39144274454191247,0.5035770433204892,0.5264857736480409,0.48754484322889047,-0.48116828389632504,0.5114157066344346,0.5168240411332349,0.4901110050968729,-0.4807682271087049,54.36354680221806,56.49880181760628
52.186118,1785142382.159,0.02685169130563736,0.1227089986205101,0.39400002360343933,0.025062636105445502,0.11943626797256834,0.3916126408754646,0.5069428301558692,0.5235466039356277,0.49051287973753205,-0.47781276173059856,0.5105651058653045,0.5181098152270164,0.49019049561142874,-0.480207007498224,54.77229689821399,55.985906592483005
52.234183,1785142382.193,0.02635832503437996,0.12239754945039749,0.3930000066757202,0.025092415345921954,0.11953303247734695,0.3916541973387035,0.5186837081119062,0.5126334146804324,0.4870389944892296,-0.4805904815321281,0.5114803336904268,0.5174970084316278,0.4898388592591907,-0.48025264858395134,80.04115305651034,61.04254098983269
52.295851,1785142382.226,0.02635832503437996,0.12282256036996841,0.3930000066757202,0.025120237375736,0.11965921535298758,0.39169134246164156,0.5185202682420915,0.5125429863003,0.48713415728561943,-0.48076681605758675,0.5122638638989487,0.5169491723253838,0.48954059772776254,-0.4803116593960269,54.31493762416168,59.826488683541776
52.354324,1785142382.293,0.02635832503437996,0.12282256036996841,0.3930000066757202,0.025173075238412435,0.119864685655908,0.3917572424693296,0.5184370161244474,0.5123834129731848,0.4873019988774422,-0.480856590172142,0.5133825015730883,0.5161260740338243,0.4891381549427899,-0.48041247710707174,81.01725089216167,66.90315955251819
52.401387,1785142382.36,0.02635832503437996,0.12324757128953934,0.3930000066757202,0.0252228587786282,0.12010706989783525,0.3918161837912409,0.5069390444118175,0.5235411105858513,0.4905173119386053,-0.47781824731365347,0.5122857920073252,0.5173963922432153,0.48937735418467637,-0.47997296362643,54.7082755722937,63.04765858285195
52.44731,1785142382.426,0.02635832503437996,0.12367258220911026,0.3930000066757202,0.025269342575308523,0.12037592482790443,0.39186913682040037,0.5153498766181854,0.5153498766181854,0.4841637168041623,-0.4841637168041623,0.512763301329344,0.5170807480622522,0.4885700606927257,-0.4806252101044226,80.9883642180756,68.88836604429419
52.49224,1785142382.46,0.025867126882076263,0.12293396145105362,0.3920000195503235,0.025288295998932418,0.12043108650405297,0.3918748634326226,0.5183711581522884,0.5122395258026058,0.4874532471996894,-0.48092758539706915,0.5132665186405834,0.5166485233786693,0.48847119769064445,-0.4806533815130022,54.300084242762175,66.0289504674496
52.538234,1785142382.493,0.026715388521552086,0.12335789948701859,0.3920000195503235,0.025329715421400393,0.12051751211933803,0.3918797169368819,0.5065428842646854,0.5233286728345946,0.4909309687799348,-0.4780462221195666,0.5126327676217888,0.5172826895743783,0.4887060223002332,-0.480408876265423,81.57540172016957,69.05770745724783
52.581452,1785142382.56,0.02635832503437996,0.12409760057926178,0.3930000066757202,0.025371466576554133,0.12079336530730789,0.39193439060687413,0.5065830007334222,0.5233856643054716,0.49087020776950385,-0.478003712215466,0.511644580093725,0.5182855422433859,0.4890634084678702,-0.48001760682290023,80.87235349210594,72.82319267713976
52.6225,1785142382.593,0.02635832503437996,0.12409760057926178,0.3930000066757202,0.025391594027454698,0.12091315940799638,0.39195986539447375,0.5034869923561502,0.5263735952917149,0.48766252030610807,-0.4812659898606245,0.5108484356096349,0.5190810400767492,0.4889290897835598,-0.4801427858787933,54.44935884959773,69.20436538311994
52.670134,1785142382.626,0.0262912567704916,0.12293396145105362,0.3920000195503235,0.025411178252145967,0.12097555917208062,0.3919613801867463,0.5152942897438831,0.5152942897438831,0.48422287735850206,-0.48422287735850206,0.511297712299848,0.5187015183218985,0.4884569007627908,-0.4805551377154428,54.574145928107484,66.38718925840337
52.720124,1785142382.693,0.026647238060832024,0.1226203590631485,0.39100003242492676,0.02547359362454178,0.12108269217710424,0.39186946836575526,0.5014538409463197,0.5183761706392727,0.4963863892240853,-0.4831467103340575,0.5095257329063326,0.5186491401352428,0.48989537594495963,-0.48102922735628517,80.78319032594554,71.0169744884856
52.769525,1785142382.726,0.0262912567704916,0.12420576065778732,0.3920000195503235,0.025492676098189105,0.1212134555793247,0.391872665741248,0.5021819298521374,0.518681560968242,0.49568854503610954,-0.48277905294401047,0.5087760921539939,0.518654616769935,0.4904904415296983,-0.48121035246942073,81.57993427773886,72.9971954495471
52.81712,1785142382.793,0.025867126882076263,0.12462969124317169,0.3920000195503235,0.025514670617802215,0.12149752105502863,0.39187853857693883,0.4933589208860668,0.5264656849974696,0.502406205159088,-0.4764649648399399,0.5056572273848625,0.520263932974353,0.4929341583522685,-0.48026255732573186,81.95045616646384,75.80019328793298
52.865292,1785142382.827,0.02508269064128399,0.12579765915870667,0.3930000066757202,0.025495198128711073,0.12176949329703278,0.39192257379900297,0.5054332025138395,0.5159711469721522,0.49869265314609207,-0.4791833584202994,0.5056333702921043,0.5197826219915158,0.49358294353342924,-0.48014247737057014,54.459760293093744,71.39803486884317
52.909933,1785142382.86,0.02635832503437996,0.1266476809978485,0.3930000066757202,0.0255182900086285,0.12211482004899137,0.3919604318446434,0.5019989510151894,0.5186848143169441,0.4958692537668995,-0.4827802810236816,0.5052546717482058,0.5196686891591856,0.4938221811405321,-0.48041838390906105,81.03847738085278,73.18482640192485
52.954352,1785142382.927,0.02635832503437996,0.12749770283699036,0.3930000066757202,0.025559621797346693,0.12282898563626007,0.3920234257983388,0.5119276418968091,0.5180634454968968,0.48125904296946337,-0.4877807801276843,0.50655168444565,0.5193696132574402,0.49140945224883587,-0.481847845331481,82.91061261235197,76.23428729647236
53.002518,1785142382.96,0.025867126882076263,0.12759721279144287,0.3920000195503235,0.025567822111029148,0.12313304777240677,0.39202267424549503,0.5149608649493701,0.5149608649493701,0.48457745260236423,-0.4845774526023643,0.507502601290167,0.5188767285998337,0.49064339536020213,-0.4821588003870308,81.14456235933292,77.11357278915321
53.051105,1785142383.027,0.025867126882076263,0.12802115082740784,0.3920000195503235,0.025582513287475704,0.1236783825323706,0.3920213944986606,0.5182669448668994,0.5121339001463069,0.4875642196889887,-0.4810398880117222,0.509611689829043,0.5175669010563906,0.49004868054863077,-0.48194680122708317,80.46943627596214,78.12901428550731
53.099673,1785142383.06,0.026715388521552086,0.12759721279144287,0.3920000195503235,0.02562098897363039,0.12384942960680555,0.39202081259585153,0.5147423904483671,0.5147423904483671,0.4848095208177133,-0.4848095208177133,0.5101656345232567,0.5172646289741455,0.48948642002552817,-0.4822565433193361,80.45008970502231,78.53590358616322
53.141831,1785142383.093,0.026715388521552086,0.12759721279144287,0.3920000195503235,0.025655622183538163,0.12399828982082578,0.39202027106622184,0.5235962890870416,0.5063102368128632,0.4778441146592067,-0.4910823477160839,0.5119566889664152,0.5158313147516165,0.4879613200748357,-0.48343784859585387,79.98694001365259,78.78839918230987
53.185235,1785142383.16,0.02622418850660324,0.12727171182632446,0.39100003242492676,0.025679227853441292,0.1241819831240978,0.39193783209916916,0.526668529863305,0.5031379903193529,0.48118510348808086,-0.4877840900748943,0.5154457830038348,0.5128590998920428,0.48638310281318653,-0.4844818528482822,80.55455090008947,79.3176088100873
53.23151,1785142383.193,0.026715388521552086,0.12802115082740784,0.3920000195503235,0.02571022496705763,0.12434374600251383,0.3919392675084125,0.5205154803332814,0.5094741923530446,0.4744689091573974,-0.4943469796636929,0.5161735931928145,0.5123875786233736,0.48470125459866675,-0.48588937501593243,80.59764002581049,79.53997074628074
53.280279,1785142383.227,0.026647238060832024,0.12769456207752228,0.39100003242492676,0.025736130037373222,0.12445355098266932,0.39190225258247463,0.5100009935710434,0.5100009935710434,0.4897948412922992,-0.4897948412922993,0.5153043897002166,0.5120531206960824,0.48542320949069895,-0.48644351699744093,79.69421294942559,79.56716896883653
53.325471,1785142383.294,0.026647238060832024,0.1281174272298813,0.39100003242492676,0.025781084685943544,0.12470979968140898,0.39184372818065,0.5134171314632625,0.5070569416715216,0.4928420212428351,-0.48621276116535134,0.5149014234729508,0.5109803177831506,0.487025015076297,-0.48639723851363725,79.67955024416631,79.60049493024633
53.374666,1785142383.327,0.026647238060832024,0.12769456207752228,0.39100003242492676,0.025801991143325813,0.12478291789934211,0.3918176787046756,0.5132474778312605,0.5068849757128222,0.4930188854360568,-0.4863918446066401,0.5147104699713543,0.5105053200838052,0.48772373207630115,-0.4863979969506078,79.75319416019047,79.62676034654507
53.421771,1785142383.394,0.026647238060832024,0.1281174272298813,0.39100003242492676,0.025840560165057588,0.12498377063948743,0.39177286053737,0.5132689146532664,0.506988806536532,0.49291211188878564,-0.4863692231737714,0.514447740485427,0.5098621133528021,0.4886765835406235,-0.48639422732585685,80.50178950231741,79.88744347053918
53.468493,1785142383.427,0.026647238060832024,0.1281174272298813,0.39100003242492676,0.02585874735860359,0.12507418104001616,0.3917523824292175,0.5132689146532664,0.506988806536532,0.49291211188878564,-0.4863692231737714,0.5143349037288519,0.5095861888554571,0.48908481053303204,-0.4863924043813504,80.13966619605053,79.93086061428019
53.514363,1785142383.494,0.027139518409967422,0.12886901199817657,0.3920000195503235,0.025935509294345797,0.1253646894568696,0.39176859610065673,0.5018047472419175,0.518545607564033,0.4960114203345507,-0.48298563065501726,0.5120135516441611,0.5112657537047233,0.4903854369836943,-0.48576905543250143,79.57353098694583,79.8247746412339
53.558192,1785142383.527,0.026715388521552086,0.12929293513298035,0.3920000195503235,0.02595158900285896,0.1255393394900628,0.3917758029129655,0.5102401416119594,0.5102401416119594,0.489545705616756,-0.489545705616756,0.5118435242695204,0.5111676012878146,0.49030513335354786,-0.4861324575300217,80.14978857508942,79.88075297905728
53.604557,1785142383.56,0.027139518409967422,0.12929293513298035,0.3920000195503235,0.025985768251620658,0.12569097800391157,0.3917823721789101,0.5101537727669808,0.5101537727669808,0.48963570961646125,-0.4896357096164613,0.5116896629226283,0.5110754270241398,0.49024437654156433,-0.4864525136327214,79.65123522883295,79.84126164243833
53.651865,1785142383.627,0.027139518409967422,0.12929293513298035,0.3920000195503235,0.026045708545317087,0.12593485273571103,0.3917938355312782,0.5020000549171172,0.5185195313048756,0.4958518791037056,-0.482974486394372,0.5100304709069864,0.5123625261416151,0.4912153690834791,-0.4858611136203039,79.84076839471174,79.84111550756936
53.695501,1785142383.66,0.027139518409967422,0.12886901199817657,0.3920000195503235,0.026073339980078936,0.12600373063602807,0.39179910784147864,0.5049395645868303,0.5155188109668108,0.49915591914653806,-0.4797079945500208,0.5095146616347884,0.5126875085860965,0.49202796100957347,-0.4852368635045465,79.74129680765688,79.82395905282307
53.744319,1785142383.694,0.027633963152766228,0.12919774651527405,0.3930000066757202,0.026128585672329924,0.126101087988464,0.3918542833851382,0.49860147659020626,0.5215025467767321,0.4928997934275617,-0.4862935891892008,0.5082531526448568,0.5137159024446726,0.4921341701119792,-0.4853644640991069,78.99549133618699,79.67710503074517
53.787955,1785142383.761,0.02841190993785858,0.12886901199817657,0.3920000195503235,0.02632158002386048,0.12621732010262574,0.3918601799247421,0.5116240104644165,0.5177638698073801,0.48158132763022127,-0.48809924392105614,0.5089106191603856,0.5145043307781468,0.4900997111223185,-0.4858987018650535,79.7717374566803,79.70515749786274
53.83603,1785142383.794,0.02756364829838276,0.1271732896566391,0.3920000195503235,0.026349409773666465,0.12626854817304708,0.3918630243182811,0.4984522919670305,0.5216496393224913,0.49293981763291034,-0.48624819035093775,0.5077171243952838,0.515327119141479,0.49042919379413863,-0.48594288527311413,80.9687133655114,79.9245179029807
53.885741,1785142383.861,0.027070285752415657,0.12473461776971817,0.39100003242492676,0.026388504979165398,0.12602998926037326,0.3917995682854401,0.5152178510332255,0.5152178510332256,0.48430420809312086,-0.4843042080931209,0.5091425202121139,0.5153102276680501,0.4892719419832469,-0.48563590287447,80.28772188717997,80.03236543094354
53.939089,1785142383.894,0.027844984084367752,0.12188498675823212,0.39000001549720764,0.026432618741944854,0.12552035466415581,0.3917016886616365,0.5282883169656343,0.5108091361666204,0.47299855150238473,-0.4860636283893031,0.5117176802329588,0.514728760011507,0.48711789040641673,-0.4857113136421859,54.72024922088051,74.77795396053608
53.988847,1785142383.961,0.02826695144176483,0.12146321684122086,0.39000001549720764,0.02655710946747627,0.12476579619939444,0.3915545429035913,0.5117957517697379,0.5177102233270845,0.4816389982783997,-0.48791916181930056,0.5117354771171844,0.5153406080168235,0.48599863255918807,-0.4861647748851181,82.56757379665554,77.18280975106782
54.04927,1785142383.994,0.028688915073871613,0.11851083487272263,0.39000001549720764,0.026643761636244642,0.12390079789706462,0.3914916324605593,0.5056958717728087,0.5234356704273517,0.47541045310791064,-0.49423849027765837,0.510980510931558,0.5163710241341235,0.4846687467882115,-0.4871920450597945,82.58636928091796,78.14937292580626
54.102921,1785142384.061,0.02826695144176483,0.11851083487272263,0.39000001549720764,0.026731730760162564,0.12285137552990359,0.3913904980121936,0.5103365691540738,0.5276907261958942,0.47068301168286264,-0.4894451820010584,0.5108516346941451,0.518907232785518,0.48156720318113416,-0.4877078222804063,80.27012023797504,78.78432581647641
54.144906,1785142384.127,0.02777358889579773,0.11610352247953415,0.3890000283718109,0.02678045042501773,0.12142021863084496,0.39117390033708793,0.49362826357909506,0.553982887067935,0.4702399591345044,-0.4778163654218456,0.5063239418828152,0.5283961026260735,0.47861452781705904,-0.4851409675220979,77.93028063514562,78.53219975315605
54.194989,1785142384.161,0.027423018589615822,0.11302783340215683,0.39000001549720764,0.0268005788282312,0.12010372098307331,0.39114646153654475,0.4948537873776922,0.5345005584998879,0.47817412184566105,-0.49069174771784446,0.5044963869716342,0.5293794440209516,0.47855052120460895,-0.4860351823020968,79.45343069727483,78.69535481863923
54.242957,1785142384.194,0.026157118380069733,0.11176253110170364,0.39000001549720764,0.026765950354383637,0.11882871847699245,0.3911209037651546,0.5157727246932741,0.5227920530675146,0.46084085709116923,-0.4982897451758419,0.5064838799776012,0.5282559984867654,0.47548712401506227,-0.48819225135336813,79.9997608553145,78.9215666280538
54.285405,1785142384.261,0.026374630630016327,0.10671757906675339,0.38700002431869507,0.02673508128557233,0.11502369398795631,0.39056252991731005,0.5280993320825628,0.5182664633248611,0.4494516470161116,-0.5005039314942448,0.5133003336622314,0.5252200285873808,0.46743948642310096,-0.49210467947929587,79.52199519284017,79.09996379872803
54.334358,1785142384.294,0.025669164955615997,0.10348290205001831,0.3890000283718109,0.026680737035540237,0.11264043915859373,0.39052540310524164,0.5412445859910259,0.5144333919277488,0.4379362885309625,-0.500624001215323,0.5195120680750661,0.5229362663145957,0.4610402922030224,-0.4940513348455501,77.09725115272234,78.74983297772256
54.380999,1785142384.328,0.025313187390565872,0.10079653561115265,0.39000001549720764,0.026606693767968582,0.11001988316978095,0.3905049908921899,0.5558997833047696,0.5001569248540695,0.43707566447485324,-0.49978329800634247,0.5291075378081849,0.5171294542823529,0.454910307984493,-0.4956601180624176,74.41994717809727,77.95919349275869
54.43295,1785142384.394,0.023800648748874664,0.0964231863617897,0.38600000739097595,0.026248314564682948,0.1051216738015096,0.38987472515779253,0.5306945522704876,0.5150282321132821,0.4528701523409352,-0.49801389281363634,0.5296444450962775,0.5164208493137498,0.45422220897290205,-0.4964558923494602,76.44536879613331,77.51097331735978
54.481719,1785142384.428,0.023564742878079414,0.09170366078615189,0.3890000283718109,0.026070111939761966,0.10166373593068552,0.3898441019904164,0.5582427648007933,0.4963155421436713,0.4407587718352167,-0.497762597253461,0.5363643896959508,0.5118080475464768,0.4511468623031225,-0.4968221739886425,76.45165676667693,77.32270984651304
54.530241,1785142384.494,0.023024868220090866,0.08830249309539795,0.38700002431869507,0.025720628099353538,0.09658171956761875,0.38959813369685636,0.5571156662931663,0.495354916150836,0.44188095600764216,-0.49898583360020515,0.5436167931848721,0.5061419074426251,0.4479704837209407,-0.4976179231223124,76.5284830682002,77.08864784146697
54.583719,1785142384.528,0.023143859580159187,0.08455196768045425,0.3890000283718109,0.02558361623952247,0.09348091360248018,0.38957346465591824,0.5450425335562901,0.5011734100830689,0.45261409243371614,-0.4968846274243671,0.5438993842837913,0.5051663788576769,0.44888577558946263,-0.49747557721056157,79.2406704710698,77.47424090710035
54.627845,1785142384.594,0.023443587124347687,0.08202463388442993,0.38700002431869507,0.025428454562549784,0.08926734380022744,0.3893709304129227,0.5083233042744033,0.5201627900205857,0.47898921895800545,-0.4915357752306055,0.5317225756617526,0.5105015613949956,0.45943983183561427,-0.49555453712761593,77.71819279498115,77.5458466675496
54.676932,1785142384.628,0.023143859580159187,0.07782097160816193,0.3890000283718109,0.025333065997413255,0.0863395934990352,0.3893542993150691,0.5290727872245132,0.518303221460772,0.4654109454099838,-0.4845992244468165,0.5311826206502668,0.5121294839912327,0.46068704900628615,-0.4932908452666321,79.23258658009335,77.84695926478273
54.720412,1785142384.695,0.02398562803864479,0.07529684901237488,0.3890000283718109,0.025277966567086516,0.08227239720733298,0.3893287955776633,0.5312176938666175,0.5261704856485041,0.4567034225378447,-0.4820522436392853,0.5312125985643172,0.5164658570669315,0.45947865491277556,-0.4898525893472566,78.74790196102306,78.11534044750266
54.764699,1785142384.728,0.024406513199210167,0.07235203683376312,0.3890000283718109,0.025252553886533698,0.07995399175135805,0.3893176142638179,0.544700771738845,0.5109680946941352,0.4576336506053676,-0.48247706401999707,0.5336571228731907,0.5154841038994494,0.45915489878959354,-0.48853146546687054,78.3612990252127,78.15766709331078
54.812952,1785142384.761,0.024108948186039925,0.06976407021284103,0.39100003242492676,0.025227916643469857,0.07753071080019379,0.3894362779993115,0.5452788395604161,0.5115268868357123,0.45701923313059073,-0.48181391814738705,0.5357330906908713,0.5147874529400404,0.45878157666415803,-0.48734320426970335,79.23847096975473,78.34499609561743
54.861674,1785142384.828,0.023625319823622704,0.06789857149124146,0.39000001549720764,0.025139676965038178,0.07420344844619046,0.3894798022477929,0.5577370307121532,0.49634098058697657,0.4413856960498851,-0.4977486342371094,0.5426616468647645,0.5091068035841759,0.4534209237514575,-0.4906506552229398,78.64593359358852,78.43431589011527
54.907568,1785142384.861,0.022839803248643875,0.06384416669607162,0.39100003242492676,0.025042148651355872,0.07177413611045046,0.3895648698638003,0.5482849141178577,0.4982179170571367,0.4556167725668569,-0.4935341088818304,0.5436662057593927,0.5071801744257612,0.4538160767101892,-0.491168296924803,78.18564205535704,78.3915171362065
54.951087,1785142384.928,0.022839803248643875,0.06088421493768692,0.39100003242492676,0.024887078178732227,0.06786324781536339,0.3896919652154136,0.5323331268428605,0.5049518291229219,0.4639143293670506,-0.49641574042231795,0.5405527882406049,0.5065785190881469,0.45661490898409446,-0.49262938606747264,76.8636380317383,77.93457969560959
54.995341,1785142384.961,0.02199370786547661,0.059615667909383774,0.39100003242492676,0.024742177048712996,0.06616373702571052,0.3897461318520897,0.5323067868080765,0.5052959040484266,0.46394995734359656,-0.4960604511053252,0.5392752104912968,0.5063835510884707,0.4577596737412167,-0.4931673424233734,78.52166006810995,78.03590747649628
55.044095,1785142384.995,0.022049956023693085,0.05892027169466019,0.3920000195503235,0.02462065249669037,0.06476422515228526,0.3898788192926055,0.5526651829916956,0.5025312577626674,0.45103910435535294,-0.48845394544680254,0.5414779963486978,0.5057616572474003,0.45666711750143457,-0.49240417272957154,78.04836933550841,78.03810121762953
55.088713,1785142385.061,0.021625826135277748,0.05976813659071922,0.3920000195503235,0.024366720926982617,0.06358331349231101,0.39006812358148335,0.5214870695410706,0.517012359414332,0.46691101075901925,-0.49269013035201253,0.5360756526791651,0.5088526934678508,0.45948130177181445,-0.4925127046860815,78.41768179290814,78.14963096352444
55.133568,1785142385.095,0.021625826135277748,0.05976813659071922,0.3920000195503235,0.024253505777596406,0.06312909196543262,0.39015194078240956,0.5290158028104018,0.5186051876679585,0.46552314873707357,-0.4842304592760231,0.534921657263326,0.5104683226160667,0.4604846950781353,-0.49115655120846424,77.90236625749908,78.10601379804007
55.18096,1785142385.128,0.02120169624686241,0.06019206345081329,0.3920000195503235,0.024115533428122265,0.06285468962056215,0.3902230564704798,0.5369184217472074,0.5100473870347016,0.4591997966536706,-0.4906177922994527,0.5352082952935903,0.5104081305629753,0.46030054815012184,-0.49107945006570497,78.06698623549164,78.09930897934267
55.224488,1785142385.195,0.020777564495801926,0.06103992834687233,0.3920000195503235,0.02382338801341507,0.06264853731615116,0.3903387690583796,0.5365969390225908,0.5097737538498354,0.45950158901895716,-0.49097121565982554,0.535493384995584,0.5102780760050823,0.4601367079253372,-0.49105735896548336,78.0872109531544,78.0957245512943
55.2753,1785142385.228,0.02035343647003174,0.06103992834687233,0.3920000195503235,0.023652360793158075,0.06256346008660653,0.3903902436747401,0.5242795070335071,0.5139704437563386,0.4704449745693412,-0.4895374422371254,0.5340987601864581,0.510746592160254,0.46143162119938336,-0.4908740081948567,78.23327420992729,78.11937460569973
55.321653,1785142385.295,0.020830567926168442,0.06077062338590622,0.3930000066757202,0.023470760143987367,0.062397095448857666,0.3906175060173281,0.5272839976846387,0.5110175075867233,0.47365069682972133,-0.4863000206850486,0.5326536540532855,0.5108137213451263,0.46404856265797606,-0.48990647924302155,78.68258202785144,78.28681209653138
55.369784,1785142385.328,0.02035343647003174,0.0614638589322567,0.3920000195503235,0.023345345565310364,0.06236962579821777,0.3906458006463701,0.5271594730288057,0.5111061363899976,0.4737412846974856,-0.48625364010324584,0.5319845619278527,0.5108533185695068,0.46523934004155326,-0.48946263315461835,78.84638292094091,78.38337382801687
55.415981,1785142385.362,0.020777564495801926,0.06103992834687233,0.3920000195503235,0.02327064142318991,0.06231985708807439,0.39067430083679056,0.5271187594386086,0.5110664704570504,0.4737840755628115,-0.48629777499549337,0.5313710408517142,0.5108833499129863,0.4663249985639585,-0.4890644287209765,78.99354586672816,78.49133773455989
55.463691,1785142385.428,0.02035343647003174,0.06103992834687233,0.3920000195503235,0.023082613912294027,0.062241163137950646,0.3907273146503736,0.5269682762192444,0.5109203503701155,0.47394211360830646,-0.48646038316052803,0.5305079082124342,0.5108940332249959,0.467827504500204,-0.48855508611852144,78.48233377584975,78.48869825706491
55.514007,1785142385.462,0.019929304718971252,0.06103992834687233,0.3920000195503235,0.022954391994051093,0.06220440315136766,0.3907540305109457,0.5145862898881695,0.5145862898881695,0.48497520581894576,-0.4849752058189458,0.5283205723700245,0.511422992161288,0.47021887270711415,-0.48807592406249234,78.48233377584975,78.48757789995776
55.563762,1785142385.528,0.019929304718971252,0.0614638589322567,0.3920000195503235,0.02275565252161709,0.062173816709685706,0.39080376728923516,0.5269951222261041,0.5109607533372461,0.47389808499236796,-0.4864317575359302,0.5280575179664461,0.5113317292289457,0.4709518759954503,-0.4877493730382632,78.34408401978669,78.44547748190803
55.613971,1785142385.562,0.020777564495801926,0.06061599403619766,0.3920000195503235,0.02270199695939852,0.06211471783962098,0.390828840617983,0.5320620546525651,0.5156856504113061,0.46856347434925405,-0.4810681349502531,0.5285194965420668,0.5118337418559389,0.47067974834515686,-0.4869845346316536,78.80839687911589,78.50955791234392
55.660206,1785142385.629,0.019878465682268143,0.06088421493768692,0.39100003242492676,0.022525865803421457,0.06204817310202088,0.39084141309655007,0.5192715484411357,0.5192715484411357,0.4799552676860056,-0.4799552676860056,0.526656951735199,0.5133526385503754,0.4725701878853757,-0.48557073759065905,79.46799307343875,78.79519111198985
55.706172,1785142385.662,0.020249592140316963,0.06072849780321121,0.39000001549720764,0.022475357593419305,0.06200943200045985,0.39079568044491264,0.5269204257302267,0.5106378936699733,0.47402136684667123,-0.4867314971001807,0.5266842589719162,0.5130742538377728,0.47271937438323564,-0.485690121870662,79.31226040137948,78.88438772686108
55.752073,1785142385.729,0.019405657425522804,0.06072849780321121,0.39000001549720764,0.022257706980849012,0.061941865243816764,0.39072691833294226,0.5268257140253524,0.5107567928944817,0.4740807524066299,-0.4866514211952791,0.5267067825924865,0.5127101957424199,0.4729336569442044,-0.48584151374931117,79.37016389011124,79.0287389644209
55.807827,1785142385.762,0.01767236366868019,0.06225553900003433,0.3890000283718109,0.021949339947809048,0.061956273801807696,0.390623454100124,0.5316015222965729,0.5156445954430731,0.4689438092479276,-0.48125063787008054,0.5271437568339727,0.5129727173429911,0.4725800100001187,-0.48543442918791924,79.446184826614,79.10068857532698
55.862489,1785142385.829,0.018139759078621864,0.061150263994932175,0.39000001549720764,0.02160904682759944,0.06192224577742873,0.3905846877774243,0.5589540690375119,0.5043068719744603,0.45022685407775626,-0.4801465478924017,0.5345925678878798,0.511037886401477,0.4674669133370916,-0.4842785871339407,80.09223838428228,79.39625331157652
55.909097,1785142385.862,0.016071030870079994,0.06088421493768692,0.39100003242492676,0.021160085400948735,0.06189467587930479,0.3905977384344217,0.5369367629581238,0.5106127703673154,0.4588718583841124,-0.49031635594275047,0.5349015794635511,0.5109858444837094,0.4663498725766222,-0.48506861717950484,80.67855357569029,79.61890558291132
55.953604,1785142385.929,0.015224934555590153,0.06003851443529129,0.39100003242492676,0.020297618690960372,0.06175251606199113,0.39062008793551084,0.5766783193449632,0.495164402117163,0.4283783976740973,-0.48861669975512906,0.5479761642799958,0.5062968747444108,0.4548166869553656,-0.4863408056825693,81.14202099581881,80.07441312727367
55.997166,1785142385.962,0.013109694235026836,0.06088421493768692,0.39100003242492676,0.01953568560089375,0.06173355568761511,0.39063027756943075,0.5656671687100981,0.5070175952441296,0.43185453592876216,-0.4862668733875617,0.55152620575063,0.5064738834213518,0.45028690865881005,-0.4863586636145193,81.05068126102294,80.24349371300661
56.04356,1785142385.995,0.012263596057891846,0.06088421493768692,0.39100003242492676,0.018756369780049652,0.061715231176794796,0.3906397831080207,0.5830714175403585,0.5058962287627111,0.41502772757346057,-0.48150671139284545,0.5591334283310476,0.5064404311677959,0.44200263802321105,-0.48530564284981126,79.79116595173382,80.16551518058371
56.091183,1785142386.062,0.01012240070849657,0.0619938038289547,0.39000001549720764,0.016954781593619527,0.061737122678599175,0.3905972303811167,0.502378720826246,0.5547543898579471,0.4839437678939253,-0.4534993024371176,0.5345038306516084,0.5284180599827439,0.46108375140517666,-0.4716797463247273,80.6330579314136,80.30443614479822
56.142932,1785142386.096,0.0058876024559140205,0.06309691071510315,0.3890000283718109,0.015051534604131191,0.061818700968257034,0.3905129989693079,0.5355852935150078,0.5201477059042329,0.464163030456603,-0.47659987260840636,0.5347952469944488,0.5262358521501581,0.46190285429468575,-0.47298586120344627,83.71624852312071,80.92239531180049
56.194375,1785142386.162,0.005058804992586374,0.061572037637233734,0.39000001549720764,0.012585333838319817,0.06180840480085449,0.390487775707611,0.5858413272374988,0.5418056852635709,0.4053673265730059,-0.44599761127581433,0.5580898932102574,0.5336454385167275,0.43698676451570084,-0.4613033542962297,62.00956594332123,74.75166646931645
56.239268,1785142386.196,-0.0012641728390008211,0.06377392262220383,0.3880000114440918,0.009532886855225577,0.061938630115328706,0.39032513119089096,0.5453895942645854,0.5097553856197364,0.4609173985218189,-0.47984871474191043,0.5543246113020136,0.5264726466758171,0.44434126063073054,-0.467024219616205,83.86899496657708,76.47123044823792
56.28648,1785142386.262,-0.0021091997623443604,0.06309691071510315,0.3890000283718109,0.006025264544177227,0.06202895755916632,0.39023693647047497,0.6154687499566689,0.47457111683835973,0.38766960566817205,-0.49567403576408076,0.5854887760834747,0.5013260002046714,0.41671239406844485,-0.48189824157056815,62.01559333517806,71.85355588433877
56.333279,1785142386.296,-0.008866081945598125,0.06494618207216263,0.39000001549720764,0.0022780014968845114,0.06224646748973943,0.3902298531389386,0.5407116276094939,0.51652601438406,0.4532330750028459,-0.4851923247083311,0.5961468089514567,0.4921228205627063,0.4066838273167692,-0.4868597090100865,84.26865785440971,74.25357036459144
56.378508,1785142386.329,-0.009311865083873272,0.06342131644487381,0.39100003242492676,-0.0002819655450981239,0.06228665875241038,0.39026647083139837,0.5287661781737024,0.5193789811875816,0.4646159163765306,-0.4845449958153762,0.6027290071062037,0.48627305314651603,0.4003307933141799,-0.4898892912697469,84.87831535572244,76.23730460704932
56.423734,1785142386.396,-0.011850154027342796,0.06426702439785004,0.39100003242492676,-0.004199413466769153,0.06245775556528483,0.39032318677913896,0.48202145809070684,0.5375282918459164,0.5036874492780414,-0.4743602036902975,0.6085081550076825,0.4810281547974353,0.39464827296885224,-0.49252662894915944,81.61627988113557,77.88240197992582
56.47226,1785142386.429,-0.01688344217836857,0.06578972190618515,0.39000001549720764,-0.007282110553531736,0.06269022092152926,0.39031521061815944,0.5189938023558889,0.5301523492113124,0.467908630638212,-0.4802555914470717,0.6103769108003545,0.47930981838610365,0.3927892975005575,-0.49337479924446376,82.8844512493268,78.77795978860927
56.521845,1785142386.496,-0.0173054076731205,0.06325911730527878,0.39000001549720764,-0.010564473161650871,0.06272180026873546,0.3903005939411207,0.5358346809556562,0.5414237270953114,0.45481902745841857,-0.4613905012948901,0.5745335168156559,0.5109457263227812,0.42422860013170727,-0.4784096546247912,83.34661325030577,80.16960874950547
56.572497,1785142386.529,-0.021947037428617477,0.0641026496887207,0.39000001549720764,-0.013207185401145252,0.06276479400844225,0.3902937215571,0.5140394424458666,0.5257312913754555,0.4728706052068535,-0.4855547874441591,0.5528699846855866,0.5167161823662701,0.44229484618179654,-0.4813672568378615,87.46846695481288,81.50145525956106
56.618914,1785142386.596,-0.023634903132915497,0.062415577471256256,0.39000001549720764,-0.0167169669023745,0.06273636757012976,0.3902808309678499,0.5596460020715613,0.5343529842588909,0.43091109150268764,-0.46430471869118206,0.5562010206049722,0.5252967172600118,0.4368318483656122,-0.47316140984586363,85.519982430303,82.7222955258201
56.666253,1785142386.629,-0.028276531025767326,0.06283733993768692,0.39000001549720764,-0.0194571760834969,0.06273936643291245,0.39027470873889,0.5289314731599879,0.5201073563611839,0.4637600782583127,-0.48440316305080955,0.547546208924376,0.5237238757728494,0.4455526681916962,-0.47685351094992345,88.72110242440111,83.80620966347735
56.713665,1785142386.663,-0.029542429372668266,0.0619938038289547,0.39000001549720764,-0.021757796611455785,0.06270494385231885,0.39026861650535,0.5535288131788637,0.5036764366286137,0.4506647853063058,-0.48663862511181966,0.5494565423342246,0.5174645349654967,0.44718369725982865,-0.47995281439334303,85.63068679173873,84.13274864143975
56.761211,1785142386.729,-0.032496191561222076,0.06325911730527878,0.39000001549720764,-0.025461434474809978,0.0627318214885376,0.39025747418647694,0.5454953386937601,0.5221537478109518,0.4462315311856808,-0.4802787937084457,0.5478805568240946,0.5193355786469167,0.4468063342813792,-0.48008494232961396,84.580567650151,84.26449178392318
56.810906,1785142386.763,-0.036715857684612274,0.06283733993768692,0.39000001549720764,-0.02819348041335134,0.06273456140298356,0.3902518998155406,0.5465871421527002,0.5124381268051016,0.4572752983395299,-0.47911268377941757,0.5475802168488642,0.5176990966559054,0.4493081032628596,-0.4798601669025487,84.34905848091746,84.27939978516318
56.858872,1785142386.829,-0.03850219398736954,0.06172991544008255,0.39100003242492676,-0.03171047154786063,0.06265200780202931,0.3903055499339764,0.5733327561051412,0.4821742275837924,0.42714175505110213,-0.5063076990553474,0.5579067164580737,0.503927388385575,0.44076196872347617,-0.49043467443979694,80.51307609766252,83.15002375056004
56.907946,1785142386.863,-0.04400182142853737,0.06342131644487381,0.39100003242492676,-0.034864748582839375,0.0626804399756235,0.3903300392638429,0.5281575730243625,0.5108220200594793,0.4889385071993746,-0.4701590986645,0.5619977447413778,0.49830144304290624,0.43725330078433955,-0.4946349742185263,83.63367715384383,83.23552924976092
56.95161,1785142386.929,-0.0456940159201622,0.06342131644487381,0.39100003242492676,-0.038699191855890325,0.06272553654532272,0.3903693381486845,0.46602210817581446,0.5697007957986324,0.5311502250617242,-0.4196949325100965,0.5662425072025581,0.492357038488081,0.4335353717877201,-0.499000051199487,83.53889500915875,83.3246373107016
56.997826,1785142386.963,-0.05148467421531677,0.06283733993768692,0.39000001549720764,-0.04211485610329804,0.06272819647607629,0.39035697430775773,0.5420131317850412,0.48679100872241626,0.4848005226132038,-0.48396769734513106,0.5597097637804433,0.49098253177319523,0.44792594172681366,-0.49499846924063406,81.7066451047869,83.03594951919803
57.043324,1785142386.996,-0.05317253991961479,0.061572037637233734,0.39000001549720764,-0.04487744776144973,0.0626726599707652,0.3903461052885479,0.5233669207069411,0.5058420261977009,0.49408890347001777,-0.4754861368218157,0.5486683683083978,0.49580948144315307,0.4624538378095741,-0.48915480946635714,83.23449062056848,83.07010741032053
57.08817,1785142387.063,-0.05612630397081375,0.061150263994932175,0.39000001549720764,-0.04908823150518076,0.06253392032013723,0.3903273355506364,0.4977652047859745,0.5387394047206627,0.515491087185174,-0.4430108280146775,0.5236295318051731,0.5180517012851141,0.48975650863531583,-0.4664473287161583,86.11377725300792,83.98880500255892
57.131639,1785142387.096,-0.06061212345957756,0.0605727881193161,0.3890000283718109,-0.05204061260864294,0.0624282889145883,0.3902658965807014,0.5113490809939201,0.5185564487020417,0.49541489340420986,-0.4734822174797013,0.5198258569317871,0.5182214791396083,0.49152731284316764,-0.46864536459103534,87.40431615449482,84.59265190819131
57.181973,1785142387.13,-0.06355831027030945,0.059731412678956985,0.3890000283718109,-0.05509776718362791,0.062250207148566813,0.3902114270815854,0.5136200417864474,0.5349354687091837,0.4930668882074852,-0.4548884926501892,0.5179680197614497,0.5233285297510744,0.4920216550363432,-0.46449011983924793,87.96871491652827,85.20411692778762
57.22562,1785142387.196,-0.06633353978395462,0.059577859938144684,0.3880000114440918,-0.059355667546048846,0.061974960614059986,0.3899910400900894,0.5047691385684904,0.5247425394283726,0.5033388786851042,-0.4652992126224898,0.5126658138607412,0.5239177971410494,0.49660231526619614,-0.4648333525142399,91.13788793529903,87.0078074919338
57.276889,1785142387.23,-0.07053156197071075,0.05999746173620224,0.3880000114440918,-0.062287518561710276,0.061893036378306246,0.38989488452308224,0.5290959271463471,0.5099533479933265,0.4746356807151827,-0.4844853489421324,0.5171825098072397,0.5202053001848417,0.4907192747280984,-0.4702162168826298,94.7650275331544,88.46347912006175
57.330931,1785142387.296,-0.07263056933879852,0.05915825441479683,0.3880000114440918,-0.06607379241057584,0.06163907069450123,0.38975162645373157,0.5250975765821112,0.5327065183398308,0.4805390162371324,-0.4577975035533702,0.5201859424406156,0.5249323932327731,0.4869209423153331,-0.46557551885470755,88.68019799241338,88.52716053648564
57.383521,1785142387.33,-0.07472958415746689,0.059577859938144684,0.3880000114440918,-0.06804715101629441,0.0615637409128154,0.3896867278326022,0.5157465292994328,0.5229647436370931,0.4914283902370356,-0.46798667897410806,0.5192309041140892,0.524510335846465,0.48789488391396557,-0.4660973697133165,92.3055562359401,89.21421815827621
57.429474,1785142387.397,-0.07640879601240158,0.06209549680352211,0.3880000114440918,-0.07077621610557179,0.06161766305071063,0.3895825488282629,0.5265034408136838,0.5321543624782632,0.46563046989576756,-0.4720107274324937,0.5216529536186966,0.527054603440995,0.4806269272543733,-0.46806986419824653,88.70718579111535,89.06364586275609
57.492904,1785142387.43,-0.07788674533367157,0.060679879039525986,0.38700002431869507,-0.07212042581786268,0.0615970965551493,0.38945490229769436,0.5239005723174445,0.5047182324673161,0.465017544841572,-0.5045258954008595,0.5222694966196778,0.5219824842295943,0.4771031101514555,-0.47659362285068174,91.24812923419913,89.44611154109234
57.545029,1785142387.497,-0.07976721227169037,0.06041707098484039,0.3880000114440918,-0.07436524050186591,0.06153632826360577,0.38938623256936067,0.5043423460771637,0.5236708280196652,0.5051583894125935,-0.46499748756380954,0.5158064273426702,0.5226736109090102,0.4874044071170255,-0.4724330321794066,89.12684092035279,89.35138338434217
57.592751,1785142387.563,-0.08186622709035873,0.06083667278289795,0.3880000114440918,-0.076426132230336,0.06150400721122663,0.3893244480328277,0.4926753316270602,0.5352851202220534,0.5062918567585364,-0.4630436409832467,0.5077987165297333,0.5271436060306871,0.4940606058596077,-0.46921658096166713,91.37974137569915,89.95369321524117
57.640475,1785142387.597,-0.08522464334964752,0.06167588755488396,0.3880000114440918,-0.07812249560013043,0.061511074734944056,0.38929396024036056,0.4833778016939485,0.5428364858553959,0.5246390266473693,-0.4432023715778055,0.5017055267869155,0.531257767751978,0.5019531679892739,-0.46270915891106007,94.56736436459215,90.79782697837325
57.689936,1785142387.663,-0.08690385520458221,0.0612562820315361,0.3880000114440918,-0.08063931140383734,0.06149766801465872,0.38923884857699054,0.5334374506797142,0.5148800185741707,0.46932612960850834,-0.4796624195745244,0.5145855966426316,0.5248593888072315,0.4890309950728386,-0.4696519685542856,90.75142862511221,90.78422409680498
57.735066,1785142387.697,-0.08961091935634613,0.061098407953977585,0.38700002431869507,-0.0823415941190431,0.06148836994495982,0.3891429255531531,0.4960293619085447,0.5324421705472339,0.5098974136349416,-0.4587644654023998,0.5097607526510013,0.5268990339114847,0.49455531925898133,-0.4668366087963494,94.10276609635376,91.3850513179877
57.796165,1785142387.73,-0.09170451760292053,0.06151692941784859,0.38700002431869507,-0.08413543595680319,0.06148924909729463,0.38906140579376036,0.5043597471212742,0.5348600854171839,0.49301161661385473,-0.46528000214395704,0.5084837664730891,0.5287925650775038,0.4941934072695055,-0.466471390937806,92.91712329904063,91.65175926029293
57.849239,1785142387.797,-0.09212324023246765,0.060261357575654984,0.38700002431869507,-0.08627857280184603,0.061405619588059665,0.3889283952536141,0.5339994822339575,0.5339994822339575,0.46351327162646083,-0.4635132716264609,0.5182228110806,0.5308613427817359,0.48269479988041075,-0.4654428890681469,92.75829839930257,91.98193402379384
57.898455,1785142387.864,-0.09505428373813629,0.06235397979617119,0.38700002431869507,-0.08869342225906976,0.06149041724689994,0.3888175054356026,0.527589430047182,0.5212263608223711,0.46261177878249626,-0.48576003975013404,0.5216345034230743,0.5274737612070542,0.47556232158522915,-0.47276775943914934,95.91494223365882,93.1756199623179
57.950622,1785142387.897,-0.09714788943529129,0.06402807682752609,0.38700002431869507,-0.09012367718650688,0.0616778442819492,0.38876722663784846,0.5115014079139496,0.5174195854366251,0.481951213927915,-0.48822772320101554,0.5194493827728338,0.5253060668195416,0.47697316987766175,-0.4761538303073495,97.15173448859244,93.88202666968303
58.000129,1785142387.964,-0.0985674113035202,0.0646975114941597,0.38600000739097595,-0.09234161606405566,0.06207476770544927,0.38853792071268467,0.49327889583972157,0.5349176904941483,0.5079382192101907,-0.4610181783629927,0.5100080010906216,0.5289367760947496,0.4883930040012514,-0.4707334695564727,57.22503075150408,80.7656113235511
58.044839,1785142387.997,-0.10023795813322067,0.06553240120410919,0.38600000739097595,-0.0935740721438072,0.062340693078193656,0.38843932323630376,0.4859777884271241,0.5324237417850839,0.5101235058849071,-0.4691743354902767,0.5043884235546385,0.5298100544570974,0.4935658697322167,-0.47041083811463624,98.98654544580009,84.31476680717003
58.098505,1785142388.064,-0.10190851241350174,0.06511495262384415,0.38600000739097595,-0.095683746937375,0.0626290024963861,0.38827926399637713,0.466283282845715,0.5560818993202572,0.5374233519790135,-0.4295683439624477,0.4885811762432482,0.5413234813481178,0.5125121228627146,-0.45341884244114944,99.03503907207484,89.02486389074818
58.149911,1785142388.097,-0.10414385050535202,0.0649462640285492,0.3850000202655792,-0.09703489667750545,0.06273351665211083,0.3881118780557654,0.47667075844542794,0.5224257979216387,0.5209786195616466,-0.4779514114098218,0.4853736620195612,0.5362069898515779,0.5148924805718894,-0.46019583407779474,99.58843807260273,90.99147598688491
58.199493,1785142388.164,-0.10622662305831909,0.06536263227462769,0.3850000202655792,-0.09947582198412648,0.062962620358053,0.3878566990021346,0.4834601233694105,0.533515142961051,0.5219645985339584,-0.45736294036592784,0.4846730140405782,0.5352201863895745,0.5175004732190241,-0.4591564894020519,53.887544537970506,77.66418660105154
58.252126,1785142388.197,-0.10872595757246017,0.0645299032330513,0.3850000202655792,-0.10104952052275916,0.06300014883850222,0.38774682181054376,0.4905846001863554,0.5186969044959259,0.5102056864377238,-0.4795523212882504,0.486075926095817,0.531429670979715,0.5158464663844405,-0.46391283878674017,59.04381455521734,73.90272701224843
58.295205,1785142388.264,-0.11012821644544601,0.0648651272058487,0.38700002431869507,-0.10344084174552698,0.06310571971953784,0.3876857727262587,0.46550630169862134,0.547006324770927,0.5475945685754446,-0.42921807068918677,0.4781898733687517,0.537709918754707,0.528452261537692,-0.45048939560891155,101.61601135477565,83.31162582272881
58.344235,1785142388.297,-0.11193183064460754,0.06553240120410919,0.38600000739097595,-0.10478671645919879,0.06320451495824414,0.38764759565489215,0.48108410063825013,0.536113070821971,0.5194340333980152,-0.4597055017669377,0.47885588578806354,0.5373549381050408,0.5264084416758531,-0.45259348611381595,100.03436972171808,86.56883348644214
58.390471,1785142388.364,-0.11360238492488861,0.06553240120410919,0.38600000739097595,-0.1070421318235619,0.06336311250804386,0.38757577315140085,0.4953128323522029,0.5232779750933718,0.505426242848547,-0.474752221616098,0.4849273683901365,0.5323150562872119,0.5188518074767613,-0.46073737651101965,56.16835386069751,75.97424602679055
58.443583,1785142388.397,-0.11569058150053024,0.06553240120410919,0.38600000739097595,-0.1084161267565484,0.06343319703008768,0.3875416187747873,0.4851241913422726,0.5414824812603916,0.5151961945964227,-0.45389880208694194,0.4849741325730796,0.5342309470696922,0.5180965183760504,-0.45931839019858933,56.17175262693711,71.96545364103112
58.490059,1785142388.464,-0.11694350093603134,0.06636729091405869,0.38600000739097595,-0.11052706449585692,0.06367856008511974,0.3874764672093105,0.47585803775604224,0.5403430029326908,0.5282951460300741,-0.44999200633535014,0.4821434341567551,0.5361575849118975,0.5212988361431634,-0.45642116129377197,57.90886823633444,67.4007065597566
58.532108,1785142388.497,-0.11830676347017288,0.06619535386562347,0.3850000202655792,-0.11164145692788434,0.06376854218277883,0.38737404414260884,0.48351085963142854,0.543997480550492,0.511144419749704,-0.4571819899470369,0.482392875530034,0.5375604746241246,0.5194966430311813,-0.45656224946778573,56.959622063154995,65.4218471393483
58.577155,1785142388.531,-0.11913987249135971,0.06827715784311295,0.3850000202655792,-0.11269863151231183,0.06410748230480602,0.3872818874850679,0.47655627668454664,0.5398573737924586,0.5281240425883655,-0.4500368059999023,0.48136402748646,0.5379736529575477,0.5210314903754268,-0.45541103170947433,58.39012913208777,64.09324146053412
58.622771,1785142388.597,-0.12038954347372055,0.06827715784311295,0.3850000202655792,-0.11439691617004571,0.06456647357274715,0.3871374554145665,0.502370303703598,0.5358429991470816,0.49164258695562185,-0.46774343919866906,0.4879452075911087,0.5373978221267143,0.5120107203027698,-0.4593017281236516,58.39012913208777,62.347273757400316
58.669147,1785142388.631,-0.1220557689666748,0.06952624022960663,0.3850000202655792,-0.11545849285881393,0.06495036726584622,0.38707028921073255,0.49041762462494953,0.5394957442706911,0.5015690223715892,-0.4656859576670134,0.488400453603698,0.5377855830386651,0.5101187613371303,-0.4604677110583726,57.33409610561686,61.4190627798574
58.718655,1785142388.664,-0.12279043346643448,0.06803706288337708,0.38600000739097595,-0.11640801856612527,0.06506584696345162,0.3870356893358179,0.4950175074286307,0.5332623779137113,0.5092106410380391,-0.4596666473593541,0.4895039065269139,0.5370352710037479,0.5099699547527089,-0.46033649479738353,57.05784368669844,60.63592259297145
58.766191,1785142388.731,-0.12320807576179504,0.06887194514274597,0.38600000739097595,-0.11772675400200723,0.0654089770864934,0.38697687686325843,0.4983455260097427,0.5318712084512549,0.49629030603386187,-0.4716573824965434,0.4919312379395587,0.5356518076349279,0.5062671630953123,-0.4634375445387564,102.28837478038585,75.80691361137744
58.816443,1785142388.764,-0.12446098774671555,0.06720217317342758,0.38600000739097595,-0.11849487756576996,0.06546713801925462,0.3869501571424259,0.5108802969645092,0.5279981954924495,0.4858606058752914,-0.473454009792574,0.4954096769903795,0.5342978784990232,0.5025931665598059,-0.4652903801961933,57.34599332438634,72.20554917400959
58.862799,1785142388.831,-0.12487862259149551,0.06636729091405869,0.38600000739097595,-0.11961140365030475,0.06554255917049599,0.38690263196996677,0.49234074295046204,0.5363101453936858,0.5059029036155709,-0.46263838242424815,0.49461430616260377,0.5348219920477666,0.5034540808015907,-0.46460317851427807,58.845409914312604,67.9623310069666
58.913047,1785142388.864,-0.12654916942119598,0.06678472459316254,0.38600000739097595,-0.12038822867469075,0.06558091138658359,0.38688058209675397,0.497942699444514,0.531285642265062,0.4969942367092211,-0.47200144392864907,0.49510230384596465,0.534311417932431,0.5025178821196575,-0.46568314930156846,59.9926136546561,66.5091350258084
58.971225,1785142388.931,-0.12654916942119598,0.06636729091405869,0.38600000739097595,-0.12138331856665009,0.06563477511961217,0.3868400504568079,0.48969517743174085,0.5394023775231972,0.5027123597959638,-0.4653213853142702,0.4939104392830531,0.5354383537985176,0.502563226611282,-0.4656054665774579,59.043355849910654,64.20328131176818
59.019713,1785142388.964,-0.12821973860263824,0.06761961430311203,0.38600000739097595,-0.12210594718688701,0.06570177835058313,0.38682096780599085,0.4797727737589586,0.53843276582834,0.517129267468666,-0.4609615634403802,0.4919254580056314,0.5358759702815568,0.5046355175615584,-0.464961592667747,58.500477733609614,63.17841760762448
59.068832,1785142389.031,-0.127887561917305,0.06869351863861084,0.3850000202655792,-0.12294172216203403,0.06597960174125633,0.38669276048473894,0.4922389814142527,0.5466843963678545,0.4937128017582207,-0.4637721696309745,0.49200921350266474,0.5384138460562556,0.5020930711402704,-0.4646934603761187,58.513875711706085,61.75833140916458
59.127104,1785142389.064,-0.12872068583965302,0.06869351863861084,0.3850000202655792,-0.1234212100230313,0.06609727092822416,0.38663637356147373,0.4876657766390564,0.5417117065635283,0.4992734531369872,-0.46846188346515943,0.4914653738551775,0.5388293671285598,0.5017405484838339,-0.46516784221221463,58.24747390501879,61.137681501428844
59.180028,1785142389.131,-0.12997034192085266,0.06786080449819565,0.3850000202655792,-0.12445886487866208,0.06617519425153486,0.38654126775394704,0.4846786377144621,0.5435452429864643,0.5117460501558533,-0.4558082569676876,0.49000326877018247,0.5398644828756243,0.5039227632685932,-0.46314682918456485,59.367556880030364,60.607683819059986
59.228142,1785142389.198,-0.1308034509420395,0.06869351863861084,0.3850000202655792,-0.1254083104235318,0.06635308022964173,0.3864596768111094,0.46952281967944826,0.5482252673396752,0.5195650719198763,-0.45721932821294387,0.48518136867855693,0.5418844136616955,0.5076666696408152,-0.4617736179704575,58.569979594394816,59.99649815716358
59.279173,1785142389.231,-0.13246968388557434,0.06702807545661926,0.3850000202655792,-0.1261155954405157,0.06638081137054797,0.3864221825523473,0.47718350652773156,0.5412107768593979,0.5143521186459219,-0.46349616411961503,0.4841220815198893,0.5417984272957724,0.5085580279187265,-0.46200541837092457,57.50783460984706,59.56002613259187
59.326803,1785142389.298,-0.13288624584674835,0.06744443625211716,0.3850000202655792,-0.12718235746587087,0.06643929703948398,0.38635427828260593,0.4854329619045868,0.5334840568318924,0.508570991293118,-0.47021819128768455,0.48441059071472353,0.5400108010409242,0.5085667755351434,-0.4637828685757368,58.06759475695985,59.11379806070903
59.376036,1785142389.331,-0.13337202370166779,0.06851509213447571,0.3840000033378601,-0.1276952052344621,0.06651389521389178,0.3862516108406747,0.4807208818808333,0.5391212545241703,0.5015518014352955,-0.4761318064580527,0.4839421034096887,0.5399029776311493,0.5076710822576512,-0.4653760710777576,58.878217729006806,59.073257396033135
59.421368,1785142389.398,-0.13378749787807465,0.06809981167316437,0.3840000033378601,-0.12852198964589565,0.06658980720648346,0.38608942638904603,0.4956419694693574,0.5338606688433738,0.4939333750974676,-0.4747227036149275,0.48667667638214385,0.5385223629177412,0.5045033043421312,-0.4675637851790849,58.20476104454367,58.814568634899445
59.468131,1785142389.431,-0.13378749787807465,0.06851509213447571,0.3840000033378601,-0.1288554776732236,0.06665136942266978,0.3860183274697996,0.4882433590485118,0.5321949388228583,0.4957176239958104,-0.4823390992821425,0.4869103821136252,0.5376302714639939,0.5032595977578794,-0.4696826037443724,57.529208364671575,58.59137976332431
59.51505,1785142389.465,-0.13337202370166779,0.06893037259578705,0.3840000033378601,-0.1290786190260275,0.0667411041783873,0.38595259194470377,0.4932910718695943,0.5363516422482791,0.4905182842572133,-0.47789397054229543,0.48789971353729433,0.5374432608127708,0.5013101606475899,-0.47095300590255235,57.24677655943524,58.351978971523806
59.567301,1785142389.531,-0.13330279290676117,0.06952624022960663,0.3850000202655792,-0.12939485343389973,0.06697188495745526,0.38589746728146485,0.47497878997824583,0.5345758211311538,0.50749542616385,-0.48069973263517274,0.4847365886988096,0.5367535657093112,0.5028453675951287,-0.4733630589337333,57.93305125863672,58.22885030323002
59.622224,1785142389.565,-0.13371935486793518,0.06827715784311295,0.3850000202655792,-0.12959025725749104,0.06700773937911848,0.3858714691348437,0.4777859790189712,0.5314345649212633,0.5108050301871682,-0.477887102352969,0.4837305983850976,0.5359853777590912,0.5040079489243482,-0.47402570651338244,58.17622006891548,58.21958150017927
59.670719,1785142389.632,-0.13246968388557434,0.06994260847568512,0.3850000202655792,-0.1297341963987527,0.06726127625250383,0.38582694443859966,0.4803027767079118,0.5394798166658595,0.5016600761775818,-0.4760335472068574,0.4830031653342,0.5367298340949062,0.5035101808417057,-0.4744539232194743,59.69920187111802,58.66193877560153
59.717971,1785142389.665,-0.1316365748643875,0.06869351863861084,0.3850000202655792,-0.1298126371753996,0.06729796593596031,0.3858063613807453,0.49808120068797096,0.5219548331923229,0.477035797511229,-0.5019114638272663,0.4856635494871565,0.534259680450874,0.49902202416531527,-0.47924370621012624,58.155341284294884,58.574558757309674
59.764578,1785142389.732,-0.1308034509420395,0.06786080449819565,0.3850000202655792,-0.12990673486555093,0.06734015749511796,0.38576873708338355,0.495634304242792,0.5241040294584938,0.48994270996141603,-0.4895076544026635,0.48844355608044443,0.5314683325795297,0.4965273503252054,-0.48210465084632276,59.25206067249953,58.77611926070297
59.81218,1785142389.765,-0.12997034192085266,0.06910988688468933,0.3850000202655792,-0.12991058044386453,0.06739470988972017,0.3857510667045606,0.48779153770294376,0.5320349197126354,0.49596592551182767,-0.48271737143277066,0.4883525200290235,0.531547523082898,0.4964489696771292,-0.4821902813125282,58.54252352294841,58.735922041105844
59.859698,1785142389.832,-0.12921728193759918,0.06851509213447571,0.3840000033378601,-0.12982949346575998,0.06744645552881887,0.38562839093470747,0.47538532564201896,0.5340692013280971,0.5071403233329669,-0.48123546503425313,0.485313008005545,0.5321549395476803,0.49897846582541694,-0.4819781065755247,58.970107428708715,58.80540250688979
59.912804,1785142389.865,-0.127304345369339,0.06898447871208191,0.38200002908706665,-0.12960228084225628,0.06748876061854427,0.3853675568092707,0.49799560846588414,0.5426922344813212,0.4843604546696428,-0.4721021738295445,0.4872775199117864,0.533792030787317,0.496754246546397,-0.48048091012514965,60.636903052687366,59.12488978491858
59.960619,1785142389.932,-0.12680880725383759,0.06833666563034058,0.3830000162124634,-0.12919191832502047,0.06753328977977929,0.38518024700629494,0.5032001619201099,0.5265409469407869,0.47196888795205516,-0.496779223643235,0.49188395896686316,0.5317857303441264,0.48973571153226914,-0.4851938177300198,59.327726627848556,59.185059477608576
60.012223,1785142389.965,-0.12432245910167694,0.06875087320804596,0.3830000162124634,-0.12864139850074183,0.06756210020799601,0.38509919941040077,0.4901237625636724,0.5304115822436053,0.48298441779026596,-0.4951447293105945,0.4916041833712695,0.5315688143549512,0.4886484543768425,-0.48680859743051125,58.18066748633618,59.011083904491024
60.058997,1785142390.032,-0.12215421348810196,0.06976093351840973,0.3840000033378601,-0.12724093009191004,0.06773380407583976,0.3850430953576809,0.4825467161370469,0.5273280251416232,0.5010412577960415,-0.4878846980914123,0.48927954119676187,0.5304877449240867,0.49185744369058876,-0.4870980785609843,65.04719443876797,60.86547812332306
60.110051,1785142390.065,-0.11727778613567352,0.06916506588459015,0.3830000162124634,-0.12543683807986938,0.06776906153691646,0.38496916031253015,0.4826948542276596,0.5383516086519226,0.4883692140355193,-0.4885475759292585,0.4883313275177961,0.5316283982846497,0.49135684724124645,-0.48731120382271864,56.220826996972114,60.0366031523939
60.161121,1785142390.132,-0.1156202182173729,0.06916506588459015,0.3830000162124634,-0.12268196192954045,0.06783370905316242,0.38484703738595794,-0.4859685311652456,-0.5044316428270882,-0.49552872541838056,0.5136483103419048,0.4877332183061503,0.5239907203003765,0.4926132262127026,-0.49485577915199713,58.07610045800612,59.448828619925926
60.212097,1785142390.165,-0.11093640327453613,0.06768453866243362,0.3840000033378601,-0.1202303243591114,0.06782659889469059,0.38482036287795496,0.4867748588899325,0.5335488368914509,0.49506776823779186,-0.4829945965086135,0.487582564295582,0.5255822265591262,0.49302784002213357,-0.4928997008349727,59.1643302603656,59.39985449844623
60.263353,1785142390.232,-0.10885903239250183,0.06809981167316437,0.3840000033378601,-0.11661192685555634,0.06784411995021661,0.38477470910206596,-0.5012847467657513,-0.5083946103018446,-0.47649005564525815,0.5130358172167039,0.4917153256445746,0.5205362707335436,0.488171122652561,-0.49894587320189676,61.438226502719345,60.01138918845698
60.322264,1785142390.265,-0.10428880900144577,0.06934565305709839,0.3840000033378601,-0.1138224904909957,0.06789747136864668,0.38475390038347757,0.4700665262374243,0.519102379645128,0.5224815565430847,-0.48639819431219294,0.48721490277861246,0.5203116049011363,0.4954943822095452,-0.4963696097812721,58.28883372700692,59.711218812546775
60.372579,1785142390.332,-0.103310726583004,0.06952624022960663,0.3850000202655792,-0.11047652004532842,0.06800662872980877,0.3847740435689139,0.5030974843952846,0.5259086206768128,0.4726733784526182,-0.49688320679525516,0.4925583241275728,0.5222258120746144,0.48792360294013665,-0.4965853967139614,58.01469460569313,59.20335024754776
60.42033,1785142390.365,-0.09831205755472183,0.0711916908621788,0.3850000202655792,-0.10765550388827419,0.06821167505338699,0.3847827193004047,0.4845806346139222,0.525482637710313,0.4881226975430017,-0.500785221592574,0.4910777551299518,0.5228352761437214,0.4879640340250592,-0.497370097547326,58.34232492230274,59.05438448713757
60.469578,1785142390.432,-0.09655816107988358,0.06957926601171494,0.3830000162124634,-0.10391148564087618,0.06827773481856,0.3846368220002615,-0.5063359442833748,-0.5128684651851647,-0.45612716702260975,0.5220515840883974,0.4962966902673499,0.5196099599896082,0.4774039659200511,-0.505747504228225,100.60505267253079,74.2346503668561
60.51561,1785142390.465,-0.09265552461147308,0.07266789674758911,0.3840000033378601,-0.10134405740862594,0.06864363086983032,0.38462242780329386,0.5071412482770112,0.5131150539410051,0.4865315420598333,-0.49275526815655124,0.4985015967361916,0.5183165197056506,0.4792617570728949,-0.5031424367503607,69.56617628555196,73.42051016173396
60.564335,1785142390.532,-0.08974720537662506,0.07017621397972107,0.3840000033378601,-0.09726321145377936,0.06871608331491914,0.38459533175457905,0.5230698306720779,0.5162185171930407,0.45235797772006625,-0.5052609768631597,0.5068733503166117,0.5176854473409518,0.47024737883546286,-0.5039331176342636,56.19937842417871,67.86456544467424
60.614748,1785142390.566,-0.08559245616197586,0.07266789674758911,0.3840000033378601,-0.09441595012583526,0.06900753618019383,0.38458206564921826,0.4960873354939617,0.525582273137298,0.4879508210993853,-0.4894533950385553,0.5045734868073771,0.5194220772294718,0.47409960632180526,-0.5008351678777914,59.047181030916185,66.21313250925955
60.671892,1785142390.632,-0.08373257517814636,0.07202441245317459,0.3850000202655792,-0.0907451952887688,0.06927607473809662,0.3846131205876269,-0.5041912790367886,-0.5043214007590241,-0.4650514604402611,0.5245743207802716,0.5044951804277656,0.5144445199762393,0.4711329148184553,-0.5087879964840356,59.07918489429943,64.04136998281643
60.731696,1785142390.666,-0.07872419059276581,0.07407266646623611,0.38700002431869507,-0.08771700386916934,0.0696743119022906,0.38479415788053095,0.49597269567387114,0.5141308841214004,0.5002185455369509,-0.48934847076438054,0.5026095944474607,0.5144317196790923,0.4778183215145345,-0.5044137716026436,56.762746429389715,62.68753815855819
60.7892,1785142390.732,-0.0760149285197258,0.07388126105070114,0.38600000739097595,-0.08344949402160072,0.07015613507895427,0.38489162239709857,-0.5192885579270233,-0.49947721959500924,-0.4539055235673593,0.5242439092509831,0.5086719804313544,0.5091589245526835,0.46932876946367963,-0.5116058170370102,57.32607402012017,61.06742854121892
60.846936,1785142390.799,-0.07021990418434143,0.07474429160356522,0.3840000033378601,-0.0782951632001426,0.07070899110920517,0.38482301573476785,0.5370327017681804,0.49282517681104365,0.47686048673174036,-0.4912466778785378,0.5189173080546527,0.5034005571763739,0.47210886509450234,-0.50440650861682,57.81137939981462,60.08473545000859
60.902871,1785142390.866,-0.06582064926624298,0.07493894547224045,0.3850000202655792,-0.07349519411339935,0.07114912089352197,0.3848314907456707,0.5314572123187751,0.4992772201866298,0.47055084580571793,-0.4968474518286186,0.5228920991040953,0.5021106076913668,0.4716285751230397,-0.5020311518877396,54.869859604076545,58.491626138851245
60.957782,1785142390.899,-0.060663990676403046,0.07474429160356522,0.3840000033378601,-0.07002986028961879,0.07130964687245302,0.3848002996035054,0.5177096827652949,0.4926124220480899,0.49262765502451744,-0.4966162296180191,0.5218989183630585,0.5002691935560198,0.4757729618059828,-0.5009913590119512,57.86966862490868,58.384286775231395
61.010038,1785142390.966,-0.057072963565588,0.07244078069925308,0.3850000202655792,-0.06480927054179952,0.0714037104803532,0.3848103998013904,0.5082051041607422,0.5020172452186689,0.49797458318980387,-0.49165798285492035,0.5175967345713366,0.5008657015999213,0.4828583935297931,-0.4980712209310386,56.08807033088925,57.694521146055834
61.063449,1785142391.033,-0.05346245691180229,0.07388126105070114,0.38600000739097595,-0.06045896580832303,0.07154729606384015,0.38490579825017945,0.5389960803772342,0.4811959124679919,0.47431841456043344,-0.5029470755168496,0.5243297650713379,0.4947755883003178,0.4802410966162822,-0.4996437769082096,57.51399989590576,57.640986747301596
61.112097,1785142391.066,-0.04803315922617912,0.07304637134075165,0.38600000739097595,-0.05707413689586169,0.0715921285614973,0.3849470003389249,0.5061053658344263,0.4937560065761195,0.5061669743967923,-0.49381915583905944,0.5206328393405878,0.4946082209717689,0.48560426676354723,-0.49849037147003883,55.75245397088101,57.3114313412828
61.162257,1785142391.133,-0.04552732780575752,0.07304637134075165,0.38600000739097595,-0.05256510719495406,0.07166992536622097,0.38501439470182447,0.5548588490687498,0.4751787644408788,0.4642474569197169,-0.5008104413629149,0.5328785607751387,0.48783830715039234,0.478149437940828,-0.49942701222473584,54.175620478221745,56.36447632906112
61.212297,1785142391.166,-0.040098030120134354,0.0734638199210167,0.38600000739097595,-0.049118413061412194,0.07171172969698933,0.385044452458265,0.5367628753948933,0.48356074627658036,0.48596389201861284,-0.4918269166204354,0.5336717017866276,0.48697807762287265,0.47973777741048407,-0.4978940967235352,57.10136106611183,56.49181399276894
61.26423,1785142391.233,-0.038108307868242264,0.07323561608791351,0.38700002431869507,-0.044852640135411626,0.07177892383557441,0.3852135358028773,0.5285000112311246,0.48192012844672216,0.4879570071921868,-0.5003385724273517,0.5321565971478461,0.48549583790419315,0.48216304858479164,-0.49862003777340336,56.69080471881579,56.55083553954517
61.309188,1785142391.266,-0.032162897288799286,0.0726289376616478,0.38600000739097595,-0.041292891066314924,0.07180804220726214,0.3852296206137607,0.5560023801502627,0.47350062277440064,0.4653410656371408,-0.5001161926304603,0.53684278510088,0.4831974638673091,0.4789242826829712,-0.4989504649300695,54.886653856329104,56.260928622211836
61.357935,1785142391.333,-0.0300747063010931,0.07388126105070114,0.38600000739097595,-0.036884750170149944,0.0719394328278167,0.3852608879985857,0.5459701626606673,0.46366439928384107,0.47498338981785987,-0.5111973060552787,0.5397184814858875,0.47715357303334194,0.47773066449984136,-0.5027940340543262,56.17428542933183,56.23524450623168
61.403694,1785142391.366,-0.025898324325680733,0.07471615076065063,0.38600000739097595,-0.03398991629963838,0.07206959568823658,0.385275961659102,0.5272619270860105,0.4827220571075779,0.5023822218016255,-0.4864014587200961,0.5372092530294379,0.47833753395310336,0.48283038757320274,-0.49947396219135165,55.99235912649197,56.193442341506945
61.453898,1785142391.4,-0.0238101314753294,0.07388126105070114,0.38600000739097595,-0.031330272988172696,0.07211730303894123,0.3852911554535377,0.5275254444228743,0.48235383612898264,0.5025563907070106,-0.48630109645943215,0.5351202090313898,0.4792442699164969,0.4871764773510109,-0.4966189399874572,51.972782915828745,55.42391317972193
61.500223,1785142391.466,-0.0213043000549078,0.07513358443975449,0.38600000739097595,-0.02761094310310174,0.07237998810899614,0.3853194444408949,0.5359796170476819,0.47402511444034734,0.4809173775827085,-0.5066996318611315,0.5353943137673725,0.4776466823225625,0.4852589878208707,-0.4997302176083385,55.220330972787075,55.364148761902946
61.546532,1785142391.5,-0.01675356924533844,0.07532823830842972,0.38700002431869507,-0.024767851956014265,0.07251652336783394,0.38538941169413443,0.522477531896381,0.4773959340773392,0.5074454587454711,-0.4915378491921952,0.5328249438148249,0.47762408906376486,0.48975429494933764,-0.4981099671492379,55.18029344070209,55.331728847695594
61.593923,1785142391.566,-0.01424124650657177,0.07616528868675232,0.38700002431869507,-0.020855606637180748,0.07287698913664065,0.38549725688452147,0.5497430123236378,0.4599988542986757,0.4794651972291828,-0.506257641020083,0.5382015837436522,0.47210843677669156,0.4865519279506597,-0.5007193830755797,53.29625879958485,54.72741439150965
61.647155,1785142391.6,-0.009635322727262974,0.07616528868675232,0.38700002431869507,-0.017905550015970207,0.07303444323036135,0.3855469832967914,0.5372848914537084,0.48306394757043836,0.4872841551922231,-0.49043686655046964,0.5380380445814475,0.47418290640992383,0.48669848569792384,-0.49878875074620266,86.5243658149471,61.758769425573675
61.696561,1785142391.666,-0.0075417207553982735,0.07574676722288132,0.38700002431869507,-0.014106357611928518,0.07320176879702785,0.3856280845986872,0.5372168801789294,0.47282088122181076,0.48153737649696654,-0.5059250863199678,0.537823091202887,0.47382309655819527,0.4853247957763678,-0.500697352041731,52.64333415677393,58.96013015156929
61.746925,1785142391.7,-0.0037732368800789118,0.07574676722288132,0.38700002431869507,-0.011526308973933287,0.07327989041524659,0.38566655895263685,0.516492701408398,0.4834987763074625,0.50179202511555,-0.49766352712598627,0.5339810919954605,0.4756100987491902,0.4883463434765016,-0.500177044827381,53.27562240757981,57.91881316284582
61.798326,1785142391.766,-0.0020983554422855377,0.07532823830842972,0.38700002431869507,-0.00825851408813813,0.07336385883983822,0.38573216603838634,0.5283443201871095,0.4817642553534201,0.5029388597877025,-0.48560064343576764,0.5324011352313158,0.47738848284550867,0.4925309260648485,-0.496046927740282,52.84613963757813,56.39130829533345
61.844177,1785142391.8,0.0012481739977374673,0.07680336385965347,0.38600000739097595,-0.00604807494951028,0.07353837413829208,0.3857422496620807,0.5302439629923597,0.47925350862721766,0.5058770234834932,-0.482955330532897,0.5320335011125825,0.47773073793708737,0.49490399023063886,-0.4937446062265037,53.58285387794913,55.88700769971685
61.893975,1785142391.867,0.0029262893367558718,0.07700233906507492,0.38700002431869507,-0.0030762983516984034,0.07383602090019593,0.38580748234816437,0.5355843693641863,0.47500448030424813,0.4953674464956451,-0.4920683082012519,0.5329122421261665,0.477057966817604,0.49501959575633964,-0.49333136764769586,86.78613706331623,66.68681757329772
61.94224,1785142391.9,0.006259834859520197,0.07638592272996902,0.38600000739097595,-0.001048458702200826,0.07390693699837919,0.3858143828423971,0.5285173746651737,0.4710731985704108,0.5134807038366926,-0.48486801611680835,0.5322451225779854,0.4761418736398206,0.4979058350686361,-0.4920303090901115,53.07776997736608,64.11845467673251
61.984884,1785142391.967,0.008742956444621086,0.07577166706323624,0.3850000202655792,0.002221296464658668,0.07400199843735457,0.3857384600625042,0.5471617782133443,0.4625046308028301,0.49144286659104136,-0.495163976703807,0.5361806428523939,0.4725867547140923,0.49623310868193554,-0.49287399946341093,53.03348104244407,60.64019896912693
62.027059,1785142392.0,0.011689133942127228,0.07722080498933792,0.38600000739097595,0.0042439708411641675,0.07414727816412725,0.3857445710372312,0.5404510225419841,0.4691024812910188,0.5017623703759294,-0.4858910144823239,0.5368084441492798,0.4720807511966483,0.4970446264896125,-0.4918567859829112,87.31430213176296,66.25340767299684
62.072301,1785142392.033,0.013394298031926155,0.07700233906507492,0.38700002431869507,0.006163008124757601,0.07425178964806066,0.3857924796877945,0.5258557905734506,0.47415496192873985,0.5106223502968524,-0.4877679519772134,0.5351157437894136,0.47241357660991945,0.4991678694455091,-0.4912310978516708,52.58232935079735,63.667417628842024
62.118726,1785142392.067,0.015030241571366787,0.07763824611902237,0.38600000739097595,0.008021897168194042,0.07441330583739385,0.3857980151009199,0.5465239648923931,0.46322484589747825,0.49196213453732235,-0.49467924569668115,0.5370043220097284,0.4709097208699708,0.4979910209225419,-0.49180823093311743,52.551285959447654,61.54696957435314
62.171953,1785142392.133,0.017162783071398735,0.07700233906507492,0.38700002431869507,0.010878922774283553,0.07455397446713165,0.3858766680037824,0.5467754913915995,0.46329148361453876,0.4919007000877037,-0.4943999033949556,0.5394626689572226,0.4690095161125781,0.49647417351218354,-0.49246674774322546,84.16117051909255,69.09323781160117
62.218153,1785142392.167,0.019675105810165405,0.07700233906507492,0.38700002431869507,0.012651221796643151,0.07462100471959614,0.3859130599797206,0.5389470282780808,0.47122995258252365,0.4990592756808807,-0.48828093538061945,0.5393933715833645,0.4693127510700438,0.49682712349914576,-0.49189749107975955,52.13876197001882,65.72511976999095
62.265188,1785142392.234,0.022187426686286926,0.07574676722288132,0.38700002431869507,0.015637479280667454,0.0747038450349447,0.38597352249540967,0.5721883565294671,0.4469592321729148,0.47579090102858795,-0.49643826194795915,0.5488654806827016,0.4630304342823155,0.4909264946072832,-0.49329573070915816,52.68817603093275,61.57825699642416
62.307517,1785142392.267,0.024699751287698746,0.07742086797952652,0.38700002431869507,0.017413636371632693,0.07481244166494762,0.38600108309676173,0.5386355071358583,0.47132874353126936,0.4993117109910459,-0.4882712578484689,0.5471578153130878,0.4644327261905441,0.4923439058064559,-0.492461213092231,85.07792997217898,66.4079726172393
62.352056,1785142392.3,0.02588883973658085,0.07722080498933792,0.38600000739097595,0.019004759465849657,0.074891017045234,0.3860010450780843,0.538874806680995,0.4706822510942134,0.4995743901279626,-0.4883621504147085,0.5457873505850194,0.4654774878715059,0.4935521078298686,-0.4917857186650616,84.76377428098698,70.06965268814832
62.408236,1785142392.367,0.026793351396918297,0.07742086797952652,0.38700002431869507,0.021134635305296468,0.0750523344456273,0.38605456193084575,0.5527011469986997,0.4670171146330219,0.4878285331133635,-0.48830295824071407,0.5475221087781904,0.4658668663732292,0.49212442104508525,-0.49091868718323484,52.989803675176496,64.53436523210026
62.460805,1785142392.434,0.029305674135684967,0.07783938944339752,0.38700002431869507,0.023345250002227116,0.07524914965054713,0.38610155721512834,0.5559367924997516,0.4641254570626911,0.49062261843470123,-0.48457330625171047,0.5494065010591682,0.46548273742049473,0.49179405747476884,-0.48950681587690764,53.89467670576817,61.188274682026616
62.50684,1785142392.467,0.03090050257742405,0.07930801808834076,0.38600000739097595,0.0245477108878912,0.07550135230408742,0.3860978253413911,0.5438569842036736,0.47540121174826316,0.49508218036034374,-0.48281145729033415,0.5486876814172754,0.4667826442067575,0.4922285362061039,-0.48863775895102335,84.23633270959404,65.90648300889939
62.552399,1785142392.5,0.03257105499505997,0.07889057695865631,0.38600000739097595,0.02586474574171797,0.07566098129638957,0.38609450286782826,0.538993086596631,0.4703246488052769,0.4999078246598022,-0.4882349272339434,0.5473867256777838,0.4672644034220388,0.4932680008182629,-0.4885882000367539,53.28702843908486,63.52449628182224
62.592658,1785142392.567,0.0334063321352005,0.08014290779829025,0.38600000739097595,0.027710993959640252,0.07617560406557598,0.38608892683846313,0.5394380356156037,0.47062691233726706,0.4995465294868965,-0.4878218732208164,0.5456785476385809,0.46799377349881416,0.49462622090188985,-0.4884277348899268,53.34921222595116,60.33326675337945
62.636137,1785142392.6,0.0354025699198246,0.08035164326429367,0.3850000202655792,0.028878128927721087,0.07641563518289719,0.38603635982198775,0.5420708341091717,0.46716337377452943,0.502815939414449,-0.48486464511505817,0.5452478453113123,0.46789632869758707,0.495612502852779,-0.48800211043672237,85.90334924434023,65.65673319495889
62.682632,1785142392.634,0.0359121635556221,0.0805603489279747,0.38600000739097595,0.029884186308137217,0.07665079006421911,0.38603548347281075,0.5132652490555213,0.4768437920375525,0.5221302500289055,-0.4863730914760537,0.5396853663677347,0.46953393123480913,0.5003489229104499,-0.4877792001408652,85.67373039008696,69.79114597590866
62.73385,1785142392.701,0.036747440695762634,0.07972545921802521,0.38600000739097595,0.0313645750097106,0.07683791106310081,0.38603389973169266,0.538355711232813,0.4622130761495238,0.5069542676596562,-0.48941758337953906,0.5393484861734636,0.46765481967658623,0.5020533546641681,-0.48820549891014936,86.62520798649086,75.32150865644965
62.781261,1785142392.734,0.0384179912507534,0.08014290779829025,0.38600000739097595,0.032294209594029316,0.07696198667282607,0.3860331499200737,0.5307089815493544,0.4789058105639382,0.5063376226508434,-0.48230634808100586,0.5380436935693327,0.4693732027647186,0.5027130110919797,-0.48731653862299346,83.55335844244135,76.85301020397931
62.827278,1785142392.801,0.03893624246120453,0.08118758350610733,0.38700002431869507,0.03361695610109152,0.0773707549467508,0.38610196578007894,0.5233887004087537,0.47671277682688695,0.5082216791058982,-0.4904283042211325,0.5343892566919041,0.47122483795300146,0.504107101531492,-0.4881099308700447,53.478035234830216,69.03424124136185
62.872239,1785142392.834,0.04102984443306923,0.08076905459165573,0.38700002431869507,0.034584906958211765,0.07749585183575379,0.38613218480421946,0.5313373460439396,0.4782234664620854,0.5066772176508445,-0.48193478597997896,0.5339676245662272,0.47220219858772045,0.5044680630582843,-0.48725315075250836,53.60909158766739,66.0450462042618
62.919034,1785142392.867,0.04102984443306923,0.08076905459165573,0.38700002431869507,0.035316024220820065,0.07760719928844619,0.38615942185544055,0.5400852612966628,0.469895401006007,0.49995929522663135,-0.48738785967646886,0.5347890924901338,0.47189491006848916,0.5038659184802127,-0.4872729795495777,54.23413041030636,63.81044123566474
62.967369,1785142392.934,0.04312344640493393,0.07993200421333313,0.38700002431869507,0.03699150647401741,0.07772330717447776,0.38620608010526114,0.5404927904311997,0.46934921674319086,0.5001161734518191,-0.48730141523122883,0.5359705366226534,0.4713706963883431,0.5030929321572877,-0.4872809785659362,83.86774847292257,70.44379410935208
63.017083,1785142392.967,0.04437960684299469,0.08118758350610733,0.38700002431869507,0.037910949100128793,0.07786791033655546,0.38622735569685274,0.5215846197391876,0.46845665574015005,0.5158545543159541,-0.4923331442588138,0.5340713684509377,0.4709944379782072,0.5048004346217754,-0.48796366053242335,84.03782555809197,73.05329951364381
63.067572,1785142393.034,0.04551784321665764,0.0805603489279747,0.38600000739097595,0.03947071545738745,0.07799943544517175,0.38621255996932935,0.5305953272731484,0.45967756333827814,0.5092214688760309,-0.4978540268743657,0.5332994866739466,0.46845292749388506,0.5058087880225547,-0.4902050409725182,53.15733062910059,66.48561601449673
63.116802,1785142393.068,0.048441313207149506,0.08181267976760864,0.38600000739097595,0.0408150709894062,0.0781911484514287,0.3862057963141672,0.5298286772594236,0.4700475434175627,0.5142111714497658,-0.48365664560399,0.5328492299690162,0.4686649876036724,0.5069118871904368,-0.48935178158550297,53.205740876719155,63.88482716653449
63.161652,1785142393.134,0.049694232642650604,0.08181267976760864,0.38600000739097595,0.042865113008786926,0.07847422711417558,0.38619465207662035,0.539749755817615,0.4510688146812566,0.5022472274900136,-0.5029461680890569,0.5344938576223025,0.4645636865920678,0.5058440137872326,-0.4925634283822122,53.61763942373918,60.67793319319234
63.211095,1785142393.168,0.05345297232270241,0.08389989286661148,0.38600000739097595,0.04473384621885933,0.07890352305165385,0.3861893388365784,0.5081188599086736,0.4717744079717233,0.5267152057639213,-0.49174711407908606,0.5299636979674185,0.4658540340840145,0.5095076806003391,-0.49246362421361783,54.002743297696206,59.431698629197264
63.259073,1785142393.234,0.056230392307043076,0.08326617628335953,0.3850000202655792,0.048068443086984464,0.07932417553733523,0.3860936480247404,0.5154923986934861,0.45439718703830745,0.5279811605791257,-0.499025728168828,0.5258732233936203,0.4626190500491682,0.5148171020478659,-0.4943726518409428,54.46879086433276,57.9276832515674
63.305471,1785142393.268,0.06039595976471901,0.08451526612043381,0.3850000202655792,0.050684065913026294,0.07969390439054451,0.38605067519350056,0.5364100572605583,0.45392717531410187,0.5149395807277184,-0.4909700583345657,0.5276686821134291,0.46115048429936606,0.5148450743507038,-0.493802128553488,56.038432212866866,57.58864700238392
63.35571,1785142393.301,0.06414496153593063,0.08368253707885742,0.3850000202655792,0.05379821753831545,0.07987382021307932,0.38601373383702026,0.5261450991918288,0.45362070155044687,0.5288496154893043,-0.4875629989223094,0.527420558764541,0.4598796742643851,0.5172371184813117,-0.49275146134347697,56.39477320611024,57.38091003299647
63.40359,1785142393.368,0.06681740283966064,0.08556966483592987,0.38600000739097595,0.058374361686151316,0.08061770595392251,0.3860129950541348,0.5539383221981875,0.44751872293241834,0.5063765468768783,-0.48627370954868915,0.5353717310873127,0.4562482863858953,0.5140585319632621,-0.49087517398854486,56.555562327373245,57.13471114160389
63.449915,1785142393.401,0.07292838394641876,0.08738980442285538,0.3830000162124634,0.06219970007597757,0.08125634608207886,0.38579124483929994,0.5383997151553399,0.45210817202075354,0.5307545236234827,-0.4733112962585104,0.5359627988349119,0.4554955406594955,0.5172039308070651,-0.48761438110671246,56.36763558201755,57.001877837461734
63.493371,1785142393.468,0.07852432131767273,0.08798786997795105,0.38200002908706665,0.06908947150541811,0.08230010865409156,0.3852592930663877,0.5632245721158491,0.4381534393418187,0.50320626400304,-0.487424969432175,0.5447796491064106,0.4499944464275051,0.512783928748491,-0.4876194976835543,90.15562734766372,68.67983963990483
63.539101,1785142393.501,0.08674727380275726,0.08917102217674255,0.3800000250339508,0.07480766043174178,0.08294713037718829,0.3847240359770401,0.5328915110698313,0.4574292053248913,0.5127829946787267,-0.4938003239305004,0.5425724208338426,0.4513889147933813,0.5127928877955423,-0.48878079951903325,56.276284268644964,66.35749585150165
63.583995,1785142393.535,0.09044759720563889,0.08752720057964325,0.3800000250339508,0.0799664324595859,0.08318859063033988,0.3842947717417358,0.5450161554087256,0.4553058131776892,0.5138021189107771,-0.48131215383874426,0.543012773596935,0.4520923268117039,0.5129764044558632,-0.48744729378680296,54.480000529377214,64.08073712422522
63.631859,1785142393.601,0.09332562237977982,0.08711624890565872,0.3800000250339508,0.0858770994795637,0.0834571108421209,0.38373685017610476,0.5582932640770418,0.4512081872945795,0.50388203008242,-0.4804401136089296,0.5472536340636868,0.45186464256190284,0.5104830038828946,-0.4855295125460334,56.79178567957479,61.85904569863034
63.67763,1785142393.635,0.09743708372116089,0.08752720057964325,0.3800000250339508,0.0893618662962916,0.08362864622386339,0.3835017594738933,0.5564306667154416,0.4632038294226182,0.5073781587113743,-0.4673270050077213,0.5489173087703055,0.45391116461723857,0.5099484259017592,-0.48229352648413715,56.70626494341443,60.91640305253804
63.731202,1785142393.701,0.10113739967346191,0.08506148308515549,0.3800000250339508,0.09437218556560781,0.08376036446498365,0.383171091756715,0.5669560920670585,0.44328183870356574,0.5094573094221923,-0.47171522237461827,0.5540788514427951,0.4509132862606149,0.5098373078843282,-0.47931175047848185,55.08781906105387,59.150273186712504
63.784496,1785142393.735,0.10538195818662643,0.08483763039112091,0.3790000081062317,0.09758474087752558,0.08381330484746069,0.3828976962692007,0.5343166786183057,0.4642923317538498,0.5333222578090784,-0.46314758657505956,0.5501280767988723,0.45368036923911714,0.5146630081841862,-0.4760831961867974,88.172558431037,65.46871256271075
63.829634,1785142393.801,0.10869598388671875,0.08550917357206345,0.38200002908706665,0.1021583462545599,0.083906782957666,0.38282733874214203,0.577111985179949,0.43547857653275596,0.5163082739559026,-0.4590489431284419,0.5591726258250795,0.44770315606915023,0.5152866442062091,-0.47049711250581683,52.77110172120749,61.489842314896165
63.874969,1785142393.835,0.11686377227306366,0.08319813758134842,0.3790000081062317,0.10693694051197246,0.0838545081086688,0.3825795396770296,0.5563674724746224,0.4512855165384184,0.530499078243099,-0.45317474126221485,0.558607543745864,0.4484781292261404,0.5185139425276849,-0.4668707220210225,52.249015723626805,59.74683284746338
63.922902,1785142393.868,0.11973422020673752,0.08278826624155045,0.3790000081062317,0.11092365815866873,0.08377880047085857,0.3823794352994968,0.5716077704644212,0.4464251281628908,0.5204337682427987,-0.45068598221160694,0.5613367540181275,0.44806655797631023,0.5189327649515468,-0.4635150414726546,66.9055656160527,61.056110256740666
63.9666,1785142393.935,0.12269017100334167,0.08297862112522125,0.37800002098083496,0.1160388334349613,0.08369653441753773,0.3818609056998211,0.5943402393405284,0.4236525171784961,0.5116135448111326,-0.45335395151554,0.5731465614851411,0.439512292135792,0.5164492869078113,-0.4600131499986873,65.61734698682072,62.44922596929207
64.014528,1785142393.968,0.13052359223365784,0.08112825453281403,0.37700000405311584,0.12077838430519919,0.08348395371864224,0.3815011245741423,0.5488702657863266,0.44951636017266816,0.5320673848747066,-0.46214799710196086,0.5676868975907682,0.44181775353139735,0.5200345563466215,-0.46053525291079583,58.060656276080415,61.66967306025654
64.066466,1785142394.035,0.1313394010066986,0.08194367587566376,0.37700000405311584,0.12526196596679268,0.08332999950919599,0.3809950381703525,0.5723396728927482,0.42700521581417133,0.523202705375304,-0.4651373706642776,0.5692405453662681,0.43693929879021826,0.5210964795570738,-0.46206894472259247,57.47253428682205,60.39628522824175
64.121338,1785142394.068,0.13745790719985962,0.08031284064054489,0.37700000405311584,0.12896826020078914,0.08309604434191906,0.38078590687028446,0.5503946437946664,0.43826049937556705,0.5414014119911021,-0.4603020550282845,0.5653324667998276,0.43724375201295856,0.5253796184268619,-0.4617286647472703,57.200772638318256,59.83327152300474
64.178866,1785142394.135,0.13990531861782074,0.07990512996912003,0.37700000405311584,0.13357364332253713,0.08268526426454234,0.38046885922796436,0.5577337410420895,0.4405245284686963,0.5395945251403308,-0.45134129254834304,0.5629504432919316,0.4383000921927998,0.529900465414807,-0.4584597303301262,57.580956414551395,59.15723539439551
64.225928,1785142394.202,0.14319558441638947,0.07887992262840271,0.3760000169277191,0.13735290110583867,0.08217567306968264,0.380011470042694,0.5734909710260511,0.43397019487764166,0.5308216108936716,-0.44833736573891114,0.5659495549000347,0.4370839482300352,0.5301739383052476,-0.45560324697043136,56.770499048096156,58.44006452588309
64.279477,1785142394.235,0.14322049915790558,0.07948123663663864,0.3750000298023224,0.1385929685157314,0.08203844900096471,0.3796763789930664,0.585663133459658,0.42070899720081373,0.5280502608301326,-0.4485148334422503,0.5695657331042068,0.43412822707569104,0.5298156788393398,-0.45433787491864946,64.71639609862267,59.57604119476613
64.334865,1785142394.302,0.14443770051002502,0.07948123663663864,0.3750000298023224,0.1403807593931464,0.0818291466592226,0.3791946083098869,0.5924113818513539,0.4226714024831477,0.5266099003105229,-0.4394082988188086,0.5766117901385425,0.43066246707516315,0.528884350444254,-0.44981110122041124,55.69387512525909,58.39909405720117
64.380033,1785142394.335,0.1452491730451584,0.0798867791891098,0.3750000298023224,0.14119502107001075,0.08177042374382523,0.378993283757803,0.5899215968861801,0.42554432944680315,0.5241652741076048,-0.4428942296108965,0.5790160816231779,0.4297510766217465,0.5280466783804181,-0.44857674350728294,55.85628135961161,57.95302624025492
64.424489,1785142394.402,0.14606066048145294,0.0798867791891098,0.3750000298023224,0.1424013319829633,0.08166882065517032,0.37868212210477303,0.5914577413257691,0.42352223509789905,0.5264035066579881,-0.440120443494361,0.5825002201692934,0.4280261386775517,0.5276028033524083,-0.44623133014860145,55.85628135961161,57.32388558669673
64.471573,1785142394.435,0.1468721181154251,0.0798867791891098,0.3750000298023224,0.1430031685471091,0.08162227432116094,0.3785472035857533,0.5882983953666507,0.4175150391439108,0.5307123451136518,-0.4448939163909196,0.5834245029102137,0.4263659570855635,0.5281007241791644,-0.44602415311720905,56.965993880067785,57.262238166112006
64.516128,1785142394.469,0.1468721181154251,0.07948123663663864,0.3750000298023224,0.1434658098321516,0.08154887330082597,0.37842377559986606,0.5773225165299901,0.4277888810532735,0.5362934138356203,-0.4428145880966473,0.5824659955438724,0.426593832834244,0.5293978109047313,-0.44552106979597833,55.087082589454454,56.87230398391595
64.561459,1785142394.535,0.1472778618335724,0.07907568663358688,0.3750000298023224,0.14413640378642323,0.08137460180144271,0.37822504178977834,0.5637327116998273,0.4411691671253184,0.5391046543288401,-0.4437807650388807,0.5775043834830306,0.4305110484415088,0.5320224412209703,-0.4450854370398528,56.55982856717785,56.78052770380765
64.610157,1785142394.569,0.14807741343975067,0.07928655296564102,0.3760000169277191,0.1445335200327914,0.08131128143647846,0.3781499495998404,0.5668773898438222,0.43878294413438546,0.5410845479856737,-0.43971247964067955,0.5757737927304153,0.4318757464210262,0.5335187181019907,-0.4442135260130233,56.185340507413535,56.67522841095144
64.659428,1785142394.635,0.1472637802362442,0.07969318330287933,0.3760000169277191,0.1448602642665457,0.08124479705515969,0.37802809794928716,0.5642438316966285,0.4418025116102391,0.5385852226547868,-0.44313135418867067,0.5728596616406814,0.4344073792248727,0.5348184959183329,-0.4439495617337108,56.5632664483949,56.642385562930926
64.710206,1785142394.669,0.14767059683799744,0.0784732922911644,0.3760000169277191,0.14504525517784556,0.08111846111326207,0.3779704364514083,0.5788655246810199,0.42770617944205697,0.5360432766340281,-0.44117993378926623,0.5737322483361297,0.43343975855340305,0.534998775774098,-0.4435511163829412,55.42520617530458,56.4259112031001
64.761981,1785142394.702,0.1472637802362442,0.0784732922911644,0.3760000169277191,0.14515376749519537,0.08101194881204675,0.3779184731764178,0.5676336691106194,0.43803731397154494,0.541529567789944,-0.43893172187692986,0.5728795003841929,0.43408901896808294,0.5359204490868994,-0.44290526515427775,55.799785932258594,56.3178003315937
64.812362,1785142394.769,0.14767059683799744,0.07887992262840271,0.3760000169277191,0.1453848498235249,0.08089644087931558,0.3778250801024416,0.5614225506197126,0.4351267578531892,0.5436707333955619,-0.44709233711277163,0.5702460871118107,0.4343366023049127,0.5377190827663335,-0.4438798306533272,56.363215131547705,56.33125836476965
64.856973,1785142394.836,0.1472637802362442,0.07928655296564102,0.3760000169277191,0.1455052600393583,0.08082483329728435,0.37774068587602627,0.5600629909705617,0.4367194364561937,0.5427155757507331,-0.44840314874456805,0.5680889993013091,0.4348487141145134,0.5387880820117193,-0.4448470381916959,56.70431036447073,56.44203248040331
64.902044,1785142394.869,0.14807741343975067,0.07806666940450668,0.3760000169277191,0.14562553295396097,0.0807054440686629,0.3777009854608473,0.5710472521994099,0.4423188220624731,0.5380766786061962,-0.4344336351445337,0.5684624470105224,0.43578228741527103,0.5387046580520631,-0.44355556101455085,55.767597913140925,56.325533725425956
64.951226,1785142394.902,0.14685694873332977,0.0784732922911644,0.3760000169277191,0.14565394540994156,0.0806356860100681,0.377662917591674,0.5643768745344738,0.4404361446090795,0.5395805303493982,-0.44311126963828273,0.567978325230775,0.43633597737857616,0.5388098041327276,-0.4435036999660526,56.334573582886435,56.327086296488325
65.001301,1785142394.969,0.14685694873332977,0.07887992262840271,0.3760000169277191,0.14570708885305794,0.08056261291149511,0.3775910342594878,0.5781124514402606,0.4269514244417149,0.5367177113841324,-0.44207756439736023,0.5700616431163126,0.4344221967211784,0.5383902524306653,-0.44321892348039493,56.514687023198796,56.38272880665361
65.052524,1785142395.002,0.1472637802362442,0.07928655296564102,0.3760000169277191,0.14574924391713828,0.08052668880807644,0.37755679702607897,0.5789489105088743,0.4359580696627945,0.5296721256412225,-0.4406882796662358,0.5711316470820145,0.4346100128684572,0.5373500919186152,-0.4429194702549443,55.95980151299637,56.309831625245636
65.100127,1785142395.069,0.1472637802362442,0.0784732922911644,0.3760000169277191,0.1458244361273084,0.08040934463765352,0.377491336324379,0.5669631428062506,0.43727976239614946,0.5421787759551157,-0.43975149687276627,0.5703400758377103,0.4351205511916414,0.5382723754661795,-0.442317932752125,55.95980151299637,56.20590647860021
65.152189,1785142395.102,0.1472637802362442,0.07928655296564102,0.3760000169277191,0.14585936736726443,0.08037586652641389,0.3774599940075445,0.5636849635006648,0.4411916127307882,0.5391229620934465,-0.4437968617767015,0.5696327439148063,0.4357696329790179,0.5383652261091282,-0.44247739755821225,56.53232924581664,56.2621223459
65.194639,1785142395.169,0.14767059683799744,0.07887992262840271,0.3760000169277191,0.14596696042117818,0.08031426255453104,0.3773996088274642,0.5489260620020099,0.44696121069512806,0.5479285319582705,-0.4457355476680828,0.5651554216766066,0.4382310993853618,0.5404778480065277,-0.44321162969316,56.331713598040125,56.28274807492596
65.242852,1785142395.202,0.14767059683799744,0.07928655296564102,0.3760000169277191,0.14601549624750446,0.080285141315187,0.37737060464107824,0.5515588974205234,0.4438086928404779,0.5504850989438556,-0.4424734824554537,0.5633358254941685,0.43898989563180585,0.5418347380528554,-0.44312045302284747,56.3179300099569,56.28879190302761
65.28863,1785142395.236,0.1472637802362442,0.07887992262840271,0.3760000169277191,0.14604364336554834,0.08025327576732623,0.37734146079270453,0.5669351477468704,0.4372407380673767,0.5422098229628249,-0.43978811160165765,0.5637989108337305,0.4387659380635203,0.541883733169101,-0.442693188861831,55.37175689748431,56.126109343489844
65.337221,1785142395.303,0.1468721181154251,0.07948123663663864,0.3750000298023224,0.14608983267642506,0.0802082503282919,0.3771703879378607,0.5741668800381488,0.4302255381545415,0.5343388302426058,-0.446900877915738,0.5660554092764589,0.4369267307461929,0.5402622466786986,-0.44361358230107156,56.3179300099569,56.18300477818015
65.383149,1785142395.336,0.14767059683799744,0.0784732922911644,0.3760000169277191,0.14613744180420177,0.08015056007644925,0.3771392490757757,0.5626813067313929,0.4336355876032222,0.5452188480920148,-0.44506890691698175,0.5656650867604556,0.43654571603731707,0.540839077824352,-0.4437836627545641,55.56993827838183,56.077162191378875
65.429229,1785142395.403,0.14767059683799744,0.07766003906726837,0.3760000169277191,0.14621990041048422,0.07994096001943672,0.3770834256360073,0.5789556572776733,0.42596521433440826,0.5371772966610396,-0.4413666673358515,0.5684676883183715,0.43433722019246396,0.5400846898152853,-0.4432879361324614,55.768822620585766,55.98563832020473
65.474049,1785142395.436,0.1472637802362442,0.07806666940450668,0.3760000169277191,0.14624386785748275,0.07988236219748457,0.37705743350920023,0.5763919427624321,0.42913386103238743,0.534566886638977,-0.44480861203791416,0.5694185537161011,0.4337180581853675,0.5394286242564749,-0.4434725651272521,55.75244924080468,55.94551039860899
65.520067,1785142395.469,0.14685694873332977,0.07887992262840271,0.3760000169277191,0.14626276555967765,0.07985436789655406,0.3770327307499415,0.5772918092954867,0.4278974269654726,0.5362829256330949,-0.44276244487431404,0.5703780683910784,0.4330135429926295,0.539049605926281,-0.44338882826944753,56.31991103071998,56.01001541941386
65.563061,1785142395.536,0.1472637802362442,0.07806666940450668,0.3760000169277191,0.14630382145847093,0.0797516643528737,0.3769867027531851,0.5772733221105302,0.42787503514558484,0.5363007911875833,-0.4427865481811846,0.5717328255544104,0.4320094793989306,0.5385144705107612,-0.44327367499497367,55.57194596345331,55.87988041280215
65.61219,1785142395.57,0.14643172919750214,0.07868199795484543,0.37700000405311584,0.14630874669106358,0.07972345140560866,0.37698728023167694,0.5786930578563392,0.42768941747750083,0.5361293884523162,-0.4413177832405818,0.5725084562129681,0.4315310403729004,0.5382514622940195,-0.4430580008279681,56.14080753262701,55.92591176418217
65.657153,1785142395.636,0.1460433155298233,0.07928655296564102,0.3760000169277191,0.14628876330489476,0.07969426074544567,0.3769444579949874,0.5891222905655111,0.4165782238029465,0.5310855091153466,-0.44423607712535107,0.5760700223929692,0.4283693530856075,0.5367515958441066,-0.4433291677703906,55.94270998055769,55.93083635093094
65.702659,1785142395.67,0.14645014703273773,0.07928655296564102,0.3760000169277191,0.14629336033784696,0.07968079673648674,0.376923218237382,0.5745589242708385,0.4225421937906672,0.5401206278410072,-0.4467771753211476,0.57589144958178,0.42767512776723376,0.5371554215261921,-0.44374212839541743,56.53080445982551,56.03698547268559
65.751501,1785142395.703,0.14522968232631683,0.07969318330287933,0.3760000169277191,0.14623937191839356,0.07968127074562667,0.3769032956292046,0.5728023930520888,0.42431985768120783,0.5393506317080676,-0.4482755547286829,0.5755442174708534,0.42729751412174943,0.537404366035973,-0.44425469668503265,56.53080445982551,56.12215302005518
65.794645,1785142395.77,0.14443770051002502,0.0798867791891098,0.3750000298023224,0.14604870182038168,0.07969588065346656,0.37676033503105627,0.5940332627991136,0.4188260862203184,0.529911624416795,-0.4369243212474713,0.5796076113978348,0.4254665957843685,0.5357920948521109,-0.44267372157757884,56.58635022204973,56.26007185999216
65.845279,1785142395.803,0.1436024159193039,0.07969318330287933,0.3760000169277191,0.14588894171006214,0.07969580055426553,0.37674080941418775,0.5803301879839088,0.42559043535121766,0.5381144228926816,-0.4387738849646798,0.5796899120040291,0.4254810465981589,0.5360551988192406,-0.44223331932969606,56.73387293529333,56.34177335347707
65.892542,1785142395.87,0.14197513461112976,0.08009980618953705,0.3760000169277191,0.1453120419862668,0.07972270218549272,0.37670544501808473,0.5777630644502655,0.4286281246585071,0.5356153264119592,-0.44224879222150526,0.5793581544671785,0.42602425140899086,0.5359798610952526,-0.4422364238324425,66.38721975847012,59.49910762127908
65.939608,1785142395.903,0.1399410367012024,0.08050643652677536,0.3760000169277191,0.14474520755551235,0.07975388696170303,0.37668890322220555,0.5818657346905635,0.42365571917956957,0.5400203237322061,-0.43626385176360405,0.5795997517432736,0.4257987420020782,0.5363680474610004,-0.44166602399489285,55.029205792858676,58.7032978685641
65.992624,1785142395.937,0.1387205868959427,0.08009980618953705,0.3760000169277191,0.14404776828923815,0.07976394425286855,0.37667266196849,0.5760169346697277,0.42062138496831747,0.5419997643724666,-0.44443041851477283,0.5792373080658423,0.42527350559162397,0.5369429864707442,-0.4419488835446083,56.31658957804651,58.27509747432487
66.036408,1785142396.003,0.1375001221895218,0.08131968975067139,0.3760000169277191,0.14279432705793083,0.07990303226661877,0.376643519566925,0.5545929896267263,0.44897005729896633,0.5462837061902569,-0.43866458240538403,0.5736329991096276,0.43077250149358237,0.53915202374675,-0.44124293714374574,62.41020550379526,59.51905626748063
66.08428,1785142396.037,0.13424557447433472,0.08294620364904404,0.3760000169277191,0.14151339445737016,0.08013213512482814,0.3766290619296404,0.5646889291299597,0.4398854841690057,0.5405277249594538,-0.44210513759242387,0.5724114540651738,0.43202707196229095,0.539346063954219,-0.44136556236726754,60.66271245457856,59.7224943060265
66.131967,1785142396.103,0.13337890803813934,0.08275909721851349,0.37700000405311584,0.13970472064855238,0.08040724489343996,0.3766567070746564,0.5919686068425041,0.43008711535151106,0.5208539889570902,-0.43966960767040536,0.5773029197864784,0.4315752018500684,0.5347946785713752,-0.4409748697214152,60.5811305025473,59.97567121831027
66.186666,1785142396.137,0.1300518661737442,0.08256983011960983,0.37800002098083496,0.13810450159209942,0.08050870777123771,0.3767328189740348,0.5933988052713628,0.4301090850029958,0.5203320533769193,-0.43833615767919903,0.5799159606200766,0.4313528136283726,0.5324807829162412,-0.4405637804199149,57.16086622207121,59.468606636796125
66.23968,1785142396.203,0.12957577407360077,0.08237839490175247,0.3790000081062317,0.13612441157949326,0.08063534228238677,0.37699614069855497,0.5931497320313099,0.4218137945644503,0.526711467390204,-0.43911450468640073,0.5832887906122949,0.4289458869881165,0.5310327949019942,-0.44020879536942575,60.40182480532908,59.743825639131465
66.283594,1785142396.237,0.12580619752407074,0.08300670236349106,0.3800000250339508,0.1342951391035251,0.08074502613426116,0.3772229166268356,0.5895856111729696,0.4283038705143913,0.5222881909671376,-0.44289913883012044,0.5842201621915708,0.42885471951707965,0.5297497858094448,-0.44060821153449814,56.84482662968008,59.221098642216866
66.328914,1785142396.304,0.12366390228271484,0.08281310647726059,0.38100001215934753,0.131306422627599,0.08088486060805802,0.37775213741202424,0.5783234452271468,0.4359972963791264,0.5297178389967407,-0.44141518018676984,0.5829115629969627,0.4304483017607382,0.52974663538956,-0.4407911881255965,61.15131841443218,59.799812540295775
66.374906,1785142396.337,0.11944206058979034,0.08385670185089111,0.38200002908706665,0.12890170767789258,0.08104157037893901,0.37810864766621394,0.5664929587266977,0.4492881959394273,0.5322394626260131,-0.44039414065827426,0.5804939260339119,0.43326636388124684,0.5301383875023139,-0.4407497587784986,60.37246120877762,59.89865443891122
66.422013,1785142396.37,0.11809716373682022,0.08407621830701828,0.3830000162124634,0.12678852417341271,0.0811981520523216,0.3785574502471023,0.5526813977582372,0.4423258064294879,0.5516773341061812,-0.44107059817222116,0.5754126009927817,0.4349833764363121,0.5341709134153021,-0.44085285085144826,59.36765705563001,59.80705566024078
66.466405,1785142396.437,0.11591266095638275,0.08429574221372604,0.3840000033378601,0.12345908434769516,0.08147559570322482,0.3794419172244409,0.5964687331585925,0.41884862539655665,0.5155277375034965,-0.45057966136092364,0.582141455570997,0.4299357507647945,0.5283424576050457,-0.443982908918636,60.8546635251724,60.11945450461472
66.516326,1785142396.47,0.1100960224866867,0.08471101522445679,0.3840000033378601,0.12030404058301382,0.08163743985682582,0.379790159162006,0.585970041631728,0.43090992557737795,0.5201517190420749,-0.44765827985929624,0.5828186087687227,0.430110015033809,0.5269061435484568,-0.44463216272712475,59.781249388301646,60.06120766992408
66.563057,1785142396.537,0.10801864415407181,0.08471101522445679,0.3840000033378601,0.1160408726021378,0.081885279393713,0.380276665511585,0.5592692694747233,0.4476210715591523,0.5336784616802618,-0.44948922129016056,0.5757842300125059,0.43542527866035075,0.52899710966371,-0.4461383251189057,63.989547133116275,61.253219890302745
66.618177,1785142396.57,0.1033012792468071,0.0849316194653511,0.3850000202655792,0.11293672187748499,0.08201395511151728,0.38062024492348207,0.5408699271778306,0.45645784483071755,0.5400428093146845,-0.4554774658253121,0.5683924493871038,0.44000134171134536,0.5314476295013879,-0.4482100622133556,82.13222667978255,65.46204346361571
66.666451,1785142396.637,0.10121849179267883,0.08368253707885742,0.3850000202655792,0.10877709142586034,0.08210125914951844,0.3811053550235503,0.559540630591496,0.4573903617368643,0.5256659390876934,-0.4487579082206183,0.5655559380923239,0.445644127741862,0.5296021858386712,-0.44840753456271004,81.98475074479704,70.85766847858343
66.718593,1785142396.67,0.09621980786323547,0.08368253707885742,0.3850000202655792,0.10561939763438077,0.08214145700257335,0.38130620302037604,0.568631139081598,0.4502756008872735,0.5185195761012068,-0.4528222168933343,0.5661320556444794,0.44650649986293395,0.5275594600510648,-0.4492298490333613,83.0583952776942,73.1852147079667
66.77305,1785142396.737,0.09497014433145523,0.08409889787435532,0.3850000202655792,0.10188978705235915,0.08223458708199086,0.3816117003520488,0.5566168309220767,0.46050655000824625,0.5229071538619131,-0.4524152178848546,0.5634167817607733,0.45054326797268035,0.5262400459984499,-0.45015964690582855,83.34156280795305,76.39754607054309
66.821299,1785142396.771,0.0908045843243599,0.08451526612043381,0.3850000202655792,0.09919437489593139,0.0823092775052191,0.38174658875583917,0.5699957997796806,0.43877401884962625,0.5146544962488886,-0.4665971475554397,0.5646538494188651,0.4483945251344547,0.524128486494676,-0.4532082411107558,82.04624875088194,77.44696534373875
66.864454,1785142396.837,0.08830524235963821,0.08618070930242538,0.3850000202655792,0.09535295437497433,0.08272395871166573,0.3819567169346419,0.5290569132468614,0.47768800384768056,0.5345579777425228,-0.454049250585821,0.5529839481009129,0.4582241720042558,0.5277184917717173,-0.4535995533242125,80.25372593343505,78.28826464691942
66.9095,1785142396.871,0.08372312039136887,0.08826251327991486,0.3850000202655792,0.09242495767715597,0.08323080708155911,0.38205413351516776,0.5441043844786273,0.4642686913983211,0.5203067507215723,-0.4665682009438536,0.5511942992598283,0.45946530371529304,0.5262264910603848,-0.45624791424351224,55.68036887276183,73.59019312883969
66.9537,1785142396.904,0.08330656588077545,0.08784615248441696,0.3850000202655792,0.09041339350360424,0.08355501479105758,0.3821403379140374,0.5269178127222414,0.4820400878716879,0.5173367894173537,-0.4715481085064482,0.54580725988356,0.4645942984814213,0.5242937374977473,-0.4597419381540031,80.975141792353,74.93573092802056
67.0021,1785142396.971,0.08122377842664719,0.08784615248441696,0.3850000202655792,0.08737301764789257,0.08401622368607997,0.38229081460547654,0.5290279455518676,0.48967628541185115,0.5101148258042021,-0.46917953154967273,0.5398895262465468,0.4736167556676191,0.5193018104110831,-0.4631760981569857,82.35439523432048,77.23164388290844
67.051854,1785142397.004,0.07705821841955185,0.08784615248441696,0.3850000202655792,0.08502231965026716,0.08420791269836057,0.38236003397223645,0.539983800405052,0.47824862098950743,0.5076208478730421,-0.47118661550006424,0.539918986823145,0.4745879731640655,0.5168838526757047,-0.4648492510900853,56.93311482615553,73.15755979270591
67.102886,1785142397.071,0.07455887645483017,0.08742979168891907,0.3850000202655792,0.0814100403165765,0.08442501223907684,0.38248559100336815,0.5436902117546925,0.4651014966023914,0.519709384713286,-0.4668872529222563,0.5410548612129461,0.47175306048381704,0.51773626026697,-0.465465199436826,83.92290357357417,76.54394936075595
67.151892,1785142397.104,0.06997675448656082,0.08659707009792328,0.3850000202655792,0.07865451037464642,0.08448088830959738,0.38254435909443013,0.5580808360858179,0.4504815921336274,0.5192516354365441,-0.46474708674609355,0.5443466148857409,0.46770670716198953,0.5180563286640792,-0.46535453072815297,84.3827029576916,77.97754784754152
67.196778,1785142397.171,0.06789397448301315,0.0853479877114296,0.3850000202655792,0.07486452217903855,0.08455734355144248,0.3826538444163923,0.5715491061415847,0.46475478501358203,0.5064192478319103,-0.44818986434445063,0.5532247413197147,0.46681126800301787,0.5143552266239075,-0.459856854359939,62.917173025474796,73.1113724030004
67.244533,1785142397.204,0.06514684855937958,0.08431733399629593,0.38600000739097595,0.07271126747187306,0.08454264170703447,0.3827954193996486,0.5694479533874027,0.4493573718799595,0.5197297785829391,-0.451318000941867,0.5565481082241883,0.4632933244330945,0.515474153073881,-0.45814833436407226,82.60479960621727,74.86665390166762
67.291132,1785142397.238,0.06273192912340164,0.08346518129110336,0.3840000033378601,0.07041523189609894,0.08446467580816888,0.3828480626940212,0.560971126447731,0.4575040959156969,0.5124085014092453,-0.4619945077550772,0.5574058834211809,0.46217777039501245,0.5148850447215542,-0.45889408407848453,84.89550774032328,76.77655980096361
67.341861,1785142397.304,0.06065455824136734,0.08263462036848068,0.3840000033378601,0.06716720360769846,0.08422626889396517,0.3829282941598018,0.5435750553851857,0.4732345608909642,0.5254037022883796,-0.4522456845156095,0.5533392621616685,0.4654730561829557,0.5180236193795451,-0.4569486017956456,64.68654282334904,72.97035131431568
67.394727,1785142397.338,0.0570635050535202,0.08284981548786163,0.3850000202655792,0.0648662468702569,0.08414520274904964,0.38298728415517064,0.5639364180123947,0.45530176779627973,0.51434515263439,-0.4583940233493871,0.5552300339644871,0.4636751037862209,0.5173792934866249,-0.4572129418377315,87.46413949847728,75.8225704800964
67.439296,1785142397.404,0.05539727583527565,0.08284981548786163,0.3850000202655792,0.06180316108290561,0.08402955750833144,0.3830874481139364,0.49022026560653525,0.5212498003014056,0.5563929491822202,-0.4223856330117235,0.5295235963346804,0.48762714888862957,0.5338617757540405,-0.4436396386486171,64.12907124111211,72.15151729304019
67.483798,1785142397.438,0.05039859935641289,0.08243345469236374,0.3850000202655792,0.05905613545359062,0.08394695175893918,0.38313589760330957,0.5624094503793884,0.44672009529084955,0.5215537458483669,-0.4605631952065051,0.517966128366564,0.49787271294677093,0.5408064621242357,-0.437449679497702,87.93046513714997,75.28771625558349
67.532531,1785142397.504,0.04873237758874893,0.08118436485528946,0.3850000202655792,0.05557420888465335,0.08362253181139774,0.383220969992224,0.595617576731152,0.45776958075426305,0.4830567149140248,-0.4498254365878466,0.5572986604030127,0.47862604701236644,0.5128451901867439,-0.44421292319860106,61.664720768363885,70.96882593526685
67.583187,1785142397.538,0.04403558000922203,0.081804059445858,0.3840000033378601,0.0527526922385571,0.08354167558666943,0.38325149986093254,0.5472903400193176,0.460259292916094,0.5234155629948385,-0.4633258199374529,0.5540664346392058,0.47263953883906046,0.5163700567235179,-0.4505376974810763,85.63227557385409,73.86039198010985
67.63153,1785142397.604,0.04248403012752533,0.08243345469236374,0.3850000202655792,0.04926901050967768,0.08348607460128173,0.38333737811445595,0.5963537413081741,0.44114198166669,0.48334232975706376,-0.4649044627705169,0.5746079666730741,0.45779003351022785,0.5008097288743967,-0.45765006863245744,85.39445190280806,77.48209964378725
67.685028,1785142397.638,0.038318466395139694,0.08409889787435532,0.3850000202655792,0.046653211359934846,0.08351713123101263,0.383379013715978,0.5428315624359358,0.47412322638678167,0.5246019121205989,-0.4531378320371859,0.5642840777578625,0.46325135793192984,0.5087309838989069,-0.45626137792326,86.35924403324714,79.16562505379221
67.735646,1785142397.705,0.03665224090218544,0.08451526612043381,0.3850000202655792,0.04327655444295758,0.0836095207741813,0.3834533930858407,0.5566019268825456,0.4710645154839814,0.5137099177867771,-0.45210025172519175,0.5610322453382114,0.46657919336923936,0.5108558770637657,-0.45450296904980236,86.92766069024407,81.57963394763175
67.783589,1785142397.738,0.03290323168039322,0.08326617628335953,0.3850000202655792,0.04092953426676832,0.08360171868052119,0.38348843139387534,0.5506419271621454,0.47532732862410193,0.5235111561973393,-0.4436140981203806,0.5583563721592787,0.46887398214325526,0.5141682658692621,-0.4516927549908798,54.89019429547757,76.00393225175372
67.829441,1785142397.805,0.03165356069803238,0.08284981548786163,0.3850000202655792,0.0379346755335499,0.08355835910564956,0.38355434173836933,0.4917078586812908,0.5182148054889884,0.5605686579726041,-0.41885507849596765,0.5276580752536297,0.4927132857981766,0.5366792701795117,-0.43679049277335,86.01691111878426,79.13888617018833
67.875759,1785142397.838,0.028812307864427567,0.08348244428634644,0.38600000739097595,0.03605578916346012,0.08355639236057982,0.3836568335086578,0.541280030137224,0.4767791229412572,0.522189302769949,-0.4549900317310761,0.5318338679159449,0.487943536212603,0.5323509976434454,-0.44234178834237886,87.97686254363643,80.76677296197809
67.922747,1785142397.871,0.02707144059240818,0.08243345469236374,0.3850000202655792,0.03422473328843018,0.08351474362686326,0.383687366068313,0.5591051095900175,0.46027279480905486,0.5088556003814187,-0.4654206793315723,0.5407412718283353,0.47919627049027796,0.524957023840984,-0.44987768827726893,87.34991387990655,81.9594648057994
67.968754,1785142397.938,0.026238327845931053,0.08284981548786163,0.3850000202655792,0.03190555838103652,0.08348187316540365,0.3837447398885199,0.5488209291452902,0.46040495122108543,0.5229217925444556,-0.4619260411638467,0.5443111204232802,0.47101498373595146,0.5241039751813473,-0.45517613346800634,87.20591311090632,83.56335279521024
68.018634,1785142397.971,0.0245721023529768,0.08243345469236374,0.3850000202655792,0.030650574366723575,0.08344763243590034,0.38377200991844784,0.5513683288573611,0.4571466600771424,0.525798616071221,-0.4588526042760827,0.5461739962987011,0.467392703626327,0.5245611394137475,-0.456150893215096,88.0000954084885,84.35431030131882
68.065086,1785142398.038,0.023738989606499672,0.08243345469236374,0.3850000202655792,0.028902723863935772,0.08338958447150861,0.3838239914444973,0.5567529269907493,0.4531067119462593,0.5155569624176028,-0.4678904833176431,0.5502000074593604,0.46203162194860325,0.5211966078837637,-0.4606091923113574,87.25528117186349,85.22936011277955
68.11219,1785142398.071,0.02071492187678814,0.08117683231830597,0.3830000162124634,0.027499033295625263,0.08327333891030143,0.38377388007675634,0.5483133316301846,0.459985530728929,0.5232543687360871,-0.46256963527152545,0.5498122048563756,0.46161087760370634,0.5216210273556937,-0.4610134931748716,55.21107194009389,78.80976729117411
68.160298,1785142398.138,0.02071492187678814,0.0803484320640564,0.3830000162124634,0.02590113633995506,0.08295405725426777,0.38370034937940706,0.5482770310805927,0.4599829107306829,0.5232574133618676,-0.4626118225759334,0.5493781530196249,0.46115046345793825,0.5220848467131937,-0.4614664753475984,88.79157163674884,81.92444697684161
68.20461,1785142398.172,0.017860686406493187,0.0797276571393013,0.3840000033378601,0.024585014256567582,0.08274657207524011,0.3837078126836862,0.554903832157972,0.4549813215227561,0.5130984024325883,-0.47096046919346546,0.5503202861922326,0.46011667435838893,0.5205764355953181,-0.4630771029597005,89.44938766559768,83.32512854684619
68.270417,1785142398.205,0.016614262014627457,0.08014293760061264,0.3840000033378601,0.023324753230616543,0.08262294432344262,0.383714687280124,0.545250255016654,0.46398664935744044,0.5198529393008241,-0.46601659854840266,0.5495410932687871,0.46071429401240166,0.520466679976522,-0.4635314025347335,88.40860293524752,84.23231753623818
68.310287,1785142398.272,0.016156602650880814,0.07993423193693161,0.3830000162124634,0.021679709101796923,0.08239762380552118,0.38365922973849714,0.5425637813477463,0.4662300600077643,0.5176510950030336,-0.46935212597467957,0.5478814912739263,0.4620360923506024,0.5198002555630583,-0.46492603196790716,90.78553221510813,86.24710129632896
68.365969,1785142398.305,0.01453689020127058,0.08055821806192398,0.3840000033378601,0.020694371738008883,0.08234855290350557,0.383667596219669,0.5301580246038723,0.46880277609523857,0.5293618395062093,-0.46790220019585294,0.5452222885131234,0.4630711500474316,0.5212589073867302,-0.46538899597245953,89.26777752064199,86.77842347132055
68.417554,1785142398.372,0.012874992564320564,0.08138877898454666,0.3840000033378601,0.01887612394183227,0.08229126173353614,0.38368295223476007,0.5323003028173525,0.4665006409553897,0.5313917123819402,-0.4654636265279542,0.5420380308306658,0.46393217998947905,0.5237807171707645,-0.4654196663480214,87.99223648123257,87.14039573620391
68.464116,1785142398.438,0.011213093996047974,0.08055821806192398,0.3840000033378601,0.01717957256764116,0.08219753673484005,0.3836968608093478,0.5346918725256261,0.47393838473124056,0.5247689086429784,-0.46271438431827416,0.5404023923828948,0.4661770348116975,0.5240091533489702,-0.4648210771119491,90.00612556875302,87.99489454189015
68.509248,1785142398.472,0.010382145643234253,0.081804059445858,0.3840000033378601,0.01632999334678572,0.08218158454574465,0.38370374458049816,0.5398343515955616,0.4696784867794074,0.5145026415126485,-0.4725124588521587,0.5403315588499653,0.4666492922643257,0.522743759391181,-0.4658532027984195,89.71395166804322,88.30176293926552
68.554545,1785142398.505,0.009551196359097958,0.08097349852323532,0.3840000033378601,0.01551675283964679,0.0821557361545609,0.38371019011125046,0.5407716189186851,0.45826627459547764,0.5247353846981762,-0.47139246258940537,0.5403920669430393,0.4655606721022858,0.5230061634048878,-0.4665771400499573,90.21453659029267,88.63553131087652
68.603767,1785142398.572,0.009551196359097958,0.08138877898454666,0.3840000033378601,0.014492641200269957,0.08211510262737762,0.38372247053225395,0.5267236016129865,0.47208268891019933,0.5264389184238909,-0.47176503421072213,0.5373541503161001,0.46702704821061486,0.5237844252077719,-0.46774579558506585,89.84368053354169,88.99606683880403
68.651273,1785142398.605,0.009135722182691097,0.08097349852323532,0.3840000033378601,0.01401863319900694,0.08208829417747046,0.383728341713833,0.5513407689416021,0.4581662836928481,0.5102773823532685,-0.47510420546303705,0.539398676310674,0.46575736325802114,0.5218430064932519,-0.4688272849774343,54.91941113877203,81.52250878798279
68.698603,1785142398.672,0.009551196359097958,0.08097349852323532,0.3840000033378601,0.013484818514051207,0.08203842226489669,0.38373962924795113,0.5238836350473047,0.47526999317480295,0.5235632087796303,-0.47491676842329167,0.5355989014679566,0.46811452452748287,0.5222843323775977,-0.4703420934018277,90.853521511083,84.41663013873647
68.747991,1785142398.705,0.009135722182691097,0.0797276571393013,0.3840000033378601,0.01320833493251016,0.08192932447431142,0.3837450460825137,0.5274081228997044,0.4714192613805002,0.5270330919396463,-0.47099965169775915,0.5344819718086349,0.46856925138231936,0.5229368581719352,-0.4704348210281969,90.47976074733569,85.5027320155839
68.791551,1785142398.772,0.008304772898554802,0.08014293760061264,0.3840000033378601,0.012604608035768213,0.08181587838971105,0.3837555170245494,0.540372747222487,0.46945402002284087,0.5145335187562521,-0.4720863006060716,0.5357671020012368,0.46876586611040333,0.5211154844094886,-0.47079807464732026,90.43224920536926,87.00025026111715
68.837046,1785142398.805,0.007058349438011646,0.08097349852323532,0.3840000033378601,0.012157236935177606,0.08179279992669172,0.3837605532998996,0.5301530238995212,0.46879714757224505,0.5293668240720482,-0.4679078661982438,0.5350839744855171,0.46877240462627473,0.5221270955219542,-0.4704475199546605,54.385632440541734,79.88833683479622
68.889721,1785142398.839,0.006227400619536638,0.08138877898454666,0.3840000033378601,0.011634745700360643,0.08177843723017841,0.383765619715065,0.5265533794613833,0.4725808577407527,0.5259917612444271,-0.47195501753641367,0.5340094282261136,0.46925621211876833,0.5226183117316386,-0.4706406678096743,90.61497759329694,81.9156803705671
68.933293,1785142398.905,0.005396451335400343,0.081804059445858,0.3840000033378601,0.010704051284818878,0.08178029183053472,0.38377502738765085,0.5521942322168719,0.46763935100927784,0.5022674638552137,-0.47341563350452665,0.5383684296360113,0.4689039963861303,0.5178167437230657,-0.47133246871440126,91.01930355679514,84.70972338787011
68.985313,1785142398.939,0.004150027874857187,0.08014293760061264,0.3840000033378601,0.010077179807859138,0.081713409808742,0.38377976476629333,0.5365464547519402,0.4816675983696609,0.5176836144604184,-0.46056259280701906,0.53810892160274,0.47079726697827173,0.5178062810341538,-0.46975033498541,90.79920529488743,85.82853890267714
69.033495,1785142399.005,0.0029036046471446753,0.081804059445858,0.3840000033378601,0.008865720100574848,0.08171961912755966,0.38378857528330423,0.5356292261712607,0.48271741436589655,0.5167048459884068,-0.4616289982996912,0.5375412280993339,0.4735850996188991,0.517559490050554,-0.4678661729287851,89.61720120903612,86.960461151872
69.082808,1785142399.039,0.0033277226611971855,0.08326617628335953,0.3850000202655792,0.008452516968895648,0.08181716044704933,0.3838391529625396,0.5205902167367562,0.4881413883766185,0.5256424803391567,-0.46303757304847676,0.5348985768448068,0.47589082276264955,0.5188497506583604,-0.4671256506995159,90.61475256651921,87.621047724189
69.12944,1785142399.106,0.002911166287958622,0.08284981548786163,0.3850000202655792,0.007772879309366323,0.08190270667336062,0.3839180224485859,0.5239703229074706,0.4753655907444968,0.5234764131612195,-0.4748211249641713,0.5322360777945552,0.4757711886442954,0.5199907566951423,-0.46901614737818564,91.57738652708527,88.81902353767529
69.17663,1785142399.139,0.0037442792672663927,0.08243345469236374,0.3850000202655792,0.007608234233673054,0.0819188762568512,0.3839528892267181,0.5239723026278647,0.47536777332926117,0.5234744311616186,-0.47481894031183447,0.5311079550953448,0.47571915393235886,0.5204713540538474,-0.4698140017343848,91.09784209227112,89.21724047387403
69.223565,1785142399.172,0.003734553698450327,0.08221933990716934,0.3840000033378601,0.007462603598131318,0.0819261950736763,0.38395434616910623,0.5128784414920482,0.48582903344171524,0.5277953811990964,-0.4715483963525664,0.52830732095939,0.4772970737197062,0.521620109572857,-0.47009715945591274,91.05540334068847,89.53739173863889
69.265363,1785142399.239,0.0037442792672663927,0.08284981548786163,0.3850000202655792,0.007226103894774882,0.08198792062973978,0.38401665096540516,0.510988355027829,0.4776885303283507,0.5349976623039694,-0.47379538869429844,0.523782374252882,0.47742269834546597,0.5251596472075333,-0.4710912188434502,91.2246212467568,90.0419998853326
69.309436,1785142399.272,0.004577391780912876,0.08368253707885742,0.3850000202655792,0.007153514015539624,0.08206976499170918,0.38404474369001806,0.5209170272239231,0.4783372672620625,0.520762382232302,-0.4781688517126461,0.5233726762449565,0.4775565821353711,0.5245295631401011,-0.4721117346682129,54.359404608774874,82.13717263129817
69.360308,1785142399.306,0.004171642474830151,0.08431733399629593,0.38600000739097595,0.007083572879860897,0.08219875234005014,0.38413934993406496,0.512886641429424,0.48581436615470025,0.527772634854551,-0.47158004684214255,0.5218033857185747,0.47880313537926456,0.5250231856476418,-0.4720375395411044,54.643656052197464,76.14712537405761
69.408785,1785142399.372,0.005006919614970684,0.08389989286661148,0.38600000739097595,0.006950272924787876,0.08232523126352304,0.38428024037899633,0.5212664648586319,0.4787178601277436,0.5204125386601617,-0.47778789500549773,0.5216877209446339,0.47878662053218984,0.5240114118656438,-0.47330469472585357,91.14600705049632,80.87315347525498
69.452795,1785142399.406,0.004589281044900417,0.08431733399629593,0.38600000739097595,0.006895752701054148,0.08241481737945187,0.38434405232766455,0.5086624975040944,0.4811323285569391,0.5320795212294805,-0.47609403392447724,0.5199151961954318,0.47911421480125677,0.5251217490941568,-0.4736928398959965,54.891990392417185,75.27629458674616
69.499801,1785142399.472,0.004589281044900417,0.08515222370624542,0.38600000739097595,0.0067972953820791306,0.08268057498292877,0.3844451664454312,0.5054188309381279,0.48395144718631966,0.5295295735161458,-0.47952187944994934,0.516653866331097,0.48021884697206263,0.5261305427690074,-0.47502136097605274,56.09405269146631,68.93459789863019
69.546774,1785142399.506,0.004589281044900417,0.08473478257656097,0.38600000739097595,0.0067483111267180014,0.0827599002494296,0.38449245054705483,0.5053397720684073,0.48413290422729544,0.5291990970902027,-0.4797867874892023,0.5151246476371785,0.48075465006166973,0.5265521423552499,-0.4756725819530184,56.84869772027654,66.55177194753618
69.592919,1785142399.573,0.004171642474830151,0.08431733399629593,0.38600000739097595,0.006612113926983958,0.08283777453952942,0.3845723529005527,0.50547327277498,0.48399408153399875,0.5294910110996275,-0.4794640431929235,0.5130664753182637,0.4814524228773108,0.5271861364136897,-0.47648833562141596,56.53559143772796,63.365864509784444
69.634824,1785142399.606,0.004171642474830151,0.08389989286661148,0.38600000739097595,0.006549510133478837,0.08286412962188902,0.38460906393963945,0.49446472345634124,0.49429975081769073,0.5332939812640384,-0.4762036572164942,0.5104481789621277,0.4832886258521213,0.5280690471463678,-0.4764638938703992,92.31911074269661,69.44963676264501
69.678233,1785142399.639,0.004171642474830151,0.08348244428634644,0.38600000739097595,0.006490682697529499,0.08288425572181736,0.38464354673303136,0.5054849521682174,0.4839895278059758,0.5294955752439583,-0.4794512862666169,0.5097897635531013,0.48338276111977657,0.5282596912864601,-0.4768618267282755,54.16909528611811,66.4814172083517
69.728447,1785142399.673,0.0033277226611971855,0.08284981548786163,0.3850000202655792,0.006357484417453705,0.08288273116433685,0.3846570936712214,0.50230083369759,0.48689377212507823,0.5268371887686046,-0.4827741746022794,0.5087791737079979,0.4838610080567451,0.5280703932401083,-0.4776650888086283,55.12981382017987,64.28329202765923
69.773789,1785142399.739,0.0033277226611971855,0.08243345469236374,0.3850000202655792,0.006152727791109177,0.08284523944511842,0.38467843447301936,0.5023679047103272,0.4867522844868248,0.527138512582329,-0.4825180726317952,0.5074647882592175,0.4844580558391343,0.5278820856906941,-0.47866521120344285,91.87050016015742,73.64488189881756
69.82425,1785142399.773,-4.716690000350354e-06,0.08221933990716934,0.3840000033378601,0.005551344478101064,0.08281706087056831,0.3846436462177904,0.5052939027945643,0.48370320840439557,0.5297928374394361,-0.4796132060064678,0.5072316023999555,0.48437711914029696,0.5280877890185341,-0.4787673705147794,92.31112616745826,77.45665886877741
69.869483,1785142399.839,-0.001244623796083033,0.08179111778736115,0.38200002908706665,0.004388870439648088,0.08273009465031009,0.38427902756557203,0.49909264392537955,0.4991225719369321,0.5287818575773865,-0.4713522441440636,0.5056418929981917,0.48729485856847377,0.5282386808741043,-0.4773194872266611,90.34245721155625,81.55517308778091
69.914341,1785142399.873,-0.004574935883283615,0.081804059445858,0.3840000033378601,0.0031192112038013124,0.0826920974342379,0.38427157753793734,0.5183500961739002,0.48138737401891707,0.5179442017584243,-0.48095028620067204,0.5072812873466265,0.4865455227913439,0.5269272129759771,-0.47779374418782045,92.76522610756437,83.73172566724347
69.96573,1785142399.94,-0.007483257446438074,0.08221933990716934,0.3840000033378601,0.00037281807604211577,0.08266687899131726,0.3842585185806951,0.5071891274977073,0.48256910510911305,0.5168433600175103,-0.4927059863124401,0.5072757207525314,0.4856773217256647,0.5247047853872332,-0.4811172107585868,90.9776449099337,85.98802624628533
70.009564,1785142399.973,-0.010778909549117088,0.08241942524909973,0.3830000162124634,-0.0016178668061095991,0.08266149761653915,0.3842034617931112,0.4947991366550426,0.49352244524808253,0.534080660090136,-0.4757806836342376,0.5055709997029265,0.48676514051024117,0.5260037586822601,-0.4803932848152264,93.0774753122555,87.28834957032751
70.055342,1785142400.006,-0.014130848459899426,0.08304989337921143,0.3840000033378601,-0.004167331279624302,0.08267394221386729,0.3841991607071602,0.49694047494980326,0.5020485147465494,0.5260873801737772,-0.4735287970328088,0.5042894907800944,0.48906576484022174,0.526028184564709,-0.4793757776458448,98.62262571745156,89.4347775766033
70.100593,1785142400.073,-0.01620822213590145,0.08304989337921143,0.3840000033378601,-0.007935047242072512,0.0826951446797229,0.38419088982559424,0.43523205508183405,0.5238877531940495,0.5790459840677411,-0.4481299238140158,0.4780863657846587,0.5031418272371381,0.5472056817888804,-0.467811575693952,67.92928120276663,82.28825619745481
70.153719,1785142400.106,-0.021138722077012062,0.08076263219118118,0.3830000162124634,-0.010948756391078326,0.082580804637844,0.384143094451867,0.5132646124072938,0.47638487121432277,0.5225489972032413,-0.48637376332445253,0.4661834438767978,0.5091768899427194,0.5563845742604658,-0.46243712754106214,97.4459110983562,85.21945567933584
70.198581,1785142400.173,-0.023686762899160385,0.08263462036848068,0.3840000033378601,-0.01536076635434651,0.08258344336401942,0.3841363833644638,0.5276001756848635,0.4822872562746665,0.5025328734480733,-0.4863103619669011,0.4958590340570195,0.4968937125672775,0.5313242697265275,-0.4742520186090086,95.6575378870316,88.51113368668945
70.24359,1785142400.206,-0.028597790747880936,0.08117683231830597,0.3830000162124634,-0.0186130215695195,0.08251859016155055,0.38409329273448634,0.5001586803973986,0.4979294091716086,0.5309025011313466,-0.46909501404046705,0.4970622945786258,0.49718531351180295,0.5312089418921759,-0.47281381049013,95.01256420183246,89.69277112846788
70.290788,1785142400.24,-0.02991887927055359,0.08304989337921143,0.3840000033378601,-0.02128516968079364,0.08253871218388245,0.3840907849524559,0.4949391570101196,0.4837457963669867,0.5299053455718862,-0.49012810579451727,0.49650005844085,0.4934974785471886,0.5308747255299745,-0.47761904948324035,59.51062641150959,83.09754608707573
70.33575,1785142400.306,-0.0324961319565773,0.08368253707885742,0.3850000202655792,-0.02517720739984445,0.0826326491284341,0.38416347833453085,0.5456263490544258,0.46331472083662406,0.4751072154121126,-0.5117660505904701,0.519663575723927,0.48002125206541074,0.5056149439832149,-0.49384501015220156,97.46807595842186,87.65191889061833
70.382813,1785142400.34,-0.036661699414253235,0.08284981548786163,0.3850000202655792,-0.027972033250868833,0.08263759794803283,0.384196152247513,0.4993348462674275,0.48936831070247244,0.5387691193936491,-0.470011918754285,0.5281089814757864,0.47478238824904617,0.49595918970815933,-0.4997069837786594,90.76030637179768,88.21183558976921
70.431921,1785142400.407,-0.03999415040016174,0.0849316194653511,0.3850000202655792,-0.03239754369111911,0.08288760938598855,0.3842479257479034,0.5172081524882806,0.5016527086005435,0.5123187903703563,-0.4673004857549932,0.5232751588387894,0.4871735637317634,0.5035587978774758,-0.4850500634195657,96.4103915929437,90.75792818710065
70.478747,1785142400.44,-0.04415971413254738,0.0849316194653511,0.3850000202655792,-0.035323384155914433,0.08299133488430699,0.38427099485035243,0.5120252578005801,0.4879448115233313,0.5117712974634867,-0.4876783113633918,0.5202082322045506,0.48739429239019955,0.5058154046149322,-0.48577873085007073,95.96194470208002,91.69074725953942
70.5222,1785142400.473,-0.04665905237197876,0.08659707009792328,0.3850000202655792,-0.03814719071513052,0.0832700741902718,0.3842920706802379,0.4884943390908897,0.5098624063705822,0.5318582544164452,-0.46748305258612977,0.5109011383194964,0.49421392297048594,0.5137044521090625,-0.4804584904955824,97.44987813358905,92.72815882154748
70.569951,1785142400.54,-0.04944618046283722,0.0859568640589714,0.3840000033378601,-0.04234097053376546,0.08353271789451946,0.3842738807576362,0.4740781878770061,0.52142375960855,0.5477789761487709,-0.4508939209884555,0.4941561842308344,0.5070352732576319,0.5297064153714478,-0.4670503300216279,100.00837549252273,94.9811770358084
70.617958,1785142400.573,-0.053046949207782745,0.08697561174631119,0.3830000162124634,-0.0449489866704827,0.08375718962359739,0.3842106422244801,0.4777916717056692,0.517279947841714,0.550273688330896,-0.4487041808812213,0.48932548530984404,0.5101562848350076,0.5359142596105375,-0.4616243503279672,99.59161893903814,95.80492975539141
70.662859,1785142400.64,-0.055947694927453995,0.08821820467710495,0.3830000162124634,-0.04898923728782126,0.08436714329755132,0.38411363742784377,0.4456685018583184,0.5164895653269426,0.5744992348270562,-0.45229276419469167,0.4695730667208595,0.5132758804822086,0.5537953399195696,-0.45755844108588906,103.17687180566696,98.08886879017832
70.711186,1785142400.673,-0.060091618448495865,0.08904660493135452,0.3830000162124634,-0.05174306324193084,0.08473791498048942,0.3840717370408641,0.5015870776377259,0.5083725881773163,0.5058185368965389,-0.4838546505600492,0.46259232535156425,0.5142764835991291,0.5599449272062158,-0.4560588968968511,98.72046068921932,98.19810171745277
70.762236,1785142400.707,-0.0625779777765274,0.09194599092006683,0.3830000162124634,-0.054484898842001334,0.08562836890030934,0.38403354709328796,0.474934186206476,0.5231262757063351,0.5309131024143536,-0.4678757272212118,0.4663905180538827,0.5170233844948323,0.5512215457273917,-0.4596971960767701,101.48756350671167,98.79404505435465
70.822457,1785142400.773,-0.06547872722148895,0.09028920531272888,0.3830000162124634,-0.058537647051741075,0.0862169313948763,0.3839724230851242,0.4400853471381403,0.5285437542309919,0.5828797179399587,-0.43268651644342404,0.454886271140217,0.5222892622098902,0.5654178943320269,-0.4478783447293855,100.50686526028112,99.30195864854895
70.876488,1785142400.84,-0.06897348165512085,0.08969438076019287,0.3840000033378601,-0.06228256931343888,0.08651450267162532,0.383974083138939,0.5001114428352947,0.5190083217359245,0.5088920013793021,-0.4706886844255204,0.4761792860629075,0.5211434011140139,0.5396188076817855,-0.4587748744166642,65.33937784587539,87.29314083190884
70.922856,1785142400.874,-0.07335218042135239,0.08946080505847931,0.3830000162124634,-0.06505816658510598,0.08662160563462802,0.38394177560228543,0.5036504071556573,0.5160740261389953,0.4980948481931512,-0.4815655605627025,0.48533004805413005,0.5196575895199594,0.5262063942250286,-0.466387783702334,104.85993976661915,90.78792256549454
70.96566,1785142400.94,-0.07500975579023361,0.09236019104719162,0.3830000162124634,-0.06851565792849382,0.0874584300352189,0.38388911585301116,0.43664902852909165,0.5330935819985185,0.5787708223742377,-0.4360885161120823,0.4617162287243485,0.5266846133729105,0.5525227907249699,-0.4518185563899339,105.86328481295921,95.58014881388297
71.012756,1785142400.974,-0.07956806570291519,0.09028920531272888,0.3830000162124634,-0.07126160897409384,0.08754198905425789,0.38386414172874045,0.47837908691915704,0.5190093165102544,0.5361453286827021,-0.46295892377798464,0.46712199119760983,0.524253446302547,0.5472897185099742,-0.45544410567352395,100.93740125814561,96.56243094445134
71.057888,1785142401.007,-0.08122564107179642,0.0927743911743164,0.3830000162124634,-0.07359088283342496,0.08793694349168057,0.3838415920841491,0.4529452585792523,0.5392653382312341,0.5613050264822826,-0.4347069759719196,0.4627361330193128,0.529013040878497,0.5517398900233086,-0.4490028591622618,103.7251695336986,97.86425775599747
71.10538,1785142401.074,-0.08371199667453766,0.09111759811639786,0.3830000162124634,-0.07714389024118656,0.08813791378412217,0.38380094042622553,0.4542192473829266,0.5552587727614141,0.5593706434731259,-0.41530356824717624,0.45898892529451096,0.5410342445878269,0.5553314005522676,-0.4338411554946423,105.87956571363112,100.35216452349206
71.151537,1785142401.107,-0.08785592019557953,0.09028920531272888,0.3830000162124634,-0.07970166419466616,0.08819706057966085,0.3837819648902817,0.48963875612350877,0.5184408067702366,0.5236056785459996,-0.4661653266509992,0.4689564802302546,0.5340215243232537,0.5454063094586157,-0.4443340959371139,104.91175898730553,101.16561121841322
71.20014,1785142401.174,-0.09034227579832077,0.09236019104719162,0.3830000162124634,-0.08349156231537805,0.0886043095883033,0.38374676018621623,0.46537717008692314,0.536943548305159,0.5551150148282529,-0.4323922244994481,0.4674459009747019,0.5352836580391799,0.5495610670003435,-0.43925888577874833,105.08438984992536,102.35469691524285
71.251217,1785142401.207,-0.09407180547714233,0.09318859130144119,0.3830000162124634,-0.08599362838280207,0.0888868182664952,0.3837301186459685,0.4712059913186742,0.5255001703258176,0.5418643300134047,-0.4562866780786462,0.46844713975601454,0.5327560067404828,0.5475782298928794,-0.4437188261542712,58.312417347085656,92.13095050609445
71.30135,1785142401.274,-0.09622927010059357,0.09575702250003815,0.3850000202655792,-0.08956257144996563,0.09004102051016259,0.3838596765983102,0.4263588561574029,0.5402458962169642,0.5933781770549856,-0.41743842227540845,0.45039913188574127,0.5363175247815175,0.5678180708163684,-0.43253528533886665,105.30650053079906,96.28361088197508
71.351106,1785142401.307,-0.10070209205150604,0.0960879847407341,0.3830000162124634,-0.09225333949428813,0.09055593695113343,0.38383082935175095,0.4620558658257127,0.5235061645395361,0.5550685049357815,-0.4520449395508276,0.45364796436750476,0.5328336725571091,0.5643538910140977,-0.4379457586411477,56.9073405547497,87.29547252318497
71.397992,1785142401.374,-0.10250571370124817,0.09666333347558975,0.38200002908706665,-0.09582520047743537,0.09142939515017853,0.38366543629957284,0.490775682609009,0.5152645701269774,0.537249144055151,-0.4527747887675838,0.46967566732535393,0.5254910262070953,0.5529426730221981,-0.44443036490474397,110.75340607304891,95.06334978137082
71.445534,1785142401.407,-0.1058121994137764,0.09748957306146622,0.38200002908706665,-0.09808851835558519,0.09192708266943768,0.383595132568776,0.48990326171800747,0.528173461047971,0.5132659207367914,-0.4664608062987485,0.47573798902728603,0.5264139577592407,0.5414300371337254,-0.4510157710789048,59.01954678560468,86.98737315419147
71.491612,1785142401.441,-0.10829206556081772,0.09583710134029388,0.38200002908706665,-0.10048752268069001,0.09208887354047605,0.3835320481801183,0.4554462712734698,0.5352948543769627,0.5672724200871224,-0.4292203563079672,0.46956002689083676,0.5292458401767175,0.5494978884239339,-0.4443695448830343,58.82464606258681,80.77233329008318
71.540094,1785142401.507,-0.10953199118375778,0.09583710134029388,0.38200002908706665,-0.10341926078852608,0.09233861192218525,0.3834336210825262,0.4749715457748379,0.5207324458618003,0.5472084800776531,-0.4514450463369302,0.47174077509779616,0.5258390155712704,0.5485894137381545,-0.4472176494142373,106.82783611562839,89.41204003544574
71.592359,1785142401.541,-0.11325179040431976,0.09583710134029388,0.38200002908706665,-0.10562744817614889,0.09245384923635178,0.3833879533860869,0.4767098178013874,0.528723251156966,0.5395126579441284,-0.4495837688527442,0.4729295157662294,0.5265317758876539,0.5464334695731263,-0.4477861380480515,59.7221956771455,82.85818815743295
71.637409,1785142401.607,-0.11490502953529358,0.09583710134029388,0.38200002908706665,-0.10859574645376949,0.0926420183450715,0.38331272906007957,0.4976023500489317,0.5299524370932185,0.5119027846271311,-0.45770935618111147,0.4823118114313477,0.5279359230639202,0.5335735300724284,-0.45161738861397477,59.86226094351386,75.09394200222897
71.68295,1785142401.641,-0.1173848956823349,0.09666333347558975,0.38200002908706665,-0.11040002837858111,0.09282266403117209,0.38327686946487294,0.5031763417435646,0.5244654626254693,0.5033905608851788,-0.4672766748237289,0.4877732849715326,0.5271209093811322,0.5258619927759409,-0.4557301108276747,59.19253157861577,71.8583783269349
71.735268,1785142401.707,-0.12049231678247452,0.0971694141626358,0.3840000033378601,-0.11367811754827907,0.09320100176542542,0.3833461259184302,0.47122506588629504,0.5235644347428084,0.5550327277242985,-0.4424543943818675,0.4814948399219474,0.5258371937788155,0.5371447888360055,-0.4507032733336669,58.342658407151454,67.50452051538821
71.784678,1785142401.741,-0.12266489118337631,0.09733057767152786,0.3830000162124634,-0.11550991225591066,0.09338936510624456,0.3833371581553441,0.4891109053560672,0.5172685454401401,0.5367151680553447,-0.45292449982235794,0.4832315458054174,0.5238960687276027,0.5370535876912426,-0.4512135040734425,58.45868154036729,65.75923313519165
71.830412,1785142401.807,-0.12349367886781693,0.09691637009382248,0.3830000162124634,-0.11776636490512715,0.09359676752642136,0.3833215157711153,0.4856970837515847,0.5295541351404615,0.5368381868737242,-0.4421261380024669,0.48401023907143603,0.5256754640087903,0.5369930797337871,-0.448372420350736,58.83067007366581,63.61486173895855
71.876494,1785142401.841,-0.12639442086219788,0.09567378461360931,0.3830000162124634,-0.11940904238529967,0.09367652044881171,0.38331385406021,0.48854847088370623,0.5170572479282796,0.53862159120782,-0.4515074478309098,0.4848334481480763,0.5241236429940663,0.5372913674485125,-0.448942001684831,107.67951241565369,73.97677417759621
71.933494,1785142401.874,-0.1276376098394394,0.09650218486785889,0.3830000162124634,-0.1208897550719224,0.0937418987005502,0.3833067421820164,0.46922886718487083,0.5253693349806997,0.5531858710354423,-0.4447434363192998,0.48193777554388784,0.5243768284521338,0.5402811961948909,-0.4481753577836563,58.11547893251772,70.91833920533138
71.980438,1785142401.941,-0.13012395799160004,0.09650218486785889,0.3830000162124634,-0.12361442264219002,0.09386407846804257,0.3832933652852032,0.46339740003070595,0.5284257267926858,0.5625975678340059,-0.4353309977197403,0.4761510759823431,0.525710049392357,0.5473701150332534,-0.44417907872526496,58.51149373095365,66.98284109972553
72.028409,1785142401.974,-0.13178153336048126,0.09733057767152786,0.3830000162124634,-0.12503234248681738,0.09399846926046684,0.38328700456380055,0.4777112544070947,0.5189748373273944,0.5482582824882047,-0.44929937827342775,0.4764241566629151,0.5245450112438844,0.5475270537358339,-0.44506929747460744,59.69295290534445,65.65566563724802
72.076839,1785142402.041,-0.13391731679439545,0.09666333347558975,0.38200002908706665,-0.1275351626218168,0.09411385318413606,0.383194677921723,0.486476197596413,0.5196504633291856,0.5362692473668055,-0.45356322543008065,0.4792033019682356,0.5232162114305751,0.5444494460411379,-0.4474190342223653,61.56728496091198,64.4148195219814
72.123528,1785142402.074,-0.13598386943340302,0.09666333347558975,0.38200002908706665,-0.128990723031831,0.09416879258034203,0.38315418018655434,0.4967862942307951,0.5208402375060405,0.5218395421842952,-0.4578343773374499,0.48245749024455703,0.5228175824488663,0.5403460419613674,-0.4493580983201817,60.63989651540203,63.745858808670135
72.173627,1785142402.141,-0.13763712346553802,0.09542398899793625,0.38200002908706665,-0.1313323947317365,0.09426861093204797,0.38308617956412083,0.4945612074098394,0.5141852733467598,0.5146978648782995,-0.47550901641121346,0.4864667318228346,0.52010669384266,0.5321179814816097,-0.4579187696891285,60.84457241566696,62.871046066420874
72.23043,1785142402.174,-0.1397036612033844,0.09542398899793625,0.38200002908706665,-0.1327257309922601,0.0943117710997516,0.38305546492730685,0.4974250543764516,0.5111090884387987,0.5180873369447686,-0.4721454503554199,0.48869785454594783,0.5183191764991631,0.5293171023922093,-0.46080694802762284,60.56272547156111,62.46676884682176
72.281336,1785142402.241,-0.14094358682632446,0.09666333347558975,0.38200002908706665,-0.13482880991427545,0.09444992431850435,0.38300134200300984,0.489917916170968,0.5162826094622288,0.539463892914695,-0.44990155681314375,0.4890758586668077,0.5177200859890712,0.53237632738047,-0.45754361877057803,60.17957816465315,61.7795542299022
72.337542,1785142402.308,-0.14135690033435822,0.09583710134029388,0.38200002908706665,-0.1362162692771342,0.0945266605222524,0.3829531970356097,0.4809527873130517,0.5060040708435554,0.55038583025127,-0.45795167269503123,0.4867813895949402,0.5144006349192881,0.5375504163533597,-0.4576848428962685,61.19581875570312,61.60597494280061
72.384169,1785142402.341,-0.14342346787452698,0.09625022113323212,0.38200002908706665,-0.1372010609761049,0.09456530435518531,0.3829307057412088,0.505081789881686,0.5128021718753053,0.516245150016825,-0.46413065308594775,0.4902223546814301,0.5141352491403841,0.5336141872995351,-0.45891490243247285,60.3946911618888,61.395766108522864
72.431956,1785142402.408,-0.14500530064105988,0.09633886069059372,0.3840000033378601,-0.1389904375034343,0.0946474099745911,0.3830381019921468,0.47970838612305455,0.5174036303980424,0.5397389132835634,-0.4591897788732,0.4872987402358345,0.5150547289149294,0.5353303670608174,-0.4589988693771126,59.45668924388912,60.81436354719057
72.480087,1785142402.441,-0.14711405336856842,0.09691637009382248,0.3830000162124634,-0.14017335662511765,0.09472588771708504,0.38303708165999273,0.4741722919148817,0.5298257226835146,0.5522585361179109,-0.4352652644629272,0.48482774177799154,0.517937548503679,0.5386289147750614,-0.4544905376580374,59.56324646388229,60.59716141042027
72.530145,1785142402.475,-0.14835722744464874,0.0960879847407341,0.3830000162124634,-0.14139783714067602,0.09476153490173976,0.38303610263735194,0.481792025776488,0.5234601875471163,0.5475743428210225,-0.44048633921547553,0.48424338167873743,0.5190355335981084,0.5403999149788578,-0.45175036696577336,61.32611384254401,60.7262555170179
72.582428,1785142402.541,-0.1496231108903885,0.09625022113323212,0.38200002908706665,-0.14329701195134928,0.0948229850206351,0.38296796837231195,0.484888359429155,0.5196949596173203,0.550295188496813,-0.43815024062039676,0.4844450046455863,0.5192423735173658,0.5432917280757291,-0.44781077836791555,61.45070138043096,60.9395624325323
72.633667,1785142402.575,-0.15084359049797058,0.09815897792577744,0.3830000162124634,-0.1443277514571778,0.09502043464434254,0.3829689381919842,0.499941170254245,0.5194538590320433,0.5100713130604204,-0.46909889172151414,0.4878274165390464,0.5193658999563106,0.5362792970344603,-0.4524245674227212,61.84869086075859,61.100821492604254
72.67599,1785142402.641,-0.15168967843055725,0.09707645326852798,0.38200002908706665,-0.14584865252263046,0.09513425458760552,0.38290997514558195,0.4890189637781433,0.5277498389809144,0.5302638854077316,-0.44850950085061253,0.4881893897072335,0.5218752246375772,0.5344906023826311,-0.4512617484912823,60.526752203821054,60.93193323768723
72.721127,1785142402.675,-0.15292960405349731,0.09748957306146622,0.38200002908706665,-0.14672755859848607,0.09521998617529266,0.3828823878130732,0.4917898326740481,0.5242310234533315,0.5337064670034293,-0.4455131890373414,0.48879212689885587,0.5222703348171316,0.5343616576490754,-0.45030386727878136,60.9738477702351,60.939313602637036
72.770017,1785142402.741,-0.15415872633457184,0.0994015708565712,0.3830000162124634,-0.1482227373137113,0.09571546601055544,0.3828895376012744,0.4920158387629713,0.52390646755156,0.5333182810232422,-0.44610989541864005,0.48955230860396115,0.5226569336992452,0.5341175981363329,-0.44931799224792873,61.80872240726769,61.195547662339976
72.816369,1785142402.775,-0.15374433994293213,0.10064416378736496,0.3830000162124634,-0.14873159260820829,0.09611537438341025,0.3828928834515635,0.47926183210808465,0.5283449614576244,0.5290077559399553,-0.45968520983616207,0.4880586375121886,0.5234959956483619,0.5333808311750297,-0.4508387714304428,59.95394176078126,60.974682247926665
72.864319,1785142402.841,-0.15497669577598572,0.1013222262263298,0.3840000033378601,-0.1497587065373913,0.09682696806419268,0.38298601319999215,0.4789908361912463,0.5369410044242665,0.5327562686374768,-0.44545807304407803,0.4859275722069636,0.5266886791055744,0.5332472380360099,-0.4495784836911554,59.093218386008935,60.416672055124366
72.914069,1785142402.875,-0.15497669577598572,0.10049165785312653,0.3840000033378601,-0.15017772280341576,0.09701003732149222,0.38302758027663486,0.4777488893708518,0.5294230179346079,0.5410080043640108,-0.44584482278030346,0.4847907531238391,0.5270748911627777,0.5343348339227141,-0.4490615437199587,59.35436329188962,60.227974842502576
72.978085,1785142402.942,-0.15539216995239258,0.10049165785312653,0.3840000033378601,-0.1508540203600915,0.09728394770465704,0.3830926816443808,0.4769477443018234,0.529138198245222,0.5420839092664531,-0.44573383501547476,0.48307645742763644,0.527533552274136,0.5360404726596779,-0.44833703747848624,59.82544351490148,60.108417238058685
73.032355,1785142402.975,-0.15580764412879944,0.10007638484239578,0.3840000033378601,-0.15119241856296686,0.09736379103603436,0.38312152373908764,0.4758149002531831,0.520844415052069,0.5500355464989731,-0.44696999182685365,0.482108967768821,0.526643745788702,0.537930287257553,-0.44816103609030244,59.14368256253882,59.941352382672726
73.079636,1785142403.042,-0.15580764412879944,0.10173749923706055,0.3840000033378601,-0.151676710171989,0.09781970185696073,0.38317076574488,0.4870373177716515,0.5303596250896853,0.5268058457602504,-0.4516513257429356,0.48320443363248183,0.5274721481055129,0.5354819103740625,-0.44893845007195915,58.860477232223104,59.61897356779354
73.124597,1785142403.075,-0.15663859248161316,0.1013222262263298,0.3840000033378601,-0.1519983692020137,0.09796110948435795,0.3831931839066131,0.48256538774221575,0.5251715017712335,0.5321102107967481,-0.45627213792471777,0.48312908580035263,0.5271963272695508,0.5350767891791186,-0.4498256869599348,59.405457607148364,59.58223545219954
73.173945,1785142403.142,-0.15746955573558807,0.10215277969837189,0.3840000033378601,-0.15268057009701239,0.09835427185430132,0.38323319031761965,0.48314752440860353,0.5251603757108712,0.5314623657067302,-0.4564239293447051,0.483134904100427,0.5268077914570644,0.5343851325504534,-0.45109505141271034,58.620599701029214,59.29563334997363
73.223275,1785142403.175,-0.1583026498556137,0.10105837136507034,0.3830000162124634,-0.153095349224226,0.09841291413516011,0.38322460969263755,0.501288637966409,0.5267255998312,0.5027644224687279,-0.4674374604457066,0.48604379125389946,0.5268506347522351,0.5294640385141043,-0.4537154103235177,58.87313447394339,59.222807223338776
73.271552,1785142403.242,-0.15871703624725342,0.1023009642958641,0.3830000162124634,-0.15379311199271944,0.09873526969822394,0.38321049504144095,0.5046898231956394,0.5235672550417602,0.5053164599745356,-0.4645651591430358,0.49142947061270004,0.5259685173241271,0.5226146632048082,-0.4568677138959437,59.176562880361885,59.209102613469
73.316046,1785142403.275,-0.15954582393169403,0.10064416378736496,0.3830000162124634,-0.15421557166299707,0.09880299352105076,0.3832041826513873,0.485098965227051,0.5216756644353956,0.5361771458984963,-0.45282177872500307,0.49037593468884716,0.525257574845492,0.5249002334108489,-0.45619696153164857,59.27533029722099,59.22048245849731
73.36571,1785142403.342,-0.15996022522449493,0.1023009642958641,0.3830000162124634,-0.15492610029572057,0.09906464226388167,0.383193237190661,0.5000174146063401,0.5184710718570494,0.5106188345883251,-0.46950903985062337,0.49308445467716544,0.5233965547074381,0.5209536139095677,-0.45992510176187074,58.71134322512931,59.06916642632129
73.410453,1785142403.375,-0.15996022522449493,0.10147255659103394,0.3830000162124634,-0.15521615328346355,0.09911832849956537,0.3831882178104741,0.4919003722773486,0.5261673431331397,0.5179899277561957,-0.46137662003698243,0.4929126054662636,0.5238007709453847,0.5205225996557526,-0.4601370871567486,58.742068392810154,59.012832246540434
73.456553,1785142403.409,-0.16078899800777435,0.10147255659103394,0.3830000162124634,-0.15560011575417299,0.09917152785235443,0.38318337674909325,0.4952177481814414,0.5233430424787373,0.5208267097500752,-0.4578329173247722,0.49322364899949334,0.5237394035869849,0.520563924815565,-0.45982678192835696,59.25571629118294,59.05567342848202
73.521337,1785142403.475,-0.16161778569221497,0.1023009642958641,0.3830000162124634,-0.15635860052998835,0.09937509053054712,0.3831749145631665,0.49046598495522487,0.5178541902871031,0.5263861814869748,-0.462804216860166,0.4926582089976073,0.5225290007843619,0.5217686077860146,-0.46044419029412237,59.21755473507861,59.10317360616857
73.571622,1785142403.542,-0.16244657337665558,0.10188675671815872,0.3830000162124634,-0.15713586951502195,0.09948727785833328,0.3831670574192897,0.49078942923635105,0.5184857588555918,0.5262997195328316,-0.4618515554087269,0.4923197924221758,0.5217950992792622,0.522594553895449,-0.46070166984323757,58.40721579707728,58.89609788620156
73.619102,1785142403.575,-0.16326236724853516,0.10079450905323029,0.38200002908706665,-0.15759426918244526,0.09954045758629895,0.38311751864116633,0.4955148016566192,0.5142285858873217,0.5165115003881324,-0.4724932938807988,0.4926882670560344,0.520943133283076,0.521910883367289,-0.46204496882155216,59.10978663249426,58.932863042281696
73.661473,1785142403.642,-0.1636756807565689,0.10120762139558792,0.38200002908706665,-0.1583570270383223,0.09963137929077835,0.383038770251208,0.4954279527532459,0.5140973659993394,0.5166400179947902,-0.47258664148451296,0.4932385970358986,0.519594899390212,0.5208746720225667,-0.46414049916713546,59.118034671263324,58.9877841133316
73.707381,1785142403.675,-0.1636756807565689,0.10120762139558792,0.38200002908706665,-0.15866784296656572,0.09967295724653283,0.38300414025772095,0.48010377034775276,0.5200674427112674,0.5254331827663146,-0.4721760213921241,0.49164228484514183,0.5196597594186001,0.5214382505535035,-0.46512766962733243,58.64250090917316,58.92830956485129
73.754996,1785142403.709,-0.16491560637950897,0.10038138926029205,0.38200002908706665,-0.15915133956581984,0.09970348776442577,0.3829720263390312,0.4906418986953676,0.5187275776101951,0.527285448392301,-0.46061077211132806,0.4915221454292922,0.5195479963968814,0.5221506941120567,-0.4645799313690476,59.27069353729144,58.98875322322212
73.802287,1785142403.775,-0.16491560637950897,0.10162074118852615,0.38200002908706665,-0.1598020380813629,0.09980281498047337,0.382919183702558,0.5081699506573474,0.511404367426046,0.5041765578663133,-0.4754312492091265,0.4954500206668799,0.5176799931566655,0.5179838625780365,-0.46715031822234787,59.95416551592189,59.27345599581814
73.848341,1785142403.809,-0.16532893478870392,0.10038138926029205,0.38200002908706665,-0.16014868424489836,0.09982676761578907,0.3828940062360136,0.48588932091373405,0.5132923199089815,0.5325824062735607,-0.46561630413067584,0.4940482488662416,0.5170426394122124,0.5201504334272844,-0.4669333607992272,58.24177545176241,59.09026184387026
73.895145,1785142403.842,-0.16491560637950897,0.10079450905323029,0.38200002908706665,-0.16036890638820858,0.09985437358816887,0.3828711806839763,0.49208687420862207,0.5067574602744177,0.5393036271400259,-0.4584746257334441,0.49374880057356413,0.5153952157358929,0.5232734667560208,-0.4655800387880208,60.099957758947,59.26516920698823
73.940971,1785142403.909,-0.16532893478870392,0.10079450905323029,0.38200002908706665,-0.16080775303265518,0.09990290108595297,0.3828297694193991,0.4889789612361032,0.5099335449172852,0.5357688212973871,-0.4624058016095398,0.4925386499804026,0.5140085005594859,0.5264814898552906,-0.4647775602025393,59.019946071202355,59.19240986654452
73.990674,1785142403.942,-0.16450229287147522,0.10038138926029205,0.38200002908706665,-0.16089898412083012,0.09991893884594719,0.38281038475265966,0.4952742157489612,0.5138954076387495,0.5168428858971309,-0.47274558963525015,0.49294407765598847,0.5139972105045296,0.5250761474300822,-0.46594854146936826,59.463796956925975,59.23912614707686
74.033826,1785142404.009,-0.16450229287147522,0.10038138926029205,0.38200002908706665,-0.16106614381691475,0.09994594627786366,0.38277426612641924,0.493434288016004,0.5148861725636378,0.530345521400554,-0.45841952471865927,0.4930585158386808,0.5142018962208343,0.526270584528842,-0.46425099002751347,59.61181006496668,59.34979284268863
74.080885,1785142404.042,-0.16491560637950897,0.10120762139558792,0.38200002908706665,-0.16118668598332103,0.09998321341661158,0.3827571610239241,0.49325466960661835,0.5148659947693673,0.5309177370948396,-0.45797291926434963,0.4930841664660892,0.5142849225597511,0.5268414269049713,-0.46348369346168666,60.00432031085395,59.462833217430166
74.125717,1785142404.076,-0.16491560637950897,0.10038138926029205,0.38200002908706665,-0.16129952067324488,0.0999953363128956,0.38274018216345695,0.4981839413507312,0.510706595176126,0.5207661495388394,-0.46882208962286653,0.4937321094138939,0.5138352377710261,0.5260759589114604,-0.4641616507359125,60.153952849950386,59.58520464875255
74.169425,1785142404.142,-0.16489611566066742,0.09929454326629639,0.38100001215934753,-0.16148460907257398,0.09993437349171083,0.38261058075455695,0.5015606536161501,0.5075164457467711,0.5234668593291848,-0.4656677090208689,0.49529992223908315,0.5125778222844843,0.5255595247327831,-0.46446652096217306,59.47345818577835,59.55242562611362
74.219968,1785142404.176,-0.16450229287147522,0.09955516457557678,0.38200002908706665,-0.16155719777632227,0.0999203365649431,0.3825945705549609,0.5015440151739714,0.5077058768434811,0.5240822392567192,-0.4647861335683609,0.49600774411253556,0.5120284764722912,0.5253941573135923,-0.46450418353616363,60.97454727350467,59.805786796822915
74.269044,1785142404.242,-0.16408897936344147,0.09996826946735382,0.38200002908706665,-0.16170320816517803,0.09992260530316643,0.38256674156217324,0.5080270529306462,0.5113223456186796,0.5044231875033924,-0.4754105807305211,0.4987027213649219,0.5119030053225228,0.5207764784827819,-0.46695049877268907,60.42752011521864,59.98875127386948
74.31501,1785142404.276,-0.1641041487455368,0.10022996366024017,0.3830000162124634,-0.16177178590421865,0.09992971071707565,0.38258608222704393,0.5030363229488645,0.5158322639444995,0.5148190424756138,-0.4645781815501778,0.49924985494708407,0.5123993364840859,0.5200293263510778,-0.4666540496350892,60.63856427831403,60.10377090740629
74.360527,1785142404.309,-0.1641041487455368,0.10022996366024017,0.3830000162124634,-0.16183354148760948,0.0999363421815258,0.3826024319018541,0.5161148103727002,0.5032148829620282,0.4967643118879537,-0.4833482207621659,0.5020265605790251,0.5109505418222066,0.5162965522204577,-0.46940041164240176,61.0217624711491,60.26267387090348
74.407705,1785142404.376,-0.1641041487455368,0.10064416378736496,0.3830000162124634,-0.16194440573097613,0.09997650930816536,0.38262886801384816,0.5078857747722549,0.511111672601536,0.5041958537838898,-0.4760288215450629,0.5035400861986636,0.5110028167628842,0.5132040332191669,-0.47111052115084523,60.34312960364991,60.286521984021434
74.45435,1785142404.409,-0.1636897474527359,0.10105837136507034,0.3830000162124634,-0.16200088972144974,0.1000151531057971,0.3826405918543676,0.5110428618087445,0.5079740428907414,0.5075465226470913,-0.47243422028088694,0.5046100631827775,0.5105752035342156,0.5124026147125976,-0.4713016084275131,60.395567049076654,60.3052670687736
74.499172,1785142404.476,-0.1636897474527359,0.1023009642958641,0.3830000162124634,-0.16209687387564034,0.10024474873952338,0.38266064120714993,0.5030415457000799,0.5156489566330681,0.5145430205706778,-0.4650815378026804,0.5042692580333588,0.5116907297718193,0.5128750258725222,-0.4699407625481411,59.94820355476164,60.19925109033778
74.552201,1785142404.509,-0.16328619420528412,0.10173749923706055,0.3840000033378601,-0.1621391453752331,0.10029794335637553,0.38272349906270037,0.5028631517655545,0.5154680781592386,0.5146473199362058,-0.46535948155991674,0.5041065280336688,0.5121317631394996,0.5130825210375785,-0.4694081296517884,59.128559627679,60.01368282674109
74.610476,1785142404.576,-0.16287072002887726,0.10298334807157516,0.3840000033378601,-0.16219370861680155,0.10056765657405649,0.3828211432751022,0.49500880353838,0.5224262430604877,0.5209891990212843,-0.4589197745623589,0.5021786195642128,0.5143461238115276,0.5147868944374207,-0.46718214037794126,59.89425656565994,59.97827559998073
74.659739,1785142404.609,-0.1624552309513092,0.10256806015968323,0.3840000033378601,-0.16220506755577083,0.10064486606776026,0.38286358968858836,0.5029042116220848,0.5154494705209066,0.514298515916932,-0.4657211974970947,0.5022557282158169,0.5144633277637319,0.514735160993895,-0.4670271746882138,59.56982289501323,59.90788239200661
74.705406,1785142404.676,-0.16287072002887726,0.10298334807157516,0.3840000033378601,-0.16224385800152114,0.1008286494285422,0.38293378882584067,0.5155820965941329,0.512969753102808,0.5020265536728918,-0.4679812747114585,0.5049433664388031,0.5141777711842231,0.512199384980628,-0.46723142695557174,58.60986646369826,59.520238204396506
74.751954,1785142404.709,-0.16203975677490234,0.10298334807157516,0.3840000033378601,-0.16223474466041277,0.10090824344243274,0.3829652656659277,0.4946258661548629,0.5227268312165421,0.5217482387625224,-0.4581273707224554,0.5036346242771517,0.5152805726151666,0.5134299324633477,-0.46607703350978436,58.83946092335077,59.402635178451895
74.796426,1785142404.776,-0.16246174275875092,0.10283517092466354,0.3850000202655792,-0.16224830667279727,0.10102032729370657,0.3831386785749955,0.5078210265906571,0.5110585313111935,0.5041694065255897,-0.4761829396881958,0.5045534999335568,0.5143732935880104,0.5114282224464969,-0.46828095608666104,59.80392674617376,59.52181450224022
74.842385,1785142404.809,-0.1620451956987381,0.10366789251565933,0.3850000202655792,-0.1622407820467928,0.10113851673474802,0.3832129627360936,0.4981155547134642,0.5101444673222099,0.5194794650090848,-0.47092950857523413,0.503759180094738,0.5138528397618226,0.5124297276097464,-0.4686125497687715,59.882350437699905,59.583922779461325
74.888628,1785142404.843,-0.1616286337375641,0.10241881012916565,0.3850000202655792,-0.16221406567920907,0.10117208648948038,0.38328012318849225,0.5108090332210756,0.5078379543282338,0.5073685598979255,-0.473024194043571,0.504678059641312,0.5130758379512494,0.5117765189986199,-0.4691886989569962,60.23216251656548,59.69865736477247
74.935108,1785142404.91,-0.1628837138414383,0.10351971536874771,0.38600000739097595,-0.16224907346621154,0.10133662041144738,0.3835360162072642,0.5175815409462569,0.5213032694720019,0.49325489633179437,-0.4658882451341852,0.5077557629113163,0.5150483783415105,0.507424423871158,-0.4684332473865949,60.130343520671516,59.82689027094231
74.983418,1785142404.943,-0.1620495468378067,0.10378790646791458,0.38700002431869507,-0.1622426233286082,0.10143111540511811,0.38375507948229437,0.5120657421220638,0.5254390967265516,0.5037024881173403,-0.4560550787356347,0.5083812205255714,0.5165435062335499,0.5069013204405626,-0.46667161057910395,60.5420036897024,59.950457226636786
75.037764,1785142404.976,-0.1628880798816681,0.10405609011650085,0.3880000114440918,-0.16226040816429316,0.10153826784572194,0.38407336171276374,0.5046336668495464,0.5236746566605917,0.5055497980545699,-0.46425113671414536,0.5078660978183083,0.5175301315753513,0.5067169431336748,-0.46633949987071466,60.34117904019002,60.017784593426484
75.091167,1785142405.043,-0.16204847395420074,0.10405609011650085,0.3880000114440918,-0.16224794226573921,0.10171017275503769,0.3845198232720517,0.5058744034870957,0.5122038434543899,0.5171419025391122,-0.4629282485281635,0.5074283175565925,0.5163482739421474,0.5090502614869681,-0.465584357360404,59.726739699265785,59.93140490051606
75.136234,1785142405.11,-0.1612088680267334,0.10405609011650085,0.3880000114440918,-0.1621641541711518,0.1018513649733304,0.38484410079402886,0.5183885006910691,0.5095338415184878,0.5055020445159908,-0.46488311400698507,0.5097288050060301,0.5149303200961612,0.5083155142995844,-0.46544457104486514,59.5299238987042,59.812166815743
75.181004,1785142405.143,-0.16204847395420074,0.10405609011650085,0.3880000114440918,-0.16216175014632245,0.10191492827955229,0.3849813844726502,0.505565859924288,0.5120290131480109,0.5176056958424335,-0.46294037910422076,0.5092369413307569,0.5145885123277588,0.5094233773995518,-0.46514967819319525,59.01309264454447,59.673992683266974
75.2275,1785142405.176,-0.16246826946735382,0.10447569191455841,0.3880000114440918,-0.16217050154213725,0.1020067832613764,0.3851009131844676,0.5108705441174335,0.50790748607567,0.5069562893807583,-0.4733250399025423,0.5094395911660534,0.5137764544491671,0.5091255678709702,-0.46615041987138583,59.53490450727891,59.650077205661496
75.275572,1785142405.243,-0.16204524040222168,0.10516565293073654,0.3890000283718109,-0.16216505255938765,0.10227110218047375,0.3854829071737688,0.5101669939123544,0.5170486362948935,0.5122227302038053,-0.4582774494676586,0.5095860523400794,0.5144236670812815,0.5097383123785559,-0.4646043466225456,59.69255494256916,59.66266478458111
75.326267,1785142405.276,-0.16162866353988647,0.10405609011650085,0.3880000114440918,-0.16214887179690754,0.10231396059633768,0.38554737948243767,0.5056426517133862,0.5120979777703191,0.5176092159936333,-0.4627762628422741,0.5091546104745692,0.5141701194245731,0.5106059008837296,-0.4644053024095706,59.95577145638173,59.71312873364668
75.376784,1785142405.343,-0.16204847395420074,0.10447569191455841,0.3880000114440918,-0.16214474100741633,0.10242119272699576,0.38566423984212417,0.5154789585863712,0.5128789661591091,0.5017402434899648,-0.4685011604989944,0.5103532616627705,0.5139318913117282,0.5089384390454589,-0.46518300126390405,60.12529881909449,59.835549538503926
75.426999,1785142405.377,-0.1612088680267334,0.1036364808678627,0.3880000114440918,-0.16210909620860284,0.1024630881374758,0.3857204986993341,0.5056286043626187,0.5120481704919766,0.5176583935504029,-0.4627917167937928,0.509834905403065,0.5137268619449755,0.509902792167041,-0.464921738671221,59.80333804538757,59.829877949906944
75.470289,1785142405.443,-0.16162866353988647,0.10447569191455841,0.3880000114440918,-0.16208577311995517,0.10256384873379841,0.38582078833810657,0.5056278118900004,0.5119943434546715,0.5173457952779761,-0.46320150714559294,0.5090933989278665,0.5134232518097054,0.511222760716561,-0.4646200217323376,60.070080156932065,59.90039491462018
75.513041,1785142405.477,-0.1612088680267334,0.10321687161922455,0.3880000114440918,-0.16205636172029533,0.10259163369644603,0.3858703974673443,0.5086292390416004,0.5088508672359078,0.5211513309792667,-0.45909517784852194,0.5090465897056039,0.5129293444967034,0.5123070876221887,-0.4640220954171771,59.659038539852425,59.85782296989228
75.561164,1785142405.51,-0.16162866353988647,0.10405609011650085,0.3880000114440918,-0.16204699120739463,0.10262199971006357,0.3859168269446934,0.5086100100640676,0.5088244134782186,0.5208051885754429,-0.4595383873672285,0.5090010562102661,0.5124782369962855,0.5132494434230306,-0.4635288450657218,60.070080156932065,59.894341934845215
75.61294,1785142405.577,-0.160782590508461,0.10390359163284302,0.3890000283718109,-0.1619577112990135,0.1026811688182871,0.3861492928025525,0.49472862838513004,0.5228711827531772,0.5210570006375678,-0.4586381063420736,0.5060346630593038,0.5146672678721654,0.5148981274917667,-0.462521828099961,59.66504987691266,59.826315765215725
75.660187,1785142405.61,-0.159930020570755,0.10543599724769592,0.39000001549720764,-0.1618557363050559,0.10281542820993218,0.38636179533211595,0.4898763565775826,0.5267945736340789,0.5301388934859192,-0.44884450099058515,0.5036726846269388,0.5164866240840046,0.5171776950129336,-0.4605242943473336,59.616829831217736,59.79027445291281
75.706028,1785142405.677,-0.1582421511411667,0.10501422733068466,0.39000001549720764,-0.16138174829771446,0.10295922109255244,0.3866802485797492,0.48637915529026676,0.5300332598518499,0.5276134653806498,-0.4518009427822943,0.49916033361239837,0.5200802275226163,0.519953774394535,-0.4582614873419539,58.78260480332063,59.48987732333805
75.755511,1785142405.71,-0.15739820897579193,0.10543599724769592,0.39000001549720764,-0.161075222950573,0.10305724507764925,0.3868161793219759,0.4808442739585139,0.5363991771558517,0.5204775642397402,-0.458440630911901,0.49610390271052807,0.5228440006351952,0.5200636625314653,-0.45831087225760314,58.47270889325967,59.3136606073408
75.802999,1785142405.777,-0.15657375752925873,0.10474496334791183,0.3890000283718109,-0.16044673812847796,0.10313088565276228,0.3869161026489721,0.4903929932241344,0.5278363592718007,0.5012124064357507,-0.47925944295574213,0.49448767645646396,0.5243408629774642,0.5146305000822219,-0.46443949619929803,60.09010605622353,59.544792671862915
75.855428,1785142405.81,-0.15528838336467743,0.10417069494724274,0.39000001549720764,-0.15998847660486243,0.10316282418016116,0.38703450885107055,0.46403772272622273,0.5336479465088252,0.5368121685137115,-0.46013210799680343,0.48836116961973597,0.5262968094244156,0.519201408670159,-0.4636215413807326,60.723099898219985,59.74920019697771
75.904654,1785142405.877,-0.15404844284057617,0.10516565293073654,0.3890000283718109,-0.15900696943809153,0.10328238611860036,0.38713148993574764,0.49020582546287816,0.5274837458937033,0.5013619733775461,-0.479682518079592,0.4889787620776881,0.5267075610229885,0.513559105212092,-0.4687600248015415,60.90240173087878,60.09329184272789
75.952683,1785142405.91,-0.15113361179828644,0.10447569191455841,0.3880000114440918,-0.15799661915830043,0.1033136439655032,0.3871699354967517,0.4515845755672785,0.5356607556165661,0.5477739089611537,-0.4572555857104734,0.4802986626262731,0.5289469957058291,0.5217417842563485,-0.4661692621507694,60.27323600231341,60.12424358859108
75.997277,1785142405.977,-0.14829882979393005,0.10366789251565933,0.3850000202655792,-0.1555994475171813,0.10334018148751228,0.3868229670452487,0.4872030370795452,0.5313862944472817,0.4976633844246701,-0.4822789260760181,0.48283635101447986,0.5298805308628215,0.513117914139902,-0.4720229733183253,60.80334329653787,60.326283700716814
76.042205,1785142406.01,-0.1453429013490677,0.1051894947886467,0.38600000739097595,-0.15388074259434553,0.10340738596111233,0.3867766576944179,0.4516954628762458,0.5348774535433332,0.5468793901555659,-0.4591298848159306,0.4750905724082406,0.5312551923954295,0.5217403973405262,-0.4688750647503609,61.58809925565506,60.54534042240449
76.088692,1785142406.044,-0.14278841018676758,0.10546200722455978,0.38700002431869507,-0.15179806038222698,0.10348982795945265,0.3867836383269603,0.46937861907846984,0.529170554754452,0.5145589424851498,-0.4846558888958415,0.47368689112339923,0.5307541806426351,0.5199732126648196,-0.4728092501413656,59.79789551390178,60.412939413506194
76.130854,1785142406.11,-0.14080080389976501,0.10491698235273361,0.3850000202655792,-0.1486416414462548,0.10355706114159291,0.3865783120653924,0.4814286524413858,0.5188848828417498,0.5101973788543632,-0.48855252079680456,0.47646843958792046,0.5265680162453602,0.5165305533663312,-0.47843509254981476,60.19496735849083,60.348958760730596
76.18075,1785142406.144,-0.13699014484882355,0.10477204620838165,0.38600000739097595,-0.1462452315839899,0.10358268009846194,0.3865577523425313,0.4632395985258444,0.5344370116987996,0.5348843285591764,-0.46226065152235346,0.4734368895648303,0.5284315497160363,0.5208241483672177,-0.4747207761847477,59.83467802186334,60.2580371500457
76.234061,1785142406.177,-0.13573722541332245,0.10393715649843216,0.38600000739097595,-0.14421995536256232,0.10359585762480164,0.3865398331612495,0.48734891859697577,0.5216533429077519,0.49261814861198916,-0.4976908488546097,0.47697043198807737,0.5268208718967895,0.5138764363339787,-0.4805101290542204,59.28599994415679,60.08970840862319
76.287312,1785142406.244,-0.13406667113304138,0.1051894947886467,0.38600000739097595,-0.1412380986083311,0.10369055981503605,0.3865093249949985,0.4985507575537746,0.5107819089166432,0.4889804101633009,-0.5014450539616055,0.48552118160845725,0.5206527907787675,0.5042377248636845,-0.48880893045044077,60.73680847957263,60.282186558424804
76.335513,1785142406.311,-0.1312200129032135,0.10491698235273361,0.3850000202655792,-0.13831967908169948,0.10374537770690459,0.3863823517587204,0.4661860021549923,0.522977108762739,0.5334438266242517,-0.4739232416134358,0.47829859249718704,0.5216199935313739,0.5153590891982264,-0.48326809117126085,59.86413628960684,60.158014553993176
76.384733,1785142406.344,-0.12780208885669708,0.10644181817770004,0.38600000739097595,-0.13624983869464988,0.1038872963274177,0.386374115061298,0.46393466234783337,0.5434409025120902,0.5256854732798427,-0.4616182380838027,0.47480800017154046,0.5270686973913142,0.5179690013741495,-0.47797914684512377,58.95165151621167,59.94868828084929
76.428441,1785142406.377,-0.12529626488685608,0.10727670043706894,0.38600000739097595,-0.13398559407368618,0.10410189231819103,0.3863661347013735,0.4794546802333063,0.5296086971193267,0.49851746324441093,-0.4910378563596751,0.4759782068424869,0.527722692867965,0.5132045843482114,-0.4812219453092033,58.56636852502538,59.70846742844644
76.47293,1785142406.444,-0.12298515439033508,0.1063055768609047,0.3840000033378601,-0.13046423748619385,0.10425161777998676,0.38612202336197593,0.46954474668570395,0.5203602374047854,0.5086641259662299,-0.500013760953541,0.47369388602946,0.5251075973640306,0.5116019841925099,-0.48799541319480766,58.96192428262642,59.48626711125672
76.521007,1785142406.477,-0.11997299641370773,0.10658241808414459,0.3850000202655792,-0.12829514517174517,0.10433969707911804,0.3860904986627079,0.47129326349603307,0.5269617208586107,0.5163857665467408,-0.4832595003110906,0.47321886531904933,0.5254783472369714,0.5125548877580149,-0.48705636134498975,57.95944982459691,59.22060558362019
76.56651,1785142406.544,-0.11675304919481277,0.10547502338886261,0.3840000033378601,-0.12442347700591404,0.1044007538379999,0.3859161195868544,0.4952419334679934,0.5138161084291649,0.48579111428545985,-0.5047132129584917,0.4808238826712493,0.5215950308650783,0.5035144708518914,-0.4931735954737871,57.9722336365377,58.847886955669495
76.612801,1785142406.577,-0.11301377415657043,0.10589030385017395,0.3840000033378601,-0.12185732123626077,0.10443521638071189,0.3858412063975364,0.455623736071261,0.5314712970054778,0.5385886698779625,-0.46890032658004027,0.47476910611631573,0.5241354896330522,0.5122183354654771,-0.48734860336068586,58.464136312333956,58.78176071812497
76.664369,1785142406.611,-0.1098436489701271,0.1068592518568039,0.38600000739097595,-0.11894336478105214,0.1045402667477708,0.38584857570923414,0.4739244218789893,0.5251688809541469,0.5031154964605591,-0.496455522726135,0.4745776564144439,0.5243863609008375,0.5100857753680498,-0.48949718518141255,59.86413644047319,58.974031234927914
76.709784,1785142406.677,-0.10691797733306885,0.1056145504117012,0.3830000162124634,-0.11462990796144543,0.10459576349476192,0.3855558896014186,0.465325436587616,0.5048026222407775,0.5241230154165768,-0.5039262003051782,0.4713691909297582,0.5175472761101049,0.5150762415101708,-0.49462346109438865,58.17079513937794,58.737386944479475
76.755877,1785142406.711,-0.10289417207241058,0.10741514712572098,0.3850000202655792,-0.11171682094344261,0.10474444603933042,0.38553730150882837,0.4630575906633562,0.5240882420154191,0.5323237474146194,-0.4770121699167556,0.46951274778488444,0.5190643167437139,0.5190228163421747,-0.4906580590055626,59.118368458815524,58.80466452527802
76.800874,1785142406.778,-0.1003948375582695,0.10949695855379105,0.3850000202655792,-0.10763666994157235,0.10542516878363276,0.38550667428569657,0.5065468572644082,0.5125282071736696,0.48714970681644065,-0.4933662750893613,0.4835881989869303,0.516752408279705,0.5071730552312825,-0.49181794841696114,58.22888268119667,58.63347135855291
76.84393,1785142406.811,-0.09497960656881332,0.10991331189870834,0.3850000202655792,-0.10435332191081095,0.10576049746785697,0.38549276823813666,0.495700432669537,0.5135774258805479,0.5011843488295695,-0.48921729033776473,0.48624733423185706,0.5160663381280771,0.5058710081992229,-0.4912571502451558,59.839737581331775,58.84277597968273
76.890117,1785142406.844,-0.09206371009349823,0.10991331189870834,0.3850000202655792,-0.1011227951373466,0.1060337756719002,0.3854798438797176,0.48070662275078907,0.5279363037897783,0.5151656124857819,-0.4741400570469305,0.4850372972406193,0.5187328823888259,0.5079638585916524,-0.48747075335734297,104.84059223735066,69.63673359696736
76.942295,1785142406.911,-0.09016267955303192,0.10921254754066467,0.3840000033378601,-0.09704385752107979,0.10628827456717077,0.3853824293085514,0.4741260118319956,0.51420812420711,0.5286905448244729,-0.4809166640041636,0.48136779363877835,0.5172329826716258,0.5150323916419004,-0.4852800474402098,56.94189728043589,65.65215201152722
76.987703,1785142406.944,-0.08581535518169403,0.11116240918636322,0.3850000202655792,-0.09419983554495073,0.10665410038718255,0.3853710236655608,0.48164310393846727,0.5168302005610763,0.5264106320286986,-0.4730732614549914,0.4814334123114188,0.5171641599935803,0.5173131377031145,-0.48285631267290735,59.670787690266415,64.5882967690733
77.040216,1785142407.011,-0.08329760283231735,0.10975653678178787,0.3830000162124634,-0.0901506554220288,0.1068734280010606,0.3851510676977099,0.4769615458442877,0.5126611303377032,0.5163560761148712,-0.49301384553169425,0.4801331863233472,0.5158553565934595,0.5170410522728409,-0.48583322728012135,58.207128843686746,62.64072974855493
77.098763,1785142407.044,-0.07852939516305923,0.11004310101270676,0.3840000033378601,-0.08715367588176169,0.10699762089779724,0.38512442431461585,0.4875330539454943,0.5118025637394793,0.5174877464742381,-0.48226143253352843,0.48132733221660084,0.5152057673835845,0.5171159107012311,-0.4852609106610362,58.745092472035466,61.954944305531924
77.144932,1785142407.111,-0.07603654265403748,0.1125347763299942,0.3840000033378601,-0.08297695396698834,0.10777572573257482,0.38507463889894855,0.5028948391389144,0.5151667116032747,-0.4843586060512071,0.49708830278678384,0.48281760678972174,0.5143927096666434,0.5172078407118901,-0.4845444750709661,107.42265223969618,78.88380083191448
77.191621,1785142407.144,-0.07105085253715515,0.11087366938591003,0.3840000033378601,-0.07984163190726473,0.10787878641459862,0.3850510325208025,0.4782902484910692,0.5212180651809714,0.5076312765949953,-0.49181363721423105,0.48218727118418075,0.5153588742701767,0.5158680687416547,-0.4855726535459805,100.05176038764762,83.27431885188295
77.240101,1785142407.211,-0.06814252585172653,0.1104583889245987,0.3840000033378601,-0.07531837329126605,0.10799265366362407,0.3850061936167794,0.48894306794599063,0.5202779292952241,0.49429286027373276,-0.4959033382406777,0.48393291617470385,0.5166399135978799,0.5104182773352566,-0.48822670398323287,56.2722902006903,74.19826806232659
77.284439,1785142407.245,-0.06398778408765793,0.11087366938591003,0.3840000033378601,-0.07232380185125273,0.1080826792359779,0.384984154723463,0.47372204793819284,0.5050011239465163,0.5242012600964333,-0.49575631617086974,0.48228315688970547,0.5147582854967371,0.5126838164778109,-0.48947131521132636,56.819796759125296,70.74375931638882
77.332376,1785142407.278,-0.061079464852809906,0.11087366938591003,0.3840000033378601,-0.06937715512987089,0.10816263218195914,0.38496338092436816,0.479247502409272,0.5101855991014855,0.518388448656594,-0.49122897125815274,0.48182698224289927,0.5140702454921409,0.5135470435794224,-0.48973868125071096,56.18820843861657,67.96053795163569
77.380138,1785142407.345,-0.05832263454794884,0.11157876253128052,0.3850000202655792,-0.06513591779484348,0.10841819267465044,0.38496603649699346,0.487193899560995,0.5123494023881443,0.5022510766672804,-0.4978795537975223,0.483145477005843,0.5136613907434182,0.510803730096288,-0.4917336403257891,55.86830871475837,64.12969388445761
77.426885,1785142407.378,-0.054297734051942825,0.11353834718465805,0.38600000739097595,-0.06235963889868651,0.1087923537220202,0.38502181303886995,0.46677001426459547,0.5104609167531298,0.5449441258962435,-0.473910651813359,0.4801935273696124,0.5131399405664792,0.5171590342632495,-0.48851623406767414,57.88963155425941,63.00269581421096
77.473435,1785142407.445,-0.05220954492688179,0.11353834718465805,0.38600000739097595,-0.05862451247553033,0.10932011784053611,0.3851058154271539,0.49131939415143533,0.49823800337890617,0.5164685070549552,-0.493583251478505,0.48342877166399095,0.508850875967599,0.5169791499281043,-0.48999996662659756,60.311995851516485,62.19277597831224
77.518052,1785142407.478,-0.04915839433670044,0.1132442057132721,0.3850000202655792,-0.0564013676458578,0.10950075376932455,0.38510362267673237,0.4767405723965158,0.5222184466357085,0.5204245577060134,-0.47871139568735,0.4822779126211206,0.5111895177655248,0.5175919754908302,-0.4880490127353653,97.88118110371437,70.09693992512547
77.565254,1785142407.511,-0.04665905237197876,0.11366057395935059,0.3850000202655792,-0.05408615460172602,0.10970830114847906,0.3851014827207538,0.4513528884090803,0.5151487955340018,0.5415450555159305,-0.4874743495107157,0.47590117624579903,0.512078939328843,0.5226446713705086,-0.4879915755745432,55.68101292008584,67.35830780385888
77.61071,1785142407.578,-0.04475909844040871,0.11472692340612411,0.3830000162124634,-0.05086079007174559,0.11027464253960885,0.38488125587204386,0.4815863776282762,0.5070591339887154,0.5075242304562685,-0.5033733713867491,0.47775438003561177,0.5104957657014412,0.5178177841901603,-0.49296000642453747,55.474388987695605,63.61082463965719
77.660057,1785142407.612,-0.04020077735185623,0.11472692340612411,0.3830000162124634,-0.04824232754231862,0.11051453073872472,0.3847870620398622,0.48114855149095037,0.5080029745318407,0.5209290470140814,-0.4889396458070908,0.47835927816998414,0.5100542519280212,0.5183725176918597,-0.49224688315990484,99.61255299013249,71.80554976763601
77.704189,1785142407.678,-0.0383419394493103,0.11371579021215439,0.38100001215934753,-0.04482368604800972,0.11067580733584008,0.38426991547133754,0.5031338999383952,0.49688155139560974,0.5030991193419961,-0.49684633311797816,0.4858347334153369,0.5061631026601169,0.5138528504636166,-0.49367881601619146,113.18236631470852,86.92670723296428
77.750797,1785142407.712,-0.035136088728904724,0.11442738026380539,0.38200002908706665,-0.042596404412052945,0.1108270901236428,0.3841643573148558,0.4841952227959641,0.5138977289373959,0.5299457140935746,-0.4697037902001691,0.4855401631718123,0.5077541784441826,0.517124468816565,-0.48889541618913607,61.0540407216225,81.579800287431
77.800856,1785142407.745,-0.033069539815187454,0.11360114067792892,0.38200002908706665,-0.04046522452709912,0.11088669789187054,0.38407558827361415,0.45731017968271553,0.5184182955724448,0.5513270316869061,-0.4670635658083691,0.47888962131163837,0.510427506390235,0.5254395904542952,-0.483778594093894,59.15662246087179,77.10782275796801
77.846897,1785142407.812,-0.030589675530791283,0.11360114067792892,0.38200002908706665,-0.037101618657448064,0.11100072035185624,0.38393333513078787,0.4953206414279098,0.48367001020493766,0.5306269573882672,-0.48903559737167385,0.48499669537740575,0.5006384595315061,0.5274129253479324,-0.48577252339634514,59.33226424902941,71.34271955227385
77.895771,1785142407.845,-0.02810981310904026,0.11277490854263306,0.38200002908706665,-0.035202280008122505,0.11106777562468638,0.3838705276928247,0.47107572242646994,0.5067470988192274,0.5365053420899216,-0.48317394330370483,0.4819660549597856,0.5019878655010357,0.5294154887428802,-0.485217626468116,60.79325480494896,69.38210446824846
77.942214,1785142407.912,-0.02556285448372364,0.11165560781955719,0.38100001215934753,-0.032032605260839966,0.11112615550473151,0.383615093277187,0.5170298578235644,0.48299502361410274,0.5012242101804703,-0.49816686402441607,0.4952698101043024,0.4950100892841375,0.5189937379895115,-0.4902227316575931,59.55040540437467,66.30524716387393
77.988994,1785142407.945,-0.02267725206911564,0.11083153635263443,0.38100001215934753,-0.030068701021560573,0.11110782958824872,0.383506299134422,0.481230756051926,0.49710118332966674,0.531550863372565,-0.48863181702567987,0.4921330707791278,0.495495211769932,0.5218296626138776,-0.4898809436739328,56.02230626045509,64.38890950666521
78.035529,1785142408.012,-0.021028338000178337,0.11041949689388275,0.38100001215934753,-0.027248083832005693,0.11103266636464715,0.3833325390666646,0.4788553160993595,0.48835110114581365,0.5400740306320779,-0.49043942509740707,0.4876540963445813,0.4930997970695867,0.5280593326631414,-0.49010143198693074,56.03578341550752,61.78889887944311
78.098185,1785142408.045,-0.01727282628417015,0.11012968420982361,0.3800000250339508,-0.025129763776894905,0.11098169691294639,0.38315721533500446,0.474678201209124,0.49164472502096906,0.5490286484624979,-0.48117939775448526,0.48492295982770817,0.4928188550590693,0.5325489108323491,-0.4882324822269423,55.90262330286768,60.72640678287425
78.154686,1785142408.112,-0.015628239139914513,0.10930778086185455,0.3800000250339508,-0.022140945455429405,0.11079103247843129,0.3828917130030107,0.5109133391357765,0.49883626534988107,0.5011610323756057,-0.48884308309838137,0.49426057389824973,0.49505476392198977,0.5214896290622976,-0.48854460654927234,55.62678549269935,59.167071991983605
78.199888,1785142408.179,-0.011547080241143703,0.10918339341878891,0.38100001215934753,-0.018669626229427288,0.11063490106550067,0.38281140222828225,0.4693614009363932,0.487053428432797,0.554267675469868,-0.4850424487528012,0.48544725894009716,0.49229103977548827,0.5333303118734513,-0.4873902639377218,57.62707319634337,58.70608097103619
78.248231,1785142408.212,-0.009485937654972076,0.10671118646860123,0.38100001215934753,-0.01685135601633771,0.11027562392368233,0.38277302012642994,0.47245234969812194,0.48397389585780476,0.5563797140983693,-0.48270038236235024,0.48254630194176856,0.4904468990229483,0.538572269589898,-0.4863649002034208,56.71030245055178,58.35714931740344
78.297478,1785142408.245,-0.0074053071439266205,0.10560919344425201,0.3800000250339508,-0.01494445629018986,0.10981005213170104,0.38266237644052614,0.46576795184849157,0.49017060253287725,0.5514656319125866,-0.4885474923307546,0.4787827599887485,0.49040399011613584,0.5415003084475292,-0.48687617642164427,56.71652004445037,58.07119544887926
78.348315,1785142408.312,-0.006583013571798801,0.10437633097171783,0.3800000250339508,-0.012536426261080341,0.10884220018356512,0.38248390647889235,0.4815569558555153,0.4858714519645984,0.5419122280227134,-0.4882243004526106,0.4796436786631031,0.48900151608434356,0.541629659945949,-0.48729536243696714,56.11760413701808,57.48513851501478
78.401913,1785142408.345,-0.004938427358865738,0.10437633097171783,0.3800000250339508,-0.011248744232652094,0.10846605765140238,0.38240485360070414,0.47359792371953485,0.49243012879549247,0.5488445967528908,-0.4816504785818831,0.4785929380024242,0.48960465181775153,0.5428942144229013,-0.4863146682537623,55.442209796645024,57.127943176366884
78.447913,1785142408.412,-0.004126965533941984,0.10341489315032959,0.38100001215934753,-0.009464653622570355,0.10769671660959011,0.38232286010808925,0.47017353413206625,0.4956104151670811,0.5464900251200875,-0.4844128576162302,0.4763882931540111,0.4911872131848039,0.5438447221185525,-0.48582119547560754,58.95220956360026,57.67430206510251
78.493534,1785142408.446,-0.0024780514650046825,0.10217878967523575,0.38100001215934753,-0.008398926713968887,0.10716682494240604,0.38228473251847256,0.4830031590518246,0.4944843735996976,0.5343556485082651,-0.48647424753935725,0.47739827344191066,0.49169300773040264,0.5424073747194778,-0.4859250091460996,56.33880127828535,57.4364760923343
78.541449,1785142408.512,-0.0028978660702705383,0.10203386098146439,0.38200002908706665,-0.007321108657601703,0.10644642362027824,0.38226129326128305,0.4808914163956009,0.4854019581987448,0.5422711694611986,-0.4889482215787688,0.47817950964655304,0.4902931571939771,0.5423798737826615,-0.4866015300823131,55.443295178374164,56.8448196248871
78.594763,1785142408.546,-0.0024845555890351534,0.10203386098146439,0.38200002908706665,-0.00681708657327832,0.10614599063114522,0.3822508005490296,0.48628117945978394,0.4913338212771678,0.5368308494417431,-0.48366758177495633,0.4792287959581593,0.4904304981923053,0.541666384586097,-0.486225477918184,55.39656520693982,56.58668448160135
78.64168,1785142408.612,-0.0028978660702705383,0.10120762139558792,0.38200002908706665,-0.00628655236998102,0.1055287537720308,0.38223448929242915,0.49129099373688656,0.4968360270452257,0.5319405349222844,-0.4783580134266931,0.48191023955001644,0.491861425874584,0.5395317293754484,-0.48450012564560274,55.62372723169835,56.30265917386384
78.693338,1785142408.646,-0.0041594612412154675,0.10298334807157516,0.3840000033378601,-0.00620020930408699,0.10546639528567782,0.382361520412017,0.469977582645552,0.4954564175182917,0.5468079134114752,-0.48440181252878495,0.4803041084904353,0.49235306138772567,0.5405212408405806,-0.4844927393774871,57.092380116712505,56.442578700936906
78.740835,1785142408.712,-0.0037732368800789118,0.10253232717514038,0.38700002431869507,-0.006011236564580751,0.10529190792552137,0.3832259610442101,0.46839850627798,0.4870162554521276,0.5547122306097955,-0.4855021600918479,0.47758947205644003,0.4911453218383723,0.5437936289329666,-0.48474019654764305,56.532587190262234,56.46897511202981
78.786678,1785142408.746,-0.004610677715390921,0.10420642793178558,0.38700002431869507,-0.005981560000362468,0.10524104889082474,0.3835721278880418,0.46864128131198,0.4868303847409966,0.5543752783747437,-0.48583904399515315,0.4763462175296905,0.4905491272638832,0.5452779418677198,-0.4848997843867358,54.69557367281004,56.15207220962677
78.833449,1785142408.812,-0.004202789161354303,0.10489530116319656,0.3880000114440918,-0.005887066763743767,0.10520820007602082,0.38427145022660236,0.44540856937593404,0.49727340629694267,0.5703231826013545,-0.47860404626766545,0.4678185792748818,0.492502190090205,0.5523374460067637,-0.4832294645200229,54.69557367281004,55.721198022314354
78.880895,1785142408.846,-0.004622591659426689,0.10573451966047287,0.3880000114440918,-0.0058569038962933235,0.10524119635101416,0.38455839019850524,0.4405951658616775,0.5010872513265632,0.5805926991005288,-0.4665828802350911,0.4622124946737513,0.4943699810054212,0.5583179828800328,-0.4798322223870949,58.39053885383524,56.201658883291856
78.926917,1785142408.879,-0.005055390298366547,0.10642771422863007,0.3890000283718109,-0.0058316399859204325,0.10532118765091575,0.3849332145915002,0.456294824880988,0.4880343211360898,0.5665235541871092,-0.4823573330335819,0.46106590485912397,0.4931423969725896,0.559921863698418,-0.4803293809846076,56.17167405224984,56.19650801439211
78.974721,1785142408.946,-0.005042394157499075,0.10657372325658798,0.3880000114440918,-0.00578802773320972,0.10545658186725909,0.38522947162578797,0.45623115390675456,0.48788182132731556,0.5666479654643782,-0.4824256894676458,0.45970112156205833,0.4916573220511411,0.5618328278356313,-0.4809280924153881,56.863157063327705,56.39482461828919
79.02292,1785142408.979,-0.005462196655571461,0.10699333250522614,0.3880000114440918,-0.005776559251897173,0.10554637807007293,0.3853543050649853,0.45632739925576676,0.48757652437824167,0.5662846613448912,-0.4830694772899688,0.4591870484122156,0.4910352892333204,0.5625151456035689,-0.48125701061347953,56.49267726903022,56.41164367148619
79.077577,1785142409.046,-0.005462196655571461,0.1074129268527031,0.3880000114440918,-0.005757484529990501,0.10574153448635873,0.3855500286757526,0.44847634006995357,0.4933950225438174,0.5734553675347643,-0.47600343021034386,0.4565339991124127,0.49163460377252194,0.5652508376996408,-0.4799620969490377,57.18653941322395,56.64231685483722
79.12872,1785142409.079,-0.005055390298366547,0.1081104651093483,0.3890000283718109,-0.005742953563339969,0.10588872056546612,0.3857383346245729,0.4453604318885332,0.496702871449728,0.5706125285231849,-0.47889632019261924,0.4549348435324913,0.4923677221350194,0.5660269001936346,-0.47981440432403155,56.64594000717799,56.642939107739195
79.176143,1785142409.146,-0.005055390298366547,0.108531154692173,0.3890000283718109,-0.005714817078085511,0.10617769933258181,0.3860212051626248,0.4458930411107988,0.49657927537969543,0.5699773796607537,-0.4792850986911664,0.45289598911210227,0.4933245008110051,0.5669254195686381,-0.47969962329844174,56.25035081384788,56.52634899386601
79.229734,1785142409.179,-0.005055390298366547,0.108531154692173,0.3890000283718109,-0.005701274583795146,0.10629753916023482,0.38614209603378513,0.44590028510646146,0.4965792783925733,0.5699677827598126,-0.47928976895918685,0.45203533592579614,0.49372754632313687,0.5673025556080036,-0.4796508891650419,56.456291735281454,56.514310391582306
79.27793,1785142409.246,-0.004634505603462458,0.108531154692173,0.3890000283718109,-0.005643333788430752,0.10648033228142387,0.3863363095860734,0.4614736895191697,0.4934476673059735,0.5610391221964519,-0.47831635648061743,0.4539628853394308,0.4936757423978473,0.5660325617665125,-0.4793840830923283,57.18653941322395,56.714295438818965
79.330846,1785142409.28,-0.004634505603462458,0.108531154692173,0.3890000283718109,-0.00561607039982872,0.10656116002234173,0.3864245129494813,0.4562474574704906,0.4873161364788366,0.5663666710317766,-0.4833115295784243,0.4542235956193258,0.4929554094348085,0.5660722280028868,-0.47983134763733304,56.05307980235296,56.59725077465509
79.384005,1785142409.346,-0.004646419547498226,0.1100754514336586,0.39000001549720764,-0.005570046672498945,0.10695258194893684,0.38673764671756106,0.44862950183563155,0.49277412651571884,0.5730693451178639,-0.47696620006617424,0.45320844115827896,0.4929256626190583,0.5673494593984479,-0.47931304062661795,56.43658132147196,56.55010608201369
79.433029,1785142409.38,-0.004646419547498226,0.1100754514336586,0.39000001549720764,-0.005547596841862398,0.10712088632324436,0.3868766458339914,0.44549245942352694,0.49599167722286147,0.5703249230245999,-0.4798522761219478,0.45239725516478463,0.49325047102199737,0.5676650023947727,-0.4793716109784653,56.05362583750062,56.46234330074651
79.485385,1785142409.446,-0.004224453121423721,0.1100754514336586,0.39000001549720764,-0.005470489654352508,0.10736563495604426,0.3870897380112181,0.4456819919115387,0.49629755670714626,0.570049551693842,-0.4796871958953352,0.4512692381074952,0.49376525548395933,0.5680686206412602,-0.47942673001979896,55.33208592333841,56.12868439133275
79.535612,1785142409.48,-0.0038024866953492165,0.1100754514336586,0.39000001549720764,-0.005407321235467304,0.1074751051645305,0.38718771955736214,0.4456387347437579,0.49633529725555275,0.5700169993983861,-0.47972701736621526,0.45073964230314134,0.494008249018317,0.5682531856501364,-0.4794558809283335,91.37229722105778,64.08509937619723
79.586181,1785142409.546,-0.0033805205021053553,0.10965368151664734,0.39000001549720764,-0.0052542221381441274,0.10758747610561502,0.38734681219150624,0.44480198938837057,0.48808138128806633,0.5765187061447644,-0.4812005163559654,0.4497597424192493,0.4930305611466981,0.5696289766333437,-0.47974979818025165,54.14495966689748,61.02462929826457
79.635179,1785142409.58,-0.0029509684536606073,0.108531154692173,0.3890000283718109,-0.0051488442858188006,0.10762439078934413,0.3874036934279399,0.4373242400126687,0.49462559108151594,0.5834591310548078,-0.47293601695511744,0.4483181444301584,0.49322667214484106,0.5712540190509906,-0.4789646510732452,52.64166407028463,59.45842362071728
79.681178,1785142409.646,-0.002928210189566016,0.10727670043706894,0.38600000739097595,-0.004986672799765415,0.10758874695384255,0.3871981436633064,0.41785091836000066,0.47941152191649894,0.5976127430290523,-0.4882870181038015,0.44043279740152425,0.4897043424286795,0.5782520974738286,-0.4814905188544012,53.90172006462502,57.78160670540734
79.726883,1785142409.68,-0.002076667034998536,0.10478615015745163,0.3830000162124634,-0.004832255724589669,0.10731708341661704,0.38667310497226487,0.43198679721148514,0.48189673000558786,0.584164634206149,-0.4898108091780754,0.4391029442296755,0.4884763062632759,0.5791970134458742,-0.48281499790664817,51.503173838218174,56.62274270003445
79.776856,1785142409.747,-0.0024910597130656242,0.10520035028457642,0.3830000162124634,-0.00466941017640674,0.1070475660288531,0.38603386987835225,0.43539372002826054,0.47734725340092177,0.5746837847900217,-0.5023051420500936,0.4381448683339644,0.4855583510978718,0.578033616658623,-0.4879951844478396,49.993485665768816,54.583597175569324
79.827928,1785142409.78,-0.0024845555890351534,0.10492567718029022,0.38200002908706665,-0.004597162854162545,0.10691058630634646,0.3856305311867867,0.45081926853691473,0.4734717938099414,0.5655101836994262,-0.5027769681623045,0.44033646196766213,0.48351212814604133,0.5759170581405344,-0.49055006303153204,99.70082606713325,65.13151404445404
79.876007,1785142409.847,-0.0020712451077997684,0.10492567718029022,0.38200002908706665,-0.004417179603838472,0.10671215403667425,0.38509982061156517,0.4461041338056773,0.46857579092540547,0.5701459271497186,-0.506321490472906,0.4419909635392797,0.47931616951319994,0.5743170564688147,-0.4950352678767534,51.416809192239704,60.80387838300752
79.924944,1785142409.88,-0.0024715475738048553,0.10149965435266495,0.3800000250339508,-0.004367467307489421,0.1061420172790833,0.3845674079237045,0.4446763151246649,0.45981245866690934,0.5768806268200697,-0.5079805311441816,0.44248513789665134,0.47587813348316893,0.5747950622926329,-0.4973505214405279,51.230985379640046,59.051431004362584
79.971347,1785142409.947,-0.002060400787740946,0.10108869522809982,0.3800000250339508,-0.004226167932433882,0.10528844171202047,0.3838738906677167,0.4459400249736953,0.46876382181454146,0.5705971008859343,-0.5057834733805089,0.4434176492753497,0.4739784875945448,0.5736784958802298,-0.49961801906387254,101.21601584770434,74.58257324723675
80.018348,1785142409.98,-0.0032938404474407434,0.09780105948448181,0.3800000250339508,-0.004192113141846611,0.10427005780438219,0.3835982849472479,0.450072184346475,0.46576082262028384,0.5717603851448015,-0.5035791367488702,0.44442519331548663,0.4727428574188304,0.5733939740087627,-0.500219740590483,102.75872009617416,80.69149659454207
80.066212,1785142410.013,-0.002452035201713443,0.09621352702379227,0.37700000405311584,-0.004150211456568116,0.10310999534158848,0.3828301896381122,0.4340423468273024,0.46939332393756544,0.5819576313667734,-0.502595726103462,0.44283913582690954,0.4722354238624836,0.5747142160834552,-0.5005904254588538,103.08512266611373,85.39109062871597
80.116142,1785142410.08,-0.003665987169370055,0.0947384387254715,0.3760000169277191,-0.004113654230526871,0.10114003756072669,0.38151739615775143,0.44226758011999806,0.4712234955423678,0.5794402065271466,-0.4965851909626495,0.442710603650143,0.4720067713514763,0.5757917958411971,-0.49968063506208676,51.490912837438636,73.65062180417662
80.167805,1785142410.113,-0.00407280633226037,0.0914854034781456,0.3760000169277191,-0.004111870766908576,0.0995356067773665,0.38101295472804286,0.42648105021906646,0.467185999031533,0.5948216726252125,-0.49602251348935295,0.4402619197540437,0.47129395717515327,0.5787097232599216,-0.49914577444779956,106.12318477622073,80.77075690436891
80.217344,1785142410.18,-0.004051142372190952,0.08857198804616928,0.37400001287460327,-0.004107534399569989,0.0963713795004331,0.37969831146681765,0.44353692984232623,0.47234122227795217,0.5667096011067538,-0.5089292579685684,0.4410805580691312,0.47156346469739135,0.5757613607264002,-0.5015722236632527,108.29635253264428,90.35366561369267
80.273397,1785142410.214,-0.002022446133196354,0.08470471203327179,0.37300002574920654,-0.004005060237343144,0.09397175273778328,0.37896813136478785,0.43893098827579313,0.46740700006442387,0.5708232884367159,-0.5128655352042139,0.4407730696508361,0.47096478223118543,0.5750502657545995,-0.503218110588317,109.87448716958873,94.43585428109716
80.332636,1785142410.28,-0.0004070602008141577,0.08367300778627396,0.3720000088214874,-0.0035560678917866346,0.09100062645379509,0.3777262657336854,0.43215089351207925,0.47362896590906,0.5773353237957988,-0.5055740616232463,0.43888664233125874,0.47155246427657105,0.5755556681132125,-0.503738485248686,50.234234434890176,78.48359977306455
80.384431,1785142410.347,0.0028355515096336603,0.0819145143032074,0.3750000298023224,-0.002339633609696661,0.0885583146579246,0.3775823791925971,0.43303605292621944,0.4815698136480937,0.5703799784216266,-0.5052098293429824,0.4376829350491339,0.47362984605550074,0.5744933271187693,-0.504049436452641,49.463808435191055,68.41854422454901
80.431958,1785142410.38,0.004482277203351259,0.07990512996912003,0.37700000405311584,-0.0015282740100189287,0.08713483837224395,0.37755027667643737,0.4216061352875928,0.4699258447692267,0.5920190448237991,-0.5009305517451549,0.4354538435200441,0.4731294659419134,0.5769605222873413,-0.5036318241960681,50.63491003028788,64.86515163491438
80.478754,1785142410.447,0.004117605742067099,0.07992886006832123,0.38100001215934753,-0.000619792765703079,0.08550232409602734,0.37822856597081056,0.4396519352708183,0.48242363061644844,0.5797300232304589,-0.4877363187221967,0.4364748814987934,0.4753736420328565,0.5776437256365657,-0.4998372780353021,53.18243466015814,61.11899017874281
80.530961,1785142410.48,0.004955034703016281,0.07848618179559708,0.38200002908706665,-0.00011361042433094749,0.08456503924462025,0.37864757288742057,0.4517824733973847,0.48248832737228203,0.5683323778288069,-0.48999583568831817,0.43881142303984855,0.4764678416713108,0.576247874946036,-0.4983586233657479,53.84101210635915,59.7737632792309
80.584917,1785142410.547,0.004171642474830151,0.07763824611902237,0.38600000739097595,0.0003658969755102987,0.08311681245241863,0.38051297532562794,0.4667959779353026,0.4786512396253468,0.5605880606375099,-0.48860570203305953,0.4467607849534937,0.47713861012937486,0.5718934412716873,-0.49566262677548495,51.71935427927293,57.248981751476734
80.635323,1785142410.58,0.004589281044900417,0.07596847414970398,0.38600000739097595,0.0006198381762960348,0.08219831161478805,0.38119630345139305,0.45794597888310157,0.47530831453783823,0.5633557012390162,-0.4969887729491414,0.44858999630067814,0.4768469093891271,0.5705098387204169,-0.4958856361583777,51.99299050232567,56.29664624586521
80.683617,1785142410.647,0.0050198910757899284,0.07449118793010712,0.38700002431869507,0.0010909558399080288,0.08052119914430685,0.382367980336321,0.43391591616138586,0.4859919413660459,0.5911763622991141,-0.47543592553347647,0.4443269133182133,0.479593567772433,0.5766566675539747,-0.48992927205665343,52.001221290395186,54.982371487047516
80.728966,1785142410.681,0.0029262893367558718,0.07616528868675232,0.38700002431869507,0.0011532547249849857,0.08018727600928917,0.3828252355748327,0.4334731773698683,0.4841867265620207,0.5918007667509743,-0.4769025799835692,0.4423206295952792,0.4804698477443114,0.5795048494745121,-0.4875195539447801,51.330248914325054,54.31540531940165
80.777403,1785142410.747,0.003353653009980917,0.07678170502185822,0.3880000114440918,0.001247256667473141,0.07986821621123263,0.3836851126396364,0.43686104915246604,0.47357028576540344,0.5894875988851382,-0.487224772496345,0.44083714763542675,0.47859371199343853,0.5822417851641646,-0.4874476091990291,50.691120016581806,53.2247148999932
80.825505,1785142410.781,0.003353653009980917,0.07636209577322006,0.3880000114440918,0.0012940170226037292,0.07967939344360175,0.38403538516547975,0.43348256243626465,0.4765806009016499,0.5871004249112776,-0.49018046674353494,0.43969592824527,0.47828343223649394,0.5830008232626064,-0.48787548535229014,50.90735972636444,52.8070544720783
80.868185,1785142410.847,0.0037734555080533028,0.0759424939751625,0.3880000114440918,0.001423485253589498,0.07932211192508166,0.3845019725054944,0.44131747905824514,0.4790631972745763,0.5850423060670942,-0.48317992074012367,0.4400565404272352,0.4784575200881805,0.5834548977557934,-0.4868357268967203,50.37949679552428,52.082829114417
80.912954,1785142410.881,0.0042040650732815266,0.07571753114461899,0.3890000283718109,0.0015218456412067882,0.07913870127074751,0.38484477812845774,0.4530403502241573,0.47795286906675466,0.5738080588740055,-0.4868878798972883,0.44185882493374845,0.4783952021489707,0.5821300247377278,-0.48685053526504907,50.93456481527716,51.87819778536802
80.962676,1785142410.914,0.0037831810768693686,0.0765589103102684,0.3890000283718109,0.0015747545815429757,0.07906721345024022,0.3851161887944772,0.45610800475330165,0.4743415387203204,0.5761771633808751,-0.48475299797192517,0.44390825971718106,0.4778217881999682,0.58128604153804,-0.48655763645151484,50.51672062141336,51.64112797538188
81.007505,1785142410.981,0.004624949302524328,0.07487615942955017,0.3890000283718109,0.0017955618354402185,0.07863212250217695,0.3855083710674795,0.4496187310548596,0.48188761399424124,0.5818129870014499,-0.4765721061077804,0.4452217434193805,0.47875911129099324,0.581414359167409,-0.48427745714251114,52.0355629909487,51.75811112318295
81.054458,1785142411.014,0.003370939986780286,0.0750686377286911,0.39000001549720764,0.0018460866002513868,0.07847324944883263,0.3858059900917811,0.4707473634514037,0.4623283258865713,0.5745491090473318,-0.4842961492510442,0.4493606786991009,0.47614496298590153,0.5803470462004761,-0.4843121520554905,94.01358138927812,61.464497674704006
81.101527,1785142411.047,0.003792906180024147,0.0750686377286911,0.39000001549720764,0.0018878049623841742,0.07833535784721328,0.38605209041507715,0.4558992997717331,0.4744925473696456,0.5771055092897627,-0.48369606376909013,0.450353615604992,0.47589616959718145,0.5798577069400367,-0.48422050387864035,94.09803298292587,68.6584447285602
81.148261,1785142411.114,0.004214872140437365,0.07549040764570236,0.39000001549720764,0.002011510443592604,0.07818173324456204,0.3864160074543268,0.4436693295065622,0.47471029273560683,0.587666132155216,-0.4821370978713421,0.44878767581559814,0.4756223167274231,0.5816980733746885,-0.48373586315162526,93.86815614556579,77.36867047815082
81.196631,1785142411.148,0.005058804992586374,0.0750686377286911,0.39000001549720764,0.002145253513292951,0.07807078127911185,0.38657433367942867,0.4511802757568563,0.47812087751855603,0.5870233677764596,-0.4724831752911804,0.44912349179208,0.4759730742638892,0.5824413560027583,-0.48218231874876955,93.56628305646602,80.68725118867685
81.240666,1785142411.214,0.0037831810768693686,0.07571753114461899,0.3890000283718109,0.002230324704947825,0.07797166027303157,0.3866770109743502,0.4624054196317467,0.4683716499893801,0.5821092952057065,-0.4774494672910731,0.45213342086959607,0.4742669021105551,0.5823794281385978,-0.48112418041101784,96.53588753031181,85.87106238943294
81.284484,1785142411.248,0.0042040650732815266,0.0765589103102684,0.3890000283718109,0.002278504110302624,0.07791597076791797,0.386728177580076,0.43832606192649526,0.4693626471266739,0.6034240515874669,-0.47270327149705416,0.4499770208625955,0.4735161490563298,0.5857276669309294,-0.4798189632248159,50.92656406724426,78.13728961755719
81.330221,1785142411.281,0.004193257540464401,0.07720130681991577,0.3880000114440918,0.0023223618457128997,0.07788167078198825,0.38678090140464505,0.4426633862627464,0.4667721843566072,0.5943749936894794,-0.4825880450757057,0.4488499356441183,0.4724775496493689,0.5870735521551529,-0.4802534171763175,102.4284692665258,83.17640018369013
81.378989,1785142411.348,0.003754004603251815,0.07722080498933792,0.38600000739097595,0.0023964589270100123,0.07782976876769715,0.38667980080634623,0.4036169762189629,0.448918998942548,0.6321764819879767,-0.48571387103683467,0.4334351479397518,0.4645751768178288,0.6029904452786201,-0.4823965179370803,106.3161491621957,91.02395071885388
81.42656,1785142411.381,0.003754004603251815,0.07596847414970398,0.38600000739097595,0.00243063809327509,0.07777526659030636,0.38663877158593085,0.40235566735689277,0.4477714912904629,0.6341464245466664,-0.48525139955283336,0.4259683172674089,0.4605852823852067,0.6106882770624964,-0.48318942309714397,51.975424296538904,82.3160336509822
81.474844,1785142411.448,0.004139220807701349,0.07454965263605118,0.3830000162124634,0.002510698780126403,0.07745982483122513,0.3859925784249041,0.35930486545292145,0.43065768546042676,0.6697319343738696,-0.486716660589671,0.3963383794071248,0.4475785494196595,0.6380142174423552,-0.48531143552336214,53.50710192983946,72.34767416666035
81.52089,1785142411.481,0.004139220807701349,0.0770348459482193,0.3830000162124634,0.0025482712592914537,0.07744062258885519,0.3857413338613026,0.3526203789424412,0.415675654440552,0.6703598098422404,-0.5034782458142391,0.38233275290795465,0.43743281768475195,0.6488162747268176,-0.49143833561884276,55.8859781629092,69.09424393155462
81.566433,1785142411.515,0.004139220807701349,0.07910583168268204,0.3830000162124634,0.002585270042594796,0.07757775893632746,0.3855345949697284,0.34291689967617195,0.39988856856362687,0.6776633268039259,-0.513097990790893,0.36842806069121137,0.42422426625738097,0.6594476773136068,-0.49942296392876157,58.14065463109592,66.96190347299382
81.613734,1785142411.581,0.004139220807701349,0.07910583168268204,0.3830000162124634,0.0026519390370058566,0.0777598666361752,0.3852548220128528,0.3137967721280346,0.38561273956188724,0.7047058487833869,-0.506185803416185,0.3404223297790198,0.40456530537782154,0.6834405943084867,-0.5033373671044471,58.55870105659648,64.34720464941068
81.662726,1785142411.615,0.004139220807701349,0.0803484320640564,0.3830000162124634,0.0026850757370087256,0.07797071554102782,0.3851343835897227,0.2962052112745228,0.3588128840632403,0.7177093469808292,-0.5180821173331375,0.32366081942327896,0.3872554944179427,0.6970409037144611,-0.5093238994611323,61.567922675608706,63.84102293886866
81.708917,1785142411.681,0.004139220807701349,0.0803484320640564,0.3830000162124634,0.002745593054187069,0.07825137504805882,0.384958898474251,0.2814235693908576,0.3298497737222408,0.7268826391813278,-0.5325800693074079,0.30118754140717163,0.35666884332598614,0.7136688555406554,-0.5222548857913131,60.65020653332951,62.880772416072574
81.75625,1785142411.715,0.004139220807701349,0.07910583168268204,0.3830000162124634,0.0027758499955546825,0.07827873807967042,0.3848803271397815,0.2325451464216844,0.29967386557420755,0.7501351989175156,-0.541678421678867,0.27287773427774953,0.33328819857934333,0.7297370172983233,-0.5309807947635438,60.50077437252042,62.4505254528611
81.803198,1785142411.781,0.0020780533086508512,0.08076801151037216,0.3850000202655792,0.002703176154525526,0.07854302138010019,0.3848899188173658,0.21161940083798786,0.2685499167481748,0.7617625491559639,-0.5502871887541332,0.23796296422775032,0.29644136811264876,0.7489881689107305,-0.5426903958604707,100.72947892048133,76.08452584263259
81.850064,1785142411.815,0.0008240806055255234,0.0770348459482193,0.3830000162124634,0.0025626226730200174,0.0784428764081786,0.38480641495878426,0.16748710721860433,0.24025464428655713,0.7770677314533437,-0.5571279166836265,0.207130767260381,0.27198063939454553,0.7622227003163822,-0.5496725681449481,57.57865438262408,72.38006119307396
81.897875,1785142411.848,0.0008262322517111897,0.07806653529405594,0.3840000033378601,0.0024512958491705685,0.07842893399337421,0.3847888031912069,0.16069373799865594,0.24067355414676944,0.7766431643263022,-0.5595347694358321,0.1871006585726083,0.25853261585136256,0.7687922497893542,-0.5541775047460619,56.81034870172705,69.38213204706116
81.942662,1785142411.915,0.0004128971486352384,0.07680336385965347,0.38600000739097595,0.0022236131195268374,0.0782619703669836,0.38491744483973916,0.12828485409546175,0.23681477525489844,0.7944524291001879,-0.544340974323529,0.15331093127375706,0.24616420012351303,0.7840211060325226,-0.5488258833410324,94.91961026298996,78.1007615393599
81.993477,1785142411.948,-0.0020875113550573587,0.07743711769580841,0.3850000202655792,0.0018005220502066441,0.07823286117579346,0.3849198855224504,0.12595980082734687,0.23189410592545837,0.7791284222574988,-0.5686107225889326,0.1426845510249028,0.2406470389988079,0.7822432074279297,-0.5566198756357815,57.99960161605463,74.11555817377773
82.04597,1785142412.015,-0.0033371804747730494,0.07702075690031052,0.3850000202655792,0.0008932015839996225,0.07814282640155193,0.3849241343309083,0.11500685613910902,0.2307262357498043,0.7879129233834324,-0.5592245097839483,0.12861956620614087,0.23562697756668582,0.7852160131210038,-0.5580078380901906,55.981698609397014,68.18852449021439
82.096402,1785142412.048,-0.00417029345408082,0.07910256087779999,0.3850000202655792,0.0003953780359179535,0.07818861661875685,0.3849260863152713,0.12332899379435214,0.23583619347607757,0.7766756389345139,-0.5709169826008431,0.12695323071177422,0.23569983101367786,0.7825428057566434,-0.562098945053704,55.47429847126055,65.77101907397031
82.139543,1785142412.115,-0.00417029345408082,0.07910256087779999,0.3850000202655792,-0.0002622104365077927,0.0782594836083038,0.384929620032271,0.11586117954252756,0.22502379364576255,0.7798162677397866,-0.572561846385762,0.12223551463086867,0.23116396690301036,0.7814156526026762,-0.5665785711056538,56.1413562978952,62.74744725232856
82.187778,1785142412.148,-0.0050034066662192345,0.07910256087779999,0.3850000202655792,-0.0006544182232999885,0.07829023207002736,0.38493127257864546,0.11062324401489071,0.2212955230863617,0.7893258531993598,-0.561921246098293,0.11926388188716505,0.22864242602236473,0.7834659860386639,-0.5654023489695421,56.41771728707931,61.59867671234959
82.234271,1785142412.182,-0.004586849827319384,0.07951892167329788,0.3850000202655792,-0.0009154784217372703,0.07834325981981871,0.38493289480812076,0.10639406254655075,0.2279984538210698,0.7886039093197944,-0.5610711921989753,0.11608495389930108,0.22848773663120903,0.7847514179509493,-0.5643428476656003,55.40325952523294,60.44804588921416
82.282428,1785142412.248,-0.004586849827319384,0.07993528246879578,0.3850000202655792,-0.0012784914161399717,0.07847388484228729,0.38493580485934176,0.11157389437185265,0.2142571310980997,0.7734295625989728,-0.5860476598078623,0.11446112806755518,0.22335212724643366,0.7807228114778474,-0.5722625001291989,86.4405908888473,69.21767911965446
82.330225,1785142412.282,-0.0050034066662192345,0.07951892167329788,0.3850000202655792,-0.0014878448025287092,0.07850677117645401,0.3849372483810917,0.10579870513424379,0.21348443421321345,0.7852590578078945,-0.5714886197215473,0.11259048184238576,0.22122272818524413,0.781716199150085,-0.572104598757187,56.25187298794143,66.70566925658
82.37723,1785142412.349,-0.00417029345408082,0.07951892167329788,0.3850000202655792,-0.00164928812449098,0.07856183272089205,0.38493991480514933,0.11408469771566093,0.21785645884516447,0.7724488934885052,-0.5855304877074767,0.11306268176004473,0.22017322420871083,0.7788321254084654,-0.5763341927792415,56.41771728707931,63.47713648320917
82.421273,1785142412.382,-0.004586849827319384,0.07910256087779999,0.3850000202655792,-0.0017586693537312691,0.0785742088984972,0.38494118900628493,0.1059515475388831,0.2121090631685761,0.7844017820350014,-0.5731473276882473,0.11179557952754275,0.21873736267476898,0.779834523043085,-0.575772377974449,56.02896079251693,62.118953654857805
82.468494,1785142412.415,-0.00417029345408082,0.0786862000823021,0.3850000202655792,-0.0018211670271458583,0.07857767599417868,0.38494242724907696,0.11271115492682712,0.21781675403027706,0.7739381653789047,-0.5838422504313212,0.11195221805768904,0.21858223840413504,0.7788365202583669,-0.5771500503664883,56.100581907576405,61.032976198946606
82.512086,1785142412.482,-0.0050034066662192345,0.0782698392868042,0.3850000202655792,-0.0020609768055105705,0.07855656719090875,0.38494481176010775,0.11288786130577308,0.2127129232357926,0.7855627959844312,-0.5700005584413188,0.11219531663211327,0.21706889063553528,0.7805838116630135,-0.5753105427625318,56.045122170449744,59.51009160230949
82.5566,1785142412.515,-0.004598763771355152,0.07930801808834076,0.38600000739097595,-0.0021302828713159966,0.07857865238601706,0.3849880830426715,0.11459520588810254,0.21539660309668424,0.7848631086991809,-0.5696157852139728,0.11253075048064477,0.2168362055596027,0.7811839988207456,-0.5745175803586918,56.085634376761945,58.90453817957136
82.599625,1785142412.582,-0.004598763771355152,0.07805569469928741,0.38600000739097595,-0.0022536086351859857,0.07854213031907709,0.38505742814003296,0.11375085368345275,0.21551094597980508,0.7861306805444909,-0.5679914863409757,0.11279497060572674,0.21655123168849047,0.7822571646377039,-0.5731113216760171,56.4739203159064,58.17340848377894
82.648652,1785142412.615,-0.004598763771355152,0.07889057695865631,0.38600000739097595,-0.0023108387627138243,0.07855072728736429,0.38508804600253504,0.10552756867525365,0.21478689288776698,0.7861958764786199,-0.5697600957430443,0.11192777359383706,0.21634152062916318,0.7827308245863274,-0.5727136947835246,56.544156333134275,57.889578177639684
82.697998,1785142412.649,-0.0050034066662192345,0.0782698392868042,0.3850000202655792,-0.002399240953708166,0.07854222328813956,0.3850852683926628,0.106802751691975,0.21650066612975102,0.7856907354194207,-0.569570629573266,0.11132367350738992,0.21636079320940388,0.7830816973792716,-0.572344391173895,58.332968612718616,57.96789268750073
82.745959,1785142412.715,-0.0050034066662192345,0.0782698392868042,0.3850000202655792,-0.002543713078782592,0.07852802426275317,0.3850806816274351,0.11023416730753394,0.2085153181329916,0.7867263090369477,-0.5704660420489663,0.11112172988579969,0.21490308400657557,0.7837641958825801,-0.5719985234982541,58.32807536746648,58.07368938275128
82.798654,1785142412.749,-0.004181125201284885,0.07847313582897186,0.38600000739097595,-0.002594827499099252,0.07852681079633261,0.38511343827346795,0.10522835867630395,0.21270071063989174,0.7854717049098351,-0.5715939126771847,0.1105132573139871,0.21467603820549944,0.7839421029722516,-0.5719578636278088,58.63050351726495,58.17214775595481
82.843091,1785142412.816,-0.004586849827319384,0.0786862000823021,0.3850000202655792,-0.002675380844217649,0.0785341550581691,0.38510724974322175,0.10594993448313775,0.21364806261900612,0.7851804030239193,-0.5715075252604811,0.10978388843132438,0.21451203493629767,0.7841413149059753,-0.5718867746030811,58.725188703594526,58.33653330197032
82.891189,1785142412.849,-0.004586849827319384,0.07743711769580841,0.3850000202655792,-0.0027142426755475567,0.07848675422891928,0.3851044199950274,0.11099332971720306,0.20706091537676596,0.7793698907591838,-0.5808518154053082,0.1099030453243628,0.21378423162232302,0.7836798285899866,-0.5727683207015322,58.67634094423044,58.395054905462395
82.935485,1785142412.916,-0.0050034066662192345,0.07951892167329788,0.3850000202655792,-0.0028389813154053797,0.0785673537698897,0.38509933513101746,0.11998506851132175,0.2102990475547357,0.7850569625471502,-0.5701433674858867,0.11164494212641637,0.21318429204326267,0.7839244899589048,-0.57232006654168,59.27642399530628,58.6575781724853
82.982963,1785142412.949,-0.004598763771355152,0.07889057695865631,0.38600000739097595,-0.002878764888079443,0.07857510022347916,0.38513281068451377,0.10782209748864037,0.21346238276070906,0.7771958387724944,-0.5820436707275406,0.11124981773636256,0.2132146225189601,0.78323323846541,-0.5733312279657454,58.92301757829928,58.703265641746825
83.034841,1785142412.982,-0.0050034066662192345,0.0786862000823021,0.3850000202655792,-0.002935594986498713,0.07857748980108938,0.38512925461666186,0.10846429373293948,0.21690251287451595,0.7843588474246165,-0.5709378209231388,0.11097223271036319,0.21358258958324222,0.7833464624182216,-0.5730933264408609,58.73599675358738,58.70888814392524
83.099256,1785142413.049,-0.0050034066662192345,0.0782698392868042,0.3850000202655792,-0.003037319580128671,0.07856024579192693,0.3851228914750526,0.10268209611005487,0.21022777854836136,0.7873981859009813,-0.5703198796332724,0.10954170741257782,0.21300494576412465,0.7840518446960572,-0.5726187320074932,60.02243525678173,59.10119587429738
83.147236,1785142413.116,-0.0050034066662192345,0.0786862000823021,0.3850000202655792,-0.0031289487287665535,0.07856571993672921,0.3851171613529582,0.10816207355938395,0.21391633682011782,0.7770710144514607,-0.5819805883224748,0.10930973694983791,0.21316097273052542,0.7828803374975338,-0.5742056759317874,58.47731906011468,58.91565197892005
83.199563,1785142413.149,-0.0050034066662192345,0.07951892167329788,0.3850000202655792,-0.003171992011748872,0.07860244107647366,0.38511446991176607,0.11295689415704242,0.22164750285636797,0.7817265102338888,-0.5718538167551888,0.10966328444840306,0.21398347250958824,0.782771782786251,-0.573980290262968,58.77057720971821,58.89070609975984
83.245272,1785142413.216,-0.004990410525351763,0.07806653529405594,0.3840000033378601,-0.0032512439403483166,0.07856806393035283,0.38502877178841566,0.10697213795252639,0.21067276002107954,0.777058191035232,-0.5833991066431445,0.1091980267576161,0.21341189191930354,0.7817894887887673,-0.5756182333448658,56.42170626184005,58.148076892579724
83.28893,1785142413.249,-0.004586849827319384,0.08035164326429367,0.3850000202655792,-0.0032876571597471975,0.07866784628196195,0.38502805667361706,0.11545527490454909,0.2239444200669363,0.779791642746197,-0.5731003141866057,0.1098512883342611,0.21451171783151263,0.7815870300005817,-0.5753600019980066,56.48437324014113,57.85824455774626
83.33512,1785142413.283,-0.00417029345408082,0.08076801151037216,0.3850000202655792,-0.003318959304752165,0.07879283357326126,0.3850273618139764,0.11881294270035749,0.22717615619362477,0.7776373282658119,-0.5740685188996009,0.1109403210749311,0.21605153322673953,0.7811184718982497,-0.5752111899202844,56.39051550701712,57.59663232702367
83.38315,1785142413.349,-0.0008313132566399872,0.07807306200265884,0.38200002908706665,-0.002929525783642975,0.07873753335939114,0.38464071833974167,0.1064104147292096,0.24438172407313247,0.7864056589463322,-0.557243695481058,0.10983369998550202,0.22307170876288795,0.7825094993810662,-0.5708366267816853,54.33644056775403,56.621483824178185
83.429555,1785142413.383,0.0012352396734058857,0.07765994220972061,0.38200002908706665,-0.0024560932254954894,0.07868795744029339,0.38447743155594744,0.19372686693963992,0.28277891907782143,0.7557856023631163,-0.5579373685383973,0.1092681728211268,0.22663405615532084,0.783195109158423,-0.5685973021297632,56.29799327683882,56.56437018756933
83.474893,1785142413.449,0.0024622122291475534,0.07643143832683563,0.3800000250339508,-0.0015255841067441881,0.07843976580457104,0.3838064770940554,0.2449747212744279,0.31947728498100475,0.7366996912314832,-0.543318705049918,0.17508942140270536,0.27223420735694753,0.7637166366790673,-0.5585419677313548,55.17361710690618,56.153086922095056
83.521148,1785142413.483,0.0036956523545086384,0.07766430079936981,0.3800000250339508,-0.0009245409345370623,0.0784179502510227,0.38352915308733043,0.2702987129080845,0.3348277524140307,0.7346135694805225,-0.5245682849245532,0.21357276292518662,0.297817675830103,0.753426880004896,-0.5459297055351959,60.25603772868088,56.90027571818254
83.569034,1785142413.516,0.00492909224703908,0.07766430079936981,0.3800000250339508,-0.00022938741263246504,0.07839825747859908,0.38330837864558714,0.29474845430325763,0.36036487082185653,0.7209608210234668,-0.5132991360917684,0.24959254554489013,0.32577907485768237,0.7403274769941772,-0.5324347682117787,60.16808986010163,57.47723264438515
83.616121,1785142413.583,0.00451794546097517,0.07725334912538528,0.3800000250339508,0.0005276201643003215,0.07832726398527709,0.38298639001561374,0.33714017894169707,0.3945486614751631,0.6840561074689371,-0.5125769164776771,0.3040373520727037,0.3687916835438944,0.707038664737088,-0.5212008339021291,58.06132771639479,57.650926543581136
83.661862,1785142413.616,0.0036956523545086384,0.07848621159791946,0.3800000250339508,0.000715959568757943,0.0783330158837917,0.38285084494482463,0.3699756031099187,0.43325222278196385,0.6617225587722998,-0.48737441435694967,0.33558038668327567,0.39973237222417635,0.6866988210039098,-0.5060084622823772,53.755050410996375,56.95963949575474
83.704648,1785142413.683,0.0024622122291475534,0.07725334912538528,0.3800000250339508,0.0008099159902341528,0.07826809751769732,0.38263868099695814,0.4260908064588407,0.48289728794493336,0.6128575812425883,-0.4578890903484896,0.3953172064649337,0.4548603438268942,0.6404774394925281,-0.4760409891884684,52.57120724319848,55.62435929004611
83.751755,1785142413.716,0.002468691673129797,0.07786867767572403,0.38100001215934753,0.0008533657013810897,0.07825832171903871,0.38259608615061563,0.436593146810214,0.5096158044570539,0.5961931734924616,-0.4407174331552275,0.4158309374422711,0.4820044266246827,0.6195221789922247,-0.45929144768525654,106.77137320617514,67.95412562316457
83.801033,1785142413.75,0.0020618608687072992,0.07807306200265884,0.38200002908706665,0.0008829895658408339,0.07825299909207409,0.38256849478588567,0.4514433990301651,0.5177261864161636,0.5753373805312499,-0.4440105313328804,0.4335478874149389,0.49981414254365697,0.5982122414892052,-0.452066550812879,50.88118395100275,64.6095510918924
83.845025,1785142413.816,0.0020726558286696672,0.0776512622833252,0.3840000033378601,0.000935567652549149,0.07822668478372478,0.3827578345693614,0.4929374519895161,0.5131194162217833,0.5426170662613028,-0.4464166803831113,0.47078611720044705,0.5084807874529049,0.5641610737758773,-0.44892093232400054,50.382609469807875,60.142547235279125
83.888362,1785142413.85,0.003319079289212823,0.07682070136070251,0.3840000033378601,0.0010423652408972715,0.07817060505625632,0.38283742599691173,0.5155339608781417,0.5105649447610101,0.5320922538251027,-0.4363782828943297,0.4911878731994197,0.5096234668189458,0.5498966364630814,-0.44343216448049816,48.9855578752976,58.019781843331415
83.934489,1785142413.883,0.003734553698450327,0.07599014043807983,0.3840000033378601,0.0011711440655165582,0.07805716226197273,0.38290177880968235,0.5200435491629306,0.5159805156797158,0.5267316538562627,-0.4311294228404778,0.5036583895644943,0.5124475460640803,0.5400660223862039,-0.4382401517640149,49.487938849702935,56.461718078521784
83.985107,1785142413.95,0.003734553698450327,0.0755748525261879,0.3840000033378601,0.001370333115448614,0.07781854778621299,0.38299815290605754,0.5366465707734942,0.5119084111196792,0.5168539498716919,-0.42757716403475665,0.5220352492812755,0.5122592520136469,0.5273276574137934,-0.43242941500404053,48.87463969869882,54.12077642553595
84.035227,1785142413.983,0.004980977158993483,0.07474429160356522,0.3840000033378601,0.001590160865682701,0.0776312689178002,0.38303927591960724,0.5277921088588579,0.518934278608376,0.5246877697931878,-0.42052996152589966,0.5240724887317602,0.5146190133090586,0.526413226792772,-0.42825741365787445,92.77216457939676,62.851150225093505
84.078511,1785142414.05,0.005006919614970684,0.07680336385965347,0.38600000739097595,0.001917814988448672,0.07758759333537596,0.38342117084156674,0.5208724963693198,0.5347814337542757,0.5206454963992692,-0.414281218156065,0.5226151626864929,0.5241080029950324,0.5237529073938856,-0.42174291330522873,92.91231880655796,73.41913093553623
84.125684,1785142414.083,0.005006919614970684,0.07763824611902237,0.38600000739097595,0.002056009923127549,0.07758974198358023,0.3835762286246896,0.5382575564319472,0.519991321266448,0.5086852787366662,-0.4255903146784277,0.5272039429864906,0.5229347611283363,0.519386155077138,-0.4228868170294912,93.61592722785912,77.56497385228106
84.171098,1785142414.15,0.005424558185040951,0.07805569469928741,0.38600000739097595,0.0023480704131374377,0.07762872701799994,0.38380431300318807,0.5293216610116951,0.527178212478433,0.5148247414671308,-0.4205439299825478,0.5280228049621792,0.5245725024458158,0.5176319456365965,-0.42198670118154036,90.73365399691231,81.85412768818139
84.220815,1785142414.183,0.0058421967551112175,0.07847313582897186,0.38600000739097595,0.002518578249553914,0.07766879773060943,0.3839007485014464,0.5270932045958246,0.5306328976280007,0.5118093990560424,-0.4226731842235898,0.5278241046844359,0.5258921717966442,0.5163703192719193,-0.4221384032898436,49.23151127941582,74.88645364067273
84.267549,1785142414.217,0.005438611377030611,0.07825791090726852,0.38700002431869507,0.0026265216644503248,0.0776921590255246,0.38408957612894296,0.5372621982449174,0.5308389424614604,0.49734378561992376,-0.42685888348338363,0.5299613927980185,0.5270231705902627,0.5121300884581981,-0.4232142156170672,48.253517953286874,69.2188364647403
84.312195,1785142414.283,0.005438611377030611,0.07825791090726852,0.38700002431869507,0.002797722253886794,0.07772858497795349,0.3843569988280115,0.5377526667986721,0.5314100438972372,0.49673536179181615,-0.42623868306572765,0.5324887427228855,0.5284543317912662,0.5071918164920493,-0.42420304026249317,48.588265105142526,62.422535110140686
84.37416,1785142414.317,0.0050198910757899284,0.07909496128559113,0.38700002431869507,0.002845590561716944,0.07779548971353893,0.384474941926295,0.5373023709857397,0.530854258968486,0.4973272869264679,-0.4268084904807782,0.5333968620949718,0.5289097573038798,0.5053470139636007,-0.42469595196335574,48.9194864129244,59.76183165243621
84.418129,1785142414.383,0.0050198910757899284,0.07909496128559113,0.38700002431869507,0.0029339602825710458,0.07789486160172915,0.3846538332299885,0.5327542866761737,0.5254676020656357,0.503368269690624,-0.43206140104876184,0.5332304953933297,0.5280026081467148,0.5048269129523263,-0.42664771478571806,47.79041381672027,55.976308211311654
84.472879,1785142414.417,0.005438611377030611,0.07867643237113953,0.38700002431869507,0.003009282086209055,0.07791736808082712,0.38473563543172856,0.5327545887222171,0.5254674672277242,0.5033702666002797,-0.43205886610908156,0.5331625628211603,0.5276352659035242,0.5046163209864045,-0.42743546457335,47.929383835993,54.4525465712873
84.517544,1785142414.483,0.0050198910757899284,0.07867643237113953,0.38700002431869507,0.003093397360938463,0.07795546440290416,0.3848672801056032,0.5329638835637049,0.5257118017689446,0.5031132250625022,-0.4318028289216635,0.5331221658827245,0.5272345728268605,0.5043033895671596,-0.4283486345626242,47.924579852288076,52.451287719927016
84.564129,1785142414.517,0.005857332143932581,0.07825791090726852,0.38700002431869507,0.003197031582127607,0.07796306940598997,0.3849293206152161,0.5331625227980505,0.5259427733931079,0.5028736258022704,-0.4315553728916628,0.5331269881983884,0.5270923069293558,0.5041458751831114,-0.4287029868874952,48.49424716589241,51.7271167508144
84.607534,1785142414.583,0.0050198910757899284,0.07909496128559113,0.38700002431869507,0.0032808142220732716,0.07803337098294076,0.3850340430262603,0.5247538812942896,0.5336924789615408,0.508550797089445,-0.42565454155471444,0.5315868958371937,0.5283164489208716,0.5049644941438498,-0.4281447904948308,48.12147503776822,50.64237559310128
84.654373,1785142414.617,0.005438611377030611,0.07783938944339752,0.38700002431869507,0.0033391332270179316,0.07802615640477886,0.3850845557939017,0.5203524684460297,0.5287185500924657,0.5147653336413708,-0.42977512102416193,0.5302738334414125,0.5283698302112412,0.5061213003537465,-0.4283412347861526,47.93661208986603,50.15324496596852
84.710292,1785142414.65,0.0050198910757899284,0.07909496128559113,0.38700002431869507,0.0033795095255197264,0.07806125192019167,0.38513083772756274,0.5332439154354021,0.526038740474247,0.5023417909784492,-0.4319570525040121,0.5306036238484596,0.5281129262648503,0.5057040515711484,-0.42874228120793556,47.93661208986603,49.76400920461779
84.76067,1785142414.717,0.0058421967551112175,0.07680336385965347,0.38600000739097595,0.0035345113657783154,0.07793810257446615,0.3851904037553481,0.5258794568821993,0.5236455004199498,0.5064020794395407,-0.4390935215401527,0.5297081596997647,0.5272664322593579,0.5058431236213375,-0.43072277539617615,46.92542915665463,48.9065470426891
84.806627,1785142414.784,0.004171642474830151,0.07763824611902237,0.38600000739097595,0.0035853147764511625,0.0779217273202765,0.38523927976511607,0.5005348524813565,0.5161438826909651,0.5405802385334404,-0.4368447773744019,0.5221942633643468,0.5244714059688133,0.5150335737465572,-0.4324156721770304,96.46897007314006,66.68813717608793
84.853185,1785142414.817,0.0037442792672663927,0.07618803530931473,0.3850000202655792,0.003592614618299597,0.07782603047096709,0.38522759340921386,0.4999140546623528,0.4982238985239175,0.5448051530575082,-0.4528203066257745,0.5177627244373281,0.5192324688146461,0.5211998514683261,-0.4366578973765134,47.13448804340347,62.878545230760125
84.898515,1785142414.85,0.0020780533086508512,0.07743711769580841,0.3850000202655792,0.003481223551595087,0.07781654695488073,0.38521756587602657,0.4764723128940356,0.4970650479393462,0.5712055921956182,-0.44679373832554636,0.5069619080992662,0.5135473661042176,0.5348205692960077,-0.4395744364287645,46.608505525271504,59.75963737695497
84.943098,1785142414.917,0.0016485501546412706,0.07600747793912888,0.38200002908706665,0.003253499837788556,0.07764998448655093,0.38470380181394015,0.4047709836352414,0.4757928916727979,0.6343797239742036,-0.45535034956724213,0.4549988370877279,0.49525014110472404,0.5882850128016488,-0.44902572275709335,41.42802320478114,53.79036714952615
84.990826,1785142414.95,0.0008197773131541908,0.07539646327495575,0.38100001215934753,0.0030746230033116997,0.07752621129846742,0.3843589715758972,0.4258090112239529,0.4581759590068449,0.6300719443566878,-0.4601856380670962,0.44443546529220457,0.4817940786563504,0.60399892374408,-0.4533617574059079,102.95561803442307,65.56424186550223
85.034466,1785142415.017,0.0008154740207828581,0.07418093830347061,0.3790000081062317,0.0028218599181248413,0.07711342994760509,0.3833441367983526,0.36013050927273554,0.44858669222440106,0.681852197662078,-0.45183357156537746,0.39759415627268074,0.4638832255444181,0.6490406263303007,-0.453296266617201,108.34738598820809,81.5189805641953
85.083053,1785142415.05,0.0008154740207828581,0.07336118817329407,0.3790000081062317,0.002717344036072182,0.07683975166451495,0.38295330366533215,0.34961756147257506,0.42113983659079474,0.6819388275918365,-0.48514764161945617,0.3780965444851294,0.44659518651096464,0.6631063901356931,-0.466782238088438,113.77611960161741,88.76925350231208
85.131532,1785142415.084,0.00040433972026221454,0.07275883108377457,0.37800002098083496,0.0025874325310771998,0.0765239483998605,0.3824632045430168,0.34057771425412686,0.4169178807394993,0.6848854044943014,-0.4910379659291085,0.3624447139712025,0.4342749191075482,0.6725527198400182,-0.4771917465592418,118.8393559093537,95.61813381309767
85.177421,1785142415.15,0.0012223051162436604,0.073576420545578,0.37800002098083496,0.0025057065264737456,0.07626300155707806,0.38183822675701673,0.2945026092562291,0.3976427939284817,0.716476990644177,-0.4917409312386837,0.3238386375304975,0.4136968255854713,0.6984112758994857,-0.4860094269037871,124.45502578751294,105.81386536185843
85.223475,1785142415.184,0.00204566796310246,0.07623030245304108,0.3790000081062317,0.002492243246956469,0.07626125462106767,0.38170112404947304,0.27834099498694836,0.3945039354525574,0.7140541971054478,-0.506970944944791,0.3052664141540804,0.4059670145546309,0.7051029018669934,-0.49480612088155784,128.46870229808138,110.7508600367565
85.273879,1785142415.217,0.002873359015211463,0.07848621159791946,0.3800000250339508,0.0025088848742667613,0.07645913384755904,0.38166322974900785,0.24413583828178265,0.3933037419567059,0.7382941028465859,-0.49054222726617425,0.2799128331851476,0.40092427605483993,0.719400554464082,-0.49332684188571924,127.66086598556328,114.21749637841141
85.320368,1785142415.284,0.0020564631558954716,0.08240106701850891,0.38100001215934753,0.002488452606364623,0.0778222279916162,0.3816161578622863,0.22268855124677964,0.3956442773405731,0.7507872835264062,-0.4797852330431874,0.24786362148026408,0.39817367621255617,0.7374597497389757,-0.48597784541375344,130.49324474414288,119.66949801338134
85.37082,1785142415.317,0.0037151032593101263,0.08261734992265701,0.38200002908706665,0.002556411428217121,0.07837265162680285,0.38163662088566375,0.22807887480828393,0.4169406723794717,0.7369224417756206,-0.48071386228129326,0.24055977538019802,0.40515878210701733,0.7373271393648002,-0.48407235544565813,36.76876868727013,97.02250150117037
85.41986,1785142415.384,0.0045417239889502525,0.08344358205795288,0.38200002908706665,0.0027802078983405597,0.07931587490484142,0.381667519736988,0.2051613140996429,0.4105971500843584,0.74442052033182,-0.4849297933190048,0.2229999267337628,0.4079302735835798,0.7409768838167732,-0.4845793869119349,130.20281485113804,108.4885344228519
85.469311,1785142415.417,0.004128413274884224,0.08179111778736115,0.38200002908706665,0.002840077198359358,0.07945844697886952,0.3816807598675322,0.19393939704906576,0.41194015971121795,0.7510673733329823,-0.47811150980083666,0.2136615838492324,0.4092669252775266,0.7443091241980835,-0.4825486909073519,31.26396263219041,87.33808108209082
85.511617,1785142415.484,0.0033017925452440977,0.08261734992265701,0.38200002908706665,0.002861264293625617,0.07982324429591071,0.38170212677294485,0.19206846926811696,0.4114447942305702,0.7457822872566421,-0.4874747833763479,0.2042495053289194,0.4102425801722032,0.7449976814098117,-0.48472839784826915,101.2019149610171,91.56535477807807
85.563355,1785142415.517,0.0033017925452440977,0.08096488565206528,0.38200002908706665,0.0028712448954447364,0.0798469018748356,0.38171159351075123,0.18011719119824043,0.4133674678794517,0.7428032007170405,-0.49490255499270464,0.19766082871264348,0.41112614538263,0.7444491057270712,-0.4875459141020622,30.672481518880705,75.70042802024375
85.610238,1785142415.584,0.002475171349942684,0.08013865351676941,0.38200002908706665,0.0028455496320259864,0.07986656003082018,0.3817277573977357,0.17426908992755974,0.38861465635246367,0.7415274670628265,-0.5184071264510794,0.1879325485073074,0.401818103329013,0.7434104910341546,-0.5005640926684415,31.219365985913697,58.57377357559613
85.660679,1785142415.618,0.0033017925452440977,0.08055176585912704,0.38200002908706665,0.0028580807207030717,0.07988316260172112,0.3817353236552325,0.16605380958870536,0.38118870763752083,0.7485251851242511,-0.5165572076018495,0.18192841141571472,0.39618341093807985,0.7449073112639395,-0.5050285691352034,30.562474591655114,52.09551573700752
85.706012,1785142415.684,0.002475171349942684,0.08096488565206528,0.38200002908706665,0.0028355635220295885,0.07993656019316168,0.38174825891479613,0.14904338227733813,0.37086147873027514,0.7608870136686914,-0.5111739295226877,0.16843889537073214,0.38585882203745214,0.751665679522413,-0.5076810162003955,29.128822720563537,44.04558585321123
85.76074,1785142415.718,0.002888481831178069,0.08013865351676941,0.38200002908706665,0.0028366817156758838,0.07994343197196584,0.38175453582034247,0.15733026549563092,0.3812780905221636,0.7541027315631262,-0.5110804980586509,0.16569370354924018,0.38473158821053594,0.7522798132499183,-0.5085295313094443,29.336517123252015,40.95309954791084
85.815029,1785142415.784,0.002475171349942684,0.08055176585912704,0.38200002908706665,0.0028173854747623912,0.07996976091616566,0.3817656097866835,0.1492452020308241,0.36834737134423756,0.756046488710443,-0.5200382587879268,0.15980475719059858,0.3788829855421881,0.7536907017484654,-0.5126991797767942,29.336517123252015,37.14942172958019
85.860086,1785142415.818,0.0033104359172284603,0.08076263219118118,0.3830000162124634,0.0028333704572419973,0.0799886668020918,0.3818198189046155,0.15976862905908054,0.38558263454198444,0.751523550036945,-0.5108936981879026,0.1597980498022424,0.3802559017312328,0.7532503700227128,-0.5123318383026898,29.05227679955675,35.556602576121485
85.907114,1785142415.884,0.002896043239161372,0.08117683231830597,0.3830000162124634,0.002835946664848528,0.08005690536197854,0.3819023438912825,0.17169463422511488,0.3867488606330729,0.7439023419128007,-0.5172577472343692,0.16337219952067128,0.38221570139971656,0.7504691498750202,-0.5138255901696266,30.45905595569472,33.96880292300266
85.951369,1785142415.918,0.0033104359172284603,0.08117683231830597,0.3830000162124634,0.002850268378602988,0.08008912747435859,0.3819401523095264,0.158578896390394,0.38026071263009065,0.7484938453659536,-0.5196262960041074,0.16256267038582317,0.38188695440692116,0.7501386329501368,-0.5148084727415975,29.514371491665912,33.13079454579896
85.995276,1785142415.951,0.002896043239161372,0.0803484320640564,0.3830000162124634,0.0028512463564498397,0.08009716087682611,0.38197325357443146,0.17104784716437643,0.36990091930397534,0.7451368801007252,-0.5279081111256615,0.16404548728337312,0.3798104825899396,0.7492896429538701,-0.5171055079757125,30.675200335228354,32.68899483326738
86.041731,1785142416.018,0.003724828362464905,0.08117683231830597,0.3830000162124634,0.002909451750697023,0.08015527008450435,0.3820300309633514,0.1562581267015997,0.3697252575719078,0.7554215723782749,-0.517904315234608,0.1619598207848544,0.37711268049930674,0.7509492346973436,-0.5173299619831037,30.876162044421193,32.13732460881361
86.086272,1785142416.051,0.0033104359172284603,0.0803484320640564,0.3830000162124634,0.0029187501680822763,0.08016136487115018,0.38205593668301663,0.15429165834719397,0.36739078682048437,0.752599018628643,-0.5242259160735016,0.1607708705045317,0.3756075930049533,0.751215529270203,-0.5184080360657318,30.683461924949768,31.88057286854294
86.134374,1785142416.085,0.003734553698450327,0.08221933990716934,0.3840000033378601,0.0029450372053316594,0.08026437286888972,0.3821470552468241,0.17055639147740406,0.37247262272562415,0.7410527150087133,-0.5319920452641336,0.16243167896532062,0.37508733625598173,0.7495160823556938,-0.5207216935552733,30.683461924949768,31.664957554926808
86.178367,1785142416.151,0.002896043239161372,0.08076263219118118,0.3830000162124634,0.002942439773752997,0.08028906547833993,0.38218206063178833,0.16588845293739418,0.3672716363718122,0.7493027092229845,-0.5254883597663272,0.16328649561804937,0.3731612234102499,0.7494700823201372,-0.5219030728006775,130.43672456455997,74.7541428737277
86.225476,1785142416.185,0.0033104359172284603,0.0803484320640564,0.3830000162124634,0.0029511938480275115,0.08029107609784902,0.38219961043269185,0.15323489476002972,0.3658733598695856,0.7533378774621065,-0.5245357890044413,0.16181133869405198,0.3720944790707055,0.7500466759278698,-0.5222956760731342,30.337918202106895,64.96781554724272
86.270358,1785142416.251,0.003734553698450327,0.08138877898454666,0.3840000033378601,0.002996381566267264,0.08035418933161696,0.3823315477717674,0.1503564145163694,0.3675774458587075,0.7596347016918467,-0.5150096017505983,0.15909192873929234,0.37103041841083156,0.752346685963866,-0.5205772286059804,32.98575117472715,54.31318137366385
86.321272,1785142416.285,0.003319079289212823,0.08097349852323532,0.3840000033378601,0.003003380995771765,0.08036767329752494,0.3823915848297365,0.15346591686370079,0.3686983941356718,0.7533252370643415,-0.5225043480440275,0.15835648425852486,0.3707262953526366,0.7524764559024861,-0.5208305109532496,33.106592256854164,50.08010485214306
86.365101,1785142416.318,0.002896043239161372,0.08159102499485016,0.3830000162124634,0.0030002026871137825,0.08040714672363161,0.38240900887721263,0.15048075833869806,0.3702813586536805,0.7597088476684462,-0.5129227267120035,0.1573115817701189,0.37067095442827674,0.7534451642576941,-0.5197850461882392,33.114752063073944,46.839900324862775
86.411668,1785142416.385,0.0033104359172284603,0.0803484320640564,0.3830000162124634,0.0030131500032505973,0.0804032879905009,0.38243960493528145,0.15991362695858802,0.3650558426581547,0.7487391320329772,-0.529671195947635,0.15788011488965528,0.3694536471516483,0.7524309014052938,-0.5219440684011956,33.456145317949286,42.61835836545134
86.464036,1785142416.418,0.002896043239161372,0.08159102499485016,0.3830000162124634,0.0030098403082403262,0.08044459174414409,0.3824537176081223,0.1530813826891874,0.3646164675474014,0.7539736148708294,-0.524542381458196,0.15731666959312107,0.36888629337120216,0.7526143535371153,-0.5222509003160208,32.45869754568727,40.747378323271995
86.511209,1785142416.485,0.0024816507939249277,0.08076263219118118,0.3830000162124634,0.002975537553095967,0.08046004940446233,0.38247942563857995,0.14896571538607967,0.3640258368349826,0.7569971912329229,-0.5217754864130448,0.1556894422279228,0.36794166327925093,0.7534757672227349,-0.5221628081452828,32.418968626928105,38.173075738282066
86.565316,1785142416.518,0.002896043239161372,0.08283362537622452,0.3830000162124634,0.002973753938753285,0.08059811840324527,0.38249148121927384,0.14928626764772032,0.36476646489830733,0.7609600857449398,-0.5153627695909542,0.15495842317210407,0.3675814239864713,0.7543374788363171,-0.521389251760105,32.329475087979716,37.125943539932116
86.618084,1785142416.585,0.0024816507939249277,0.07952003926038742,0.3830000162124634,0.002945595670502496,0.08049405643022266,0.38251400485676906,0.14049325949644054,0.35710597214149414,0.7630470228747003,-0.5200925009832396,0.1518784280197778,0.3653594333955988,0.7562201568836892,-0.521130023942103,32.92135459432205,35.852521041845606
86.674323,1785142416.618,0.003319079289212823,0.081804059445858,0.3840000033378601,0.002956903159238585,0.08054880455940788,0.3825719590838938,0.1585419833656199,0.37587791588579805,0.7493597336797371,-0.5215747514971156,0.15272321981982687,0.3666943491811082,0.755360608316446,-0.5211921179472279,32.805833518675996,35.31734632447531
86.719814,1785142416.685,0.0033104359172284603,0.08117683231830597,0.3830000162124634,0.002975891456990739,0.0805795289599629,0.38259271742987777,0.15512345998831556,0.36735118846214954,0.7565969052029091,-0.5182190073068333,0.15317948322039673,0.3668196222832221,0.7555964792566583,-0.5206278624538535,33.04000757085337,34.634439307121795
86.764891,1785142416.718,0.003724828362464905,0.08117683231830597,0.3830000162124634,0.003001678021883529,0.08059383869802315,0.38260240035612036,0.16666176125824572,0.3891250598804538,0.742637814946351,-0.5189360470414851,0.15506886023859764,0.3699512455521357,0.7538265623952536,-0.5204183301211447,32.913204583765854,34.33499481447568
86.811675,1785142416.785,0.0020618608687072992,0.07972552627325058,0.38200002908706665,0.002929904744069959,0.08052164434656911,0.3825554684175231,0.17982101907278755,0.3861970821280993,0.7514845639622393,-0.5037729299812063,0.1617853219747603,0.37439021206760575,0.7532789915407735,-0.515973099691071,132.39816896683413,77.51243995958245
86.856003,1785142416.818,0.004139220807701349,0.07952003926038742,0.3830000162124634,0.002986402990129177,0.08047852258130545,0.38256631913500805,0.1904973429482473,0.4101008434126398,0.7367378086271467,-0.5027379654463835,0.1678159387244026,0.3819272682178374,0.7499829613991892,-0.5133175723785522,29.80875060510606,67.09023286095008
86.899196,1785142416.852,0.004968005698174238,0.07952003926038742,0.3830000162124634,0.003105069525939223,0.08043992954337906,0.3825768971821961,0.19000441023602577,0.40413892044255123,0.7448170884231334,-0.4957999212053947,0.17306307055219106,0.3872052969294465,0.7488550730179,-0.5092517169889391,31.603194954405097,59.52463347574505
86.950309,1785142416.918,0.0057967910543084145,0.0803484320640564,0.3830000162124634,0.0034149257133722867,0.08043609605881871,0.38259568256072873,0.23155446115693043,0.42797409799021907,0.6992326034842095,-0.5237312948377978,0.1985011991356921,0.40518976870756407,0.7281273655046595,-0.5159932798783791,28.395428840129515,49.076874040595015
86.996951,1785142416.952,0.006211183499544859,0.08159102499485016,0.3830000162124634,0.0035933225703826703,0.08049089168491567,0.3826049590366309,0.24733797553388598,0.45721643553176683,0.7094857189849422,-0.4758225210042542,0.2152113117784883,0.4231445361899323,0.7223846070931467,-0.5027855131266905,30.189915061717603,45.3228853111747
87.043962,1785142417.019,0.004117605742067099,0.07910478860139847,0.38100001215934753,0.0036207303023312073,0.08037039435379449,0.38244121373708645,0.2936661710886411,0.491499899448839,0.6782343895390315,-0.4606366698891169,0.2580050848093268,0.46085661342656875,0.6998315798642126,-0.4809161235582422,114.1136256827669,73.3040648484642
87.091048,1785142417.052,0.003284505568444729,0.07725334912538528,0.3800000250339508,0.0036065467694280165,0.08013321597115641,0.3822783335219871,0.32300177377435035,0.48609610126812747,0.6709233650765126,-0.4574300740713909,0.2838787172968982,0.4711734074343368,0.6889327103347234,-0.471995990050166,113.62935107364173,82.94682607790955
87.13689,1785142417.085,0.00204566796310246,0.07623030245304108,0.3790000081062317,0.0035088430395662103,0.0797983447843825,0.38202329992184425,0.34417645832832994,0.495507029803785,0.6609482336049655,-0.44627657505416307,0.30905469162671284,0.4815790034044583,0.6778137065869081,-0.46166594007615835,109.1769448613252,88.78507505668793
87.18263,1785142417.152,0.0012255387846380472,0.07418093830347061,0.3790000081062317,0.0032312293911592885,0.07877458286330766,0.3816684016692609,0.4337015636498021,0.5065792440358061,0.5991129142220516,-0.44310736758960384,0.3864652687583539,0.49823985027221285,0.631298188182023,-0.45151328357242315,104.23128674436323,94.03829997839657
87.229852,1785142417.185,0.002873359015211463,0.07519857585430145,0.3800000250339508,0.0032226831900815764,0.07853279470530973,0.38161005844904333,0.4542364085301683,0.5084019531273364,0.5932396937377545,-0.42809275279530135,0.41747048045272195,0.5032544813071177,0.6145906642532714,-0.4412840812986577,103.05686596281289,95.80326492529441
87.274343,1785142417.252,0.0032931489404290915,0.07745664566755295,0.38100001215934753,0.003226191467039982,0.07847943098580713,0.38157706531516866,0.5043845791183477,0.5214689704145585,0.5520843060494686,-0.4109370125168383,0.4718176906243119,0.5152698558068385,0.576882736590417,-0.4231918604305764,97.15911889051353,96.22431984584487
87.323309,1785142417.285,0.005781656131148338,0.07848618179559708,0.38200002908706665,0.0034125021767700096,0.07847973442519628,0.3815966174178175,0.5598144079294557,0.5161488456616359,0.51312848550651,-0.3961027078404652,0.5143876730826946,0.5164953632699314,0.5474805387699424,-0.4109780057003124,97.18520058457567,96.39721550375181
87.369951,1785142417.319,0.005827061366289854,0.08160073310136795,0.3850000202655792,0.003573677190787788,0.07879561451537911,0.3819373827713221,0.5503357998497344,0.5493735596684686,0.5052692628508608,-0.3741953652293093,0.532122401358653,0.5327472577114967,0.5274486527138187,-0.39347684572736735,91.57953821926374,95.54215804338017
87.418579,1785142417.385,0.006660174112766981,0.08326617628335953,0.3850000202655792,0.003955067828940648,0.07962571557922057,0.3823707624202507,0.5786031402213375,0.547365813386884,0.4782015426787727,-0.3700437231476358,0.5608318576343083,0.5420092967044106,0.49772544170134836,-0.37942447790257133,86.3591032389554,92.7500964311316
87.464591,1785142417.419,0.006660174112766981,0.08451526612043381,0.3850000202655792,0.004116839769893893,0.08018124367844384,0.38255129666122206,0.5581099031489339,0.5762338524183238,0.47322306413225046,-0.36404369917292734,0.5597888508629917,0.5570043132936421,0.4872094444670973,-0.3728399048436631,84.42682386597747,91.2084962988449
87.510869,1785142417.486,0.006243618205189705,0.08409889787435532,0.3850000202655792,0.004283765320514253,0.080763951248674,0.38280329249230205,0.5799331015994068,0.5740858411635453,0.4609430700060815,-0.34876142398236276,0.5710843720374095,0.5666024855571168,0.47277699275095597,-0.359591683024646,81.77358982010121,88.28114749646495
87.558475,1785142417.519,0.006677472963929176,0.08306501060724258,0.38600000739097595,0.004392681327868946,0.08087879041577554,0.3830178281981923,0.5914157669635612,0.5740234465663728,0.4464641745685573,-0.34841672492258763,0.5786945546370428,0.5694338858016206,0.46310956528953867,-0.35550976452361516,82.14017322240232,87.18066257053334
87.605074,1785142417.552,0.007113493513315916,0.08244315534830093,0.38700002431869507,0.004528285726010158,0.08092971488981426,0.38332887349946215,0.5930956219980973,0.5761480913780486,0.4437227496740898,-0.3455446156284122,0.5838428502528987,0.5718591097144726,0.4562822677861337,-0.35201019438232906,37.756073759603545,75.42070590690153
87.654572,1785142417.619,0.006694772746413946,0.08118758350610733,0.38700002431869507,0.004673475389331502,0.08094667249018954,0.38376133649902106,0.6175979298180134,0.564908395767929,0.42529813588929,-0.34434400979907315,0.6006355579020264,0.5685921431701422,0.4411417841322912,-0.3483300555528982,81.8842939369278,77.38130230798996
87.709808,1785142417.652,0.007113493513315916,0.08076905459165573,0.38700002431869507,0.004771601602204664,0.08093962640334629,0.38393898315931163,0.6025009611154378,0.5721781168014818,0.4329469773358786,-0.3495163934985165,0.6011921132331002,0.5696568627755313,0.43872402733290916,-0.34868370985730257,81.76928450719906,78.15176779778655
87.759074,1785142417.719,0.006712071597576141,0.0805581584572792,0.3880000114440918,0.0048769297516166295,0.0809115837212059,0.38441449708814346,0.5977709594745338,0.5717711279448654,0.43355419619822505,-0.3574610695117197,0.5998497457537919,0.5704999306691775,0.4366887945706977,-0.3521548073247982,81.4379741008242,79.13637858139838
87.805709,1785142417.752,0.0062760524451732635,0.08118758350610733,0.38700002431869507,0.004909593012029838,0.0809176164530443,0.3845045409972078,0.5816407676828331,0.5778591330849281,0.44210768386792104,-0.3637494131192549,0.5954616308571837,0.5723144471010072,0.43802573761325264,-0.35498601804118635,83.38484532559026,79.8862328514085
87.851408,1785142417.819,0.006694772746413946,0.08035053312778473,0.38700002431869507,0.004999699250302327,0.08087777667623533,0.3846547048184378,0.5848668185791762,0.5763674112697873,0.4440144026698885,-0.3585841909132902,0.5918497345151489,0.5737121299399652,0.4400828144839156,-0.35622380620897837,84.38400979375548,81.24895257999594
87.899309,1785142417.852,0.0062760524451732635,0.07993200421333313,0.38700002431869507,0.005031144147438566,0.08083842104053998,0.3847223091535243,0.5930464078842366,0.5664066416017076,0.4403768691085248,-0.36544177046316395,0.5920887202442764,0.5722989967252945,0.440144765241898,-0.35801870249593226,85.89035554446279,82.07399058700594
87.942236,1785142417.919,0.005857332143932581,0.08076905459165573,0.38700002431869507,0.005080949173954521,0.08083553915501135,0.38484080658571884,0.5647260424298598,0.5764969324575288,0.45884638045625137,-0.37174693409733006,0.5831554660781014,0.5737651119456725,0.44637217154140907,-0.3625950677692806,86.25030600917012,83.33986492022305
87.990556,1785142417.953,0.005857332143932581,0.08035053312778473,0.38700002431869507,0.005103989452346056,0.08082089078920206,0.3848969744129182,0.5616378764254415,0.5729053909494598,0.46399108149342155,-0.3755723433373819,0.5785318478894863,0.5736244678740998,0.4502320533962352,-0.36544078717124845,44.50500411521148,74.37501972268765
88.038239,1785142417.986,0.005872467067092657,0.08013854920864105,0.3880000114440918,0.005124790369413378,0.08079898316706328,0.38503517150548283,0.5620495740420755,0.5734153273744754,0.46336512635864174,-0.37495052783771987,0.5749898317762854,0.5736052011400992,0.45309564844922257,-0.36751612200729905,89.5426090856189,77.2612016940396
88.085702,1785142418.053,0.006712071597576141,0.08013854920864105,0.3880000114440918,0.005219185292378455,0.0807616780201923,0.3852524266247654,0.5553285955071787,0.570853344004898,0.466565532909797,-0.38477683681719577,0.5683426314523412,0.5727232359280905,0.4577327713372515,-0.37343735531653,89.07511486959616,80.97647117137643
88.129638,1785142418.086,0.005872467067092657,0.08013854920864105,0.3880000114440918,0.0052383563597967866,0.0807447151482991,0.38534743681220907,0.5563332201194607,0.5718167285416852,0.4648298280587904,-0.3839950625961637,0.5659363894085224,0.5725546875328804,0.4591743543556822,-0.37557428723145203,44.160039296916366,72.72505598527795
88.177934,1785142418.153,0.006292269565165043,0.08013854920864105,0.3880000114440918,0.005282923636835709,0.08071450322950283,0.3855061676918617,0.5553473855318007,0.5706236996921932,0.46629361291237265,-0.3854194355370697,0.5627497451246241,0.5719866220468066,0.46134015271599454,-0.37856213763877267,44.68184943402436,62.944999705650275
88.223422,1785142418.186,0.005872467067092657,0.0797189474105835,0.3880000114440918,0.005299513536604653,0.08068175292956323,0.3855776903485869,0.5531087804530801,0.5734424841808591,0.4628621438103934,-0.388578216256957,0.5610794944940456,0.5722481802814507,0.4616116497699629,-0.380311064550491,44.882088703107996,59.290497740081534
88.269516,1785142418.219,0.006292269565165043,0.0797189474105835,0.3880000114440918,0.005321819807094081,0.0806521384292109,0.3856437059980793,0.5519790250768453,0.5720971145992328,0.4645239910957242,-0.390181379667133,0.5595214521551104,0.5722298843491808,0.46211887490897824,-0.3820142006376461,89.2691346726574,65.56676953913473
88.318048,1785142418.286,0.005872467067092657,0.0805581584572792,0.3880000114440918,0.005350283886810828,0.080647018079181,0.38576124569215364,0.5399036636057994,0.57584875522267,0.4748172445143581,-0.3891668401153026,0.55393771771219,0.573302040665662,0.46578457784105387,-0.384086581527953,87.89469945455433,72.98895543006338
88.366902,1785142418.319,0.005872467067092657,0.0797189474105835,0.3880000114440918,0.005363416470746497,0.08061779488620784,0.38581580525070125,0.5400997388756386,0.5691508951028935,0.46807444926892755,-0.406529015706914,0.5514248548326193,0.5725701379221374,0.466230400542426,-0.3882309624987403,88.57355501698108,76.00745241118707
88.412225,1785142418.386,0.0063084871508181095,0.07992441207170486,0.3890000283718109,0.005409357257020675,0.08058397532687112,0.3860663188099338,0.5527598659197235,0.5654640827876267,0.45703936057789674,-0.40721238265566617,0.5518462727848853,0.5705080723321118,0.4635491431990617,-0.3938380662870764,47.24470477236786,66.06999686025733
88.459118,1785142418.42,0.0058876024559140205,0.07908303290605545,0.3890000283718109,0.005421889913282517,0.08052097607122984,0.386177704325831,0.5478503890762892,0.5705672396167862,0.4503067654933575,-0.41417000521035996,0.5511178400898431,0.5705456443486617,0.46107191766800326,-0.39769269642203203,84.45233359525375,69.76093599527832
88.510302,1785142418.453,0.005058804992586374,0.07844278961420059,0.39000001549720764,0.005406894006613833,0.08041712888280698,0.38638337611953705,0.530135365678323,0.5623233342500296,0.46057041358334955,-0.4366049197463338,0.5465267160853319,0.568808755149917,0.46104077265220544,-0.4064560918746849,45.06912829331928,64.63304156327376
88.556605,1785142418.52,0.00422567967325449,0.07822108268737793,0.39100003242492676,0.005294611381531303,0.08022499627409571,0.3869179452339694,0.5159451684202376,0.5581262799985106,0.48078437857683387,-0.4371979186539258,0.5351463777895579,0.5649393332669741,0.46861596129514405,-0.41816382541536345,78.79109062830652,69.14839645088014
88.602138,1785142418.553,0.002539966255426407,0.07842113077640533,0.3920000195503235,0.005083986195622411,0.08015836056942033,0.3872881336375278,0.5327352465519463,0.559957807447403,0.4482340876442495,-0.4491398597693833,0.534616482045343,0.5637734858067999,0.4636037361511825,-0.4259298647117577,39.417170115426316,62.771967624564866
88.650121,1785142418.62,0.0012675756588578224,0.07969292253255844,0.3920000195503235,0.004506940217219166,0.0801302555267168,0.38781065550784244,0.5174998159235292,0.5647710880200792,0.45715145236646704,-0.451929317764359,0.5282314961002652,0.5642162837461544,0.4612279861257621,-0.43577541979525236,75.747449783705,66.87461297612111
88.696504,1785142418.653,0.001696021412499249,0.07947120815515518,0.3930000066757202,0.0043304700872936605,0.08011418555958984,0.3881772978352143,0.5169834457723106,0.5755154728449214,0.4438902512273139,-0.4521852520580774,0.5255955883554602,0.5669459580063952,0.4571386329640402,-0.43971107383514574,37.121540142145456,60.47903803188853
88.742144,1785142418.72,0.001696021412499249,0.07904619723558426,0.3930000066757202,0.00407329509473755,0.08006155402543653,0.3886982220814015,0.5115002547745691,0.5715516579966173,0.4497514359790741,-0.4576241224428946,0.5206343730814672,0.5686173732888988,0.45455089533696513,-0.44609148827170453,36.67256618958055,52.35937513266611
88.785991,1785142418.753,0.0033968701027333736,0.0777711570262909,0.3930000066757202,0.004053286352568379,0.0799478771962934,0.38891459249269383,0.5195669549370707,0.5749979059811156,0.429043498168145,-0.4640573931470038,0.5204369267035295,0.5701271704454216,0.44875941819413445,-0.4502392690840551,31.31756900630882,48.03964099059835
88.832417,1785142418.786,0.0025529253762215376,0.07839514315128326,0.39400002360343933,0.004008350985194847,0.07989776510354869,0.38924287610349445,0.5049618024228203,0.581381435485747,0.4368763660056876,-0.4649174608380432,0.5168351293850081,0.5728081956386231,0.44599685811132306,-0.45371689697170775,68.93978239763415,52.17020049135763
88.879834,1785142418.853,0.003822082420811057,0.07649611681699753,0.3930000066757202,0.003995378326390083,0.07950424099116302,0.38950123360228284,0.5449563368873301,0.5663659643506542,0.3861873238926188,-0.4828162550869159,0.5289572496439472,0.5704738244364973,0.42120453833328314,-0.4662087306876109,61.73440219224381,55.13760660016199
88.925135,1785142418.887,0.002971658017486334,0.07692112773656845,0.3930000066757202,0.003968973806518833,0.07938343923676608,0.3896183627990639,0.5010079697667078,0.5852158298548806,0.41508677711937997,-0.48395910382815543,0.5212347611904913,0.574662505190442,0.41955567347485645,-0.47122220417760086,61.31545470122281,56.27135376894934
88.967785,1785142418.92,0.0033968701027333736,0.07564608752727509,0.3930000066757202,0.0039545842451640095,0.07913725247855942,0.38972133069371184,0.522470697939282,0.5791878445920925,0.3865089733008704,-0.492114442004614,0.5216699911744908,0.5760451335578683,0.410188963461717,-0.47726034684070157,9.158503855005028,45.09640597851866
89.015489,1785142418.987,0.0033968701027333736,0.07479606568813324,0.3930000066757202,0.003928362387437373,0.07858791784432456,0.38989914603429665,0.49761748936348227,0.5845297211591581,0.3979007477771269,-0.5023712116349668,0.5116585016417341,0.5797093195937193,0.40509924562691046,-0.4878906472422181,7.413454145099606,31.331491042695657
89.061473,1785142419.02,0.002971658017486334,0.07479606568813324,0.3930000066757202,0.0039032486953622506,0.07836432458289487,0.3899805340095928,0.5117136602810949,0.5799380435266337,0.3857136934462809,-0.503036720568442,0.5117026834384885,0.5798026579342492,0.4000755261381028,-0.4918625976830829,5.471780664840845,25.76064759890756
89.111412,1785142419.087,0.003822082420811057,0.07352102547883987,0.3930000066757202,0.003898304510598133,0.07773452644990245,0.39012701161726165,0.514699519843965,0.578076639470111,0.3882135950956737,-0.500201966963573,0.5128049780382138,0.5791902740914822,0.3957748238928845,-0.4949060210480543,5.941853560055607,19.021117171233307
89.15703,1785142419.12,0.0025464456994086504,0.07522107660770416,0.3930000066757202,0.0038475913984747307,0.07766642574339627,0.39019533337342255,0.5197921589119876,0.5813718094583519,0.383553865289828,-0.49468107212826473,0.5142869971890608,0.5796600673058895,0.3932045236869568,-0.49486694519365904,5.037861052782533,16.244457043414382
89.20063,1785142419.153,0.0033968701027333736,0.07479606568813324,0.3930000066757202,0.0038370365749229494,0.07756721939317027,0.3902603656393656,0.5198093223873096,0.5813711475284625,0.38355537232707104,-0.49466264619407674,0.5153936967398793,0.580007223114123,0.3912838434228931,-0.49483119583596796,5.48359773425844,14.16263781771953
89.254636,1785142419.22,0.003822082420811057,0.07479606568813324,0.3930000066757202,0.0038361560823177683,0.07740145866521744,0.39038181758915164,0.5165010452877272,0.584344669641674,0.3788090702499625,-0.4982686680641348,0.5157309816414869,0.5813002791112885,0.38760512117537765,-0.4958566427092282,4.985717704834097,11.231527610515279
89.307945,1785142419.253,0.003822082420811057,0.07479606568813324,0.3930000066757202,0.003835758337692645,0.07732676358779701,0.39043939252219,0.5222223940733901,0.5684250156040347,0.38345495362340704,-0.5070888199373759,0.5168934394809881,0.5790356805624686,0.3868802827226372,-0.4978579111528963,4.719527891746778,10.02405111619188
89.354734,1785142419.32,0.0033968701027333736,0.0739460363984108,0.3930000066757202,0.0038164580649846127,0.07705821575366392,0.39054871555594045,0.5213563519512052,0.5682706026189911,0.38319487689496423,-0.508348072486395,0.5181353127324205,0.5760873834596315,0.3858758201812852,-0.500758400546344,4.139618791299014,8.191930945418527
89.401464,1785142419.354,0.003812357084825635,0.07248608767986298,0.3920000195503235,0.003816342788915827,0.07675059401640388,0.39060779717602484,0.525438545154891,0.5718870229148951,0.37737498979300216,-0.5044280774954757,0.5193081976440456,0.5754220118574308,0.38452101049218534,-0.5013502733815037,5.252362457639547,7.65359681143154
89.447571,1785142419.42,0.0033968701027333736,0.0739460363984108,0.3930000066757202,0.0037977418670255463,0.07659845708244602,0.39072038290408717,0.5137099159906395,0.5766265985551428,0.3906524969425272,-0.5009935275871186,0.5180058227178207,0.575706577501002,0.38595343985031827,-0.501270233028277,5.486221841924799,7.003651002132587
89.495669,1785142419.454,0.003812357084825635,0.07248608767986298,0.3920000195503235,0.0037981463019956577,0.07636421455210547,0.3907697428585745,0.5133763493625755,0.5770619680351744,0.3897695172440425,-0.5015216170713607,0.51741541842087,0.5758809685448013,0.386441827016174,-0.501303410302243,4.605995520036605,6.569097737208811
89.550539,1785142419.487,0.0025464456994086504,0.0739460363984108,0.3930000066757202,0.0037472917787304055,0.07631480502186555,0.3908288745599691,0.5251617689097324,0.5657924653771929,0.38724591559646815,-0.5041077300060492,0.5184277728588657,0.5745745618164275,0.38655011690493823,-0.5016729256824963,5.482892627346168,6.379346302909791
89.601757,1785142419.554,0.004236487206071615,0.07121428847312927,0.3920000195503235,0.003781054165890731,0.0756742662415085,0.3909055293247456,0.5209972448658394,0.5679644150139364,0.3836582110691162,-0.5087088275225102,0.5189703215611388,0.5731958994045517,0.3859481691188591,-0.503150352278855,5.744306290065308,6.189580403287517
89.647605,1785142419.62,0.0025464456994086504,0.07437104731798172,0.3930000066757202,0.0036881041848034523,0.07556989500839326,0.3910219378738126,0.518403842980271,0.570400439570783,0.380598245513226,-0.5109263837706935,0.5188671966935404,0.5726721947924313,0.38494061316992445,-0.5046227440765716,3.7533069933654173,5.462194963807373
89.692077,1785142419.654,0.004660617094486952,0.07163821905851364,0.3920000195503235,0.003735446659998676,0.07533875581076173,0.3910560209568253,0.5127906292482621,0.5780481723947295,0.3878051039983177,-0.5025069972240571,0.5182074946939911,0.5732597670485502,0.3852539942065704,-0.5043942821586135,5.405036721434057,5.452094982276436
89.738478,1785142419.687,0.002971658017486334,0.07352102547883987,0.3930000066757202,0.0037108888202762244,0.07528868041574932,0.3911134919507684,0.5103650815500802,0.5796759504239174,0.3859162756790192,-0.5045511908622784,0.5173467288491038,0.5739690311791741,0.3853288521871341,-0.5044141047477937,4.7933223575466855,5.338002290908056
89.785456,1785142419.754,0.003812357084825635,0.07206215709447861,0.3920000195503235,0.003716229195016836,0.07503438160349438,0.391167930365361,0.5133094084235474,0.5777332867301112,0.3885275448457076,-0.5017808760047132,0.5166343025758899,0.5746369357819824,0.38589605190836723,-0.503950023869979,5.596056206458763,5.4144581319570175
89.830077,1785142419.787,0.0025464456994086504,0.0739460363984108,0.3930000066757202,0.0036684711566650615,0.07498885171949403,0.3912261126531773,0.5213476261768204,0.5677607321803848,0.384440301619037,-0.50798627753597,0.5171090712866974,0.5739495706983854,0.38575157896038637,-0.5043568359978056,5.130145033498152,5.365431789050015
89.877276,1785142419.854,0.004247294273227453,0.07224598526954651,0.3930000066757202,0.0037084669854690515,0.07480312347146836,0.3913254722030738,0.5265250384338444,0.5722010787663652,0.37740922023248474,-0.5029111152523423,0.518809089393552,0.5736419622484853,0.38425556856544557,-0.5041028525378396,5.2543875913610725,5.332479167659785
89.927967,1785142419.887,0.002971658017486334,0.07352102547883987,0.3930000066757202,0.003683443057906478,0.07475881684158037,0.39137071252255895,0.5137342204738281,0.5766580318410465,0.3906062039070283,-0.5009685204648088,0.5182961186478376,0.5739502463434359,0.384901499692299,-0.503786744219729,5.740780092632678,5.402778977264454
89.973314,1785142419.921,0.0033968701027333736,0.07309601455926895,0.3930000066757202,0.0036766716719623164,0.0747186611620389,0.39141406088389125,0.5203052244524525,0.581764390774389,0.3829599949121833,-0.4941399693722898,0.5185279807257955,0.574840313597523,0.3846846442098438,-0.502697793486978,5.404586441585852,5.403097378500457
90.018403,1785142419.987,0.0029640966095030308,0.07291001826524734,0.3920000195503235,0.003635510830948328,0.07464297158058976,0.39145245229225095,0.5134226273569716,0.5764115317595863,0.3909710745661513,-0.5012869144761517,0.5176157588486485,0.5751248412741763,0.385813170969439,-0.5024475497476305,5.4080970082396504,5.404563575987915
90.065608,1785142420.021,0.002971658017486334,0.07352102547883987,0.3930000066757202,0.003616416187345683,0.07460614155791608,0.39149945544044545,0.5146792190040848,0.5767135558352219,0.39075874997578086,-0.49981434088929944,0.5173236889932852,0.5752844897758437,0.3863074639524238,-0.5021857225413449,5.2533746998201645,5.377904250137799
90.115093,1785142420.087,0.0033968701027333736,0.07352102547883987,0.3930000066757202,0.0036067996351228093,0.07454594935461557,0.39157786829474156,0.5137318633010991,0.5766419547304624,0.39063043332563446,-0.5009705512638832,0.5167614785493194,0.5754987462536565,0.3869864456673557,-0.5019962731114024,5.404586441585852,5.385726491195475
90.166171,1785142420.121,0.003822082420811057,0.07352102547883987,0.3930000066757202,0.0036135984242844565,0.07451736524726371,0.3916154786609687,0.5108687764179713,0.5792988715224529,0.38672312182115753,-0.503856266987834,0.5162328100775322,0.5758416365713638,0.3869636058264162,-0.5021645777592103,5.251353187521587,5.36204002008506
90.218197,1785142420.187,0.003822082420811057,0.07309601455926895,0.3930000066757202,0.0036248229815102344,0.07445346712976061,0.3916806923544557,0.5103435706175086,0.5796451240347941,0.3859630771729874,-0.5045725648221662,0.5153564178867629,0.5764108703187926,0.3868157769485812,-0.5025254479376361,6.093545205554364,5.577415738939503
90.265366,1785142420.221,0.0033968701027333736,0.07437104731798172,0.3930000066757202,0.0036194330996568553,0.07444975316109735,0.3917125466735568,0.5124324037234543,0.5790550441715251,0.3875518221599633,-0.5019082312277892,0.5151223854949462,0.5766231374840558,0.38687500205532327,-0.5024762860720228,5.252362457639547,5.52003153853013
90.313263,1785142420.288,0.004247294273227453,0.07267099618911743,0.3930000066757202,0.003660397909558224,0.07433404776863192,0.3917700868700335,0.5214681220803387,0.5688324235806133,0.3818648981786253,-0.5086058110918896,0.5161000626209954,0.5754356686946224,0.3861115271975886,-0.5034207039065073,5.486928444208624,5.510221601872502
90.358536,1785142420.321,0.002971658017486334,0.0739460363984108,0.3930000066757202,0.0036358473569337276,0.07432018840344819,0.3917973231606393,0.5269548389089836,0.5719935563232996,0.37811369459405597,-0.5021673060200796,0.5171582999793447,0.5751064191740457,0.385338371742746,-0.5033033266827572,5.744459988876574,5.55052655271675
90.405253,1785142420.354,0.0033968701027333736,0.07267099618911743,0.3930000066757202,0.0036300187309880687,0.07426481249155831,0.3918235786199399,0.5213990870294523,0.5682950610702067,0.38316619681820596,-0.508298515858482,0.5175929531414146,0.5744143524084482,0.38511853786274464,-0.5038148453549124,5.600245763418709,5.559068199511328
90.448745,1785142420.421,0.002971658017486334,0.0739460363984108,0.3930000066757202,0.0035904056289838325,0.07424408383519256,0.39187354801389696,0.5284483901916209,0.5726474977066907,0.3776073040713163,-0.5002298133719567,0.5196018700787164,0.5740967982190787,0.3837391338323857,-0.5031610478275058,5.485517072314641,5.537267276136466
90.493524,1785142420.454,0.0033968701027333736,0.07309601455926895,0.3930000066757202,0.0035864310952567636,0.07421294359747667,0.3918974270983432,0.5160589954925916,0.5748459298743188,0.39274145908686564,-0.49898839304379294,0.5192290496710484,0.574179245925362,0.38469546634885443,-0.5027213797889641,5.744459988876574,5.572911851599045
90.539115,1785142420.488,0.002971658017486334,0.0739460363984108,0.3930000066757202,0.0035681943851441082,0.07420414248422463,0.39192131612784037,0.5374772259912114,0.5603239374545128,0.3757749725260184,-0.5059135169960705,0.5217551264148101,0.5722965473720559,0.38348387155515484,-0.5031782687904548,5.252362457639547,5.5163312987739594
90.58888,1785142420.554,0.0033968701027333736,0.07352102547883987,0.3930000066757202,0.0035608957400325306,0.07417579790938486,0.39196533535037714,0.5222002699444293,0.5679151464369581,0.38469035169723353,-0.5067470748100203,0.5218461462028009,0.5714160811498402,0.3837277812207728,-0.5038980569679018,5.4080970082396504,5.484582193258703
90.636045,1785142420.588,0.003822082420811057,0.0739460363984108,0.3930000066757202,0.003569007771326077,0.07416877349801541,0.3919874290858815,0.5036412694828236,0.5883440322812156,0.3922388298971431,-0.4963320175786869,0.5192088447772186,0.5739177073801203,0.38499005089644794,-0.5028153750348165,5.406848776304481,5.4708897988524985
90.682544,1785142420.654,0.003822082420811057,0.0739460363984108,0.3930000066757202,0.003582459855680345,0.07415707578236498,0.3920283319510104,0.5119130112571777,0.5793685769103347,0.38685397128498794,-0.5026142913761366,0.5176106495540662,0.5751188774834398,0.38540218818607636,-0.5027749452506458,5.744459988876574,5.551218457256387
90.726851,1785142420.688,0.003822082420811057,0.0739460363984108,0.3930000066757202,0.003588893450118906,0.07415146982790327,0.3920489029811775,0.5081746801612398,0.581253925750224,0.38406043400045653,-0.5063595079371527,0.5163876570071049,0.5759213271208697,0.38523077661216204,-0.5032451305366396,5.486221841924799,5.539771014385161
90.77124,1785142420.721,0.003822082420811057,0.07352102547883987,0.3930000066757202,0.003594745176766799,0.07413600732262784,0.39206841807745496,0.5119285271324525,0.5793786745752925,0.3868394404097208,-0.5025980321279315,0.5158531313913841,0.576337564137999,0.3854246627471777,-0.5031683499023022,5.59377316611267,5.549049380137598
90.818321,1785142420.788,0.003812357084825635,0.07333394885063171,0.3920000195503235,0.003604887870920533,0.07409393377141305,0.3920634090128936,0.5077414635231704,0.5816825473147588,0.3831265107630002,-0.5070089714387024,0.5142495916282981,0.577402507757266,0.38497253245440616,-0.5039343715221161,5.852781977474577,5.639201918622656
90.870723,1785142420.821,0.003388226730749011,0.07333394885063171,0.3920000195503235,0.0035991676618085788,0.07407456994558617,0.39206121826744306,0.5276706087681791,0.572529892947335,0.3773035989224459,-0.5014132472961825,0.5159035984011595,0.5768130697475246,0.38403724119060323,-0.5036323630426096,5.741953898818365,5.656863731388257
90.91376,1785142420.888,0.003812357084825635,0.07248608767986298,0.3920000195503235,0.0036090808167456635,0.07395500968096369,0.39205755774052015,0.5106002832506998,0.5790889930416293,0.38703853815758693,-0.5041274232405683,0.5148907347370539,0.5772503690115343,0.3846126749893185,-0.503728729571329,5.595237030748093,5.6385993609854275
90.963809,1785142420.921,0.003388226730749011,0.07333394885063171,0.3920000195503235,0.003603239605684555,0.07394104560047063,0.3920559082227265,0.5138364846408341,0.5767018264775906,0.3904921597020724,-0.5009021297624635,0.5147835712102833,0.5771952365772473,0.3852169124283792,-0.503439632988573,5.099441298708813,5.545576148455179
91.010806,1785142420.988,0.0029640966095030308,0.07375788688659668,0.3920000195503235,0.003563062397904973,0.07393049592050428,0.39205301257687475,0.5275727859679242,0.5719838759150252,0.37861421781897975,-0.5011513496585539,0.5172141995598646,0.5762192685389338,0.38397401761617744,-0.5030156857731137,5.409346898448435,5.505182940925529
91.055793,1785142421.021,0.0033968701027333736,0.07267099618911743,0.3930000066757202,0.003559550841221384,0.07388622416418256,0.3920869751764116,0.5241681664254918,0.5746743884749989,0.3741212011594623,-0.5050053538132296,0.5179930183154263,0.576051441188253,0.38287893067735107,-0.5032411892172373,5.744306290065308,5.546333565082876
91.10868,1785142421.055,0.002971658017486334,0.0739460363984108,0.3930000066757202,0.0035416026467979343,0.07388831603280317,0.3921181396992616,0.5247197547707977,0.5750883131379326,0.37347958429745065,-0.5044359336510874,0.5188021551156748,0.5759402482498699,0.38175624338099234,-0.5033878474226825,4.984263756342151,5.446920898969545
91.159237,1785142421.121,0.003822082420811057,0.07309601455926895,0.3930000066757202,0.003557203445135001,0.07384889171993862,0.3921685639007771,0.5114057555703703,0.5797052599943905,0.38611549149788865,-0.5033098369093129,0.5174063393294547,0.5766564273276547,0.38258353607792206,-0.5033764821339112,5.744306290065308,5.534256148897253
91.213976,1785142421.155,0.002971658017486334,0.07352102547883987,0.3930000066757202,0.00353862067772184,0.073840539939003,0.39219239108930204,0.5269439920052427,0.5720122615032255,0.37808334003899635,-0.5021802365331604,0.5184953495104152,0.576131764432418,0.3820739452011384,-0.5032437410902382,5.101322792697556,5.457767929725468
91.258962,1785142421.222,0.0033968701027333736,0.07352102547883987,0.3930000066757202,0.003532894113359163,0.07382569612144296,0.39223332152707335,0.5192810742597578,0.5809702886198723,0.3841636211527294,-0.495216116296104,0.5186440471696233,0.5770291637369566,0.38246244783664185,-0.501765057100777,5.433938375469435,5.450707190122046
91.306976,1785142421.255,0.002971658017486334,0.07437104731798172,0.3930000066757202,0.0035165949100774067,0.07384756774000716,0.3922522692139691,0.5274769184302625,0.5724133943361275,0.37747575459845223,-0.5016204353873916,0.5195934644605598,0.5765380677141652,0.38193045584450747,-0.5017525436554323,5.732055640667753,5.4991422068752245
91.354583,1785142421.322,0.003388226730749011,0.07333394885063171,0.3920000195503235,0.0035111264256868554,0.07382281367783736,0.3922351635724764,0.5133925072435349,0.5763915563823977,0.39099931706912977,-0.5013187023129583,0.5184598156669794,0.5765163952727553,0.3835987557597522,-0.5016774462738383,4.906880744641337,5.323034741605407
91.403605,1785142421.355,0.002539966255426407,0.07375788688659668,0.3920000195503235,0.003475517039229978,0.07382114368391103,0.39222759940237417,0.5006471729644157,0.5810229598242886,0.4030041192804647,-0.49935198828355387,0.51611506728797,0.5771389431618207,0.3861924687262539,-0.5013893244809986,5.473697308601471,5.348942403574419
91.452107,1785142421.422,0.003388226730749011,0.07375788688659668,0.3920000195503235,0.0034714460698585213,0.0738181204109744,0.3922147253023928,0.5266304169814287,0.5717467923490317,0.3784892198157167,-0.5025056415920618,0.5184499705040213,0.5759561504292474,0.384495166390461,-0.5016449021862708,5.100742914477147,5.275297822955551
91.500096,1785142421.455,0.003388226730749011,0.07333394885063171,0.3920000195503235,0.0034695339477823404,0.07380558385170623,0.3922088727605768,0.5143184046158267,0.5763958545113991,0.39117855025597364,-0.5002236893582108,0.5179549037516582,0.5760109730844665,0.3853001434377619,-0.5014756983471248,5.599296229027353,5.3310951940964095
91.548802,1785142421.522,0.003388226730749011,0.07333394885063171,0.3920000195503235,0.0034659528373145896,0.07378293216040903,0.39219845296262507,0.5143375500068341,0.577090599555624,0.38991798890137935,-0.5003871366138439,0.5172791162269798,0.5762147103531526,0.38616576798795155,-0.5012733018248057,5.252301297439714,5.3077404193283
91.596309,1785142421.555,0.002971658017486334,0.07437104731798172,0.3930000066757202,0.0034524416294920437,0.07380539331590763,0.39222784702177893,0.5129520220580913,0.5794297991114805,0.38694407063934044,-0.5014136188469572,0.5168534906473263,0.5765322221204534,0.3862429558271007,-0.5012877867417782,5.251287834617276,5.2980407202656465
91.645583,1785142421.588,0.003812357084825635,0.07248608767986298,0.3920000195503235,0.0034638635202974906,0.0737477377032916,0.3922216504202548,0.5261772533493057,0.571891638237655,0.37777456733782955,-0.5033525885940663,0.5178822499695556,0.5760277104802192,0.3853162918302503,-0.5015190995122449,5.745634875669463,5.375205158781289
91.690716,1785142421.655,0.002971658017486334,0.0739460363984108,0.3930000066757202,0.0034376770701739405,0.07375909978403038,0.392271892448093,0.5118222076267801,0.57927388615063,0.38694735437251876,-0.5027440079683743,0.516809914689415,0.576605327376062,0.3856068788483427,-0.501738122435503,4.881647726850138,5.228536980265563
91.740881,1785142421.689,0.003822082420811057,0.07267099618911743,0.3930000066757202,0.00345041795297661,0.07371548768508436,0.3922948884820947,0.5280310397657826,0.5727986304909954,0.37689800637074095,-0.5010317781790571,0.518074886141706,0.576184313155145,0.3846336118122406,-0.5016642645111,5.746811354284417,5.320168525169183
91.798432,1785142421.755,0.0025464456994086504,0.07437104731798172,0.3930000066757202,0.003390701029007953,0.07376185443285836,0.39233285370767973,0.5136092943627972,0.5765246958820008,0.39075362888851645,-0.5011350808841579,0.517290995970084,0.5762466443155846,0.3857125076645179,-0.5015732168232828,5.732055640667753,5.4412178935763045
91.842156,1785142421.822,0.004236487206071615,0.07248608767986298,0.3920000195503235,0.003456320131532599,0.07365918154468863,0.3923115753259575,0.5132934192949776,0.5776841629279399,0.38854968053984806,-0.5018366460942223,0.5166702597817164,0.5764711691191832,0.38615435197043935,-0.5016150419253252,4.986662239136291,5.306172512206369
91.886005,1785142421.855,0.002539966255426407,0.07460574805736542,0.3920000195503235,0.0034208991994294333,0.07370249041735603,0.39230208363119645,0.5057548237290429,0.5753415322708065,0.39253750056466097,-0.5090270033795203,0.5155899644074599,0.5763644296716941,0.3867927484745315,-0.5023568478074673,5.475617527763509,5.335314853730842
91.934871,1785142421.889,0.003812357084825635,0.07248608767986298,0.3920000195503235,0.0034333956854373424,0.0736499455734814,0.3922931614132699,0.5076118629454623,0.5732718820745086,0.39503125734501926,-0.5075823593666361,0.5147003206723879,0.5760227316078098,0.3877191309289268,-0.502946585715159,5.474402319969849,5.359826642394804
91.983424,1785142421.955,0.0029640966095030308,0.07418181002140045,0.3920000195503235,0.003408180237579493,0.07368534209146796,0.39227816396865123,0.5163343842815493,0.5834845843069714,0.38037774110556744,-0.4982542699828475,0.5150089331483038,0.5774139825359246,0.3863600276510806,-0.5020804921353798,4.595483605840862,5.134700513121985
92.036763,1785142421.989,0.003812357084825635,0.07248608767986298,0.3920000195503235,0.003421329309700725,0.0736323709717143,0.3922709443925037,0.526319204543169,0.5724965586602929,0.3763445287364308,-0.5035877092834191,0.5163684901819623,0.5768336254637272,0.38516740470565053,-0.5022674797693821,5.3128481131333665,5.166106331762094
92.083009,1785142422.055,0.002539966255426407,0.07375788688659668,0.3920000195503235,0.003362508721553103,0.07363882659234693,0.39225835794555225,0.511055729450333,0.5794172927028741,0.38649662412161184,-0.5037042801639248,0.5154066851728102,0.577303744333393,0.38540952091928743,-0.5025294387820333,4.52531897271817,4.977515941586849
92.137001,1785142422.089,0.004236487206071615,0.07163821905851364,0.3920000195503235,0.003401053720001767,0.07352054771350187,0.39225219454998417,0.5132956519625598,0.5776840494494379,0.3885504910156924,-0.5018338655566149,0.515204141313256,0.5773406680227912,0.38571163069918357,-0.5024629177999552,5.95778693971343,5.151505876168676
92.191858,1785142422.156,0.002539966255426407,0.07418181002140045,0.3920000195503235,0.0033440453413589983,0.07356911975519824,0.39224102029607194,0.5019768562858018,0.5773282555929646,0.38965654418318746,-0.5127173671942697,0.5127953762190858,0.5773511566116147,0.3864419426478508,-0.5043502444235674,3.9951004378733086,4.806455423743364
92.238109,1785142422.189,0.003812357084825635,0.07163821905851364,0.3920000195503235,0.00336051251410152,0.07345903255772379,0.3922357226437091,0.513283292114758,0.5784039665079406,0.3872226247406119,-0.5020435762488238,0.5128401841691917,0.5774476817620559,0.38651350559930925,-0.5041392965424037,5.8513978125056925,4.987520163801215
92.280687,1785142422.256,0.0016917058965191245,0.07502967864274979,0.3920000195503235,0.003210735632925764,0.07361671441316378,0.3922256622201007,0.5090964198571732,0.5723206747622971,0.3971153173914113,-0.5055386288122368,0.5122147592373318,0.5765898221427347,0.38830454720507473,-0.5043806063289048,4.469701268593671,4.833618478065357
92.324911,1785142422.289,0.003812357084825635,0.07375788688659668,0.3920000195503235,0.0032357875723125215,0.07361970468340727,0.3922208590557841,0.5085522050718977,0.5732831580836687,0.39525657278039156,-0.5064516927092109,0.5118678679073762,0.5762770165205919,0.38896750323387763,-0.5045793965889666,4.872176935777231,4.840242531232736
92.368114,1785142422.322,0.0029640966095030308,0.07418181002140045,0.3920000195503235,0.0032301362047754017,0.07363641198987197,0.3922161950167361,0.5047650534910759,0.5753436051199587,0.39229686627175014,-0.5101912832801878,0.5111569638703237,0.5761857518859506,0.3893033980550394,-0.5051449315526129,5.73088225377617,4.994369581300719
92.409903,1785142422.389,0.003388226730749011,0.07333394885063171,0.3920000195503235,0.0032388893258515168,0.0736194210631775,0.3922072233919431,0.5119167074416561,0.5708833002358843,0.39867423470756064,-0.503082892508004,0.5112947532685135,0.5752602836004659,0.39095124265640224,-0.5047874872235014,5.490732377220486,5.141874760497807
92.457037,1785142422.422,0.0029640966095030308,0.07418181002140045,0.3920000195503235,0.003232671798052369,0.07363681995251208,0.3922029169829194,0.5133636352573437,0.5763331252153219,0.3910361265035727,-0.5013867315196794,0.5114819675783361,0.5753575822743625,0.3909591822755638,-0.5044806905680499,5.250473906493424,5.160542796257362
92.50225,1785142422.456,0.003388226730749011,0.07333394885063171,0.3920000195503235,0.0032370107898392416,0.0736278223328466,0.3921985922753943,0.5119104574500656,0.570223504508012,0.39985377016189305,-0.5029013829243124,0.5115272845246461,0.5748472162420168,0.3918501223603111,-0.5043252886499494,4.98521125853005,5.129634095580172
92.548599,1785142422.523,0.003388226730749011,0.07333394885063171,0.3920000195503235,0.003244521388794278,0.07361252010885402,0.39219046515587214,0.510495575294476,0.5797235870851554,0.3857953410110902,-0.5044569208921799,0.5113605943868025,0.5756476762632079,0.39086088027035054,-0.5043489541928601,6.995244129594343,5.688721898433297
92.596601,1785142422.556,0.003388226730749011,0.07375788688659668,0.3920000195503235,0.003248010252561543,0.07361601691412442,0.3921865535616395,0.5143349646034387,0.5764070858583664,0.39116259169734846,-0.5002061998968612,0.5116180270871422,0.5757138718808403,0.39088735029156835,-0.5039916779724326,4.882523139555225,5.549315493286123
92.643821,1785142422.589,0.003388226730749011,0.07333394885063171,0.3920000195503235,0.003251319266130307,0.07360869703031238,0.39218272954187194,0.5105859982606523,0.5790425432120921,0.3870583302676397,-0.5041800477022789,0.5115307141293115,0.5759978145952012,0.39056182748498514,-0.5040082390154924,5.254828036865767,5.498615006792766
92.693546,1785142422.656,0.003812357084825635,0.07291001826524734,0.3920000195503235,0.0032844682424417767,0.07356524219106417,0.39217530181153687,0.5034677661803856,0.58820690531829,0.39244443751425556,-0.4965080144542812,0.5101577365371291,0.5781030872463027,0.390892326579488,-0.502731631577805,6.513224618917817,5.801100014319967
92.739721,1785142422.689,0.0025464456994086504,0.07437104731798172,0.3930000066757202,0.0032563487215861034,0.07359800606901547,0.39220869639408423,0.5089979124621561,0.5722254438362758,0.39725417644710576,-0.5056365155236281,0.5100466911422369,0.577532861115739,0.39151331757145935,-0.5030163907374328,4.881647726850138,5.641953233825606
92.785396,1785142422.756,0.003388226730749011,0.07248608767986298,0.3920000195503235,0.003262204454272085,0.07351436548161674,0.39219901463592316,0.5138288629754392,0.5773880227194751,0.3892369193638473,-0.5010963893280455,0.5106367346477519,0.5775111761027732,0.39115925002681684,-0.5027180201893812,5.102623928520247,5.481639817037748
92.830343,1785142422.789,0.002539966255426407,0.07375788688659668,0.3920000195503235,0.003236261371187448,0.07352195586915612,0.39219446292074545,0.5138434909427487,0.5767180309960697,0.3904689436919958,-0.5008943836297653,0.5108940179210407,0.577447922522162,0.39110413741008565,-0.5025721370390995,5.59462488161328,5.5010625666087005
92.880934,1785142422.823,0.003812357084825635,0.07333394885063171,0.3920000195503235,0.003256000744968754,0.07351796363729249,0.39218997369088376,0.5110254874930847,0.5793922050048513,0.38653483839377073,-0.5037344961584159,0.5109052628029841,0.5776074055028202,0.39073104063057346,-0.5026676351589225,6.328968025247283,5.647823042223032
92.934729,1785142422.889,0.0025464456994086504,0.07479606568813324,0.3930000066757202,0.003210369656095137,0.07362968389883633,0.3922466201463844,0.514563531631434,0.5766016114269259,0.3908747109645682,-0.4999719131543531,0.5113870589107532,0.5774758310751463,0.3907504211124534,-0.5023136957152562,5.252362457639547,5.531614946910246
92.980373,1785142422.956,0.004236487206071615,0.07291001826524734,0.3920000195503235,0.003291227791836263,0.07358040383793904,0.392233711934757,0.5080951059288762,0.5729208329633565,0.3957834177879818,-0.5069088366676611,0.5109511579810021,0.5768720993658638,0.3914221400172728,-0.5029276324039,5.486928444208624,5.5183726391492325
93.027226,1785142422.99,0.002971658017486334,0.07437104731798172,0.3930000066757202,0.003281566259163821,0.07361121197924765,0.3922617570663447,0.511228987916751,0.5795521151101167,0.38629381819627995,-0.5035289006684164,0.5109725398368139,0.5770732458780519,0.39103899291094457,-0.5029731985381322,4.594115092058401,5.354401258537005
93.07461,1785142423.023,0.0029640966095030308,0.07291001826524734,0.3920000195503235,0.0032726832379912315,0.07358629543373672,0.39225439305107884,0.5128791209459724,0.5773651710392576,0.38902288844133803,-0.5022605487565729,0.5111053157471506,0.5770937096757752,0.3908988396736951,-0.5029237552645693,5.486221841924799,5.3770652369608625
93.11949,1785142423.09,0.0029640966095030308,0.07375788688659668,0.3920000195503235,0.003256984016318076,0.07359456684087454,0.39224139839198924,0.5138193483692525,0.5766884673183329,0.39051188856859403,-0.5009197079273472,0.5114221789336665,0.5770467913540541,0.3908539425893896,-0.5026903132596268,4.511338442599461,5.119208202736897
93.170224,1785142423.123,0.0029640966095030308,0.07333394885063171,0.3920000195503235,0.003249721242169107,0.07358786440521299,0.3922353910131845,0.5143677446490345,0.5771106214258951,0.3898895685805158,-0.5003551520811815,0.5116042579883203,0.5770509839115219,0.39079457374510096,-0.5025463623451567,5.486928444208624,5.1825582508148464
93.218837,1785142423.19,0.003388226730749011,0.07333394885063171,0.3920000195503235,0.0032564650195370678,0.07357573010265166,0.3922244095335153,0.5105850717712395,0.5790437174296362,0.38705596779258705,-0.504181451052862,0.5114925124809766,0.5772711457482077,0.3903830882603442,-0.5027270416068403,4.719527891746778,5.044986130646746
93.267463,1785142423.223,0.0029640966095030308,0.07418181002140045,0.3920000195503235,0.0032490055944460346,0.07359663944295079,0.3922192519538177,0.5143225074301583,0.5770806360427512,0.3899321260884664,-0.5004030724319912,0.5116580331606038,0.5772602328587348,0.39035688954587844,-0.5025914637617401,4.7188250492331045,4.988814386340644
93.315286,1785142423.29,0.002971658017486334,0.0739460363984108,0.3930000066757202,0.003235899504871299,0.07361477544073139,0.39227395119649466,0.5043433249948829,0.5879774194622776,0.39278817981512754,-0.495618613989735,0.5106737442191225,0.5787196898342079,0.3906913664742784,-0.5016533700932165,5.745634875669463,5.214079886494512
93.361858,1785142423.323,0.002971658017486334,0.07437104731798172,0.3930000066757202,0.003229758065176922,0.07364039764766964,0.3922980255768016,0.5150547631702541,0.5769715032145046,0.39032899425572526,-0.49946546593067115,0.5109939840035979,0.5785926216672651,0.3906652760303878,-0.5014941361256707,5.599296229027353,5.280455200300187
93.408443,1785142423.357,0.003812357084825635,0.07333394885063171,0.3920000195503235,0.003250740693534574,0.07363085640972006,0.39228879332307787,0.4978154357567931,0.5837270631336878,0.39907733055802563,-0.5021750610317821,0.5097258268785018,0.5790959157428545,0.39148325048313765,-0.5015659142865764,4.986662239136291,5.228610857175922
93.452378,1785142423.423,0.003812357084825635,0.07375788688659668,0.3920000195503235,0.0032842347190468334,0.07363601216928786,0.3922734732836286,0.5111183985118541,0.5787567452490505,0.38776871049479783,-0.5034223273679911,0.5099340645811291,0.5790460588400507,0.39092994161146244,-0.5018432945384763,6.825847022095195,5.701487628101683
93.503854,1785142423.457,0.0029640966095030308,0.07418181002140045,0.3920000195503235,0.003274666617067526,0.07365247153826515,0.392266143935551,0.4984690630394674,0.5833088756270941,0.399688323090199,-0.501526263711638,0.5087899283150569,0.5794793108215477,0.39181194401096797,-0.501816637533362,4.7199544342669855,5.52727688913764
93.550505,1785142423.523,0.003388226730749011,0.07333394885063171,0.3920000195503235,0.003279466389608861,0.07363462697750546,0.3922534842357936,0.5204682572578223,0.5812259590271391,0.38401532784263454,-0.49378275154353224,0.5109448758876768,0.579811602961567,0.39038778956313297,-0.5003510893715288,5.95778693971343,5.653815654401523
93.600237,1785142423.557,0.003388226730749011,0.07375788688659668,0.3920000195503235,0.003281858919725829,0.07363741602531096,0.39224731151322806,0.5167917010753574,0.5831148047090555,0.38118377134814224,-0.49759661844667474,0.5115988493628383,0.5801830472664347,0.38936642613240446,-0.5000480328889744,5.252301297439714,5.582898779959203
93.649081,1785142423.623,0.003388226730749011,0.07418181002140045,0.3920000195503235,0.003286246109959049,0.07366800716309611,0.39223634444923333,0.5173370945148611,0.5835342919992649,0.38054068853656325,-0.4970300243123714,0.5126621306608796,0.5808067995282677,0.38774264302773603,-0.49949639056337897,4.719527891746778,5.328451141641187
93.69633,1785142423.657,0.003388226730749011,0.07333394885063171,0.3920000195503235,0.0032884434589425986,0.07365750846286649,0.3922309276097599,0.5194740900257129,0.581120006954436,0.3839371062993414,-0.4950136419491103,0.5133921128749005,0.5808425196000722,0.3873374431992637,-0.4990192490859871,5.95778693971343,5.439823925018076
93.739718,1785142423.69,0.003388226730749011,0.07418181002140045,0.3920000195503235,0.003290521043614532,0.07367283934635696,0.39222586430101747,0.5275529729639656,0.5719736918092484,0.37862472086794047,-0.5011758946145097,0.5151486701424492,0.5797599530964213,0.3862703668943784,-0.4992949510012933,5.384223670874153,5.430270791162485
93.786741,1785142423.757,0.003388226730749011,0.07418181002140045,0.3920000195503235,0.0032945360101942775,0.07369960614821161,0.3922162414097062,0.530462615227205,0.5698306947780496,0.38127834362545815,-0.49852704823039107,0.5185517811211736,0.5775816686753422,0.3851781429227767,-0.49914052582496893,5.741953898818365,5.522788161571223
93.833453,1785142423.79,0.003822082420811057,0.07352102547883987,0.3930000066757202,0.0033101032585709993,0.07369448502085475,0.39224735103579655,0.520317357628873,0.581761554898451,0.38296419237009394,-0.4941272791038414,0.5187628417302088,0.5780796187323127,0.384916225672472,-0.49854645486690685,5.486221841924799,5.516506435403618
93.879585,1785142423.824,0.0029640966095030308,0.07375788688659668,0.3920000195503235,0.0032993319034977427,0.07369594588510196,0.3922410844876887,0.5112084133136497,0.5788279243423375,0.3876618624168571,-0.5033313745301158,0.5178437744269881,0.578173625681981,0.3852529626248402,-0.4991324860613127,5.596088325297533,5.530524316842737
93.929511,1785142423.89,0.0029640966095030308,0.07418181002140045,0.3920000195503235,0.00328148077447547,0.07372085405352959,0.3922300816097635,0.5249898449121967,0.5647708484566124,0.389673399510531,-0.5035615088413449,0.5193447487042724,0.5753929734096991,0.3861828849348301,-0.5000667330741502,4.721357479608754,5.292129304786572
93.980925,1785142423.924,0.003812357084825635,0.07375788688659668,0.3920000195503235,0.0032988647811674383,0.07372177158776017,0.3922246761612786,0.5242959189323064,0.5650745364197949,0.3882944171146368,-0.5050069339310964,0.5199706070269638,0.5741031993414244,0.38645124010918336,-0.5006910458077174,5.255957050086104,5.285760094598897
94.028583,1785142423.99,0.003388226730749011,0.07460574805736542,0.3920000195503235,0.0033025478045918435,0.07377739801668677,0.39221496671512673,0.5091260126130489,0.5723009344061931,0.3971452072563598,-0.5055076934249754,0.5176879080123533,0.5737343468327429,0.3887216109038276,-0.5017206776469676,5.91625665961649,5.471307952874335
94.073756,1785142424.024,0.004648728296160698,0.07230117172002792,0.39100003242492676,0.0033665160194671765,0.0736919520712151,0.3921625890480786,0.528850958334512,0.5694163677115334,0.38089930957387874,-0.5009963872295033,0.5191440565046633,0.5731800599837301,0.3877099470083432,-0.5016323996949542,5.88607930325096,5.544575978220631
94.124174,1785142424.09,0.003388226730749011,0.07333394885063171,0.3920000195503235,0.003367525383577735,0.07367219368702321,0.392155469952295,0.5118993242951531,0.5701777254515699,0.39991815429858013,-0.5029134250022135,0.5176100079293581,0.5725506933128318,0.3903174502062331,-0.5019142071538422,4.985717742058258,5.380183435979291
94.187906,1785142424.124,0.004236487206071615,0.07291001826524734,0.3920000195503235,0.003398555893974811,0.07364433859824475,0.39215194529534797,0.5058601315351557,0.5746330611035205,0.3938064652019842,-0.5087424106315012,0.5160830271281196,0.5728288926260212,0.3907770809609342,-0.5028107416103742,5.490788006309247,5.399670940327725
94.243678,1785142424.191,0.004236487206071615,0.07291001826524734,0.3920000195503235,0.003448829880069956,0.07359947137280491,0.3921454524837663,0.5081672937514948,0.5722402615275828,0.3970030955376849,-0.5066513858479236,0.5144509589101564,0.5727126361007212,0.3920683762572286,-0.5036098049740528,6.66588377609537,5.777740875229067
94.288636,1785142424.257,0.003802631748840213,0.07272402942180634,0.39100003242492676,0.0034631946967703764,0.07354656506609417,0.3920640244320436,0.5083681747688346,0.5724012448602268,0.39676976036941786,-0.506450758732832,0.5133407095983572,0.5726585470520347,0.3929304583989166,-0.5041320850925133,5.6268879770922595,5.733480052730636
94.334616,1785142424.291,0.003802631748840213,0.07272402942180634,0.39100003242492676,0.0034704117769938977,0.07352178456363795,0.39202680845620114,0.5083716934283131,0.5724004113418362,0.39677215612408745,-0.5064462918623936,0.5128347796461251,0.5726333867907967,0.39332323176254924,-0.5043692382309574,4.8790132380527655,5.581980943853723
94.384645,1785142424.357,0.003802631748840213,0.07314687222242355,0.39100003242492676,0.0034837917514390034,0.07350607482587042,0.39196696442019896,0.5245511281892367,0.5652456003070528,0.3880449465798141,-0.5047421566332534,0.5149770649497154,0.5712972325771288,0.3923683429779431,-0.5044454163279054,4.9064536677527,5.383124334463572
94.434793,1785142424.391,0.003379583591595292,0.07314687222242355,0.39100003242492676,0.0034806652146146624,0.07349823089341287,0.39193877302459773,0.5088692192236656,0.5720974101726745,0.39743891474148174,-0.5057657363340549,0.5143429302079362,0.5713822571143274,0.3928972848478242,-0.5045843734790626,5.7873037341471045,5.454514525676869
94.479916,1785142424.457,0.003802631748840213,0.07272402942180634,0.39100003242492676,0.003494212097041548,0.07345736565245367,0.3918912164955838,0.5196055135203613,0.5613830996031928,0.3935170385730543,-0.5099053501894708,0.5152894185617921,0.5696016582387413,0.3930125631238296,-0.5055411865286192,5.945365842121414,5.59884121703261
94.521446,1785142424.491,0.003802631748840213,0.07272402942180634,0.39100003242492676,0.003500970708761841,0.07343779833032865,0.39186828459406475,0.508349103093672,0.5723845127425107,0.39679449300886965,-0.5064694356762427,0.5145764943210711,0.5698900669962994,0.39340326290426,-0.5056384239429119,6.081934871857094,5.684227784738859
94.568431,1785142424.524,0.003379583591595292,0.07314687222242355,0.39100003242492676,0.003497546624972853,0.07343070389615154,0.39184727860654917,0.5080367155628301,0.5714429823791721,0.39837928606638845,-0.5066019719296045,0.5139089027905142,0.5700508440562492,0.393913778789589,-0.5057386772861204,5.489580392286579,5.650743852941831
94.616494,1785142424.591,0.003802631748840213,0.07230117172002792,0.39100003242492676,0.003510963075592956,0.07335928732918812,0.3918085531888106,0.5079198557306057,0.5727601400997024,0.39601509225753884,-0.507085090267721,0.5129061055278396,0.5705072539281835,0.3942676011254368,-0.5059662625416652,5.735985546850682,5.676010813439359
94.66281,1785142424.624,0.003379583591595292,0.07314687222242355,0.39100003242492676,0.003507350752601329,0.07335337614816212,0.39179029783254093,0.5192751133927428,0.5611024997290412,0.3939166289496524,-0.5102421296264326,0.5135509225876966,0.5695639532736906,0.39423488827448866,-0.5064002427998748,6.889802987273032,5.8866401769487435
94.710613,1785142424.658,0.0029565352015197277,0.07399257272481918,0.39100003242492676,0.003487636257884985,0.07338193456494382,0.39177225018396017,0.538755617312041,0.5509932752744334,0.39037615008992915,-0.5037412598329017,0.5172243913563559,0.5669160747138461,0.393701782126036,-0.5060474285754996,6.101240963371425,5.924485024154206
94.754463,1785142424.724,0.002948973560705781,0.07380333542823792,0.39000001549720764,0.0034555358917401253,0.07340926658601692,0.3916393623074852,0.4907253551342155,0.5640193523473994,0.443153983075671,-0.49465679343377683,0.5091160338834075,0.5662100458438045,0.4093136585334357,-0.5026622891826678,4.967441706902775,5.642267587663256
94.804211,1785142424.758,0.0008391421288251877,0.07464686781167984,0.39000001549720764,0.003267737780890819,0.07347028407295046,0.3915790911178937,0.5091403325706871,0.5476493509775074,0.463137881048593,-0.4757726487110666,0.5093123295649475,0.5617485341236939,0.42301785363717537,-0.49608006497661733,4.736426707032569,5.481587187029212
94.852374,1785142424.824,0.000415036513004452,0.0751032754778862,0.3880000114440918,0.0029309026006711144,0.07361891072518983,0.3911445159837718,0.5567394330022075,0.5132463308210067,0.4554466810048319,-0.4681748908269614,0.5303501485633892,0.54109043966361,0.43746186634369644,-0.4843314686436574,3.817987491285109,4.988857714994325
94.898497,1785142424.858,-4.778105449076975e-06,0.07445546984672546,0.3890000283718109,0.0027391637983978064,0.07364479771475399,0.39106143513298824,0.5609262338433378,0.49432848359124526,0.49128176173150234,-0.4468146607786054,0.5412771094444945,0.5255112328658651,0.4562801423838506,-0.4718744182400487,1.7571095377206802,4.404366379344677
94.94477,1785142424.891,0.000834838836453855,0.07300525158643723,0.3880000114440918,0.002663081075425042,0.07361811684470504,0.39089486033114323,0.5877182482510162,0.47565956850281393,0.49472658983850504,-0.42846334367275535,0.5595014376720071,0.5069945397833764,0.47137494602695384,-0.45576346730610834,2.69513015572434,4.106464393291886
94.994263,1785142424.958,0.001674443599767983,0.07174643129110336,0.3880000114440918,0.0026218498545775098,0.07341528646478408,0.3906444627290589,0.6065091472682388,0.4524884480931195,0.5012032674366731,-0.4197572433359988,0.5857857282394487,0.47757353923360074,0.48815971438459516,-0.43643864227039014,4.152874012283025,4.120215694679055
95.039822,1785142424.991,-4.7658222683821805e-06,0.07384446263313293,0.3880000114440918,0.002481633977738172,0.07342923961543878,0.3905374125197717,0.5983978397017221,0.44727919530851873,0.5346998500061704,-0.39491444299728395,0.591104753479643,0.46591569928584975,0.5067943737484585,-0.42032986369000247,1.7670903863833478,3.7078828610349923
95.084314,1785142425.058,0.002494609681889415,0.0716080516576767,0.3850000202655792,0.0024826416466971306,0.07325325504260558,0.3896751426185716,0.6544219848093302,0.38596832939526393,0.5248411356227717,-0.3837995529703562,0.628402099351367,0.4206133873363479,0.5179247681654255,-0.3999363879981771,3.9381809001333754,3.776199335849192
95.130234,1785142425.091,0.0033277226611971855,0.07368986308574677,0.3850000202655792,0.002527371907361836,0.07326972370734366,0.38933364327314,0.6412761647327596,0.3722247999402838,0.5632022545988656,-0.3647146820047321,0.634233579678553,0.400659814309521,0.5372390311831328,-0.3854785376373081,2.9937469219399735,3.640901914415957
95.176499,1785142425.125,0.00536834541708231,0.07187630981206894,0.38200002908706665,0.0027770311194490237,0.07320869543257995,0.38844989349768,0.6691768770628862,0.35457470969859917,0.5603541895798768,-0.3353837573091405,0.6501770141899719,0.380608374832727,0.5478785027450928,-0.36364304125886815,4.460751849670254,3.786207370784022
95.225481,1785142425.191,0.00451794546097517,0.0727328509092331,0.3800000250339508,0.0029538248552369024,0.07318887900083146,0.3866334130243446,0.6392212111468728,0.3384020016161381,0.596227208863448,-0.34841561953078237,0.6442488245549447,0.35660792348607695,0.575910246976828,-0.3551079109138645,3.8400827399550796,3.802004319027045
95.274017,1785142425.225,0.0036956523545086384,0.07355476170778275,0.3800000250339508,0.0029779050639507022,0.0732025112947665,0.3859227075458773,0.6286488175332798,0.3085385118874791,0.6362420818228388,-0.3237293070051103,0.6380664996875811,0.33612139590323553,0.6025256306582726,-0.34184267374385735,2.0149253204964293,3.4826364367643556
95.321412,1785142425.291,0.004506055731326342,0.07377105951309204,0.3790000081062317,0.003101561537369437,0.07324130361274551,0.38470405118611617,0.6429518717236195,0.2938916653055161,0.6310653506920864,-0.3193698527834444,0.6410402908632515,0.3126730935460638,0.6186925579567977,-0.32942738318355824,3.998842464730012,3.6344325659120438
95.373411,1785142425.325,0.004095991142094135,0.07336118817329407,0.3790000081062317,0.0031324543895614723,0.07324431621311253,0.3842118055262418,0.672418078653026,0.2517673523845083,0.6232514369417661,-0.3098786441881585,0.6543423197157491,0.2878147236333167,0.6209497610772055,-0.32159012377100676,3.665660007308301,3.6399305229711514
95.420169,1785142425.391,0.005721115041524172,0.07275883108377457,0.37800002098083496,0.0034015530106746203,0.07321787493952434,0.38327054892917367,0.6626642993455613,0.22805503622494772,0.6440860256648161,-0.306627002021342,0.6592648150248235,0.2551855687749017,0.6339816426366514,-0.3135562245579703,4.246521055154242,3.8184111270987535
95.463725,1785142425.425,0.004903149325400591,0.07235004752874374,0.37800002098083496,0.0034522070992380263,0.07318670729278692,0.38288210056170985,0.6549379652862695,0.21061269457682055,0.6627635654304747,-0.2957076442157981,0.6578178879693408,0.2378243752034015,0.6454923441616697,-0.3066835933912021,3.969069282202405,3.844963923425196
95.51588,1785142425.458,0.005298078525811434,0.07215864211320877,0.37700000405311584,0.003523456570142865,0.07314941553990176,0.38240085317059946,0.6572499749009313,0.2032449973252415,0.6650751005629919,-0.29049793831646065,0.6577447013059923,0.22472642326840422,0.653079218214909,-0.30059520509263654,3.7052709825100543,3.8209441185763056
95.558728,1785142425.525,0.0048901778645813465,0.07134322077035904,0.37700000405311584,0.0035942795093503784,0.07299029494351703,0.38173847465718747,0.6527774602317927,0.1988505154639934,0.6662757646634587,-0.30069364033041646,0.6553340245987006,0.2118208608932117,0.6597443175384742,-0.3006770270064232,2.5100753342697755,3.429426440742922
95.611536,1785142425.558,0.004085184074938297,0.07071487605571747,0.37800002098083496,0.0036099552308823074,0.07286854295111019,0.3815981279462027,0.6650534766818215,0.19054035005716993,0.6564685502340012,-0.3007445605612536,0.6584446854171698,0.20510945623460086,0.6587490367662042,-0.3007165006590572,2.7565379190877257,3.313192730369064
95.656524,1785142425.625,0.0036762014497071505,0.07112367451190948,0.37800002098083496,0.0036145671824271775,0.07274225083665747,0.3813683935838858,0.6637356281296984,0.19475096454667049,0.6554479351093639,-0.30317500246604606,0.6606688244214011,0.20078275613628482,0.6573811686023009,-0.3017498772875216,3.644345992386612,3.4114983329447366
95.705428,1785142425.658,0.0036762014497071505,0.07112367451190948,0.37800002098083496,0.0036165988516985528,0.0726869243914271,0.38126589569250663,0.6662059119248591,0.18788356441539925,0.6574841263704865,-0.29763076573124864,0.6620502124966203,0.1975993162084669,0.6574196979141651,-0.3007380374371921,3.9723913456147293,3.508286836487155
95.748534,1785142425.725,0.002858235966414213,0.0715324655175209,0.37800002098083496,0.003552944657685012,0.07263423637516009,0.3810888614915308,0.6681903427273462,0.18508568929442998,0.6580686918062776,-0.29361633191750747,0.6642210892984052,0.19321827185365648,0.6576655656356116,-0.29824997523942476,3.2694004204460785,3.437409051494958
95.789637,1785142425.758,0.0032672188244760036,0.0715324655175209,0.37800002098083496,0.0035440543581551796,0.07260939212171112,0.38100782454039406,0.6662351240219282,0.1911389928904188,0.6558128910425125,-0.29917569563516333,0.6646002330041558,0.19282769558723042,0.6573180245813232,-0.2984242360564021,2.737673501492412,3.31651339768177
95.839446,1785142425.792,0.0036762014497071505,0.0715324655175209,0.37800002098083496,0.0035468960829686366,0.07258482449389576,0.3809297959384309,0.6664898471237465,0.19165942848196793,0.6556598005546375,-0.2986104035220198,0.6649238513591085,0.1926279467327911,0.6570347134795506,-0.29845624690082123,3.7024338571597175,3.3846674545059106
95.887427,1785142425.858,0.004903149325400591,0.07194125652313232,0.37800002098083496,0.003654093144149566,0.07255196407197126,0.3807937409487914,0.6651065018905085,0.19059093739965738,0.6564540629236928,-0.3006268434372876,0.6649672540521818,0.1921502042912577,0.6568990318136723,-0.29896573721981734,4.038637319618458,3.577150670007242
95.932018,1785142425.892,0.0044941664673388,0.0715324655175209,0.37800002098083496,0.003679465310212852,0.07252693526326955,0.38072711197132464,0.6652297635055624,0.19083263216572696,0.6563851856946809,-0.30035105501328474,0.6649992872132549,0.19199017650974756,0.6568367456828021,-0.2991340997787526,3.824720347783788,3.620820828902453
95.978041,1785142425.959,0.0044941664673388,0.07112367451190948,0.37800002098083496,0.0037224210130807527,0.07244427456430347,0.38060630009101515,0.6653350160561152,0.19106272799264112,0.6563182455720322,-0.30011782837890266,0.6650576095210322,0.19182938284399728,0.6567469392585887,-0.29930473045098516,3.0970154584432272,3.465134257707132
96.025917,1785142425.992,0.004085184074938297,0.0715324655175209,0.37800002098083496,0.0037309328683105573,0.07242534956504713,0.3805490214099779,0.6654345223285365,0.1913079615006826,0.6562454617095321,-0.2999000739337834,0.6650891752756325,0.19178575823911104,0.6567050017120297,-0.29935456000240135,3.6697869655891093,3.5003423825352646
96.073659,1785142426.025,0.004085184074938297,0.0715324655175209,0.37800002098083496,0.003739053835018643,0.07240688513234907,0.38049372889579447,0.6682654328273884,0.1851506478211178,0.6580495524843967,-0.29344732981325444,0.6653798008377685,0.19118457204642386,0.6568294324541302,-0.2988198064227046,2.8811779290570616,3.393441997507023
96.12196,1785142426.092,0.004482277203351259,0.07134322077035904,0.37700000405311584,0.0037764508068508346,0.0723575896080784,0.3802308011148203,0.6703849416866833,0.18020272181517902,0.6587266025543156,-0.29015559980360905,0.6662618567514844,0.1892758673665863,0.6571702958723898,-0.2973163071439014,4.577033684825001,3.746662030555807
96.171317,1785142426.125,0.005298078525811434,0.07134322077035904,0.37700000405311584,0.003838877300438259,0.07233440950013038,0.380116246086406,0.6674272975752382,0.18624325232480635,0.6569971088771479,-0.2970000881177678,0.6663648084428442,0.18900880015670773,0.6571553215613716,-0.2972885784483211,5.123014627759297,3.98583345794216
96.2199,1785142426.192,0.0036762014497071505,0.07112367451190948,0.37800002098083496,0.0038280962555436817,0.07227231465937098,0.38000320947008287,0.6679368478789294,0.18445302283862675,0.6582465525145862,-0.29419198784792716,0.6665971743482281,0.188339920591394,0.6573170329976025,-0.29683429652554316,3.271040561020988,3.7731367111477354
96.273226,1785142426.225,0.0032672188244760036,0.07235004752874374,0.37800002098083496,0.003805828874281213,0.07227547081490215,0.37995134164950867,0.6516785783673377,0.19069294663624492,0.6687477021259437,-0.30286588038533163,0.6650502624513004,0.1885893331121645,0.6585238802954145,-0.2974701849436948,3.271046676242749,3.6865383008326784
96.32819,1785142426.292,0.0032672188244760036,0.0715324655175209,0.37800002098083496,0.00376986825447502,0.07224517851693253,0.3798576240579676,0.6693841621075124,0.18546952057497573,0.6574789547356437,-0.291971444728826,0.6657994324180951,0.18805288011763918,0.6583467444182393,-0.2965245254361075,3.3541695251674932,3.587868913087812
96.382829,1785142426.325,0.004085184074938297,0.07194125652313232,0.37800002098083496,0.0037779710223627993,0.07223640608018064,0.3798138344900561,0.6700711702773273,0.1818712984667021,0.6587518099545554,-0.28978183248576156,0.6662266059166637,0.1874399789301406,0.658389968016543,-0.2958564075402227,3.965688307196077,3.652965887447919
96.42802,1785142426.392,0.0036762014497071505,0.07194125652313232,0.37800002098083496,0.0037731928493683897,0.07222103538792857,0.3797324678231165,0.6684123106960241,0.1854685720602766,0.6579575474826342,-0.29311816286023756,0.666568592887499,0.18713237122830415,0.6583231602780455,-0.2954291848412721,3.4624902852056927,3.5964696417525124
96.474391,1785142426.426,0.004085184074938297,0.0715324655175209,0.37800002098083496,0.003781517262010136,0.072204217490918,0.37969285737182723,0.6706835278156287,0.18085432580818453,0.6585494493134024,-0.2894614674913819,0.6669532208109011,0.1865502203720527,0.6583467206072738,-0.29487626556702046,4.188657701036383,3.701236220959552
96.519587,1785142426.492,0.004482277203351259,0.07093551009893417,0.37700000405311584,0.0038239144453726913,0.07212288439284525,0.3795037913631161,0.6649645347017846,0.17562071127450743,0.6601832862239352,-0.3018899831906337,0.6666279532894649,0.18471988052277574,0.6586627553025877,-0.29605592784126755,4.926166347928032,4.0630568155953615
96.566343,1785142426.526,0.004074376542121172,0.07134322077035904,0.37700000405311584,0.003829323439160955,0.07210474679536505,0.37941722334093925,0.6665418333233984,0.17673367420861605,0.6593899822104884,-0.2994863005064797,0.6666217595512212,0.18393837877144237,0.6587361892522999,-0.29639287352621235,4.746907208209195,4.184135970174071
96.62965,1785142426.592,0.002858235966414213,0.0715324655175209,0.37800002098083496,0.003753006192395055,0.07208006545368742,0.37933892740525577,0.667564315628193,0.1738612003497461,0.6604286796280848,-0.2965874687803117,0.66678301347729,0.18226765198421446,0.6590218194203062,-0.2964273224691927,1.821959579116177,3.481515753349511
96.690569,1785142426.626,0.0048901778645813465,0.0717509314417839,0.37700000405311584,0.003804787117889349,0.07207118653697107,0.37925707828357225,0.6653072817166021,0.1763044941509225,0.6600012616453503,-0.30113332738771886,0.6666439852153139,0.18169926981362572,0.65911698425681,-0.2968770341229648,6.369745674006893,4.002343157297227
96.739882,1785142426.692,0.004085184074938297,0.0715324655175209,0.37800002098083496,0.0038176207883192704,0.0720493973829355,0.37918832353905585,0.6691719157865685,0.16977452217517025,0.6612732128522867,-0.29343363254190974,0.6670803886790138,0.17967933465425623,0.659490271726383,-0.2962965967342878,3.9686511769452615,3.9924652679075807
96.785756,1785142426.759,0.0032672188244760036,0.0715324655175209,0.37800002098083496,0.003782620602989289,0.07202828318799105,0.3791276492382418,0.6659760715134687,0.17782809394704335,0.6595895678261473,-0.2996575431881618,0.6669180153781137,0.17940619531638932,0.6595055939037479,-0.2967931088416315,3.8192018421128076,3.9410807218280413
96.831918,1785142426.793,0.004085184074938297,0.07194125652313232,0.37800002098083496,0.0037910514772104245,0.07202569851386857,0.3790987965331095,0.6677186144979181,0.17413784684382844,0.6603560780978267,-0.29623928211638817,0.6669836268484858,0.17897944393976378,0.6595752399479348,-0.2967485518257452,3.6412698063331512,3.8881731826763177
96.883209,1785142426.826,0.005298078525811434,0.07093551009893417,0.37700000405311584,0.00386660346130595,0.07198882554941993,0.37902122249627185,0.6542152412015813,0.16706561473039339,0.6746079242420913,-0.2983213822441985,0.6655894472216172,0.1776669447016253,0.6612545536303724,-0.2969302271758614,4.962753780969868,4.074427731235273
96.938627,1785142426.893,0.0036762014497071505,0.07112367451190948,0.37800002098083496,0.003856388301574438,0.0719433466612483,0.378968797347558,0.6523231800200656,0.17219208494129437,0.6736642495828667,-0.3016634441327487,0.6628489138729204,0.17653289585150997,0.6638585969003029,-0.2979248519028425,2.881169599054865,3.7183077453983797
96.986297,1785142426.959,0.004903149325400591,0.0715324655175209,0.37800002098083496,0.003930777180683546,0.07192482501595036,0.3789228082024188,0.6513447642537255,0.17555150563321464,0.6726670441572087,-0.30405709110950574,0.6605373239164174,0.17633810391647936,0.665651994565875,-0.299170083649671,4.7508665253074955,4.022940943806467
97.037353,1785142426.993,0.0044941664673388,0.07112367451190948,0.37800002098083496,0.003945688504103581,0.071903026431617,0.3789003760657886,0.6692878500041256,0.17000905037900058,0.6612144313993757,-0.29316577620057527,0.6616201645015946,0.17556099327301347,0.6651121705796618,-0.2984340733104828,4.386453625945892,4.0871273178217455
97.086633,1785142427.059,0.0036762014497071505,0.0715324655175209,0.37800002098083496,0.003929572064114053,0.0718862361670211,0.3788604990132531,0.6667238174931709,0.1743490489980396,0.6607825099363983,-0.29740247958442767,0.6625769555180395,0.1753349847285233,0.6643048934002186,-0.29824223334601463,3.1161919207592943,3.8007880602578794
97.135377,1785142427.093,0.0044941664673388,0.07112367451190948,0.37800002098083496,0.0039460477461445535,0.07186556574229576,0.37884079824969324,0.6501989301647846,0.17873097987502293,0.6716979019076249,-0.3067874127443606,0.6610746173638742,0.17575276283096325,0.6652188200555829,-0.2992912261967408,3.906475982569819,3.8194083839080917
97.181046,1785142427.16,0.0036762014497071505,0.07112367451190948,0.37800002098083496,0.003930655801359852,0.07182949128371971,0.37880461834397694,0.6488240981306675,0.18300729403260488,0.6706573317891138,-0.3094420193401283,0.658460636700522,0.1773167597694595,0.6664063938912803,-0.3014811350675571,2.307172919581007,3.3671964121378126
97.225561,1785142427.193,0.005721115041524172,0.07112367451190948,0.37800002098083496,0.004027789371764117,0.07181267197773938,0.37878737148662056,0.6612667770963878,0.1857525352014004,0.6571019929910612,-0.31054664059040143,0.6588341704258768,0.17841444642416288,0.6652077444563109,-0.30266231661994814,3.3454392210983155,3.3634590664923802
97.270551,1785142427.226,0.004903149325400591,0.0715324655175209,0.37800002098083496,0.004056097574673288,0.07180543519539663,0.37877064590086806,0.6462245343057018,0.19849243933572566,0.6666051736011566,-0.31405755096176874,0.6569046008761074,0.18154275003825154,0.6654552037213507,-0.30444695284487033,1.7665243689108172,3.085433766709503
97.322815,1785142427.293,0.005721115041524172,0.0715324655175209,0.37800002098083496,0.004194519802401272,0.07179234970537202,0.37873853359841986,0.6443688063573347,0.20042694220343232,0.6659057495600359,-0.31809969339106925,0.6535385152280275,0.1866947345343187,0.665623983650359,-0.30818370755140845,2.7426848547885494,2.9836713560025085
97.376302,1785142427.326,0.006146314553916454,0.07090195268392563,0.3790000081062317,0.004286980055215058,0.07176559877346504,0.378749284697883,0.6437521603476055,0.21844077640954324,0.6603253822157621,-0.3191193708488947,0.6517550818781124,0.19270091641987344,0.6646882393646851,-0.3102760295402642,2.141287550330162,2.8379481575679493
97.420144,1785142427.393,0.003284505568444729,0.07191094011068344,0.3800000250339508,0.004189908911860677,0.07177447317933869,0.37887421454697445,0.6400248926064219,0.22966479486651767,0.6566233770626243,-0.32629428364274626,0.6479575678137723,0.20512447831446207,0.6621213859488441,-0.31570588999615173,2.563057467341423,2.75636805640953
97.462027,1785142427.426,0.00492909224703908,0.07191094011068344,0.3800000250339508,0.00421120328656293,0.07177845952344865,0.3789266295677889,0.6045443507697487,0.25392336040954533,0.6724558128255107,-0.3432961327890088,0.6366958077456266,0.21825239657088996,0.6652124526867121,-0.3232286073056281,1.7568811466919465,2.5832367894446167
97.507505,1785142427.46,0.0036956523545086384,0.07108902931213379,0.3800000250339508,0.004190866280249355,0.07175734009821157,0.37897306346952253,0.6031831694877745,0.28457768179671444,0.6594917006668262,-0.3467799068883144,0.6261621415218273,0.24009436685691166,0.66378875142929,-0.3311497561592369,1.3440726797361744,2.3628045292686837
97.556631,1785142427.527,0.0036956523545086384,0.07149998843669891,0.3800000250339508,0.004158718795638939,0.07174668331555394,0.37904486750599187,0.60513072035714,0.2796487427692718,0.6494586828025056,-0.36580980205572516,0.6164433412514219,0.2589765427287268,0.6572676942612143,-0.34774694164522235,1.8127774919062323,2.199292086443218
97.602309,1785142427.56,0.002880920423194766,0.07045203447341919,0.38100001215934753,0.004098491823530002,0.07169342600496038,0.37914821514957925,0.6024226332573314,0.3301551043345908,0.6252980146152836,-0.3702525772216889,0.6119434936056675,0.28445818380550103,0.6464247919044583,-0.35601080139659247,2.5862124411277017,2.265959083119163
97.648263,1785142427.627,0.0020618608687072992,0.0714631900191307,0.38200002908706665,0.003890665781277873,0.07168286631078725,0.37947505388999136,0.5619465577286858,0.3601601705351818,0.6334706436511963,-0.3914277218709584,0.5857536233696019,0.3255685418471102,0.6402253572849345,-0.3755120626002676,0.0,1.5852247447711112
97.691808,1785142427.66,0.003724828362464905,0.07165025919675827,0.3830000162124634,0.003886237184428641,0.07168200263876119,0.3797299478541473,0.5594413161487053,0.4048656682748605,0.5934490584333119,-0.4134336941793337,0.5756497220541801,0.35871019047331826,0.621746965449569,-0.3916441084757861,1.193219460862111,1.5176688079649847
97.738568,1785142427.693,0.0016571811866015196,0.07391373068094254,0.3840000033378601,0.003760451300042207,0.07183759686466226,0.3800814527304585,0.5492968039061301,0.43322164545625486,0.5721161042701218,-0.4281065175414464,0.5646335124637393,0.3923245492846109,0.6004257796444994,-0.4083617609054283,2.7746523931866123,1.7358535475820682
97.785049,1785142427.76,0.0016571811866015196,0.07515957951545715,0.3840000033378601,0.0035728647163528952,0.07231037664499902,0.380564606501066,0.5331204486574709,0.460221260464382,0.5635501418849668,-0.43172933212982684,0.5463295890118948,0.4332172146211034,0.5789525241456096,-0.4226828597322754,74.15811318847612,31.319119842732476
97.831149,1785142427.793,0.0020726558286696672,0.07515957951545715,0.3840000033378601,0.0035227751508146825,0.07249988980778688,0.3807619193761006,0.4839065440807146,0.4812264024162362,0.5724890200050159,-0.45443583506044327,0.5192295239055876,0.45482372955410444,0.5766141603199356,-0.4370951688795097,2.092973940721744,25.420012038784474
97.880076,1785142427.827,0.0020726558286696672,0.0755748525261879,0.3840000033378601,0.00347633541168519,0.07271025605745067,0.3809321565494695,0.4714626451265465,0.49363405228605267,0.562035415034936,-0.4670809233103381,0.4978686111865642,0.4727121294989779,0.5703487880663307,-0.450968234547591,3.801888402666208,21.117022465713983
97.92664,1785142427.893,0.0020780533086508512,0.07660438865423203,0.3850000202655792,0.003400488501699696,0.07322067736419358,0.3813845741779537,0.4701388030377475,0.495990489371382,0.546375048792416,-0.4841872018015925,0.4821041332695451,0.48627144509030434,0.5567707806010244,-0.4702360941517931,3.557601230136684,15.556213173523002
97.973708,1785142427.927,0.002911166287958622,0.0782698392868042,0.3850000202655792,0.003384834425142795,0.07369893388252169,0.3815791428066324,0.4500527687031636,0.5203835418680123,0.5356615487316512,-0.489612275117698,0.4690862254172563,0.5004910046551436,0.5482844073871959,-0.47838381661501406,2.526722282645999,13.063192194667524
98.019998,1785142427.994,0.0016614968189969659,0.0786862000823021,0.3850000202655792,0.003268465147014727,0.07443474138829696,0.3818654748524881,0.44363237126228755,0.5130576282945036,0.5426633514285916,-0.4954580468953027,0.45577634773428666,0.5071651848272098,0.5454077499745182,-0.487423617003639,3.953903624103557,10.246904014616401
98.066451,1785142428.027,0.0024881300050765276,0.07848181575536728,0.3840000033378601,0.0032485380565776155,0.07469863659640373,0.38191188194792436,0.42530351416381457,0.529049740683909,0.5415411591359492,-0.49593998193722105,0.44518334468914134,0.5149146870814514,0.5441465894641021,-0.4904886785786049,2.7625419332764856,8.893501054974482
98.110492,1785142428.06,0.0020726558286696672,0.07723597437143326,0.3840000033378601,0.0032196686546376073,0.07478313627744736,0.38195676869064027,0.418541053457452,0.5150734574701019,0.555065656755173,-0.501422812276695,0.4361593166198765,0.515023596048288,0.547922392042961,-0.49426389544158694,4.438384577000399,8.10565902597916
98.15881,1785142428.127,0.0016571811866015196,0.07806653529405594,0.3840000033378601,0.003125820506265974,0.0750614514659322,0.38204262056168903,0.423421492433807,0.5116858785451452,0.5566960761261718,-0.4989802403586076,0.4304676942203903,0.5135457174407875,0.5518713210127032,-0.49639339779503655,3.8985886954274354,6.833046147497356
98.20302,1785142428.16,0.0029036046471446753,0.07682070136070251,0.3840000033378601,0.003117533197437786,0.07510772303188885,0.38208373180198485,0.4230496345774815,0.5125909687814935,0.556644891325473,-0.4984234849691193,0.42853067649414467,0.5133000774504881,0.5531244369046625,-0.4969284124415645,3.1546710516132404,6.184301118269026
98.248952,1785142428.227,0.0024881300050765276,0.07640541344881058,0.3840000033378601,0.003086220618226243,0.07518867024509768,0.382162954480625,0.418127350562379,0.5161818336643019,0.5667414406291512,-0.48737046769396963,0.4246797202731308,0.5143958440285176,0.5582161735080717,-0.4933951301633719,2.0605251710839,4.934746399772591
98.299316,1785142428.26,0.0024881300050765276,0.07682070136070251,0.3840000033378601,0.0030716792463976617,0.07522339349936132,0.38220100994051526,0.4187210030055986,0.5155940269349538,0.56635695218461,-0.4879296299090095,0.4234170594829246,0.5146564242600066,0.5599539017310436,-0.4922381401749751,2.506347068135755,4.509974405206991
98.344775,1785142428.294,0.0029036046471446753,0.07806653529405594,0.3840000033378601,0.003066136067138494,0.07535378977252012,0.3822392511794855,0.4009828802275617,0.5093678105522031,0.584046351359181,-0.48851512034090805,0.41818524662005957,0.5134650705753339,0.5656751378851941,-0.4914126160233924,3.64700836989235,4.357234743920355
98.394294,1785142428.36,0.0024816507939249277,0.07869163900613785,0.3830000162124634,0.0030418187986930344,0.07566036978399815,0.3822948159483386,0.38225351213664766,0.5460002247333741,0.5967441544619417,-0.4468360114916937,0.4036214715886416,0.5272258625884889,0.5788642805153911,-0.47332730983310256,2.433985087401532,3.787318359176238
98.4427,1785142428.394,0.0012287723366171122,0.07889716327190399,0.3800000250339508,0.002958361971555709,0.07581813179134622,0.3820794580676777,0.42211463465237903,0.5222992910528491,0.5733946859616892,-0.46929864680060146,0.40839869886730445,0.5259782349923895,0.577478880044527,-0.47230873608298035,1.2556212589256253,3.332544190377538
98.490551,1785142428.461,0.002034873003140092,0.0778665766119957,0.37700000405311584,0.0029149085104022347,0.07590664123429804,0.3810065734881964,0.39351006972617114,0.536063914607333,0.5876109397365455,-0.460975799779012,0.4029535105643676,0.529718577900129,0.5812395865294823,-0.46817436880114827,1.101434159099306,2.662800889451126
98.532553,1785142428.494,0.0016269722254946828,0.07827428728342056,0.37700000405311584,0.002874359481977255,0.07597734681028981,0.3806004355045401,0.39266990758225734,0.5188616653651624,0.5909117613312084,-0.4768817528636221,0.400696568547183,0.5273393377547632,0.5833948012243333,-0.47011274043074075,2.142704338374406,2.5731228180951367
98.577168,1785142428.527,0.002024078043177724,0.07948123663663864,0.3750000298023224,0.0028561248253804556,0.07616034175342079,0.3799120086420868,0.3822624287729353,0.536106246092237,0.5983912691624294,-0.456501278683514,0.39646832825989387,0.5294029245851373,0.5869013232426892,-0.46700347418781474,1.2043017023483462,2.3353687667442067
98.620261,1785142428.594,0.0019970901776105165,0.078021340072155,0.3700000047683716,0.002819298547191495,0.07624445911656674,0.377085732874182,0.3944480328079161,0.5441932128061662,0.5849989224968982,-0.453917125946065,0.39579852983023595,0.5344596324838113,0.5862801454729398,-0.4625710929724443,3.18585229969877,2.5887148134826043
98.663689,1785142428.627,0.0027901825960725546,0.07781047374010086,0.36900001764297485,0.00281826640967557,0.07628625899888836,0.37580697721949063,0.3810619243691778,0.550697332800335,0.591093443647476,-0.44959181300333334,0.39268815493464243,0.5379414622978043,0.5873363358389507,-0.4598380418345156,2.652005955926234,2.5995925119501235
98.709934,1785142428.661,0.0031721408013254404,0.07897631824016571,0.367000013589859,0.002832988863659816,0.0763933791261642,0.3742936702833008,0.3759286895282551,0.552276050516045,0.590134940101329,-0.4532212890934942,0.38899688083922535,0.5411391674536545,0.5879829980653263,-0.4583948321382231,2.076462248623051,2.5071148436834
98.75739,1785142428.727,0.0035303202457726,0.0781155377626419,0.3630000054836273,0.002887567965485225,0.07646845858677663,0.37082002344135145,0.3597143310483943,0.5703570831955864,0.5958813537318889,-0.43614654642869854,0.3783743165115143,0.5519830123736194,0.591030691287358,-0.45036690887739167,2.655087420974284,2.550535148557518
98.805887,1785142428.761,0.0058868397027254105,0.08086352050304413,0.3630000054836273,0.0031400779760661288,0.0767955302835285,0.36955871571314086,0.34775746243266703,0.5905624621085493,0.5858261433529872,-0.43256034889347594,0.3702803958105348,0.562461327772684,0.5897978522641398,-0.44572208460338925,1.4804168880604764,2.3604712869766096
98.847025,1785142428.827,0.0038906512781977654,0.08136320859193802,0.36000001430511475,0.0031857334210227124,0.07735958405998322,0.3668939186948296,0.34980872661733914,0.5850187056861018,0.5912484231080196,-0.4310594749590757,0.3623545461536804,0.5713268366739881,0.5904433459314438,-0.4400698624345183,1.591780175634301,2.134069935525034
98.894189,1785142428.861,0.006580440793186426,0.08091118931770325,0.3580000102519989,0.0034681730037076637,0.0775401507236271,0.365337744540588,0.34996449195750967,0.5916226342971305,0.5876757227932652,-0.42678420518531285,0.35926929284038345,0.5764628039714907,0.5897900883455105,-0.43676522589223177,0.7859927954335627,1.8940613997150673
98.941,1785142428.894,0.007742470595985651,0.08168551325798035,0.3580000102519989,0.0038623640250415713,0.0777870472315903,0.36424994152855505,0.31080224482225216,0.5943398466983666,0.6131306866991809,-0.4174121132260082,0.34548848885631334,0.5818062318613141,0.5967067568717094,-0.4313702110006745,1.4240676914985653,1.8130204421664464
98.985539,1785142428.961,0.007699216715991497,0.08353916555643082,0.35600000619888306,0.0043801923054678045,0.07863108798168858,0.362176891064406,0.3286872631703736,0.5929299730035429,0.5972298048101058,-0.4286202169637712,0.33880670195739665,0.5862703164667564,0.5969449085664604,-0.4302951439132227,1.7252171845880295,1.7869940247545
99.029867,1785142428.994,0.007293492089956999,0.08484017848968506,0.35500001907348633,0.004541078401801744,0.07920473816113494,0.36117603207553495,0.3175251465165685,0.5971424319262656,0.6014396677982098,-0.425286989363178,0.3335739196874125,0.5889870951624497,0.5980883956464988,-0.42908380630067133,2.7203784507648963,1.9485783706162738
99.071135,1785142429.028,0.008038978092372417,0.08498401939868927,0.3540000021457672,0.004769527559054592,0.0796982174466065,0.36016784970130544,0.31198787618814755,0.593681330828403,0.6073659649258707,-0.4258082046967759,0.3281704107902291,0.5901985589017962,0.6004515746126643,-0.4282846589561521,3.860652807692541,2.2906278682089116
99.113883,1785142429.094,0.008061687462031841,0.08560801297426224,0.35500001907348633,0.005092754724764121,0.08052757103274674,0.3593079526312365,0.2999321331401618,0.6035703391016435,0.615064310190157,-0.4091936651477217,0.31744681957117815,0.5954133384791359,0.606142138738834,-0.4210726549544459,2.480126921441577,2.346244440761672
99.155561,1785142429.128,0.00842199381440878,0.0853668600320816,0.3540000021457672,0.005275093736807617,0.08083449672194302,0.35877931992438367,0.30437171293121434,0.5975656981638561,0.6166475768829289,-0.412333436274181,0.31437806521205847,0.5959396268352595,0.6086358765095494,-0.41902835596941046,2.6611468356107655,2.401826020452077
99.209815,1785142429.161,0.008016268722712994,0.08627097308635712,0.3530000150203705,0.005384029194744366,0.08122557522521545,0.3581876204608809,0.29681882382008695,0.6091561155063383,0.6107401984806772,-0.4096630599981789,0.3103114060145883,0.5990432464675634,0.6091563985272547,-0.4168722853490696,2.8003081894118025,2.4704972925838184
99.267076,1785142429.228,0.00842199381440878,0.08728104084730148,0.3540000021457672,0.005626426355533145,0.08206452184580133,0.35767911612385384,0.30258406687150935,0.5950899428061993,0.6156828772097358,-0.4186232639941954,0.3077873370243678,0.5977577976519796,0.6112998202425238,-0.4174507159955069,5.030910877027914,3.241061178353285
99.316972,1785142429.261,0.008780136704444885,0.0866527333855629,0.3530000150203705,0.005767025536567512,0.0823062312300732,0.3573264025959161,0.31442104898254053,0.5987430819185509,0.6068481446800706,-0.4175900562869648,0.30898196682226314,0.5979378712408704,0.6105020513923809,-0.4174777737320598,2.782473242967779,3.1620037687186393
99.36049,1785142429.328,0.007993560284376144,0.08640725910663605,0.35200002789497375,0.0058727689312187605,0.08261979340565989,0.3565673749879584,0.30407954525250325,0.6076363984303473,0.6046113476410778,-0.4156425817517577,0.3076565924132808,0.600578544523678,0.6089131870964217,-0.4169862870437672,4.3307493260548116,3.5107896009795194
99.405485,1785142429.361,0.007612708956003189,0.08831062912940979,0.35200002789497375,0.005916508500907066,0.08303357505001299,0.3562631728828908,0.3063524415249317,0.6045364722769093,0.6080317249499122,-0.4134987989258702,0.3074702134575668,0.6011470352921068,0.6087879616027888,-0.4164871277763456,4.275477387863533,3.6429911041147323
99.451792,1785142429.428,0.007993560284376144,0.08831062912940979,0.35200002789497375,0.006013637828849183,0.08361785688714565,0.35582544500506436,0.30148495038417283,0.6007823496987451,0.6135098908290211,-0.4144550721577312,0.30615902589202865,0.601070254495712,0.6098269385292833,-0.41604363361227603,3.9056833908130355,3.720947396902947
99.498837,1785142429.461,0.007612708956003189,0.08907196670770645,0.35200002789497375,0.0060543338459307155,0.08397839989425247,0.35564244569030873,0.2978095623583378,0.6003457437497443,0.6181567431353739,-0.4108244070716456,0.3050977485009421,0.6009834942287229,0.6108942090513846,-0.41538231651308133,3.353086384948074,3.657575915604609
99.546986,1785142429.495,0.00797085091471672,0.0876801535487175,0.35100001096725464,0.006100562895134664,0.08409688167272868,0.3553446938313779,0.3007522286617383,0.5998827501293158,0.614475868154491,-0.41485924180144645,0.30456295365026587,0.6008489667069968,0.6113365431695295,-0.4153186216105536,2.618905491501313,3.473136511898377
99.591597,1785142429.561,0.0075910817831754684,0.08805973827838898,0.35100001096725464,0.006172694948822917,0.08436135067655506,0.3549276078863859,0.3106778389990873,0.6031798303682449,0.6094742347521344,-0.4101152639991503,0.30573425930875364,0.6012981941229977,0.6109838135167359,-0.4143257463034323,3.5076487773435057,3.4832555536211682
99.638813,1785142429.595,0.006831542123109102,0.0876801535487175,0.35100001096725464,0.006199340771457921,0.08444456215282821,0.35474472935532353,0.31200600154136954,0.6020684737955428,0.6127491180270418,-0.4058378077764011,0.30644711805480496,0.6013890067684707,0.6111874981114049,-0.41336578054582374,3.4811910357203137,3.4828921483094932
99.686319,1785142429.661,0.007569455076009035,0.08705183863639832,0.3500000238418579,0.006255584257887276,0.08458897970139985,0.3542515417987174,0.30749609513635945,0.6028686458263589,0.6117105186519568,-0.40964104863396816,0.30662450739900643,0.6016394308963018,0.6112765051321716,-0.4127377386749228,3.260616844607681,3.417646118136086
99.731755,1785142429.695,0.0075910817831754684,0.08805973827838898,0.35100001096725464,0.006283632365160489,0.08471077980115578,0.35415414025621483,0.3091412305442812,0.601227278125786,0.6113890577030741,-0.41129172096697186,0.3068459370361905,0.6016033933437436,0.6112866141528223,-0.4126107165346699,152.37558402367014,3.38996842920434
99.779178,1785142429.728,0.007190766744315624,0.08743035048246384,0.3500000238418579,0.006309579688074393,0.08476998187308254,0.3539564506137334,0.3050914521356031,0.6057836278212512,0.6085849105373543,-0.41178854860687114,0.30669757952685145,0.6019583443896007,0.6110583143164466,-0.41254149226089265,2.8837721669329475,3.302657798038062
99.822251,1785142429.795,0.007190766744315624,0.08705183863639832,0.3500000238418579,0.006355157461289724,0.08489580601299691,0.3536503192385361,0.3052706842995894,0.5992053612635965,0.6153110219419541,-0.41128468317817446,0.30649611066042426,0.601569658237072,0.6116614841703412,-0.4123642918841311,2.8937080751234387,3.181195632733431
99.870017,1785142429.828,0.006812079343944788,0.08705183863639832,0.3500000238418579,0.006370175428728237,0.08495324136975732,0.35351745360348447,0.3036240923696935,0.5933716884981318,0.6191853152404316,-0.4151288898789905,0.3062454238883919,0.6008525605324669,0.6123261296372925,-0.41260956340396576,4.308401360035456,3.376655138962929
99.916969,1785142429.895,0.007569455076009035,0.08667333424091339,0.3500000238418579,0.006428762994874684,0.08505923472064929,0.3532983065371339,0.30242938121254925,0.5994579589458561,0.6170093542602256,-0.41047056117490566,0.3056791390583969,0.6006469380057806,0.6130237897547892,-0.41229280008687164,3.2427081747783237,3.33693982847283
99.960791,1785142429.928,0.0075910817831754684,0.08805973827838898,0.35100001096725464,0.006457090713152725,0.085177518624735,0.3532262143117276,0.29623560667886095,0.6053037825550371,0.6165731000629432,-0.407049638789845,0.3048125305212069,0.6010790208243681,0.613354089062069,-0.4118131777795809,4.1727288531558955,3.4815094258024537
100.005935,1785142429.962,0.0075910817831754684,0.0876801535487175,0.35100001096725464,0.006484713872897281,0.08525089186554358,0.3531587492093548,0.2982363303153947,0.6026289331173164,0.6202256301742364,-0.4039970642527782,0.3041248880716617,0.601245951809063,0.6140793494640197,-0.4109962414067307,3.7818680607446216,3.5345161487143577
100.04932,1785142430.028,0.00842199381440878,0.08804671466350555,0.3540000021457672,0.0066232576828977605,0.08542670335143675,0.3532782354011918,0.30892068926051397,0.5968161920283698,0.6134004671818988,-0.4148714349537618,0.30492888965951487,0.6005068876103637,0.6139681974668305,-0.41164657496796986,3.7983917364831616,3.6119955434599573
100.093852,1785142430.062,0.008061687462031841,0.08867935836315155,0.35500001907348633,0.00666309564394807,0.08557045201722555,0.35342926389197665,0.3046719906287082,0.5931383919611051,0.6145543275529107,-0.42152675430407077,0.3049042737805129,0.5997429054784903,0.6140336755549867,-0.41267962930465824,3.4803389256529704,3.588795059175146
100.135051,1785142430.095,0.009625113569200039,0.08584915846586227,0.35600000619888306,0.006831283922987946,0.08558667755654766,0.3536681344157677,0.31677931671842796,0.5867797154617492,0.6081796181974147,-0.4306483275612263,0.3064903450978767,0.5980472235531563,0.6132810685102004,-0.415077724973447,2.9188030238046387,3.4730704161840134
100.182357,1785142430.128,0.008129813708364964,0.0867186188697815,0.3580000102519989,0.006858181674403357,0.08562600828577582,0.3541718040767162,0.29758268203268873,0.5885547760888495,0.6179127714911801,-0.42805563858606593,0.3051960178495355,0.596674007536424,0.6139713938788514,-0.416982789714,3.6911078466517626,3.510585827017251
100.227529,1785142430.195,0.00858853105455637,0.08627410233020782,0.36100003123283386,0.0069557739843332045,0.08567426702440714,0.35579616248278295,0.3125756143767543,0.588372985863719,0.6123215335903849,-0.4256478054734051,0.30694656452628755,0.5947219562000067,0.613592412558935,-0.4190393210538275,2.36523423487046,3.1688568280826956
100.273523,1785142430.229,0.008175231516361237,0.08525645732879639,0.36000001430511475,0.006983324712974362,0.08565065038193659,0.3562201152035042,0.30714998018748163,0.5903267437177576,0.6133864624780367,-0.4253589930530431,0.30697417649056585,0.5941496984083657,0.6135675717441302,-0.41986643799332024,2.7625219350394405,3.0970825534475663
100.320337,1785142430.295,0.008636112324893475,0.08557435870170593,0.3630000054836273,0.0070710349865039795,0.08564482604249546,0.3576889574911687,0.31324558432281746,0.5825072809079661,0.6105173180616861,-0.4356960820781279,0.30841529570617116,0.591518892683478,0.6128958306974632,-0.42349038440872955,2.8688799901162194,3.0300925577035227
100.363561,1785142430.329,0.007850605994462967,0.08518178761005402,0.3630000054836273,0.007095611700370112,0.08562381732708685,0.3582628780628076,0.31714586119039306,0.5881595086866878,0.5953746753943058,-0.4461119713372001,0.3098631391950488,0.591005830637282,0.6100665872439972,-0.42721856496340205,0.0,2.4830031878831496
100.41108,1785142430.362,0.008612321689724922,0.08338117599487305,0.3620000183582306,0.007137178148936039,0.0854564894356056,0.35853770329641754,0.35047243649276083,0.5759913612342034,0.5804166481258944,-0.456639395607408,0.3191125068490415,0.5878090129151277,0.6035776350535089,-0.4339836526546558,0.8029214431797546,2.1902684979829594
100.461953,1785142430.429,0.007872233167290688,0.08384184539318085,0.36400002241134644,0.007178139818368924,0.08529579425583496,0.3594493893219708,0.3330663847765481,0.5706288607629465,0.5937634222001517,-0.4592324956418337,0.32415623544407696,0.5817370964592978,0.6001467092685333,-0.4430898475252851,1.1495614121123854,1.8799287287142084
100.509564,1785142430.462,0.007478397339582443,0.08344820141792297,0.36400002241134644,0.007188611335290878,0.08519592213793312,0.35980701472705184,0.3234272087473866,0.5647552820726539,0.6095437794308152,-0.45266178651406985,0.324010600905913,0.5780666524393054,0.6022145781753541,-0.44518948513108975,2.6674893198978586,2.0160825703520113
100.554814,1785142430.529,0.006764252204447985,0.08356925845146179,0.3680000305175781,0.007153326517120464,0.08506214006329342,0.3616154582248053,0.3761683272475883,0.551656674450398,0.578032975152618,-0.46909506791938443,0.34496645296022366,0.5678627457686942,0.592911636840347,-0.4549569641179061,1.4880858361721039,1.8591361038000052
100.600407,1785142430.562,0.006383387837558985,0.08220010995864868,0.36900001764297485,0.0071175179077335275,0.08487573906551055,0.36252627632180695,0.36184961687254036,0.5509688637552087,0.5981564570610733,-0.4557488549822524,0.3491385145131182,0.5637387215801565,0.5942346691068925,-0.45517700898240243,2.5713935023429464,1.9821984324406907
100.64702,1785142430.595,0.00601657759398222,0.08224442601203918,0.3710000216960907,0.007063221012651801,0.08472607927141722,0.3637155089688674,0.3711901887173599,0.5419796851211739,0.5851420692672105,-0.47548356805426084,0.35497908426536057,0.558103610727267,0.5919304135419886,-0.46057420135231597,2.104386096427196,2.003203550817754
100.691956,1785142430.662,0.006032794248312712,0.08125919103622437,0.3720000088214874,0.006981630123994018,0.08431286472747598,0.3655426769329181,0.36065114213495486,0.5541270939859437,0.5936832723949126,-0.45870915563776776,0.3569909152436088,0.5566982078675563,0.5925551459922384,-0.4599162866747583,1.7683072761905292,1.9335101983534395
100.736428,1785142430.696,0.005645439028739929,0.08147763460874557,0.37300002574920654,0.006920084275710858,0.08416375842765655,0.3664824891195394,0.3665086039906906,0.5562546247459758,0.5821016221701575,-0.4662723851102271,0.3590067442655838,0.5566157355684442,0.5903608207771563,-0.4612669311588982,2.0950800325808974,1.9619889074175116
100.781676,1785142430.729,0.005675709340721369,0.08110342174768448,0.3750000298023224,0.006870243970243256,0.08400075154817171,0.3676740155530097,0.36678323654050254,0.546231665719619,0.5784382280137212,-0.48219315749022246,0.36071958771187274,0.554394489036398,0.5878073690663428,-0.4658439936699324,0.38499943912029266,1.687484404287309
100.82322,1785142430.796,0.005705979652702808,0.08112825453281403,0.37700000405311584,0.006793101965588575,0.08375890645747139,0.3699311897919511,0.3904644372709883,0.5361455431318148,0.5626285645290741,-0.4934922270740391,0.37198414609883346,0.5477213945155027,0.5785459147580576,-0.476354588051671,1.1044950738885715,1.514137715345902
100.865569,1785142430.829,0.006556379143148661,0.08073890209197998,0.3790000081062317,0.006786808367789839,0.0836165550560615,0.3712948993138928,0.37758986391414817,0.5351811422902307,0.575004891655613,-0.4902819741519525,0.3732608402727194,0.5449129846847176,0.5777675237174356,-0.47951107680461214,1.180950552225113,1.4567507054147748
100.913984,1785142430.862,0.006556379143148661,0.080329030752182,0.3790000081062317,0.0067809290192883745,0.08344996352541524,0.37230080681000716,0.4054561948838162,0.5421394382316864,0.5535093276711337,-0.4850953800287299,0.3813581775085808,0.5443053755272105,0.5718003377502832,-0.48098022035025323,1.6454026796059922,1.4892006140875211
100.962651,1785142430.929,0.006625575944781303,0.08076263219118118,0.3830000162124634,0.006773185706559257,0.08326807510789049,0.37522401817671047,0.4025279869165104,0.532540328558136,0.5627257915613831,-0.48755687024156374,0.38922218201504927,0.5399977582365919,0.56849042691689,-0.48345335724426525,1.6163751209560755,1.526905933834985
101.009186,1785142430.962,0.007039968855679035,0.0803484320640564,0.3830000162124634,0.006781934165597078,0.08315008115527249,0.3762787288365616,0.41618020775780623,0.5178222972056544,0.5510441279048452,-0.5049796751245705,0.39612679846750176,0.534479719651998,0.5641761666395194,-0.4889992247565901,1.743940491987537,1.5642476091361595
101.052838,1785142431.029,0.006677472963929176,0.08014290779829025,0.38600000739097595,0.006777204956274562,0.08292655720904041,0.37879034802579403,0.41238705274094895,0.521761643336439,0.5600070606688151,-0.49405849681547465,0.40210383958160184,0.5298507046436345,0.5626799102387284,-0.49087885633434447,3.1711473677513204,2.0450390733835015
101.100114,1785142431.062,0.005857332143932581,0.08076905459165573,0.38700002431869507,0.006745014927924701,0.08287845056652379,0.3799667307550667,0.4050813017737067,0.5263595679018438,0.5555870015364185,-0.5001777963437353,0.4027354973098642,0.5291231996878599,0.5611951096040325,-0.49284156451660555,2.6435660257379956,2.1483607277423293
101.147911,1785142431.096,0.005857332143932581,0.07951348274946213,0.38700002431869507,0.0067153734004524,0.08271548675454671,0.3808614514208331,0.4121560068050452,0.5215051812355056,0.5484221051184742,-0.5073391041664965,0.4048164462454263,0.5274784346655667,0.5584228600395866,-0.49603836061054374,2.721789840352117,2.2497942802365998
101.199461,1785142431.163,0.005857332143932581,0.07993200421333313,0.38700002431869507,0.006666515520886225,0.08253955404368196,0.3819460458619213,0.43779218945800596,0.5178080152632935,0.5243246014816217,-0.515069481196268,0.4172504414529463,0.5240366273706036,0.5458749027885811,-0.5032973999405538,3.313287356627108,2.566948004270423
101.249201,1785142431.196,0.007551676128059626,0.07887972891330719,0.3880000114440918,0.006708539263440657,0.08235272548280778,0.3825591664825243,-0.4537883835576182,-0.5136706496949577,-0.5146809157182327,0.5150942841709325,0.42693751811562786,0.5214471768083286,0.5378276514856681,-0.5065161544524541,1.7390457485020496,2.423759147874574
101.294497,1785142431.263,0.007551676128059626,0.07762091606855392,0.3880000114440918,0.00677364963299513,0.0817855156321702,0.3833635155338294,0.4542314389036942,0.5024160908171629,0.5260367502803266,-0.5143318082269396,0.4378068374289268,0.5139964450116963,0.5332450501385264,-0.5096886737201252,3.0748109270069874,2.6174209749082165
101.340404,1785142431.296,0.009254677221179008,0.07782097160816193,0.3890000283718109,0.0069455705267511166,0.08157952591420108,0.38385682342213623,0.45317424588335276,0.5152635959807746,0.5266115911799707,-0.5018134728760428,0.44146357607590014,0.5143128268361971,0.5316890453954621,-0.5078375588281158,1.6472898773388145,2.449426961848961
101.384216,1785142431.363,0.009254677221179008,0.07782097160816193,0.3890000283718109,0.007190858353872008,0.08126672592176204,0.3845257901853642,0.44961079518723585,0.5178575392331076,0.524034676795618,-0.5050359981488886,0.4441912768914951,0.5155048116599777,0.5291416537529819,-0.5069102572965686,1.7000548541545868,2.226388110899906
101.430891,1785142431.396,0.008434535004198551,0.07802102714776993,0.39000001549720764,0.007232156377294055,0.0811531047590139,0.3849599260344135,0.44393695758412244,0.5111083351940447,0.5301497423717304,-0.5105188518059962,0.4441464206277116,0.5147116435711495,0.5293251249886916,-0.5075635852497536,2.242184613768365,2.2291013032887506
101.475358,1785142431.429,0.008833792991936207,0.07697959989309311,0.3890000283718109,0.007294683598788341,0.08093147364469613,0.38516445374411085,0.4565271433073062,0.510367569449572,0.5178351958171055,-0.5127910114762806,0.44643591921507586,0.5139250079495609,0.5272237901888658,-0.5085382299272306,2.167189757298991,2.2184631282022638
101.52173,1785142431.496,0.008434535004198551,0.07844278961420059,0.39000001549720764,0.007354776669518155,0.08082188194797939,0.3857051358254946,0.45350445794702654,0.5016898361339979,0.5266545630464007,-0.5150494987517422,0.4484399459649731,0.5104877418733189,0.5270762252633437,-0.5103866505132717,2.688147053101895,2.358016483075339
101.567517,1785142431.529,0.008856501430273056,0.07844278961420059,0.39000001549720764,0.007406080170896362,0.08076986513386095,0.3859287216349632,0.4596724133848265,0.5079205848687188,0.5205781462790384,-0.5096237292908051,0.45025729643972284,0.5100796704070901,0.5260342134964215,-0.5102696376146507,2.1254238282829148,2.3179918611816466
101.612108,1785142431.563,0.008833792991936207,0.07866235077381134,0.3890000283718109,0.007452072669434513,0.08071327333804411,0.38601313930849046,0.44415880043209993,0.5112839958446389,0.5299768856048258,-0.5103294390062819,0.44931404224286203,0.5102680683385017,0.5266469252439624,-0.5102807129497978,2.47672917335415,2.3459713063756404
101.65957,1785142431.63,0.009254677221179008,0.07782097160816193,0.3890000283718109,0.007576746380456186,0.08053730773262244,0.3861598791808752,0.4561881838655882,0.5106804975979347,0.5178608955293511,-0.512755168824343,0.4509432162978932,0.510371514679226,0.5245776180257025,-0.5108712708162637,2.43665493566905,2.3728521883760667
101.710114,1785142431.663,0.008833792991936207,0.07866235077381134,0.3890000283718109,0.007607153853950021,0.08048333594162885,0.3862281724545198,0.4439635116447938,0.5111234088946826,0.5301279490231641,-0.5105032995705278,0.4500397975403006,0.5104713674121308,0.5253000251522166,-0.5108258482666624,2.969771640546457,2.475892000639063
101.754738,1785142431.73,0.008856501430273056,0.07886455953121185,0.39000001549720764,0.007665212695781453,0.08038833209147588,0.38652335175406227,0.4433228523360702,0.5112736728061459,0.5304566574377555,-0.5105681293146771,0.44866853936449913,0.510638481436865,0.5263578771544438,-0.5107761429607365,2.2947397540843766,2.4221641375628886
101.805786,1785142431.763,0.01012240070849657,0.0771774873137474,0.39000001549720764,0.007783919283755609,0.0802386940441996,0.38665126453662985,0.42895203960574246,0.5254541576769151,0.5308988686483774,-0.5079807744058725,0.44592349557481575,0.5127337184602823,0.5270142496850767,-0.5104041052706229,1.9057329714437194,2.3330799041170502
101.853135,1785142431.83,0.009278467856347561,0.07759924978017807,0.39000001549720764,0.007859928453943838,0.08007385303998184,0.3868616837494059,0.456421518121665,0.5102575506424505,0.5179418947552132,-0.5128867550105592,0.4483450893397587,0.5121737405966136,0.524938058888638,-0.5109841236657215,2.7819031036659307,2.466417720734603
101.894472,1785142431.863,0.008856501430273056,0.07802102714776993,0.39000001549720764,0.007884382578941399,0.08003038387527102,0.38695579055896095,0.4486298961640271,0.5175731907012804,0.5248023564105491,-0.505402508146809,0.44838200464793987,0.5128473061346444,0.5249229002079941,-0.5102912573575619,3.1327843221957767,2.5815140295862395
101.938939,1785142431.896,0.008412908762693405,0.07866235077381134,0.3890000283718109,0.007901746471596386,0.07998561720021996,0.38702278853328254,0.457175786961216,0.5097234888864578,0.5178229405060817,-0.5128661296863395,0.44951385730825877,0.5124506549356416,0.5240162087912419,-0.5106257252312459,1.7613413517389882,2.439667191003992
101.980541,1785142431.963,0.009254677221179008,0.07824166119098663,0.3890000283718109,0.007971701050195727,0.07991028341035972,0.3871362664173608,0.45908706206208894,0.519067289602484,0.5090936267831658,-0.5105212017935136,0.45169863314958264,0.5139670233131667,0.5206490603370041,-0.5106180566016015,1.910569371031421,2.282402299846936
102.024637,1785142431.996,0.008856501430273056,0.07886455953121185,0.39000001549720764,0.007992655897807434,0.07987450948251487,0.38723217293096035,0.4592381632518735,0.5185069652224361,0.5093316302115478,-0.5107172670812218,0.45271084333681266,0.5145794051061219,0.5191439076170491,-0.5106373775488848,2.3005623743683032,2.285521515023406
102.071162,1785142432.03,0.008434535004198551,0.07970809191465378,0.39000001549720764,0.008007056596129226,0.07986620987174795,0.3873210515159795,0.45684900729492284,0.5094184748000856,0.5181196745913037,-0.5131606033859182,0.4532532488309725,0.513906080129454,0.5190114930290539,-0.5109687890017353,2.4911514879042778,2.3217806578498417
102.11891,1785142432.096,0.01012240070849657,0.07759924978017807,0.39000001549720764,0.008175881438852433,0.07970523122637842,0.38746714565082147,0.4570779620620821,0.5116148358342472,0.5169395106074339,-0.5119604855107635,0.45398701189171997,0.51346804002108,0.5186154771661798,-0.5111598103863736,1.5407046717266772,2.0917015534388566
102.169869,1785142432.13,0.00967556145042181,0.0765589103102684,0.3890000283718109,0.008220538522885129,0.07952932626538875,0.3875212708080579,-0.46528916746391596,-0.5118160463748508,-0.5027309162883509,0.5184707813578576,0.4554774405216166,0.5132645754983368,0.516549459012588,-0.5121293128773163,0.955283019671804,1.8897254149994929
102.223801,1785142432.163,0.009254677221179008,0.07740028202533722,0.3890000283718109,0.008243114831556486,0.07946129377496983,0.38756849010135963,-0.4689589630932071,-0.5087210396587186,-0.5056953812136186,0.5153179369693135,0.45738441256533824,0.5126352114150103,0.5150317894095164,-0.5125884265737763,2.254331020586688,1.9525364765585058
102.276745,1785142432.23,0.008434535004198551,0.07844278961420059,0.39000001549720764,0.008256452004291466,0.07940059730186305,0.3877100595254408,0.45607495933261877,0.5098688117873522,0.5183212554282068,-0.513198307097394,0.4571121506427511,0.5120592510889437,0.5157185593525144,-0.5127164641869384,2.253903837264076,2.0419846125895553
102.321886,1785142432.297,0.009254677221179008,0.07824166119098663,0.3890000283718109,0.008303579256387026,0.07934585132752982,0.38778929531187883,-0.45301228086490686,-0.5130015051831718,-0.5152037130070142,0.5159209853932685,0.45638026363210893,0.5122287360067919,0.5156276013821578,-0.5132903210356237,2.253903837264076,2.1048492935180994
102.366395,1785142432.33,0.00967556145042181,0.07782097160816193,0.3890000283718109,0.008347225859012115,0.0793061079572291,0.3878248549078403,-0.4531488822551207,-0.5131379145344805,-0.5150678507571772,0.5158010084272046,0.45608290122064066,0.5123128808036505,0.5155764178212953,-0.5135220119560499,2.094377176840495,2.103050672671144
102.412905,1785142432.363,0.008434535004198551,0.07928632944822311,0.39000001549720764,0.008350379631430815,0.07930521347534153,0.38789724580669066,0.4604061642127277,0.5069592524000693,0.5205398775183011,-0.5099575632090555,0.45650413667339945,0.5117952488281173,0.5160600007428489,-0.5131780121072322,2.0613556774871546,2.0958875017965366
102.453316,1785142432.43,0.009700434282422066,0.07886455953121185,0.39000001549720764,0.008433140832510639,0.07927853348186634,0.38801937353440025,-0.4529134781198996,-0.5136240654863478,-0.5149167518884081,0.515674741785268,0.45594637152596496,0.5120804955397703,0.5158829898238004,-0.5135671457467919,2.457136859547294,2.203150286154246
102.498637,1785142432.463,0.009278467856347561,0.07928632944822311,0.39000001549720764,0.008450605215829838,0.07927882578583101,0.3880746607246843,0.4596420819358197,0.5073379950674357,0.520813253651064,-0.509991049035228,0.4562750227425204,0.5116619990748753,0.5163211540299913,-0.5132519539418753,2.06138435592378,2.1787741231508084
102.544091,1785142432.497,0.009700434282422066,0.07928632944822311,0.39000001549720764,0.008488188810489265,0.07927909233454644,0.38812735375682983,-0.4530749879507856,-0.513060416922208,-0.515143332204459,0.5158676295003322,0.45599444148035884,0.5117851948907629,0.5162181667405648,-0.5134820230121497,2.4511576589484543,2.2268314787801717
102.592797,1785142432.564,0.009254677221179008,0.07908303290605545,0.3890000283718109,0.008521422060203699,0.07926869881115835,0.38818439101062885,0.44985313441378694,0.5171783250939228,0.5241229262502479,-0.505424470806483,0.45498625839027557,0.5126827680134283,0.5175306158986023,-0.5121581256464844,2.4911306478331987,2.3052605736564296
102.644051,1785142432.597,0.009278467856347561,0.07928632944822311,0.39000001549720764,0.00853738278916376,0.07926922536392014,0.38823891640590363,-0.45239118058430033,-0.5130627483052387,-0.5154726575911638,0.5161363921551367,0.454760591912084,0.5127164316628585,0.5173518249604946,-0.512505369685745,3.2844035979220005,2.474832071106503
102.695308,1785142432.664,0.008833792991936207,0.07908303290605545,0.3890000283718109,0.008554107619640084,0.0792605467940748,0.38828517728948037,-0.45206602474058805,-0.5127701902255554,-0.5157635715329483,0.5164213198260382,0.454374636533999,0.5127249372526538,0.5171247168976723,-0.5130680808307615,3.588854090987042,2.807154057206956
102.741207,1785142432.697,0.009278467856347561,0.07886455953121185,0.39000001549720764,0.008570469330718814,0.0792517655213799,0.3883401018908305,0.4504057576333831,0.5048666797175593,0.5235286161856186,-0.5178436803094507,0.45402444142906734,0.5120293475207726,0.517696921633645,-0.5134955220773819,2.775929279255223,2.8017903373847606
102.789836,1785142432.764,0.008833792991936207,0.07866235077381134,0.3890000283718109,0.00858425815375053,0.07922241643486282,0.3883784375979908,-0.45284975279631423,-0.5128392000662864,-0.5153652734631866,0.5160636503144777,0.4538577383975675,0.5121449837939215,0.5173657024314786,-0.5138612641744383,2.1837346878544723,2.617987113294098
102.836341,1785142432.797,0.008833792991936207,0.07950371503829956,0.3890000283718109,0.00859060617579488,0.07923184694387893,0.3883957916776008,0.4565924338159573,0.50978068772433,0.5180802103470403,-0.5130690942281516,0.45405899570663105,0.5119714232836959,0.5174184788934878,-0.5138032773915533,3.0149228186453216,2.686389239501153
102.888661,1785142432.83,0.008833792991936207,0.07866235077381134,0.3890000283718109,0.008596579549833729,0.0792166939727508,0.3884118771151446,-0.46326376027683974,-0.5026918049594892,-0.5115548325385403,0.5205759223659887,0.45492702228367116,0.5111066839296501,0.5168741324217029,-0.5144438679504899,3.0149228186453216,2.7429707212243786
102.940666,1785142432.897,0.009254677221179008,0.07950371503829956,0.3890000283718109,0.008628759620486837,0.07923395575040541,0.3884407091978379,0.4494365763163487,0.5176090514149173,0.5242690435104458,-0.5052025373838009,0.45396398631828067,0.5122634409314395,0.5181886757285881,-0.5128190349019328,3.1378421701651433,2.8602424278237706
102.987236,1785142432.964,0.008833792991936207,0.07908303290605545,0.3890000283718109,0.008638748026960212,0.07922782352466404,0.38846670772989833,0.4433434121159368,0.5113440651957122,0.5303886081784088,-0.5105504776582745,0.45202660701222985,0.5121052041798871,0.5204349821850547,-0.5124135397537122,3.2782734414032544,2.9844096744837034
103.031966,1785142432.997,0.008833792991936207,0.07950371503829956,0.3890000283718109,0.008643403501359502,0.07923578355441652,0.38847892644424264,0.43979453434412613,0.5139226404116325,0.5278590345722982,-0.5136429955268251,0.450659215980468,0.5123144151431129,0.5212731908312308,-0.5125567984224453,3.0110534298329097,2.9889864716667214
103.080238,1785142433.031,0.009254677221179008,0.07866235077381134,0.3890000283718109,0.008659773131934074,0.07921781182004566,0.38849097385299675,0.45619104028202306,0.5107054947066716,0.5178309117990584,-0.5127580123490763,0.4512786764243918,0.5121356862953479,0.5208895145911445,-0.5125804411177274,2.423160681114796,2.8889079404417735
103.125759,1785142433.097,0.009254677221179008,0.07866235077381134,0.3890000283718109,0.00868805483569226,0.07918808094787053,0.3885127221982905,-0.4531699849106676,-0.5131552794747926,-0.5150488358148684,0.5157841803011816,0.4516093549781677,0.5123148997327828,0.5198750642834039,-0.5131396998326273,1.5443281372552178,2.4914541252928384
103.170274,1785142433.131,0.008856501430273056,0.08012986928224564,0.39000001549720764,0.00869241724428764,0.07923072059666779,0.38857286376413175,0.45990090940253,0.5070290340108122,0.520787598898778,-0.5100911575728732,0.45247371403596104,0.5117678525256302,0.5199725315702756,-0.5128252817872837,2.9884531802696244,2.57930676758529
103.217831,1785142433.164,0.008434535004198551,0.07928632944822311,0.39000001549720764,0.008683927880062465,0.07923199629062654,0.38862436529702177,0.44602216534396955,0.5067336611760727,0.5216973533519822,-0.5216484411541041,0.4517699337809788,0.5112198319161608,0.5201653089507532,-0.5137959339575484,3.351414850782687,2.7127846952845096
103.268736,1785142433.231,0.00967556145042181,0.07782097160816193,0.3890000283718109,0.00874818393644545,0.07911225650013361,0.3886441046386362,0.456346376890635,0.510862365821186,0.5176761523634358,-0.512619770161628,0.4525596635121872,0.5111592629363095,0.5197373350618809,-0.5135942575797735,2.4570356643390134,2.636896348961021
103.316479,1785142433.264,0.008833792991936207,0.07824166119098663,0.3890000283718109,0.008750500167205591,0.07908500720319507,0.38865318689946443,0.4624407412913154,0.504459114770315,0.5239424482601103,-0.5071034147294718,0.4536165574961106,0.5104504823693282,0.5201902698807279,-0.5129077957447259,2.6076704478474375,2.631875900227811
103.366979,1785142433.331,0.008412908762693405,0.07950371503829956,0.3890000283718109,0.008729043005805924,0.07911332662329443,0.388669667314546,0.4599348314239132,0.5070288709804771,0.5207861626315162,-0.5100621997823981,0.454722281193609,0.5098549611689456,0.5202966212364268,-0.512412911124858,3.3436999895570803,2.8436907885816374
103.41507,1785142433.364,0.008833792991936207,0.07824166119098663,0.3890000283718109,0.008731314619368056,0.07908340172132593,0.388677382386015,0.45889109865828065,0.5071520626368884,0.5213250657215159,-0.5103292278380718,0.4551078524335066,0.5096059864231869,0.5203922559869194,-0.5122211252612066,3.516478376231262,2.9599026973132068
103.457995,1785142433.431,0.009254677221179008,0.07908303290605545,0.3890000283718109,0.008758937180528552,0.07908338340754893,0.38869175918176946,0.4600346569204081,0.507168499304033,0.520653442397927,-0.5099688428374874,0.45586039525871286,0.5092353524711044,0.5204332848539024,-0.5118787472091189,1.9326453641623962,2.653632306664272
103.500283,1785142433.464,0.008412908762693405,0.07908303290605545,0.3890000283718109,0.008747771712760423,0.07908337489997005,0.38869856812818016,0.4240381938454271,0.5052064080577449,0.5491469235325247,-0.5132209580604273,0.45128900910246517,0.5087085962969365,0.5246654581803887,-0.5121327477415192,2.141648585043867,2.56531745119292
103.54581,1785142433.498,0.008833792991936207,0.07866235077381134,0.3890000283718109,0.008749685750763323,0.07907224545238307,0.3887053271184119,0.4470031401849633,0.5088163831757572,0.5328322772058034,-0.5073301146634219,0.4506660668126664,0.5087277702108539,0.5258618265291854,-0.511434738201545,3.0289478881737892,2.647249190989862
103.591345,1785142433.564,0.008833792991936207,0.07908303290605545,0.3890000283718109,0.008753182803047738,0.07907274955815144,0.3887176464341437,0.45991499559718535,0.5070144400594376,0.5208035307424604,-0.5100766969410022,0.4527303538929768,0.5083513098821794,0.5247406036176963,-0.5111374289953224,2.1837343223957877,2.510982766985915
103.632847,1785142433.598,0.008833792991936207,0.07908303290605545,0.3890000283718109,0.008754931559526094,0.07907299614911847,0.3887238004325686,0.4401955286863756,0.5134576359932015,0.5278405024861745,-0.5137835697060956,0.4510380567688135,0.5090488068555499,0.5251665616012964,-0.5115017753253897,2.597308466311143,2.5261893265963664
103.679083,1785142433.631,0.008833792991936207,0.07824166119098663,0.3890000283718109,0.008756582880918474,0.0790438641587266,0.38872960657536976,0.46241929418317,0.5049974437571256,0.5237647403700026,-0.5067706334339542,0.45259248506223876,0.5085021862637041,0.524980920224487,-0.5108626062166529,2.6124893856462528,2.5410211101177125
103.724638,1785142433.698,0.008833792991936207,0.07950371503829956,0.3890000283718109,0.008759768176685789,0.07907266696002242,0.3887407923887376,0.45920415087676153,0.506884796472285,0.521250949897404,-0.5103888695434656,0.45398671217483455,0.5081642327337457,0.5241982883020891,-0.510765437632547,1.9313628218938383,2.3597207767875683
103.771419,1785142433.731,0.009254677221179008,0.07782097160816193,0.3890000283718109,0.008773920256104526,0.07901651923427908,0.38874616505483833,0.4560393845406614,0.5105557579787556,0.517980289085987,-0.5128911364616378,0.4542209790352081,0.5084371166018783,0.5234937190874043,-0.5110081474320178,1.9281824079853136,2.285333721443391
103.822534,1785142433.764,0.009254677221179008,0.07782097160816193,0.3890000283718109,0.008786988657114981,0.07896782447996699,0.38875140843037115,-0.46631681137320463,-0.5003658457183289,-0.5141814524334134,0.517494044258264,0.4558024441862965,0.5073974579584489,0.5222929934339574,-0.5118612903325453,2.1729593185074543,2.266016054170933
103.866847,1785142433.831,0.008833792991936207,0.07824166119098663,0.3890000283718109,0.008789109664608186,0.0789283556334058,0.3887615680927127,0.4594750126954327,0.5071673785187187,0.5209794013049877,-0.51014157475242,0.45651845257873,0.507353367337717,0.5220378733398314,-0.5115270490453339,2.7988918588017353,2.4244063411881034
103.913334,1785142433.864,0.008833792991936207,0.07866235077381134,0.3890000283718109,0.008790111082766401,0.07892223801650865,0.3887664594175041,0.45610879626240847,0.5099670758808492,0.5182244022053194,-0.5131684094413183,0.4564774086454913,0.5076190148025908,0.521651680568824,-0.5116940837716084,2.17293929490879,2.3811266484929794
103.954999,1785142433.931,0.008833792991936207,0.07866235077381134,0.3890000283718109,0.008792001217164395,0.07891078397961158,0.38877595847720176,0.4505324330630727,0.5036966692554634,0.5240004594971875,-0.5183953226891197,0.4554441544253264,0.5069388027364207,0.5220650164171943,-0.5128662507060475,2.173629729638243,2.3195748369453364
104.001208,1785142433.965,0.00967556145042181,0.07824166119098663,0.3890000283718109,0.008824899498962696,0.07889193099532218,0.3887806716951868,0.45940459650515797,0.5070875708898575,0.5209882457735214,-0.5102752785749919,0.4558138057869716,0.5069531763154813,0.5219651587821617,-0.5126252281103167,1.3611718972294702,2.149495352008459
104.052738,1785142433.998,0.009254677221179008,0.07824166119098663,0.3890000283718109,0.008835614004810019,0.07887491661268414,0.38878514850353174,-0.46611327811131215,-0.5001562571970098,-0.514347848344764,0.5177146137189069,0.4569173194012145,0.5062340245394837,0.5211586854710253,-0.513173752434669,1.2176962436975658,1.9881860493045647
104.100564,1785142434.065,0.00967556145042181,0.07740028202533722,0.3890000283718109,0.00888663563071437,0.07876292786153771,0.38879385709604036,-0.46645849947340207,-0.5000909982685756,-0.514239339380186,0.5175745004862504,0.45874076439454825,0.5050721034700871,0.5198491865853988,-0.5140193620725839,1.3611718972294702,1.801701696303627
104.147763,1785142434.098,0.009254677221179008,0.07740028202533722,0.3890000283718109,0.00889415638033802,0.07871419720637157,0.38879805659481165,-0.4657863644211499,-0.49983362167147405,-0.5146622941152731,0.5180078535911495,0.45951583625605946,0.5045007800957588,0.5192836052578478,-0.5144596159302274,1.7760887033467239,1.7973019454171844
104.191614,1785142434.165,0.008833792991936207,0.07740028202533722,0.3890000283718109,0.008890869577489103,0.07863346848970407,0.38880623099752853,0.45924340912099587,0.5070043248619714,0.5211430499461399,-0.5103450080514331,0.4594698698179997,0.5049321967290179,0.519604304180311,-0.5137531338231754,0.6088494380274488,1.4426141039538916
104.235856,1785142434.198,0.008833792991936207,0.07782097160816193,0.3890000283718109,0.008889366152418325,0.0786166105930508,0.3888101739532988,0.456065271302377,0.5099298169308412,0.5182644752600961,-0.5132036474930252,0.45915636487795397,0.5053943018074911,0.5194814777229815,-0.5137032476005278,1.5521278366815234,1.4614386846862288
104.278366,1785142434.231,0.009254677221179008,0.07782097160816193,0.3890000283718109,0.008898131535237979,0.07860016187684825,0.38881403562879413,-0.47966812691350796,-0.4983507537675637,-0.501643824061755,0.5195368014138043,0.4618483833723513,0.5045007718221819,0.517183211034011,-0.5144867036491011,2.4627697881559647,1.6348804716269796
104.325215,1785142434.298,0.008833792991936207,0.07782097160816193,0.3890000283718109,0.008894935843315663,0.07856830029265516,0.3888215559981588,-0.4722933654302372,-0.505467053619416,-0.5087841011450008,0.5124263587072395,0.4641210267841186,0.5047182656413642,0.5153696601565869,-0.5140479143182207,1.3611718972294702,1.5536535504469189
104.367747,1785142434.331,0.00965068768709898,0.07678170502185822,0.3880000114440918,0.008919938905963057,0.07849401706937813,0.3887881906221308,0.4614621751252179,0.5159885814473048,0.5124978604370353,-0.5080889565737106,0.463788229195343,0.5061532780545621,0.5150103474094174,-0.5132968728091963,1.1645721297552647,1.486609534671014
104.418107,1785142434.365,0.009254677221179008,0.07740028202533722,0.3890000283718109,0.008927799604116795,0.07846535983576385,0.3887933871873472,0.4758038351622001,0.502860738966231,0.5113659580410944,-0.5091626897249952,0.4654261556231308,0.505711350631001,0.5145207014578278,-0.5127406471854818,1.36459469250446,1.4651094201856594
104.46008,1785142434.432,0.009254677221179008,0.07740028202533722,0.3890000283718109,0.008942121199043147,0.07841484969405847,0.38880272859636716,-0.46605921618945456,-0.49969321946040873,-0.5146254297731532,0.5179345136800217,0.4655593161622015,0.5044711659350832,0.5145450105599718,-0.5138159183817872,1.5563056201669219,1.4921420873194955
104.500791,1785142434.465,0.009254677221179008,0.07740028202533722,0.3890000283718109,0.008948925266957649,0.07839119591129086,0.38880714105517433,-0.4661552183609974,-0.4997896651608507,-0.5145322101810879,0.5178476684116482,0.46562552049853545,0.5039588802071531,0.5145445747638532,-0.5142588864588591,1.7617422815638197,1.5385495489313072
104.554895,1785142434.498,0.00967556145042181,0.07697959989309311,0.3890000283718109,0.00897082549636624,0.07834688118447164,0.38881138701237283,-0.46649676290654307,-0.4997283880646092,-0.5144230370191051,0.5177076852279713,0.4657177798521858,0.5035148715050575,0.5145325377880704,-0.5146221830237834,1.7178379917896978,1.5693873582639593
104.613453,1785142434.565,0.00967556145042181,0.07782097160816193,0.3890000283718109,0.009008749248399247,0.0783186445116604,0.3888194466561694,0.4538750177892283,0.5014817007479594,0.5264561653553219,-0.5151286033614634,0.46341019508815084,0.5031282667452507,0.5168780816039741,-0.5147329278836522,2.256711343891831,1.773881341143648
104.655523,1785142434.632,0.009254677221179008,0.07824166119098663,0.3890000283718109,0.009019871514591656,0.07831373878308692,0.3888270376040126,0.4696460716393773,0.49667283747946434,0.517377295532666,-0.5148489040204934,0.46452573867400165,0.5019792700096214,0.5169702290416894,-0.5147566734628741,1.9398371627347684,1.823097838641124
104.699118,1785142434.665,0.00967556145042181,0.07782097160816193,0.3890000283718109,0.00903752437113729,0.07830301437536188,0.38883067232902385,0.4615944963779893,0.5161186258998469,0.5123651369899213,-0.5079705220877523,0.4641995291874956,0.5035908458264047,0.5164547893725208,-0.5139936844321524,1.65993735813868,1.7950379709458266
104.747586,1785142434.698,0.00967556145042181,0.07571753114461899,0.3890000283718109,0.009053981815943564,0.07814549880054375,0.38883421040203986,-0.46246938916873376,-0.5028710820944058,-0.5116887751749287,0.5209772895578854,0.46400457761161545,0.5035109162782485,0.5159148761913603,-0.514789616900495,0.4315003752708435,1.558123826971102
104.793451,1785142434.765,0.008833792991936207,0.0765589103102684,0.3890000283718109,0.009040498265253593,0.07803639659182209,0.3888410402787256,0.46949809328044506,0.4968717359619639,0.5173559760929175,-0.5148133762919488,0.46502826224250493,0.5022798902436438,0.5161856933371516,-0.514797005786352,2.508297251222117,1.8412761101370627
104.84421,1785142434.798,0.008833792991936207,0.07697959989309311,0.3890000283718109,0.00903444426386267,0.07801101728912506,0.3888443234330931,-0.4662827603585989,-0.4999174397660745,-0.5144085080844804,0.5177323899664749,0.46514895653865573,0.5020537316080461,0.5160156759829371,-0.5150789463269764,1.457594496861581,1.7751661930411626
104.890697,1785142434.865,0.009254677221179008,0.07697959989309311,0.3890000283718109,0.00904378312453727,0.07796412508522041,0.38885068531827705,0.45859386360990134,0.5074499421136368,0.521377448937641,-0.5102467836718692,0.4640354802363123,0.5029781264063266,0.5169343222168937,-0.5142596464363086,1.5521268045878411,1.708997484384731
104.935913,1785142434.899,0.008833792991936207,0.07740028202533722,0.3890000283718109,0.009037714606933523,0.07794857810354996,0.38885383900616527,-0.46624534966303555,-0.4998822379507512,-0.5144775054638032,0.5177315119544925,0.4642412409235876,0.5026914491917408,0.5167069840740239,-0.5145826170250616,2.4326605232309895,1.837164792072259
104.981735,1785142434.932,0.008833792991936207,0.07697959989309311,0.3890000283718109,0.009032259878835675,0.07792569017953177,0.3888568322630241,0.45597872377999554,0.49834420211918673,0.5301025354559957,-0.5125697626443472,0.46335333147540925,0.5022276584988159,0.5181630767153309,-0.5143715536247492,0.9628083436562838,1.6858766271324706
105.030632,1785142434.999,0.009254677221179008,0.07782097160816193,0.3890000283718109,0.00904247168193274,0.07791897861697236,0.3888626487074291,-0.4666213906082563,-0.49984914121209784,-0.5143044071269172,0.5175966486234002,0.46392153499242106,0.5018166207099838,0.5174953649058313,-0.5149324575616385,1.9338545345563312,1.7594549517527205
105.073123,1785142435.032,0.009254677221179008,0.07697959989309311,0.3890000283718109,0.009047281665692632,0.07789327756080199,0.38886545230838165,-0.46596283001091676,-0.5000285490532461,-0.5144742595591713,0.5178477840359709,0.4641075055591816,0.5016546573380833,0.517221372427956,-0.515197903682057,0.9628083436562838,1.6217030717724104
105.117511,1785142435.099,0.009254677221179008,0.07740028202533722,0.3890000283718109,0.009056328174008987,0.0778710600946474,0.3888709061445084,0.4532348009390724,0.5014106441725413,0.5268528824009717,-0.5153558202193746,0.46223216359567526,0.5016199909939111,0.5188966562210402,-0.5152330266350881,1.3611754311839357,1.544394336706886
105.165653,1785142435.132,0.008856501430273056,0.0771774873137474,0.39000001549720764,0.009050905292101558,0.07785515932609548,0.3889168045778652,0.45379536059712694,0.5014092272646609,0.52653023342377,-0.5151936245772935,0.46137470598091457,0.5016014758672983,0.519678035367532,-0.5152320638754107,0.6103759450657102,1.3826986086897024
105.212101,1785142435.165,0.009254677221179008,0.0765589103102684,0.3890000283718109,0.009055563912923137,0.07780969985606914,0.38891878633403065,0.45348524379799177,0.5016758346841271,0.5266055407818133,-0.5151301728392101,0.46053022918441666,0.501612107712989,0.5204244307478908,-0.5152238477436921,0.6103812134216311,1.2491793426358393
105.25981,1785142435.232,0.009278467856347561,0.0771774873137474,0.39000001549720764,0.009065526807612467,0.07778373872738464,0.3889933764116621,0.4533914634832109,0.501573858829083,0.5266992265674838,-0.5152162358787519,0.4592475108843599,0.501608564394138,0.5215580792858724,-0.5152259133667515,1.7760887033467239,1.405788844731963
105.304518,1785142435.265,0.009278467856347561,0.07759924978017807,0.39000001549720764,0.009070242620872061,0.07777834225633984,0.389026278199019,0.4498117485706526,0.504269540337747,0.524105538321909,-0.5183579904232897,0.4582686736507151,0.5018879112626176,0.5218257258010071,-0.5155543222310465,2.433646310890854,1.5838685908138275
105.354969,1785142435.299,0.00967556145042181,0.07697959989309311,0.3890000283718109,0.00908888177605891,0.07775727417670263,0.38902545440407477,-0.4722941813531448,-0.5058877716768143,-0.5085382210216208,0.5122544743464864,0.46007152820586183,0.5024103371960874,0.5201390576873586,-0.5151440601239068,1.6860592301941009,1.6018723593061392
105.40377,1785142435.366,0.009254677221179008,0.07697959989309311,0.3890000283718109,0.009095767773400454,0.07772021292961213,0.389024074103924,-0.4660933683840258,-0.4997282109098569,-0.5145918964930017,0.5179033377310889,0.46127647921578646,0.5018782763678739,0.5190352593891949,-0.515698172328632,1.2295737996323235,1.4913213346458356
105.455545,1785142435.399,0.00967556145042181,0.07697959989309311,0.3890000283718109,0.009112279579904991,0.07770287227124763,0.38902344242687115,0.4644663065579192,0.4915059206706032,0.522324754523774,-0.5194899718280104,0.4616495644304284,0.5006797780180401,0.5194203193281121,-0.5161414257876267,1.9403516611832048,1.5687344569055983
105.499924,1785142435.466,0.009254677221179008,0.07697959989309311,0.3890000283718109,0.009118477819057613,0.0776705840336844,0.38902230585209646,0.4593006802943418,0.5070275475535042,0.5211188198433546,-0.5102951368650335,0.461207589799093,0.5018853204455347,0.5197453439273586,-0.515037340101498,1.7625724245039573,1.626229767109888
105.542135,1785142435.499,0.009254677221179008,0.07740028202533722,0.3890000283718109,0.00912142614244592,0.07766324109520312,0.389021775779554,-0.46656084439576895,-0.4998111225281452,-0.5143774664765812,0.5176153419818582,0.4617686745815001,0.5016700992904155,0.5191858718711243,-0.5153084834374552,1.9327890889506572,1.67901634395811
105.591895,1785142435.566,0.009254677221179008,0.07782097160816193,0.3890000283718109,0.009127052549357001,0.07767328826258008,0.3890207936342838,-0.46669824034028107,-0.49994765773567695,-0.5142447624879825,0.5174914648973201,0.4626167621545688,0.5013764295649111,0.5183397395388136,-0.515685293241139,2.048140680373381,1.7886231684059641
105.638163,1785142435.599,0.009254677221179008,0.07740028202533722,0.3890000283718109,0.009129744307804675,0.07766734984467623,0.38902032962984173,0.45285134772173813,0.5010577736950361,0.5271918611276888,-0.5156893501393095,0.46160109731348864,0.5013472387654774,0.5192680356510206,-0.5156899071073089,1.3818019180890442,1.71851262121307
105.686258,1785142435.632,0.00967556145042181,0.07740028202533722,0.3890000283718109,0.009145202055081148,0.07766160650178183,0.3890198830656701,0.4563309493147509,0.5102334279960885,0.5179671952002622,-0.5129657867238634,0.4610250983723498,0.5023256964904311,0.5191281555359287,-0.5153937440889568,0.43042004108428955,1.494849834686335
105.733023,1785142435.699,0.00967556145042181,0.07697959989309311,0.3890000283718109,0.009172429267337523,0.07762545031957066,0.38901903521116443,0.45269480896487085,0.5014927340426321,0.5271133593403616,-0.515484193786409,0.45946242114596153,0.5021741056039758,0.5206359238423462,-0.5154160319784056,0.9628083436562838,1.3367054941795495
105.776531,1785142435.732,0.008833792991936207,0.07697959989309311,0.3890000283718109,0.009161294810784707,0.07760883897923818,0.38901863045120233,0.4659842108889157,0.5013646642843874,0.5265884740876141,-0.504179301010381,0.46021237240696433,0.5020868243304402,0.5213214673458746,-0.5141374532181756,1.7078895905511218,1.4006543580770487
105.820182,1785142435.799,0.008833792991936207,0.07740028202533722,0.3890000283718109,0.00914245175801351,0.0775989710110897,0.389017853956908,-0.46639135271401644,-0.4996215881652501,-0.5145258982601222,0.5178035098108527,0.46139072466048875,0.5016221789549135,0.5200337459643264,-0.5148385104439103,1.361174252651278,1.3889551207854964
105.864535,1785142435.833,0.009254677221179008,0.07740028202533722,0.3890000283718109,0.00914494794724644,0.0775942143770071,0.3890174706681888,-0.466653246175409,-0.4998828515645885,-0.5142725088215979,0.5175670673603069,0.46195864293834066,0.5014367163095891,0.5194155200839421,-0.5151339138973001,0.9625376182748705,1.313621772790899
105.912169,1785142435.866,0.00967556145042181,0.07740028202533722,0.3890000283718109,0.009160868283317823,0.07758980262786078,0.3890171081263383,0.4700365776228737,0.4970677832510455,0.5169991610010237,-0.514491109811147,0.4628329008445428,0.5009671536522305,0.5191568716706422,-0.5150667524258971,1.1182020014451428,1.2800042271846304
105.959105,1785142435.933,0.009254677221179008,0.07782097160816193,0.3890000283718109,0.00916475271298868,0.0776031741009577,0.38901640711180013,0.4695681519428197,0.4966114840952891,0.5174366083138732,-0.5149195480095067,0.46403145031589815,0.5001959892722269,0.518853881411072,-0.5150431391430894,1.465622308283671,1.335058121383213
106.003292,1785142435.966,0.009254677221179008,0.07740028202533722,0.3890000283718109,0.009166618060945077,0.07759881795097964,0.389016069899185,-0.4630655948328906,-0.502493215810306,-0.5117144690991426,0.5207870246667643,0.4639359415754683,0.5004297080877252,0.5181359976161447,-0.5156245119775049,1.7630869803410778,1.4088368573435903
106.046097,1785142435.999,0.00967556145042181,0.07782097160816193,0.3890000283718109,0.009181175856754441,0.0776050397722543,0.38901574038698994,-0.47217615196685064,-0.5057844704577732,-0.5086400482116568,0.5123641793810054,0.464867664200846,0.5010371329699024,0.5170726630089237,-0.5152627556253313,2.434632180440984,1.586557817910021
106.091862,1785142436.066,0.00967556145042181,0.07740028202533722,0.3890000283718109,0.009206747189398415,0.07759599486138026,0.3890151007658009,-0.4683633631097234,-0.5086530252463624,-0.5059401426238849,0.5156863698858019,0.4655638888548221,0.5025460906408098,0.5148861607137081,-0.515354182753484,2.266503092821785,1.7888487796742978
106.142313,1785142436.099,0.00967556145042181,0.0765589103102684,0.3890000283718109,0.009218543928261033,0.07755555875251623,0.3890147925932258,0.469668658709638,0.4970431424172378,0.5171913017181441,-0.5146577727276435,0.46600295915018436,0.5019603046138089,0.5151333713308457,-0.5152811896397934,0.0,1.47692057987699
106.187262,1785142436.166,0.009254677221179008,0.07697959989309311,0.3890000283718109,0.009220281296076034,0.07752564648786496,0.38901419347904487,-0.4662602845339793,-0.49989300041935636,-0.5144313702289588,0.5177535132883041,0.4660453730939785,0.5016227362553014,0.5150190001102214,-0.5156857281473926,1.7755482514489611,1.5655535699057725
106.233297,1785142436.199,0.008833792991936207,0.07740028202533722,0.3890000283718109,0.0092078441150609,0.07752263185443097,0.3890139046418183,0.4698600639720344,0.4972192012761204,0.5170220553267442,-0.5144830225306192,0.4663828718282243,0.5012347889286359,0.515196645855502,-0.5155803713604353,1.3637379593878265,1.5308335770073325
106.279379,1785142436.233,0.009254677221179008,0.07782097160816193,0.3890000283718109,0.009208882641801823,0.07753243730948628,0.389013613493276,-0.47640977650074734,-0.48916847186351214,-0.5106018078059618,0.5225262910653472,0.46750626483662483,0.4998994841519485,0.5146932245399243,-0.5163615813514967,1.9388119979289153,1.602896717845495
106.323831,1785142436.3,0.008833792991936207,0.07782097160816193,0.3890000283718109,0.009187788107932263,0.07754866654880668,0.3890130635110609,0.45304346429904513,0.500631812629433,0.5272644293038021,-0.5158600868745555,0.4645578281755987,0.5000644703610141,0.5172836374626573,-0.5162743342223507,1.6605403242574723,1.619980020789087
106.371936,1785142436.333,0.00967556145042181,0.07782097160816193,0.3890000283718109,0.00920280502847161,0.07755605108811092,0.38901279823930224,-0.46621369088233067,-0.4994620560275121,-0.5146811794478923,0.517963060984827,0.4647306754011414,0.5000019848969944,0.5170127210837779,-0.5164506372130957,0.9649591505359295,1.5068537956425114
106.417074,1785142436.366,0.009254677221179008,0.07697959989309311,0.3890000283718109,0.009203861349186089,0.07753764760132022,0.38901253844752115,-0.4620009832811003,-0.5024059149766915,-0.5121436867816007,0.5213945071953476,0.4644464579447,0.5002548975864788,0.5165048571089145,-0.5169693005646113,1.6599242285728437,1.533175929181235
106.460795,1785142436.433,0.009230885654687881,0.07720130681991577,0.3880000114440918,0.009204973197047094,0.07752122379674287,0.3889380812690862,-0.4662009459546164,-0.4994323842040551,-0.5147095539713685,0.517974947897935,0.4647267423575276,0.5001238834626369,0.5162185837637583,-0.5171300899241413,0.0,1.0746412710290392
106.512046,1785142436.466,0.00965068768709898,0.07678170502185822,0.3880000114440918,0.009217729722646196,0.07749721174030494,0.38890553585305476,-0.4656788848152492,-0.4997279190715046,-0.5147653860802476,0.5181040247202712,0.46480174576493144,0.5000927956990917,0.5161042937903897,-0.5172068162300857,1.2207584758839727,1.099765411324858
106.554133,1785142436.533,0.009230885654687881,0.07678170502185822,0.3880000114440918,0.00921829930143015,0.07745644287295592,0.3888512086793326,-0.46549104623152054,-0.49955873899193465,-0.5149300053283367,0.5182723625543152,0.4648871479012465,0.5000267805280407,0.515959035447824,-0.5173387982847973,0.6103812134216311,0.9543372420102736
106.603808,1785142436.566,0.009254677221179008,0.07782097160816193,0.3890000283718109,0.009219065268733595,0.07746900370893155,0.388856025892043,-0.46629832219512213,-0.4995281206712963,-0.5146162102181044,0.5178877171331372,0.4649741887269626,0.4999961067958029,0.5158763307799898,-0.5173726977215916,0.9649591505359295,0.9561615238445996
106.653651,1785142436.6,0.009254677221179008,0.07824166119098663,0.3890000283718109,0.00921983254971129,0.0775011156614814,0.38886051264160704,0.4695585086886384,0.49693158343537197,0.5172980482060381,-0.5147587178715283,0.4652881909409669,0.49978721660773867,0.5159741758000432,-0.5171946320234169,2.48777970343768,1.2292700756778674
106.698617,1785142436.666,0.009254677221179008,0.07782097160816193,0.3890000283718109,0.009221248935467075,0.07751812352318999,0.3888679466964919,-0.46599582478890267,-0.4996291825554202,-0.5146871588484561,0.5179919880990602,0.46536352660211977,0.49977047294262966,0.5158373406720618,-0.5172795186855107,1.3651053736810472,1.2691219170413892
106.742664,1785142436.7,0.009254677221179008,0.07782097160816193,0.3890000283718109,0.009221960387448639,0.07752625727027941,0.38887150066854426,-0.46609595505850054,-0.49972867330204507,-0.5145905601779645,0.5179018914172944,0.46540355877896117,0.49976822200748927,0.5157692794174575,-0.5173135433724382,1.5563087202415955,1.319798197710349
106.793789,1785142436.767,0.009254677221179008,0.07740028202533722,0.3890000283718109,0.009223298025141718,0.07752036007914262,0.3888777163248854,-0.465910395049504,-0.49956257538578874,-0.5147526791040566,0.5180679650527807,0.4654487144348612,0.4997499533977496,0.5156788190220091,-0.5173807436713782,1.2207584758839727,1.2904390814853026
106.843679,1785142436.8,0.00967556145042181,0.07697959989309311,0.3890000283718109,0.009236300606156116,0.0775032499996272,0.3888806170808326,-0.46619920556017325,-0.49983337060508826,-0.5144897533916366,0.5178080687085059,0.46548215382247665,0.49975369084046717,0.5156258959715943,-0.5173997954847003,1.7627685318076765,1.3718856483792068
106.886403,1785142436.867,0.00967556145042181,0.07740028202533722,0.3890000283718109,0.009259108119874982,0.07749895797391988,0.3888859971463746,-0.4792743185263639,-0.49797050779202295,-0.5020212877651254,0.5199001130997084,0.4673131249544106,0.4995293079296039,0.513841310652991,-0.517741268618922,1.761933519324828,1.4877210704655157
106.92893,1785142436.9,0.009254677221179008,0.07697959989309311,0.3890000283718109,0.009259001528068715,0.07748364318660948,0.388888539995119,-0.4755021842792315,-0.5007480625223497,-0.4992508166043526,0.5233523409192699,0.46808931350233146,0.49965055643896855,0.5124763159281728,-0.5182757390114193,0.964958317223626,1.3975401310777071
106.972059,1785142436.933,0.008833792991936207,0.07782097160816193,0.3890000283718109,0.009245393906898398,0.07749375419031784,0.3888909881730859,-0.482716445952517,-0.49502922188339255,-0.5049218449240662,0.5167057507005032,0.469739632208593,0.49913867107351123,0.5116350655859161,-0.5181069625419062,1.7070147578504613,1.4508300360644926
107.019643,1785142436.967,0.009254677221179008,0.07782097160816193,0.3890000283718109,0.00924559833368704,0.07750328253283532,0.3888934210472664,-0.46579473712288794,-0.49943042537960375,-0.5148804684089878,0.5181723808972349,0.4693096111591308,0.4991711540168288,0.5119899804696828,-0.5181147631266906,1.6860025506060845,1.4923092382041774
107.064767,1785142437.033,0.00967556145042181,0.07782097160816193,0.3890000283718109,0.009268163805528782,0.07751936154484436,0.388897862188316,-0.4629689081923291,-0.5023970040795472,-0.5118084960490327,0.5208734046878624,0.46821801328841245,0.4997295750361916,0.5119608091250287,-0.5185926858204281,1.686875149755085,1.549412406805435
107.1154,1785142437.067,0.009254677221179008,0.07782097160816193,0.3890000283718109,0.00926783789579658,0.07752711615338725,0.38890008219735595,-0.46554586198428183,-0.499609963351952,-0.5148789436861541,0.518224476706189,0.46797315421929003,0.49971892987525074,0.5122288824354573,-0.5185592444970056,1.5563066544963133,1.5506260359416053
107.160122,1785142437.133,0.00967556145042181,0.07908303290605545,0.3890000283718109,0.009288104161811379,0.0776619165981249,0.38890416909461284,-0.47212015830250686,-0.5052854027754538,-0.5089264717650868,0.5126237062438719,0.4686280539512779,0.5005971912291413,0.5117128912893724,-0.5176293230407295,2.1817236384660124,1.736352777965825
107.208728,1785142437.167,0.009254677221179008,0.07782097160816193,0.3890000283718109,0.00928725476930866,0.07766604064280865,0.3889062195290262,-0.4682491681819398,-0.5080337654697653,-0.5063484567627379,0.515999660826949,0.4685942294026784,0.501296908038222,0.5112113689224157,-0.517478303358023,2.1575093269348145,1.8107536963794497
107.267987,1785142437.234,0.010096445679664612,0.07782097160816193,0.3890000283718109,0.009337997603859395,0.07767333193690111,0.38891006831355435,0.46142976534148017,0.515288684794733,0.5127938135336217,-0.5085298887784926,0.4672961009108534,0.5038669559973827,0.5115132290462907,-0.5158552716005547,1.1189844774758264,1.6049329592360482
107.32341,1785142437.267,0.008833792991936207,0.07824166119098663,0.3890000283718109,0.009319602838789886,0.07768818722719084,0.38891191985675355,0.46913755756063713,0.49650768726124,0.5177044815878337,-0.515142832931224,0.4674896069970575,0.5031042655323825,0.5121590690420396,-0.5157835334235187,2.1168017154188368,1.6932268852706218
107.364281,1785142437.334,0.009254677221179008,0.07782097160816193,0.3890000283718109,0.009316457984636688,0.077694394019005,0.38891551159014365,-0.4684951935154991,-0.5082739514367137,-0.5061069097652329,0.515776734480793,0.4676649579862533,0.5039970197059033,0.5111189729490302,-0.5157847290205593,2.261396984101134,1.8621461523230431
107.407751,1785142437.367,0.00967556145042181,0.07782097160816193,0.3890000283718109,0.009325634882302708,0.07769730813350986,0.3889172416361466,-0.4721288327029616,-0.5053128101135435,-0.508900548772524,0.5126144367111766,0.46807704497626457,0.5041190492281621,0.5109153162349804,-0.5154933596159041,0.9649591505359295,1.7068777277595557
107.452114,1785142437.4,0.009254677221179008,0.07824166119098663,0.3890000283718109,0.009323885985676855,0.07771186127559021,0.38891893404316813,-0.4827103750151478,-0.49502323658432235,-0.5049277128872826,0.5167114222201165,0.46973495769147466,0.5031018128194512,0.5102486821422835,-0.5156393292141644,0.9652307081405976,1.5786961048246904
107.497955,1785142437.467,0.00967556145042181,0.07782097160816193,0.3890000283718109,0.009341042172487596,0.07771687225670397,0.3889222243983798,-0.4659671606262907,-0.4996351175590041,-0.5146822508535868,0.5180169255689995,0.4690553263356435,0.5024767645108391,0.5110524616299206,-0.516071296842675,1.9384047263038378,1.6854997333128168
107.545707,1785142437.5,0.009254677221179008,0.07866235077381134,0.3890000283718109,0.009338847923320575,0.07775010414307265,0.3889238107355885,-0.4627704889799075,-0.5022008175299227,-0.5120005651241816,0.5210501268727348,0.4684284564291541,0.5024506554069934,0.5111487366405273,-0.516570507403661,3.4270059688125802,1.9890542377524687
107.588228,1785142437.567,0.00967556145042181,0.07908303290605545,0.3890000283718109,0.009354925946212803,0.077849048310336,0.3889268975723629,-0.46635389328708926,-0.4995972518410863,-0.5145482144988939,0.5178385531464501,0.46809802567833014,0.5019959293927443,0.5116923931689566,-0.5167738577000488,2.6113458492504136,2.1741296876382816
107.637576,1785142437.601,0.009230885654687881,0.07804051786661148,0.3880000114440918,0.009351566857014864,0.0778543536835591,0.3888883130974101,0.43971915976361814,0.48824677638701824,0.5394723543542592,-0.5265279904923718,0.46385141275613506,0.49997145308283886,0.5159654989950321,-0.5183145925335113,1.361683166025293,2.030133070434439
107.683022,1785142437.634,0.007150255609303713,0.07740028202533722,0.3890000283718109,0.009205943842784978,0.07783676867618829,0.38889099224559126,0.46008383615992765,0.4702004171708918,0.5569945132548716,-0.5069433337175399,0.4631776027438306,0.4939441239490355,0.5245396770848821,-0.5160851072220412,81.74466176684311,23.954601363262114
107.731095,1785142437.701,0.0063084871508181095,0.07740028202533722,0.3890000283718109,0.008838961415730165,0.07780820014099775,0.38889594447318704,0.4773881346441803,0.4511096818187131,0.5587647354443402,-0.506342368654042,0.46867369032717754,0.47810865207668407,0.5375479697096088,-0.5126395118068823,97.61549218022674,54.934931322027296
107.778501,1785142437.734,0.005452664569020271,0.07636209577322006,0.3880000114440918,0.008584663216358094,0.07773341283093141,0.388861419618975,0.4832678507942685,0.4302681849143384,0.6024074133650372,-0.4673615107837343,0.47364381777798586,0.4637063887892059,0.5581862992359032,-0.49906510018442957,125.56013825303813,74.82486517576447
107.821614,1785142437.801,0.0037831810768693686,0.07866235077381134,0.3890000283718109,0.007815887723170288,0.07780177360183185,0.3888682317155082,0.49406602171372205,0.4213910168281004,0.6078418422548685,-0.4570083937180619,0.4840007950571788,0.4434108794838275,0.5828905678686692,-0.47892442851575,135.16021528309736,100.09375456422411
107.868145,1785142437.834,0.005466718226671219,0.07950371503829956,0.3890000283718109,0.007714731730315522,0.07788916017763817,0.38887140188601105,0.5003213586037021,0.4276233964631392,0.604478927841613,-0.4488006180006091,0.4894427252146405,0.43833631326481015,0.5900770675918485,-0.469165375438219,105.70069435688994,101.27183391954358
107.91552,1785142437.867,0.0058876024559140205,0.0816071555018425,0.3890000283718109,0.0076585091324551284,0.07820795249360793,0.38887441344430973,0.4957169450689795,0.43248654093123545,0.5996028961789974,-0.4557372808741588,0.4913971784813445,0.4365469755751953,0.5930387878225023,-0.46503822126223204,106.40776974211313,102.32337459873578
107.964305,1785142437.934,0.006729370914399624,0.0816071555018425,0.3890000283718109,0.007607823159056895,0.07864223035205292,0.3888800209884176,0.49118857057731097,0.4358557873647807,0.5962957577688759,-0.4617303217481901,0.4913149538860191,0.43627138068597016,0.5943444485752629,-0.46371497164756603,104.88484744921654,103.16215202061417
108.006833,1785142437.967,0.0063084871508181095,0.0820278450846672,0.3890000283718109,0.007578048391733035,0.07887078012810053,0.3888826758618561,0.4944885776748646,0.43258879923109367,0.5985755289138642,-0.45831791751400847,0.49203929278019753,0.43543712338264684,0.5953097618464367,-0.46249122520427083,102.18875488188013,102.98115192147087
108.052644,1785142438.001,0.0063084871508181095,0.08118646591901779,0.3890000283718109,0.007548692172378594,0.07897390075204112,0.3888853104796118,0.49012652320861566,0.4268944956586287,0.6026534487368811,-0.46297505499685704,0.491627815062764,0.4335797763463607,0.5969172441224526,-0.462601851130439,101.36002232770925,102.67834945929653
108.099604,1785142438.068,0.0063084871508181095,0.0816071555018425,0.3890000283718109,0.007494948207482008,0.07919744362596627,0.38889017909314916,0.4863065309697906,0.4311016903585394,0.5988273274662018,-0.46804179555444037,0.4900320463166181,0.43283809374162274,0.5974955510345904,-0.464240072250056,96.80385882786058,100.9226002416265
108.146281,1785142438.101,0.0063084871508181095,0.08118646591901779,0.3890000283718109,0.007469362450671207,0.07925972815785172,0.3888925060428214,0.49984752630728313,0.42908033111027144,0.5885275390016662,-0.46869804323832226,0.49174418171225937,0.4321920025432658,0.5959470490097051,-0.46502134087201447,94.00996304595469,99.71718409249311
108.19171,1785142438.168,0.0063084871508181095,0.08118646591901779,0.3890000283718109,0.007420476433793519,0.079366487941045,0.38889697774710796,0.49517284024156977,0.43239657210247234,0.5855185556981596,-0.47434700763709853,0.4926736171753052,0.43225566026195056,0.5931627009822503,-0.467531561794867,93.78357743736753,97.94069594625205
108.234065,1785142438.201,0.006729370914399624,0.08118646591901779,0.3890000283718109,0.007400962254975373,0.07941518274250084,0.38889912331232934,0.500905201426976,0.43777035549060983,0.5821521697133647,-0.46749325806373665,0.493965873202043,0.433122875613699,0.5914522826712271,-0.46753233904710645,93.78357743736753,97.21937985035224
108.278281,1785142438.234,0.006729370914399624,0.07992441207170486,0.3890000283718109,0.007382906748679601,0.07943588390726869,0.38890121542068107,0.48387260158693635,0.4339780245199071,0.5977597521818012,-0.46926928126486245,0.4924105382666258,0.43325916323828817,0.5924327914837927,-0.4678052445716608,93.85274460702472,96.63659247215071
108.320165,1785142438.301,0.0063084871508181095,0.0816071555018425,0.3890000283718109,0.007333777151662034,0.07958515671559939,0.3889052640481672,0.5037754473596392,0.43493883048413695,0.5838919033531236,-0.46487499133998705,0.4952278905800913,0.4336827101055063,0.5903346252660764,-0.46709064811779083,94.36409194801445,95.96227268410593
108.361599,1785142438.334,0.0063084871508181095,0.0816071555018425,0.3890000283718109,0.007310618982413026,0.0796510340072495,0.38890721223601354,0.5037453411737685,0.43494377328778133,0.5838868809740323,-0.46490929819732213,0.49641316820943293,0.4338607917708156,0.589444312576732,-0.4667913689896355,93.49390874643503,95.53453209651451
108.407072,1785142438.368,0.0058876024559140205,0.08244853466749191,0.3890000283718109,0.007265575238442611,0.07978668664281009,0.3889091728500206,0.4949918652024443,0.4421165033934993,0.5906419416006586,-0.4589751056786363,0.49621484461363385,0.4350396398982852,0.5896195897263447,-0.4656823800759209,93.34795045288287,95.14630989740913
108.453308,1785142438.401,0.006729370914399624,0.0816071555018425,0.3890000283718109,0.007250060760014969,0.0798334615914251,0.3889110336151389,0.495256179359971,0.4409760606511509,0.5924208861122457,-0.4574919938494424,0.4960860637363538,0.43586024215937574,0.5900093535857288,-0.4645572401251443,93.394277407068,94.8433731909156
108.501499,1785142438.468,0.0063084871508181095,0.0820278450846672,0.3890000283718109,0.007209670543532553,0.07996896320128169,0.3889146491013356,0.48738069089621355,0.43971087403933146,0.5925220810223898,-0.4669389605655039,0.4941943938863521,0.43670270792689025,0.5905617747549287,-0.4650800319718438,93.15314071939616,94.33984355108322
108.543149,1785142438.501,0.0063084871508181095,0.0816071555018425,0.3890000283718109,0.0071904051607602215,0.08000317691189533,0.3889163917575354,0.5037857558504899,0.43495671901249966,0.5838769288375174,-0.46486589115496585,0.4953956824747938,0.43648804997563134,0.5897316583258013,-0.4650568472585952,92.11884842620836,93.95295904068861
108.589153,1785142438.568,0.0058876024559140205,0.0820278450846672,0.3890000283718109,0.007117412286322706,0.08011527425071326,0.38891978158365137,0.5003767205466868,0.4379832712850977,0.5816678888283541,-0.4684615872356161,0.4964094477240361,0.4367947752959061,0.5881021381761586,-0.4657508556697957,92.94254344799774,93.6525825579673
108.63509,1785142438.601,0.006729370914399624,0.07992441207170486,0.3890000283718109,0.0071054305219539066,0.08010457404764153,0.388921416220465,0.5010472945834713,0.4379427410296666,0.5820241988747797,-0.46733884505161466,0.4969237249151219,0.4369230312904541,0.5874319669912156,-0.465927849029517,93.16008258630542,93.56787604522177
108.686765,1785142438.635,0.0063084871508181095,0.08076578378677368,0.3890000283718109,0.007088657678027494,0.08012728536233031,0.388923064254955,0.4833150528024288,0.43395748816437885,0.59730548017957,-0.4704398171372209,0.4951744013849475,0.4365475906297106,0.5887177830345252,-0.46651890129700774,92.39371217076291,93.35959295626142
108.733288,1785142438.701,0.006729370914399624,0.08076578378677368,0.3890000283718109,0.007069231414458607,0.08016397376374099,0.38892613368909174,0.47504730066778567,0.4396035519144057,0.6065703408725617,-0.4616830090508348,0.49036335861834085,0.43731344984462805,0.5930562106904235,-0.465386993878263,93.31692464811421,93.34707191946568
108.781486,1785142438.735,0.006729370914399624,0.08118646591901779,0.3890000283718109,0.007059967132079485,0.0801863693080247,0.3889276813399936,0.4919138386792236,0.44477834070522326,0.5891868728804673,-0.46157538038842044,0.4905786536016786,0.43834002425930974,0.5925283500450446,-0.4648663917252022,92.3867127193849,93.176862434137
108.833855,1785142438.801,0.007150255609303713,0.08076578378677368,0.3890000283718109,0.00706556610333853,0.08021686258823132,0.388930564728514,0.49200395886997056,0.44494583916894687,0.589064669188258,-0.46147385643896044,0.4908764657360923,0.439709864339178,0.591814759526437,-0.4641668029878162,92.62226870894848,93.01385483893664
108.884139,1785142438.835,0.0063084871508181095,0.08076578378677368,0.3890000283718109,0.007043856148804097,0.08023147082187622,0.38893201876204025,0.4875972878350076,0.4392711370221075,0.5933077725005439,-0.4661283516003855,0.4905159415802231,0.4396619409709789,0.59197958625381,-0.4643830941970935,92.3867127193849,92.90295511950855
108.930735,1785142438.901,0.0063084871508181095,0.08076578378677368,0.3890000283718109,0.00700706519046574,0.08025675480760756,0.38893472822208464,0.4745620048059181,0.43945389252706296,0.6060628956453006,-0.4629891429174489,0.48723771073789207,0.4396353447183365,0.5949116538586039,-0.4641123797233902,92.30055433896453,92.72578498270133
108.974242,1785142438.935,0.006729370914399624,0.07992441207170486,0.3890000283718109,0.007000049188871779,0.08024291419933413,0.3889360946586274,0.49667758220316016,0.4316016855341373,0.5870711842759664,-0.47157055566874506,0.48848153661520266,0.4385899683438804,0.5938939715532886,-0.46509631110859834,91.99568415632692,92.59652497628298
109.016664,1785142438.968,0.0063084871508181095,0.0816071555018425,0.3890000283718109,0.006982423082263159,0.0802944883104089,0.3889373938543301,0.4957765507962482,0.43227564802154134,0.5859236993907954,-0.47332525212620596,0.4894780694204668,0.43773873660493234,0.5928200314204741,-0.4662192921561254,92.0027133566738,92.49406002181912
109.058961,1785142439.035,0.006729370914399624,0.08118646591901779,0.3890000283718109,0.006970367694706205,0.080339341332467,0.38893992474816774,0.5040992647775698,0.4343890116240841,0.5846198828451765,-0.46412251659778014,0.49287354302046554,0.4369753348115327,0.5909385911246152,-0.4657465071006512,92.37704046819346,92.45937399818187
109.103436,1785142439.068,0.006729370914399624,0.08076578378677368,0.3890000283718109,0.006964726745500886,0.08034989940231668,0.38894114592066403,0.49713233367538323,0.44125475802294234,0.5792460531089129,-0.4718343896902054,0.493459550729779,0.4375634608827653,0.589353740919014,-0.46658124432795756,91.39857204365268,92.27556929040381
109.152372,1785142439.102,0.0058876024559140205,0.0816071555018425,0.3890000283718109,0.006926057052114633,0.0803936160270235,0.3889423777263781,0.4956508351136267,0.4321200324713887,0.586038475628661,-0.4734568958954191,0.493762674021096,0.4368195847634675,0.5889024609519015,-0.4675264309056792,91.38915347384462,92.1183840302583
109.198746,1785142439.168,0.0063084871508181095,0.08076578378677368,0.3890000283718109,0.006897912982705276,0.08041212784443776,0.3889446735367436,0.5005414854131834,0.4373129147060875,0.5824975769285854,-0.46788054980299926,0.49518456907312586,0.436925960244044,0.5875666254931734,-0.46760390120618944,91.61208009951842,91.96951169572145
109.246658,1785142439.202,0.006729370914399624,0.07992441207170486,0.3890000283718109,0.006893321179360627,0.08039130892501624,0.3889458314581351,0.4993725722209917,0.42847891709157077,0.5889672134282883,-0.46920195356364675,0.49569310351723694,0.43590738908351956,0.5877387875957908,-0.46779932965243637,91.22181709549898,91.83707105071014
109.291778,1785142439.268,0.007150255609303713,0.08034509420394897,0.3890000283718109,0.006909249298169793,0.0803887818484483,0.3889479896181566,0.49621507682422,0.4319345305785147,0.5864968659680333,-0.47246649091329906,0.4957900429142497,0.4351819473084628,0.5875133420634447,-0.4686544345051506,90.90727931103714,91.56294376551686
109.343918,1785142439.302,0.0063084871508181095,0.08118646591901779,0.3890000283718109,0.00689201660097766,0.08041428184732788,0.38894907813278173,0.48425327053592887,0.44248992001043114,0.5909889048411298,-0.46950351970895876,0.4944676683916214,0.43602720821381014,0.5879191968178346,-0.468756884350189,90.4590072519712,91.3668017235384
109.385734,1785142439.369,0.0063084871508181095,0.08118646591901779,0.3890000283718109,0.006862422197988418,0.08045679780723713,0.38895113644122536,0.48691339704709685,0.4384640229348732,0.5939014930644039,-0.46684650679178796,0.4930566433664541,0.43648701198201084,0.5890442372189532,-0.4684027341960792,90.4590072519712,91.0963468190453
109.430228,1785142439.402,0.0063084871508181095,0.08076578378677368,0.3890000283718109,0.00684872396814438,0.08046380864027612,0.3889521296342262,0.4906147305351563,0.434969838073985,0.5968483947998632,-0.4624612629968415,0.49279817839665346,0.43632707506910506,0.5898810622870725,-0.4677702120546526,90.52836250896087,90.99832527200948
109.479381,1785142439.435,0.0058876024559140205,0.08118646591901779,0.3890000283718109,0.006817439216369573,0.08048332600517,0.3889531026454732,0.4999339579003087,0.4374335944198044,0.58208137686461,-0.46893406670714627,0.4935979312709784,0.43645313110560535,0.5890133017552005,-0.46790284990429476,90.90255963614374,90.98186506735279
109.528461,1785142439.502,0.0058876024559140205,0.08076578378677368,0.3890000283718109,0.0067643563820806085,0.08049619212392907,0.3889549983349686,0.5004134191702784,0.43715805991638895,0.5826121038036302,-0.4680196332056573,0.4948622031511299,0.43658645045171673,0.58783285928297,-0.46792755926701796,90.59862541456305,90.86805612886944
109.568801,1785142439.535,0.0063084871508181095,0.08034509420394897,0.3890000283718109,0.00675441571524431,0.08049149145925513,0.3889559130603336,0.5008079107841994,0.4367555807856195,0.583245334617477,-0.46718398816261775,0.4954645668959512,0.43660467902158284,0.587370604381731,-0.46785359923303804,90.51071408932526,90.80649801967176
109.615748,1785142439.569,0.0058876024559140205,0.08118646591901779,0.3890000283718109,0.006729699812867091,0.08051194137348273,0.3889568357874168,0.4998130032554835,0.437283461180758,0.5821941715591168,-0.46906298399799573,0.495912406060881,0.43667537448385646,0.5868400752492833,-0.46797887656998693,90.06269076062993,90.6747390631218
109.65956,1785142439.635,0.005466718226671219,0.08076578378677368,0.3890000283718109,0.006649359447109446,0.08052279749423337,0.3889585556384327,0.5031842293869112,0.43419640912664603,0.5844441969647475,-0.46551486574765566,0.4971282056802764,0.43626389070817134,0.5864431945374001,-0.46757004219907705,90.02616745506091,90.48384740392554
109.700204,1785142439.669,0.0063084871508181095,0.07992441207170486,0.3890000283718109,0.006639833449431949,0.08049904455488013,0.38895942308752285,0.5039962189376418,0.43330439321051456,0.5857540247160568,-0.4638182150907505,0.49779549727722344,0.4359783545515873,0.5863781982432703,-0.4672077973214791,90.4081846626204,90.470520113509
109.742814,1785142439.702,0.0063084871508181095,0.08118646591901779,0.3890000283718109,0.006631225180060116,0.08052030472964765,0.388960247921327,0.5036071112617008,0.43376413337371017,0.5850853472274213,-0.4646543775161993,0.49834695915691896,0.4357695051020119,0.5862569208968105,-0.46696688257604585,89.81948744649537,90.35808577493442
109.785541,1785142439.735,0.0058876024559140205,0.08076578378677368,0.3890000283718109,0.00661315931695014,0.08052533390765712,0.38896105599894915,0.5005299795309465,0.4373031653123539,0.5825031969492949,-0.4678949740512257,0.49854651770687214,0.43590978141229986,0.5859150980770664,-0.46705195642109676,90.20887149875816,90.33242686308164
109.829489,1785142439.802,0.0058876024559140205,0.08076578378677368,0.3890000283718109,0.00657989589031269,0.08053510463025887,0.38896263036556966,0.5033928755637854,0.43449621819694273,0.5842216512236523,-0.4652888473257093,0.4992754412089464,0.4356983396113349,0.5856619189742225,-0.46678807539285855,90.90727931103714,90.5033378273767
109.876814,1785142439.836,0.0058876024559140205,0.08118646591901779,0.3890000283718109,0.0065637686592560545,0.0805545526807009,0.3889634125832305,0.4986806548484421,0.42855644140151783,0.5885906828825253,-0.47033816455512,0.4992245469472803,0.4350710418916036,0.5859213876625967,-0.4671018815121326,90.9887545176786,90.5891360228993
109.931145,1785142439.902,0.0063084871508181095,0.08076578378677368,0.3890000283718109,0.0065507912175592885,0.08056346447911564,0.38896487054701184,0.4922951623085911,0.43453253323509006,0.584630498299665,-0.4764809872237701,0.4981333446863154,0.43498987903253306,0.5857226313302872,-0.4685893460146218,90.90640182185238,90.68232164195535
109.980326,1785142439.936,0.0063084871508181095,0.08034509420394897,0.3890000283718109,0.006544537166670323,0.08055674183831894,0.3889656059130158,0.5004307177269977,0.43804584902723404,0.5816224303878319,-0.4684018353668176,0.4983350103511099,0.4352578491371987,0.5853645642535763,-0.46857352586231277,90.43135638167442,90.6380509332304
110.024842,1785142440.002,0.0058876024559140205,0.08118646591901779,0.3890000283718109,0.006513295504372745,0.08059137090003801,0.388966976541704,0.5034804641584159,0.4336097335082343,0.5851981030767059,-0.4647937191627802,0.4990766084324372,0.43502190529724816,0.5853421843200127,-0.4680309905151623,90.51741150823537,90.60266094527628
110.069087,1785142440.036,0.006292269565165043,0.08013854920864105,0.3880000114440918,0.006507542977302436,0.0805750271536008,0.388926682141679,0.5119751217472956,0.4265088589743562,0.5774159749702494,-0.47176525918871004,0.5004078616186091,0.43415438674231854,0.5845370880780218,-0.4684211066593382,90.67813966767079,90.61595557359828
110.120024,1785142440.069,0.0058876024559140205,0.0816071555018425,0.3890000283718109,0.006492328451433441,0.08061424730976337,0.3889284384831187,0.49992468801886863,0.4374220878798519,0.5820900238403518,-0.46894394919820315,0.5003625306857961,0.434463767333747,0.584306072915809,-0.4684709018856762,89.52847653507975,90.42744836916759
110.168242,1785142440.136,0.005466718226671219,0.08118646591901779,0.3890000283718109,0.006430557384813181,0.08064317653913029,0.3889316864432592,0.5031524871233789,0.4331635455924173,0.5855264458130317,-0.46515126434840826,0.5007871850254848,0.43426680858006894,0.5844923413478397,-0.46796713259122485,90.67813966767079,90.50183235265827
110.214541,1785142440.169,0.005466718226671219,0.08118646591901779,0.3890000283718109,0.006402751692663134,0.08065657409662569,0.38893321962440836,0.5005101683786723,0.43728308825419215,0.582516565477779,-0.4679182866915996,0.5007658448187704,0.4345019354690348,0.5843387326189909,-0.4679635480439019,91.06731938062806,90.59941905521771
110.259463,1785142440.236,0.0058876024559140205,0.07908303290605545,0.3890000283718109,0.006380592743394717,0.08049566664086936,0.38893611253578303,0.5008084598437959,0.43675156016518074,0.583250087918017,-0.4671812241366202,0.5007713611618448,0.4347833838292169,0.5842028315051206,-0.4678659045576294,90.49504769687712,90.56847808573997
110.299633,1785142440.269,0.005466718226671219,0.08076578378677368,0.3890000283718109,0.006355135400745862,0.08050296146364726,0.3889374899561708,0.5040972039274301,0.4333982580342842,0.5856825231484858,-0.4637110533552314,0.5010014679810026,0.4346882208537881,0.5843055843353664,-0.46757958022817336,89.14081585832082,90.32028591355969
110.340805,1785142440.303,0.0058876024559140205,0.08076578378677368,0.3890000283718109,0.0063442003973016685,0.08050995166439294,0.3889388636243412,0.5001262734110385,0.4368344560317099,0.5828567762897069,-0.46832397653829105,0.500942071728576,0.4348343010425081,0.5842071967044646,-0.46763032699758317,90.12119511634735,90.285180635771
110.385748,1785142440.336,0.0058876024559140205,0.08034509420394897,0.3890000283718109,0.006334016149916225,0.08050592735217985,0.3889401577492374,0.49517060701078625,0.4400877506740771,0.5935642810336114,-0.45695764129758537,0.5004361646876158,0.4353042349365407,0.5850421954476516,-0.4666899373940417,90.37377876238604,90.30040741250072
110.432702,1785142440.403,0.006292269565165043,0.08013854920864105,0.3880000114440918,0.006331648188344401,0.08048647403785021,0.38887207705655624,0.4947725488589273,0.44034396986565205,0.5928945560656125,-0.45801021657421387,0.4994863176738872,0.43616147151214874,0.5863765749452458,-0.4652301597923552,90.20692474205276,90.27269596394997
110.47854,1785142440.436,0.0058876024559140205,0.08118646591901779,0.3890000283718109,0.006322042728880101,0.08051191396546634,0.3888755187019889,0.4917626865425263,0.4439257217649336,0.5903033092134914,-0.4611305854219183,0.4987050219149644,0.4369533924163817,0.5867796257292389,-0.46481685081509777,89.73204841302588,90.17941347985794
110.528409,1785142440.503,0.005872467067092657,0.0805581584572792,0.3880000114440918,0.006302837027170759,0.08051381906987258,0.38881865741256827,0.5000858920649127,0.43675038475234973,0.5829177765920571,-0.4683695845262449,0.498930656745953,0.4369212455052686,0.5861525766670538,-0.4653957260780877,90.36744442491138,90.2351834633501
110.574105,1785142440.536,0.005466718226671219,0.0816071555018425,0.3890000283718109,0.006278072398563808,0.08055962496552002,0.38882413715855574,0.5000283809963157,0.43755526793967076,0.5819882584741312,-0.46883544308711794,0.4990263086414337,0.43697667307847127,0.5857927295667926,-0.4656941146886676,89.90970389722276,90.17912946095095
110.619156,1785142440.569,0.0058876024559140205,0.08076578378677368,0.3890000283718109,0.006269775232461322,0.08056398801254636,0.3888291548161863,0.504086332051792,0.43342858869555184,0.5856586904173707,-0.4637246237569911,0.4994706722296393,0.4366664099829502,0.5857819665557193,-0.46552226760187143,91.12959849223834,90.34369317218969
110.665323,1785142440.636,0.0058876024559140205,0.08118646591901779,0.3890000283718109,0.006253846610929294,0.08059868225105803,0.3888379750932751,0.498783993757696,0.42868576652052837,0.5884964987368718,-0.4702285743425985,0.49936618068647676,0.4354187763546833,0.5862108805352484,-0.466262490799421,90.51071408932526,90.39322578408044
110.707278,1785142440.669,0.0058876024559140205,0.08118646591901779,0.3890000283718109,0.0062462071108658,0.0806144918437841,0.388842045512128,0.4829970723549992,0.43350594664814096,0.5976254337593446,-0.4707762347879869,0.4975745614765883,0.43521721399804325,0.5874795453469236,-0.4667690180486857,90.20250856370916,90.36041895913407
110.74993,1785142440.703,0.005466718226671219,0.0816071555018425,0.3890000283718109,0.006223364039447775,0.08064947709698371,0.38884599395416236,0.4965290213443649,0.4404843548714644,0.5798284855900534,-0.47247369384403026,0.49745492219612597,0.4358381986004313,0.5865850785812078,-0.46744155849630625,89.82776117550212,90.26623227293082
110.792082,1785142440.77,0.005466718226671219,0.08118646591901779,0.3890000283718109,0.006184368114861626,0.08067381311627404,0.38885305171929185,0.5035826182925566,0.4337434307178126,0.5850973305384363,-0.4646851586392138,0.4985769802205495,0.4354569621927484,0.586315387310133,-0.4669394987312487,90.75482759765839,90.41142132573978
110.835108,1785142440.803,0.005045833997428417,0.08076578378677368,0.3890000283718109,0.006146067463132515,0.08067628517048489,0.38885637731812267,0.496460194035189,0.44111073762474556,0.5790370713399304,-0.4729319854955593,0.49835488071065703,0.43606069538250153,0.5855450082018685,-0.46757943302103194,98.40768472618127,91.87800340679644
110.883518,1785142440.836,0.005045833997428417,0.08076578378677368,0.3890000283718109,0.006111544956955882,0.08067859042844949,0.38885957070953264,0.5016247995900707,0.4437372056276677,0.5641924891994122,-0.4828630115353022,0.4988323786997039,0.4371483178824972,0.5826014925304535,-0.4697266301100953,66.52134971765516,86.61592782949675
110.930627,1785142440.903,0.0075711398385465145,0.08076578378677368,0.3890000283718109,0.006267292781154028,0.08068276204847208,0.3888656135494601,0.4768831550074161,0.4673973619460406,0.5585712778598187,-0.4920572020264551,0.49237579474055804,0.4463384896678742,0.5755422385158171,-0.4765492220944306,62.585397975632894,78.4625716954369
110.978211,1785142440.936,0.009254677221179008,0.07866235077381134,0.3890000283718109,0.006510493244458321,0.08055155051345482,0.3888684942675655,0.5020711629369604,0.4768893347110297,0.5220886538116599,-0.49792022187005824,0.4949276221728852,0.4539381512762983,0.5627871149529646,-0.48193097728727574,7.284808388051311,59.45085351546931
111.019078,1785142441.003,0.008811083622276783,0.07762091606855392,0.3880000114440918,0.006761713309318794,0.08016823331990057,0.3888059082734481,0.5000671168897999,0.467474731713285,0.530534989618585,-0.4999328740996367,0.4969835197238937,0.45919514931931604,0.5505674322067559,-0.48889947694563995,7.419973390673037,39.05089082251378
111.065357,1785142441.036,0.008391281589865685,0.07804051786661148,0.3880000114440918,0.006831153677890118,0.08005560329126271,0.38877847341979815,0.5049849151888779,0.47351509212883836,0.5251508902460488,-0.49496488302876773,0.49897780518198215,0.46272652985198326,0.544419395569759,-0.490421074419087,6.9609927122665685,31.65118558245311
111.111929,1785142441.07,0.008391281589865685,0.07846012711524963,0.3880000114440918,0.006893385731695752,0.07999139859901355,0.38875310971880633,0.49965752181118034,0.4674585151091292,0.5305492782503507,-0.500342243766714,0.4991555504602148,0.4638776889239015,0.541099632543016,-0.492820873974706,6.531532146091405,25.959196513567342
111.162619,1785142441.136,0.008391281589865685,0.07846012711524963,0.3880000114440918,0.006990284366655002,0.07989163782255977,0.3887115763695008,0.4997554286284378,0.46797011054628085,0.5300980811465947,-0.5002444517997241,0.49936562384770944,0.4652477609397426,0.5374548428748276,-0.4952986841595064,7.835098282197699,19.768446498113885
111.204546,1785142441.17,0.007551676128059626,0.07887972891330719,0.3880000114440918,0.007005670351420959,0.07986786324612352,0.38869183414109565,0.5017960654198385,0.47660087591230604,0.5223519934676452,-0.4981974595771934,0.49987870213883706,0.4675879805688696,0.5343766640606259,-0.4959075967183354,6.86172646001372,17.105442234668697
111.247488,1785142441.203,0.008391281589865685,0.07804051786661148,0.3880000114440918,0.007050420900112254,0.07979586965210558,0.38867397323191927,0.5052819861485779,0.4734265255080569,0.5252307349588077,-0.49466161613142007,0.5009197136959795,0.46871201631622483,0.5326304591415991,-0.49567457084878386,6.9179583951697765,15.104143598367655
111.290708,1785142441.27,0.008391281589865685,0.07804051786661148,0.3880000114440918,0.0071265065224656275,0.07967939083826026,0.3886416738474226,0.4998079484193145,0.46761802620383797,0.5304086929615942,-0.5001919778413844,0.5006203959461091,0.4684174178169923,0.5320310150715569,-0.49689771668860677,6.427933178096614,12.306739937984268
111.337331,1785142441.303,0.008391281589865685,0.07804051786661148,0.3880000114440918,0.00716107790944209,0.0796277195157058,0.38862657619156693,0.48853476966152076,0.4782445095351503,0.5347765379082929,-0.4966185884902703,0.49870815018956827,0.4699869496293146,0.5324762250029935,-0.49686166879644933,6.000257020645216,11.124756723839257
111.383618,1785142441.337,0.008391281589865685,0.07762091606855392,0.3880000114440918,0.007194139970342901,0.07954927536775173,0.38861176178202,0.5016209826155222,0.47641734923735807,0.5225193865739808,-0.49837374509482124,0.49918111851415203,0.4710246455323745,0.5308823057296013,-0.49710961737154447,6.867020070955427,10.324384005400887
111.436631,1785142441.403,0.008391281589865685,0.07762091606855392,0.3880000114440918,0.007251202808134793,0.07942653910569096,0.38858520296017346,0.4998605874022101,0.4672555730031265,0.5307280183837292,-0.5001393737368789,0.49933602647841424,0.4701721316785105,0.5308484776072336,-0.49779673871542807,6.727613315006823,9.225846204831074
111.493824,1785142441.437,0.008811083622276783,0.07762091606855392,0.3880000114440918,0.007302920364452191,0.07936951132073566,0.388572032257678,0.5015110245359536,0.4763020650185219,0.522624475947206,-0.4984843952110216,0.49962494236356203,0.47098049694640026,0.5297712827565048,-0.497890225281494,6.358439016022617,8.699044461396335
111.536953,1785142441.503,0.008391281589865685,0.07762091606855392,0.3880000114440918,0.007348536102993748,0.0792753621289941,0.38854805551543814,0.5048843672088823,0.47300439629537505,0.5256109217712736,-0.4950674456557275,0.5006707674776935,0.4713842090560171,0.5289481994755322,-0.49733239620752956,7.6335967819794375,8.380915157124463
111.582467,1785142441.537,0.007971478626132011,0.07846012711524963,0.3880000114440918,0.0073664934688254064,0.07924903385834507,0.3885360845476182,0.5015942731413917,0.4763893185646332,0.5225449427154802,-0.4984006271582722,0.5007765961255471,0.4719501357671847,0.5282280374527607,-0.4974545311594331,7.128779759970745,8.15561222492867
111.627686,1785142441.603,0.008811083622276783,0.07762091606855392,0.3880000114440918,0.007449522737164933,0.07916283724543599,0.3885140836159567,0.5050019464334999,0.4731292314172141,0.525498554116523,-0.4949475064068678,0.5015043883826085,0.47215400822861847,0.5277598995124899,-0.49702457626680996,7.778427804474731,8.044005990868607
111.669525,1785142441.637,0.007551676128059626,0.07804051786661148,0.3880000114440918,0.007453540289311763,0.07913597868628068,0.3885030535239868,0.5018313736626728,0.47631604843555897,0.5226117315969231,-0.49816189377333436,0.5015369268642139,0.47255652182612956,0.5272642086018874,-0.49713529244926524,6.707141228169253,7.804412250690756
111.718324,1785142441.67,0.007992023602128029,0.07824166119098663,0.3890000283718109,0.007467680912284528,0.07911194850273193,0.38852302225203317,0.5131757575503608,0.46572506614582715,0.5178245003165091,-0.5016060122227763,0.5028487998236607,0.4717976278395675,0.5262137466595092,-0.4976436231957793,6.3558614485287945,7.551132504068111
111.765538,1785142441.737,0.007971478626132011,0.07804051786661148,0.3880000114440918,0.007492478297892163,0.07906636469207248,0.38849852596227236,0.5121818029626711,0.46587388755678616,0.5180421227983283,-0.502258579432185,0.5047048296429796,0.47063279275152137,0.5246048109903014,-0.4985655439436068,6.198208005275297,7.145587626941948
111.816009,1785142441.77,0.008391281589865685,0.07762091606855392,0.3880000114440918,0.007515125773538192,0.07902585175524028,0.38848702893737874,0.5126483332964331,0.465759481428436,0.5179717117212739,-0.5019612511782531,0.505622383857913,0.47007553184802064,0.5238454785495263,-0.49895983195329413,6.710970010424217,7.0704154403113435
111.859268,1785142441.837,0.007971478626132011,0.07846012711524963,0.3880000114440918,0.007537030155005182,0.07899294275324774,0.38846552164752685,0.5046650939640723,0.4731757885030506,0.5254566330102953,-0.4952909679513992,0.5054524061643992,0.47063012722571645,0.5241342381246477,-0.49830557780905904,6.539392905199578,6.912258162492265
111.900871,1785142441.87,0.008811083622276783,0.07762091606855392,0.3880000114440918,0.007580660070364526,0.07895191814064484,0.3884553187377841,0.501714125102403,0.4765149766018484,0.5224303561951009,-0.4982799781977301,0.5050899391737267,0.47120359106440646,0.5239696925529221,-0.49830421471174097,8.365023315009301,7.164372859226974
111.944643,1785142441.904,0.007131874095648527,0.07804051786661148,0.3880000114440918,0.007560921139842372,0.078932228757187,0.3884451759520605,0.4937639825941079,0.48386164994390835,0.529699131473719,-0.49142025123345495,0.5037289344477401,0.47274498493500106,0.5246734702522307,-0.49748074277546817,6.1998083296905975,6.9929181227206785
111.997811,1785142441.97,0.008391281589865685,0.07762091606855392,0.3880000114440918,0.0076034976491127304,0.07886275894541697,0.3884266514883954,0.513402794318883,0.47558170644789133,0.5232800784399418,-0.4862279000484885,0.5057162713745269,0.4733338283718463,0.5243984017965251,-0.4951893132723561,7.955206696713606,7.276418166973778
112.046796,1785142442.004,0.008391281589865685,0.07720130681991577,0.3880000114440918,0.007623985467615818,0.07880380716175102,0.3884173895868812,0.5048906226546682,0.47301100855337375,0.5256049712353569,-0.4950610660871865,0.5056303894839687,0.473300278488405,0.5245240391176906,-0.4951760171906065,6.708316471274592,7.175841010727718
112.092196,1785142442.07,0.0075711398385465145,0.07908303290605545,0.3890000283718109,0.007620790244914408,0.07882677297955036,0.38845913047109837,0.504665218729504,0.47357004395443625,0.525101336380887,-0.4952908408245622,0.5054860933046572,0.47334066210190945,0.5246104179781464,-0.4951932314009511,6.014530538867711,6.832756481836579
112.136477,1785142442.104,0.008412908762693405,0.07824166119098663,0.3890000283718109,0.007644062141068119,0.07881351158442884,0.38847818652110666,0.5048709304011849,0.4737881440069376,0.5249045576087727,-0.4950811485361182,0.5054404196848896,0.4733739056084829,0.5246322746345726,-0.49518491904488376,7.076082002993015,6.875652327858883
112.179285,1785142442.137,0.008412908762693405,0.07782097160816193,0.3890000283718109,0.007664926180917026,0.07878615408407032,0.38849481646698003,0.5018776577033968,0.476686440713136,0.5222739101661522,-0.49811526447013466,0.5051731384171703,0.47362365515163707,0.5244555981686525,-0.4954059537915452,6.3558614485287945,6.785943370420625
112.226409,1785142442.204,0.008412908762693405,0.07782097160816193,0.3890000283718109,0.0077021192981644015,0.07873759995520818,0.3885231899892938,0.5016787305796186,0.47647786955006344,0.5224641995668533,-0.4983156141282574,0.5047183236869714,0.47399679335182554,0.524196847504558,-0.4957863639644434,6.561636115604452,6.719379077127594
112.27391,1785142442.237,0.008412908762693405,0.07824166119098663,0.3890000283718109,0.007719393055931307,0.07872532564449228,0.38853610350772366,0.5017831874789164,0.4765873881483694,0.522364299562973,-0.49821043020344186,0.504512826765997,0.4741789045117443,0.5240687132842062,-0.4959568105200913,5.849030732499728,6.568747060164223
112.319908,1785142442.271,0.007971478626132011,0.07762091606855392,0.3880000114440918,0.007726160044959096,0.0786919607537087,0.3885167492105326,0.49646564129129017,0.47068982590626907,0.5276846480506384,-0.5035095500754956,0.5038200749555087,0.4738800261521052,0.5243843549836392,-0.4966126268373552,5.713077286274794,6.416994646391625
112.367976,1785142442.337,0.007551676128059626,0.07846012711524963,0.3880000114440918,0.007715438515605822,0.07867905492035657,0.3884858728175419,0.5046791238092773,0.47319067286005523,0.5254432292058279,-0.49527667216526583,0.5039319044483183,0.4737904919506402,0.524522174881915,-0.4964390128438812,5.97449050058215,6.286903047455916
112.418682,1785142442.371,0.008391281589865685,0.07804051786661148,0.3880000114440918,0.007734962162438692,0.07866456188756835,0.38847138485030125,0.5018361839857775,0.476321090500015,0.5226071361404058,-0.49815704797040966,0.50378336952997,0.47397047071534926,0.5243864826286025,-0.4965613016650634,6.737806903889166,6.366566690401113
112.467691,1785142442.437,0.008391281589865685,0.07762091606855392,0.3880000114440918,0.00776798056863122,0.07860597116445385,0.3884470949004559,0.50477594674156,0.47329342130041663,0.5253506803590782,-0.4951779918283544,0.503893505259305,0.4738955184780181,0.5244934767846835,-0.4964080637280741,6.536886690236452,6.416541764477167
112.520315,1785142442.471,0.007971478626132011,0.07846012711524963,0.3880000114440918,0.007773092087251107,0.07860141039860524,0.3884354165464413,0.49160015270247465,0.47496069744144426,0.5376861413384845,-0.49359420495116424,0.5028120456857671,0.4739962021470918,0.5256684136088333,-0.49616566386379446,7.148913757515768,6.546250426665374
112.567754,1785142442.537,0.008391281589865685,0.07762091606855392,0.3880000114440918,0.007803029249019962,0.07854818459746432,0.38841509422725207,0.48857396571652734,0.47828604038111205,0.5347402674546662,-0.4965790873195274,0.5003557108043265,0.47474988170061017,0.5272518763761636,-0.4962480945540935,7.632363355756257,6.866774581342205
112.617761,1785142442.571,0.007131874095648527,0.07887972891330719,0.3880000114440918,0.007773991845807638,0.07856168409852596,0.38840515107911394,0.4914328014490077,0.4749725200485807,0.5375095600661749,-0.49394167641144443,0.49938135142464946,0.47477871956983125,0.5283822313848112,-0.4959996480338774,6.186661961572859,6.746360689703572
112.664841,1785142442.638,0.007971478626132011,0.07804051786661148,0.3880000114440918,0.007782301669430285,0.07853966976871674,0.38838714670342156,0.49720059623403745,0.48106429398151634,0.5322331515163717,-0.48795141621634186,0.49898571046636464,0.4759368384789488,0.5290939689101426,-0.4945270049167723,6.341768160707401,6.626193490714911
112.711093,1785142442.671,0.007971478626132011,0.07804051786661148,0.3880000114440918,0.007786279852349972,0.0785291385607334,0.3883786154956219,0.48881114976477147,0.47839242316837416,0.5348152488615479,-0.4961622707400209,0.49788888131974457,0.4762057222212637,0.5297163894891246,-0.4947073060795688,6.001567765825988,6.518343158050899
112.761683,1785142442.704,0.007971478626132011,0.07804051786661148,0.3880000114440918,0.007790151633019706,0.07851889536119722,0.38837038418308334,0.4885026300550254,0.47819287003442135,0.5348226932450886,-0.49665022527694036,0.4968281431732465,0.47643385165360463,0.5302983551642857,-0.4949305361963315,5.851587373212304,6.4031768591810945
112.807381,1785142442.771,0.008412908762693405,0.07824166119098663,0.3890000283718109,0.007824095651490637,0.07850604194935519,0.38841550791484675,0.5017793752197931,0.4765833910675704,0.5223679463352772,-0.4982142697715854,0.49776424469734004,0.4764655876389511,0.5288089507650992,-0.49555261485282304,6.960405539941285,6.56882831681256
112.852304,1785142442.804,0.0075711398385465145,0.07908303290605545,0.3890000283718109,0.007816119901360033,0.07852906056312764,0.3884353036779585,0.4918275206391949,0.4752089331511083,0.5374663277710172,-0.493368124535448,0.4971238637350601,0.4763321242191604,0.5297498654260334,-0.4953187374035905,5.358232872339746,6.358757340531108
112.899095,1785142442.871,0.008391281589865685,0.07804051786661148,0.3880000114440918,0.007846486034942302,0.07850528103417309,0.3884111038062587,0.5047053043217358,0.4732184786103265,0.5254181872582335,-0.495249993225143,0.49849718011676875,0.47577244220252357,0.5289703947203584,-0.49530946504752377,6.961962423875642,6.538127435203327
112.949261,1785142442.904,0.007551676128059626,0.07887972891330719,0.3880000114440918,0.007836988236259983,0.07851799472618307,0.3884000718436681,0.48847599081874904,0.4780318612017363,0.5351366589581323,-0.49649320469546515,0.4974306507907191,0.47601697186296127,0.5296324308987063,-0.49543927810849386,4.67235610709422,6.212565243984726
113.005538,1785142442.971,0.008811083622276783,0.07762091606855392,0.3880000114440918,0.007901602515206156,0.078460587032062,0.38838034322936454,0.49168170302360026,0.4750661182189059,0.5375934578162751,-0.493512472330106,0.4963950263832642,0.4758486298519821,0.5310756600276892,-0.4950946400195663,6.549474259735354,6.312581852375134
113.054036,1785142443.005,0.007150255609303713,0.07950371503829956,0.3890000283718109,0.00786856313710968,0.07851217210525407,0.3884038310439305,0.4993415368258744,0.46792946541511016,0.5301339598595143,-0.5006575971663407,0.4967096516683191,0.4750118794546082,0.5309784785782762,-0.4956864851932488,5.358232872339746,6.143220668159583
113.098606,1785142443.071,0.008811083622276783,0.07762091606855392,0.3880000114440918,0.00792927295838992,0.07845483927551035,0.3883833014614555,0.49175238791159165,0.4749104221187132,0.5379007171719854,-0.4932570307782109,0.4958609267850429,0.47499710158318925,0.5321704530556189,-0.4952719492057117,6.344345186882458,6.202249144915259
113.144253,1785142443.105,0.008391281589865685,0.07762091606855392,0.3880000114440918,0.007939968140863595,0.07842824341694775,0.38837340806071685,0.504718021892836,0.47323197089383384,0.5254060351042208,-0.49523703251734197,0.4967898506294898,0.47481539611143697,0.5314664357730386,-0.4952712505019556,7.326284016087938,6.401994161269784
113.194615,1785142443.138,0.008391281589865685,0.07804051786661148,0.3880000114440918,0.00794994746600081,0.07842027291515911,0.38836435027795074,0.4916495399309983,0.47501449665078854,0.5376386134506429,-0.493545012318133,0.4962606042954519,0.4748374404145017,0.5321054503093283,-0.49509454405802583,5.901501503308758,6.315670122795521
113.242502,1785142443.205,0.007551676128059626,0.07762091606855392,0.3880000114440918,0.007923658524508964,0.0783763936557349,0.3883476652964922,0.4885975969998111,0.47816223829958876,0.5350210601687335,-0.4963725689905333,0.4949320196351077,0.47541784060617687,0.5326150834400845,-0.4953194380047942,5.67430024178934,6.124901380207613
113.289907,1785142443.238,0.006712071597576141,0.07804051786661148,0.3880000114440918,0.007865402241210613,0.07836875582970201,0.38833980262859524,0.48311365480462365,0.4719559352523403,0.5408890765919165,-0.5012961186214704,0.49363566871650777,0.47504225112570275,0.5335336822201006,-0.49598437087562713,9.121285338540922,6.652704153814421
113.337237,1785142443.305,0.0050328620709478855,0.07846012711524963,0.3880000114440918,0.007502042597384783,0.07837403666609831,0.3883250043938542,0.4734206523003887,0.46848568780152894,0.5439057610907401,-0.5104513388687563,0.48909186746079464,0.4735897063099655,0.5359180090355806,-0.49929332346056093,79.17425224750455,36.28766905389362
113.385068,1785142443.338,0.004613060038536787,0.07804051786661148,0.3880000114440918,0.007306364114634748,0.07836687639936289,0.3883179660056703,0.48847889744647777,0.4659227097016244,0.5603757317329249,-0.4798785623661036,0.4890271897853601,0.47238574896161767,0.5399018627470773,-0.4961956171016032,104.26571135700995,54.706574880209374
113.426412,1785142443.405,0.005045833997428417,0.07908303290605545,0.3890000283718109,0.007100546940113388,0.07841942520095904,0.38836692016043306,0.5165088783506112,0.4419691842265015,0.5519630786512453,-0.4829270944821729,0.4977146081536551,0.46298851713842437,0.543784553589963,-0.4921586747232858,114.89419163177055,79.39175015328456
113.471525,1785142443.438,0.004624949302524328,0.07950371503829956,0.3890000283718109,0.006974811044267643,0.07846606136960745,0.38838839172003337,0.5112980903666114,0.4379992904968688,0.5691226879807656,-0.47204899145877255,0.5007801296035763,0.4575683322745127,0.5494416575309793,-0.487815895664908,127.88805030729303,91.89295470888494
113.519338,1785142443.472,0.005452664569020271,0.07929933816194534,0.3880000114440918,0.0069292201890207095,0.07849609802216498,0.3883766104985204,0.5115992582008384,0.43835431846775663,0.5688506719762709,-0.47172089574362236,0.5034361024245846,0.4529896376418535,0.5541705661322807,-0.4839911802887248,131.4974509705248,101.95129480952707
113.56151,1785142443.538,0.005452664569020271,0.07929933816194534,0.3880000114440918,0.006852875739551802,0.07854403493396901,0.3883569497680413,0.4917725363214137,0.4484937800278092,0.5740906599381169,-0.47689937719417136,0.4993922741445106,0.4514486614110866,0.5611739904352002,-0.48154461381469726,137.31948452994305,115.35341573275292
113.606469,1785142443.572,0.0063084871508181095,0.08076578378677368,0.3890000283718109,0.006834592393812937,0.0786759805133875,0.38838031598292166,0.4895875151999747,0.4532133849461833,0.5704172379094902,-0.4790885798697826,0.49736140573845344,0.4518226919685099,0.5631047598516904,-0.4810414914917097,101.84087860785021,112.93394409368929
113.65113,1785142443.605,0.006292269565165043,0.0805581584572792,0.3880000114440918,0.006818210195659071,0.07876532949755437,0.388369533920206,0.4643950392578778,0.4644053506150471,0.5876016829206547,-0.4726406457993258,0.4896618549623868,0.4548723598866959,0.5689873924826458,-0.4791406382281745,100.91888409821797,110.85726150274449
113.695673,1785142443.672,0.006292269565165043,0.08097776025533676,0.3880000114440918,0.006789859164485281,0.07896517935894236,0.38835054816333525,0.4762311510595181,0.45436397425867864,0.5826976928050497,-0.47667669174825117,0.48505220164770413,0.45471634000088273,0.5737382445283594,-0.47831144516772023,99.8262351505535,107.57960784072407
113.741806,1785142443.705,0.006712071597576141,0.08097776025533676,0.3880000114440918,0.0067871659537796615,0.07905013101737887,0.3883417796536312,0.4760098130535643,0.4543883989241822,0.5821906153484334,-0.477493380268294,0.4832788048096953,0.45465734342911357,0.5754084260962194,-0.4781562925081767,99.40752532853197,106.16707089535079
113.788256,1785142443.738,0.006292269565165043,0.08181697130203247,0.3880000114440918,0.006775469495361572,0.07920224020466607,0.38833350531912986,0.47572943906288434,0.4540488645039224,0.5824516681176134,-0.4777773370081735,0.48187703920808395,0.4545477347677291,0.5767245435217918,-0.4780896116850457,98.45895518479537,104.82541886877624
113.833007,1785142443.805,0.006292269565165043,0.08181697130203247,0.3880000114440918,0.006753753046332458,0.07943037802220203,0.3883182544571258,0.4878886783852255,0.451696673383543,0.5712780415945142,-0.48122359870406983,0.48351566883322317,0.45377626660987674,0.5752483578773973,-0.4789457428704432,97.79036702204507,102.71580310134894
113.882149,1785142443.839,0.006712071597576141,0.08223658055067062,0.3880000114440918,0.006752432326824056,0.0795716517065538,0.388310856876448,0.47850195354023284,0.45042782231106065,0.5847154430866409,-0.4756663830483395,0.48273451309030263,0.4532557483879437,0.5767368086206347,-0.47843627580571174,96.84132433994755,101.66123332075215
113.935107,1785142443.905,0.006292269565165043,0.08223658055067062,0.3880000114440918,0.006734057029456503,0.07978019183519804,0.3882975250302029,0.4752401686441409,0.45374419659949966,0.5822092070887802,-0.47884801904196783,0.48100281664065175,0.4533723439837688,0.5780084529474594,-0.478535303207305,96.71956049872962,100.19415944454335
113.992986,1785142443.939,0.0058876024559140205,0.08286921679973602,0.3890000283718109,0.006709194587431072,0.07993787057824664,0.38832588261595624,0.476188352439409,0.4546129396552608,0.5820039299682054,-0.47732918787835266,0.4803904741005204,0.4535314853547391,0.5785189191325589,-0.47838273839165335,94.8839924082624,99.23342335778199
114.039007,1785142444.005,0.006292269565165043,0.08181697130203247,0.3880000114440918,0.006691559814945494,0.08002257465190725,0.3883103945713118,0.464148563897575,0.46401279549457963,0.5872547694230308,-0.4736982922061541,0.4767340055145152,0.4559226460737618,0.5805201636623287,-0.4773421921060913,94.08897968691662,97.69258609225339
114.085942,1785142444.039,0.006292269565165043,0.08181697130203247,0.3880000114440918,0.006682770724307227,0.08006428400147508,0.38830284158886,0.4757646917058743,0.4543797839593327,0.5817170013313179,-0.4783223812630808,0.4766201892012379,0.45574139425796034,0.5806610421899727,-0.4774575697257729,94.48781330672834,97.11852061264268
114.131033,1785142444.105,0.006292269565165043,0.08181697130203247,0.3880000114440918,0.006666657318369618,0.08013945302650098,0.3882894190557776,0.475297250302146,0.45346671012901457,0.5829007775114761,-0.47821245303369525,0.4763928274813606,0.4553501402295385,0.5810472027131247,-0.477587972981426,94.18486630598022,96.24776432613068
114.174995,1785142444.139,0.006292269565165043,0.08223658055067062,0.3880000114440918,0.006658587573219956,0.08020460326092083,0.3882827887557761,0.4642135040595557,0.46407980755981987,0.5859728790104914,-0.4751542275179137,0.47502304025665015,0.45634212013820497,0.5816110596337601,-0.4773191342537943,93.70328359813045,95.79262308378415
114.219979,1785142444.172,0.0063084871508181095,0.0820278450846672,0.3890000283718109,0.006651178466196196,0.08024877980099197,0.3883107992541032,0.4767473727825922,0.46245681575031633,0.5757463506274089,-0.4768246804121982,0.47521588482922344,0.45702143237866194,0.5809632862679593,-0.47726610309267453,93.40730238092692,95.37641255517539
114.27081,1785142444.239,0.0058876024559140205,0.0816071555018425,0.3890000283718109,0.006610343066678247,0.08031580800406218,0.3883562134165743,0.4725165086132449,0.45748049815432124,0.5798162247550424,-0.4808876047552419,0.47475187323597584,0.4571011843690603,0.5807667034527251,-0.47789036636867754,94.04252158004297,94.97900589586666
114.317289,1785142444.272,0.0058876024559140205,0.0816071555018425,0.3890000283718109,0.006591609206303603,0.08034697941227693,0.3883763805034612,0.47453894902493543,0.4455579765549946,0.5884383969907816,-0.47961560476432374,0.4747336946829216,0.4558819720504597,0.5815851773707066,-0.4780776382082414,93.51305309997126,94.72471555537649
114.367177,1785142444.339,0.0063084871508181095,0.0816071555018425,0.3890000283718109,0.0065782888706431095,0.08040448430917986,0.38841094523646585,0.47595260061183825,0.4539674615122595,0.5830023039828465,-0.47696014446663765,0.47493086011892205,0.45557297250242995,0.5818144230884013,-0.4778973968524123,94.05134476325661,94.52469117650983
114.410266,1785142444.372,0.006292269565165043,0.08181697130203247,0.3880000114440918,0.0065717622233669466,0.08043614699705953,0.38839683697385613,0.4755420924048685,0.45346573264618106,0.5833926395463472,-0.47736943323803976,0.47498048240472523,0.4554024888327559,0.5819423671897818,-0.47785478523193564,93.26694038904849,94.30666893628228
114.457138,1785142444.406,0.006292269565165043,0.08139736950397491,0.3880000114440918,0.0065653223594790595,0.08046303728460942,0.3883838098301053,0.4759818651498493,0.4540592603897985,0.5829351682294854,-0.47692561447672477,0.47505758168481366,0.45529925046882347,0.5820188240923085,-0.47778339758567423,93.26694038904849,94.12224774674817
114.49919,1785142444.472,0.006712071597576141,0.08097776025533676,0.3880000114440918,0.006573626522221181,0.08049540507515081,0.38836251950114753,0.47590934281909647,0.45426590194607114,0.582286201112298,-0.4775935172726138,0.47515666224275616,0.4551791476231763,0.582049968824828,-0.477761366883488,93.23178845021893,93.85995496671248
114.540256,1785142444.506,0.0063084871508181095,0.0816071555018425,0.3890000283718109,0.006567809385362869,0.08052188979410557,0.38838476506514746,0.47564847287074674,0.45394786580032703,0.5825341748017858,-0.4778533253824414,0.475185721541271,0.45510648706715484,0.5820785851407004,-0.4777668219888188,92.28259801369295,93.5787602321079
114.593387,1785142444.539,0.006729370914399624,0.0816071555018425,0.3890000283718109,0.006572356235808034,0.08054647544788901,0.38840420486582045,0.47568835490090056,0.45399877984221243,0.5824907080392562,-0.4778182415536092,0.4752127423585353,0.45504700146966826,0.5821007483327962,-0.4777696042486825,92.84243765720461,93.45157198696145
114.638629,1785142444.606,0.005872467067092657,0.08181697130203247,0.3880000114440918,0.006531342097823858,0.08061088226921848,0.38838048792399493,0.47498793014448554,0.45314736085621865,0.5831495345811334,-0.47851912802301716,0.47519200876181505,0.4548710079716973,0.5821981003155615,-0.4778391914699697,92.66494922990644,93.21746351217031
114.684955,1785142444.639,0.005466718226671219,0.0820278450846672,0.3890000283718109,0.006492652285820829,0.0806520153132613,0.38840089440667425,0.4794400719250965,0.45120107607479815,0.5845948911829599,-0.47413460070341384,0.47543557759047295,0.45466177646091904,0.5823359554389722,-0.47762800963678215,91.88651372923167,92.986341716813
114.73043,1785142444.706,0.0058876024559140205,0.08118646591901779,0.3890000283718109,0.006463464271194709,0.08068242397945154,0.3884354133005914,0.47947538936148765,0.4508511280298674,0.5853557732695601,-0.47349258711287245,0.4758929821512311,0.4542328991839757,0.5826785203975373,-0.47716253489294924,91.03623205500341,92.40172270572863
114.780938,1785142444.739,0.006292269565165043,0.08097776025533676,0.3880000114440918,0.0064591318552826155,0.0806917691424025,0.3884208730779963,0.47510493525892633,0.45298525892638863,0.5837740063221774,-0.4777944801172974,0.4758486564906508,0.45416269252399577,0.5827402635933553,-0.4771981664073572,89.0514643591818,91.80989806242438
114.826005,1785142444.806,0.005872467067092657,0.08097776025533676,0.3880000114440918,0.006431060302375786,0.08070774334364426,0.38839636452548343,0.4750835902484571,0.4529591795093869,0.5837942419724916,-0.4778157040267548,0.47577620763192024,0.45404867989300324,0.5828402586511171,-0.47725677515809867,88.36772906704864,90.76843690778416
114.876357,1785142444.839,0.005452664569020271,0.08097776025533676,0.3880000114440918,0.006399692993623515,0.08071502000374421,0.38838527412595225,0.46960619610257365,0.4465312835120602,0.5882417965557897,-0.4837886131483048,0.47535298118333286,0.45353235920235285,0.5832161147629558,-0.4777100647016648,83.75247133413443,89.49129636327424
114.921539,1785142444.873,0.005466718226671219,0.0820278450846672,0.3890000283718109,0.006371142103252342,0.08076391052261503,0.3884070067319807,0.4744406835422184,0.45236274941715215,0.5837612401667057,-0.4790582378153799,0.47529234350395605,0.4534545978689617,0.5832524638220197,-0.4777998318580275,74.80173639684664,86.58799226335026
114.969757,1785142444.939,0.005466718226671219,0.08244853466749191,0.3890000283718109,0.006323608464469961,0.08088974993209715,0.388441859747104,0.4682778058900814,0.46683072721357033,0.5713376328816074,-0.48616692389884153,0.47419993799932386,0.4555774722734467,0.5813903634299417,-0.4791334165649217,76.90148711369368,83.57342592565561
115.016616,1785142444.973,0.007551676128059626,0.08181697130203247,0.3880000114440918,0.006394800432666246,0.0809115326857669,0.3884270909508694,0.4872429052395818,0.4679336476139711,0.5301302683592816,-0.5124396074599347,0.4767343108024006,0.4579803236570128,0.5721730554185511,-0.48538275072336234,70.87290222969852,81.09277294077862
115.062175,1785142445.039,0.009230885654687881,0.08013854920864105,0.3880000114440918,0.00678271490969885,0.08084151853351287,0.38840306643152994,0.48357631527316713,0.48357631527316713,0.5159011022539364,-0.5159011022539364,0.4794995038751543,0.4675868930274225,0.551932538608454,-0.4968029751095199,10.334129334831946,52.51214699014902
115.116525,1785142445.073,0.009230885654687881,0.08013854920864105,0.3880000114440918,0.006945050769120138,0.08081058039146786,0.38839168386738776,-0.466658499344397,-0.5003145951158089,-0.5140186591488003,0.5173973028056961,0.47616980392729846,0.47659006683156513,0.5418371780814452,-0.5025302960758273,3.345395740502721,40.01804690231981
115.164567,1785142445.139,0.009230885654687881,0.0797189474105835,0.3880000114440918,0.007170840311435433,0.0807197274727167,0.3883723120249547,-0.46333293549776766,-0.5027657140093402,-0.5114445444438326,0.5205513477634464,0.4710481456143703,0.48740069469479763,0.5295626360230737,-0.5100172760334548,3.705445131014358,26.576398515858422
115.211401,1785142445.173,0.009230885654687881,0.07887972891330719,0.3880000114440918,0.007269469206989121,0.08061417180433482,0.3883629316331062,-0.46665534991675034,-0.49991066144389057,-0.51424284389297,0.517567785390163,0.4699436255911667,0.4906276593054348,0.5256610526552828,-0.5119745564108039,2.8910537268712817,21.267796241678855
115.259481,1785142445.206,0.008833792991936207,0.08034509420394897,0.3890000283718109,0.00732297465756913,0.08060867330709015,0.3883866752534567,-0.46321595724087455,-0.5021872581437542,-0.5118464851085155,0.5208186924425205,0.46830851140677293,0.4934910624499948,0.5222852669409616,-0.5141709923384986,2.2177790642254305,17.22619589518354
115.30792,1785142445.273,0.009230885654687881,0.07846012711524963,0.3880000114440918,0.0074607874442470384,0.08039148652835419,0.3883669900125125,0.4700634276805606,0.49713954929040627,0.5169283927079452,-0.5144683462574878,0.4688985609523727,0.49471536520541326,0.5204939631011852,-0.5142731582940049,3.2711291649878755,12.54016583834273
115.35216,1785142445.306,0.008412908762693405,0.07950371503829956,0.3890000283718109,0.007482920673568132,0.08036821890752176,0.3883899335262943,0.46972181455785983,0.4967785428876136,0.5172744860377714,-0.5147811208166929,0.46904615166164565,0.4950844696516873,0.5199194706896461,-0.5143644811987956,2.562092068275438,10.587040926692616
115.397517,1785142445.373,0.008811083622276783,0.07804051786661148,0.3880000114440918,0.00754922092005482,0.08014627203977955,0.38836952884713255,0.46980792747501676,0.4971967059455595,0.5170423376779691,-0.5145319892164288,0.46923866821911214,0.4956172624486605,0.5191952417128098,-0.5144073312012831,4.231019342597088,8.56590476867081
115.440838,1785142445.406,0.009254677221179008,0.07908303290605545,0.3890000283718109,0.007606206047634383,0.08012129108217461,0.38839200301738996,0.46940505725682247,0.49677306190557186,0.5174480752816366,-0.5149008706285239,0.469259939033858,0.4957643028769452,0.5189732956567045,-0.5144701973934886,3.0913588899815165,7.548459864879187
115.490121,1785142445.44,0.009230885654687881,0.07804051786661148,0.3880000114440918,0.007657469481697786,0.0800274163155483,0.3883806942591463,0.469975221327198,0.4970356983665359,0.5170286889839744,-0.5145484823175109,0.4693439155909812,0.49591346545908355,0.5187455415197229,-0.5144795300373942,4.497113594245197,6.981340183193026
115.532877,1785142445.506,0.008833792991936207,0.07908303290605545,0.3890000283718109,0.0077051377363723215,0.07998730774143933,0.38841950621358406,-0.4659921051385381,-0.4996384924979345,-0.5146767745553208,0.5179966722830143,0.468738212196554,0.49659069258220895,0.5180100729353657,-0.5151191481637983,3.3964170699592775,5.887921337288647
115.576849,1785142445.54,0.009230885654687881,0.07804051786661148,0.3880000114440918,0.007750254578784271,0.07990669221007878,0.38840622052208884,-0.4829489991427994,-0.49511163120139273,-0.5048410370097661,0.5164883969916152,0.47050210306299367,0.49641830250314084,0.5163950392110092,-0.5152987516300236,4.113474749074058,5.565201550479786
115.621198,1785142445.573,0.007992023602128029,0.07992441207170486,0.3890000283718109,0.007759586463949959,0.07990743637731522,0.38842529956663874,-0.4663650339329134,-0.4996062653878436,-0.5145385973959182,0.5178293797186534,0.47002729361793016,0.49678580624298047,0.5161825529711297,-0.5155907078079692,2.78453159827556,5.06904011899458
115.66539,1785142445.64,0.008833792991936207,0.07866235077381134,0.3890000283718109,0.007806529579671766,0.07984132759824955,0.38845778199806,0.4698369223190935,0.4968967318395126,0.5171622458865388,-0.5146747669572743,0.4699952083012237,0.4968046016248568,0.5163480515976765,-0.51543610815458,2.6096999645233154,4.322708203174645
115.710757,1785142445.673,0.008833792991936207,0.07866235077381134,0.3890000283718109,0.007828842545546303,0.07981096306948299,0.38847255056813146,0.4699191838147794,0.49699461471441275,0.517067739857323,-0.5146001030184154,0.4699890259622131,0.4968201324068629,0.5164068111470037,-0.5153679044248878,3.279443472555035,4.140293359944042
115.756665,1785142445.707,0.008811083622276783,0.07762091606855392,0.3880000114440918,0.00785008744396085,0.07970818737263206,0.3884555514934677,0.4698046774205249,0.49688124549801393,0.5171775467684265,-0.514703777006475,0.4699751525526042,0.4968247559497634,0.516464906681358,-0.515317880560369,3.7151903909154305,4.064628897825727
115.80087,1785142445.773,0.008391281589865685,0.07804051786661148,0.3880000114440918,0.007878744141342832,0.0796074882903382,0.38842840834890996,0.472648003612118,0.49403170199220847,0.5202423527447738,-0.511746457260569,0.4703205191983021,0.49646618383187596,0.5169526533028762,-0.5148590989538495,3.8743282484665515,4.00852344827971
115.848464,1785142445.807,0.00965068768709898,0.07762091606855392,0.3880000114440918,0.00795194346905353,0.07953049421692987,0.3884156665266463,-0.4663462797813368,-0.5000086184865108,-0.5143180729917928,0.5176769731862981,0.47002323729119766,0.49673253838964826,0.516755888410975,-0.5150711538262097,2.872309698444521,3.8057083441579955
115.892962,1785142445.84,0.007992023602128029,0.07866235077381134,0.3890000283718109,0.007953450273060282,0.07950687293867009,0.388435343537574,0.4694903291391489,0.4968758308125404,0.5173498240186626,-0.5148226871331719,0.46998812726333045,0.49674199283313325,0.5167950421911898,-0.5150547904391156,3.100094583133636,3.6833453216164176
115.938262,1785142445.907,0.008811083622276783,0.07762091606855392,0.3880000114440918,0.007991481097152598,0.0793826188793743,0.38841102618770285,-0.48585532387339087,-0.49201228062038577,-0.5078621030542907,0.5137553934158575,0.4724591600035638,0.4960202593215061,0.5154220983752767,-0.5148653270300682,3.3544162613074637,3.585482377292212
115.983426,1785142445.94,0.008391281589865685,0.07804051786661148,0.3880000114440918,0.00800238513405712,0.07935208764243194,0.38839994916083503,-0.4768563029236714,-0.4894511468400986,-0.5103308484276766,0.522118823987383,0.4728763816675947,0.49540418445976514,0.5149454111437864,-0.515551981106343,3.100178269759538,3.5016092210515737
116.028161,1785142446.007,0.008811083622276783,0.07846012711524963,0.3880000114440918,0.008038901689787749,0.07930632197777536,0.3883801640436489,0.46966279020700646,0.4967209167005279,0.5173306843477177,-0.5148341067173762,0.47239357488538114,0.4956028132998591,0.5153047828246152,-0.5154446067758892,2.473149944634476,3.1945823368847908
116.072107,1785142446.04,0.007971478626132011,0.07804051786661148,0.3880000114440918,0.008036512624544698,0.07927556910001292,0.3883709670276154,0.4695481538218722,0.49693480115132976,0.5172936219304471,-0.5147695050770192,0.4721734673085195,0.49570621489116645,0.5154590608367298,-0.5153925900606641,2.9553823252724833,3.153365477737743
116.115565,1785142446.074,0.008391281589865685,0.07887972891330719,0.3880000114440918,0.008045388533960177,0.07926167037888249,0.388361987130094,-0.48274955084959476,-0.4950615189388441,-0.5048901786190385,0.5166748214830239,0.47321117228499116,0.4956481731442145,0.5144318784955795,-0.5155229551348577,2.9563580812002552,3.118592539187425
116.16713,1785142446.14,0.008811083622276783,0.07762091606855392,0.3880000114440918,0.008082568569807116,0.0791583263457433,0.3883460034795804,0.47279856590972685,0.493667673499494,0.5202487321092044,-0.5119521471329794,0.4731477872198081,0.4953379564215567,0.5153496285360649,-0.5149623682802996,4.113474071365863,3.411855234820255
116.214806,1785142446.174,0.008391281589865685,0.07846012711524963,0.3880000114440918,0.008090564097143338,0.07913865201969827,0.38833810248522016,-0.4765129184406788,-0.48926923145342754,-0.5105052586927703,0.5224322334610939,0.47347863614868707,0.49474886128773127,0.5148800549629757,-0.5156937796469873,2.791455802858021,3.3020069682615087
116.259005,1785142446.24,0.009230885654687881,0.07846012711524963,0.3880000114440918,0.008160388942905559,0.07910514793456748,0.3883237844479477,0.4697572430433104,0.4968318961675132,0.5172240922529433,-0.5147479363261793,0.47291518355032475,0.4950654525246717,0.5152362486346459,-0.5155511953016905,2.7575766216052027,3.141813802677836
116.30349,1785142446.274,0.008811083622276783,0.07846012711524963,0.3880000114440918,0.008174496500195859,0.0790889197178147,0.38831665009239014,-0.4793847105417091,-0.49807707653838823,-0.5019155564703813,0.5197983256021913,0.4735843652409952,0.4953800814965045,0.5138753014339943,-0.5159928278880648,3.8170191652712755,3.261307424372051
116.348587,1785142446.307,0.009230885654687881,0.07846012711524963,0.3880000114440918,0.008205699227368234,0.07907399746807596,0.38830993283251647,-0.4826860567733688,-0.49499947289917856,-0.5049510093360895,0.5167341391824004,0.47458535883554737,0.49534232340979717,0.5129016046243948,-0.516078156669743,2.616189420223236,3.149869258335651
116.404523,1785142446.374,0.008833792991936207,0.07866235077381134,0.3890000283718109,0.00823160469620915,0.07905263616703172,0.38835985627921554,-0.4664405298832958,-0.4996992755420767,-0.5144491193560651,0.5177605331605366,0.4730996015098107,0.496142173934881,0.5131879768705829,-0.5163892046605029,2.924715519789255,3.0830603732176445
116.449962,1785142446.407,0.009230885654687881,0.07804051786661148,0.3880000114440918,0.008259699433984281,0.07902411210694948,0.3883501654798428,0.47267349944718473,0.49379661078438797,0.520294337729643,-0.5118969351585102,0.4730577620596933,0.4959044826593136,0.5139151675104102,-0.5159324553042,3.761449778321678,3.200224551970809
116.496346,1785142446.474,0.008833792991936207,0.07824166119098663,0.3890000283718109,0.00828451220767633,0.07898940301680973,0.38839234412927914,-0.482633867938223,-0.49509683229472,-0.5048555502831814,0.5167828843131225,0.47481756253598456,0.4957630801596967,0.5122628778717994,-0.5160949472843716,3.697021240901232,3.3478435450987725
116.551942,1785142446.507,0.007992023602128029,0.07824166119098663,0.3890000283718109,0.008273220579509431,0.07897295092071314,0.3884111164512772,0.46948819705309686,0.4968754107492739,0.5173511085784536,-0.514823746026947,0.474284921548398,0.49587578362233875,0.5127739056744384,-0.5159689351774422,2.8733158032753945,3.2660090562860744
116.605593,1785142446.574,0.007971478626132011,0.07804051786661148,0.3880000114440918,0.008253319464246888,0.07892677312690055,0.38838660373232,0.46932772698962966,0.4970513364038929,0.5173545966609273,-0.5147967317025826,0.4734692271493192,0.49607124133766517,0.5135308104307412,-0.5157773950055203,2.9563580812002552,3.1740908150839777
116.649559,1785142446.607,0.008811083622276783,0.07804051786661148,0.3880000114440918,0.008268100526969456,0.07890531146416013,0.38837555228035675,0.4694449895850132,0.4968311305560955,0.5173931924519145,-0.5148635876310295,0.4731160047016839,0.4961387032383546,0.5138710886062442,-0.5156977191521342,2.5421643010820523,3.0649684655623908
116.700045,1785142446.674,0.008391281589865685,0.07804051786661148,0.3880000114440918,0.008273793632159224,0.07886575750433014,0.38835613686570114,0.4694463596602552,0.49683250736264145,0.5173918703584188,-0.5148623384133881,0.47258474692525926,0.4962401273879814,0.5143824174394042,-0.5155774641823895,2.5712253980753386,2.9182391445029836
116.752681,1785142446.707,0.008391281589865685,0.07804051786661148,0.3880000114440918,0.008276472016532331,0.07884711378195104,0.3883471793284839,0.4726734641876133,0.49379590251876393,0.5202945688514399,-0.5118974160242017,0.47259293561057425,0.4960420670672502,0.5148649848954014,-0.5152787907912446,2.9570505464752004,2.924906424719702
116.796937,1785142446.774,0.008811083622276783,0.07804051786661148,0.3880000114440918,0.008303871149460148,0.07881201288390334,0.388330856300402,-0.476908917139411,-0.4895025730561037,-0.5102815212913886,0.5220707660393505,0.4732594909379043,0.49504223811669534,0.514165611497528,-0.5163258280107456,3.100603098143655,2.9770133450082144
116.840338,1785142446.807,0.008391281589865685,0.07804051786661148,0.3880000114440918,0.008305997351340088,0.07879531560759796,0.3883232005568259,-0.4802495685508188,-0.4865455533017815,-0.513101768231472,0.5189993756323338,0.4739095968310095,0.4942578293258693,0.514069856017063,-0.5165763015432919,2.5421658984846065,2.902052701058934
116.884388,1785142446.841,0.007971478626132011,0.07846012711524963,0.3880000114440918,0.00829493158233301,0.07878572126931947,0.3883156657631582,-0.48024954940942444,-0.48654553471849954,-0.5131017858529526,0.5189993933445824,0.4745569044216787,0.49347561572206244,0.5139738696015661,-0.5168253307648896,2.5421658984846065,2.8385077909115752
116.928413,1785142446.907,0.008391281589865685,0.07804051786661148,0.3880000114440918,0.008298960046472962,0.07875308191755497,0.38830209911643443,-0.48260872800513954,-0.4950722725626391,-0.5048796341106104,0.5168063618544775,0.4759742589772686,0.49376100821251817,0.5123844160787806,-0.5168276131551067,2.9583131764107335,2.873652412279445
116.97353,1785142446.941,0.008391281589865685,0.07804051786661148,0.3880000114440918,0.008300972339036067,0.07873692288770197,0.38829535834760315,0.4728761675938671,0.4940026025482592,0.5200987592479173,-0.5117097218404794,0.475655232580365,0.4937882382353889,0.5131863219795377,-0.5162994038660359,3.2826307902494687,2.9458924994962707
117.023145,1785142446.974,0.007971478626132011,0.07846012711524963,0.3880000114440918,0.008291209842960858,0.07872930244071936,0.3882890264435687,0.47279999191785893,0.49366847082420595,0.5202475478976404,-0.5119512647343055,0.47536139718270815,0.49377760419337724,0.5139190297567635,-0.515851190285938,2.9583131764107335,2.948025790055702
117.067397,1785142447.041,0.008391281589865685,0.07804051786661148,0.3880000114440918,0.008295402187893238,0.07869844917049244,0.38827690546490473,0.47300577551011397,0.4938775881176579,0.5200490343558986,-0.5117611417005574,0.4749606534861055,0.4937967942630185,0.5149693088506035,-0.5151540687576383,2.873056382443702,2.9258051093054775
117.114294,1785142447.074,0.008811083622276783,0.07720130681991577,0.3880000114440918,0.008310644741195068,0.078639756788746,0.3882710990800814,0.4691072092968088,0.49684708316877013,0.5175511987795418,-0.514997241521063,0.4744150764501139,0.4940826770146783,0.515211498120527,-0.515140520358517,3.877635577058105,3.09060715507979
117.156996,1785142447.108,0.008811083622276783,0.07762091606855392,0.3880000114440918,0.008325040362778379,0.0786109296902269,0.3882652780953524,0.4691002586700026,0.4971683100313845,0.5174189609696198,-0.5148264150618079,0.4739080528230665,0.49437846191794177,0.5154234014814433,-0.5151114549943524,3.4048666738850804,3.1460733504837144
117.203793,1785142447.174,0.00965068768709898,0.07720130681991577,0.3880000114440918,0.008427454154001144,0.07852171414120657,0.38825452094796475,-0.48248182928809885,-0.4949483016710852,-0.5050011670015313,0.516924834387757,0.47538673718760943,0.4944828547971622,0.5136403404876231,-0.5154296819562548,3.484277193500032,3.245422371763695
117.250081,1785142447.208,0.008391281589865685,0.07762091606855392,0.3880000114440918,0.008426356835957806,0.07850132492282547,0.3882491151097063,-0.4933179288438841,-0.48448132669908256,-0.5006565367425253,0.5208246320769185,0.4776988144777941,0.4932194985450615,0.5119958398156561,-0.5161381878072279,2.924717185945449,3.1888165211174444
117.294398,1785142447.274,0.008811083622276783,0.07762091606855392,0.3880000114440918,0.008442330624096637,0.07846427332968563,0.38823908976121213,-0.48571684741787446,-0.4920265404521118,-0.5078482878682633,0.5138863144066411,0.4792963434338781,0.49298576561615687,0.5111747928326851,-0.5156940771845525,2.924717185945449,3.1112726585901322
117.338923,1785142447.308,0.00965068768709898,0.07720130681991577,0.3880000114440918,0.008489609679230441,0.07842547839708697,0.388234044014962,-0.4855893902093541,-0.49190060767867844,-0.5079702670091497,0.5140067549323721,0.47999853449551994,0.49286621677140674,0.5108192396101563,-0.5155075204996487,3.404864289670496,3.1630816509164896
117.387006,1785142447.341,0.008811083622276783,0.07804051786661148,0.3880000114440918,0.008496927299184295,0.07841406902071758,0.3882292544533093,-0.4857544792485074,-0.4919872725539941,-0.5078863294526463,0.513850742813525,0.48061093640385216,0.4927739178402784,0.5105088160882961,-0.5153326521786498,2.959005975738562,3.1279728921164445
117.435225,1785142447.408,0.009230885654687881,0.07678170502185822,0.3880000114440918,0.00853457704386077,0.0783002583181362,0.38821994601613186,-0.48571632541121373,-0.4920260517889321,-0.5078487613069416,0.5138868077982036,0.48147908618413426,0.49264816715030196,0.5100584046664063,-0.5150884359019328,3.1024680501602706,3.120415719376363
117.480523,1785142447.441,0.008391281589865685,0.07804051786661148,0.3880000114440918,0.008529869282826858,0.07829159612131867,0.3882154589220635,-0.4801309849372315,-0.48635288181673564,-0.5132843990893902,0.5191090803513304,0.48135261003332996,0.4920524290112722,0.5103659150542026,-0.5154713422384356,3.1438188216527974,3.124435698959389
117.527792,1785142447.475,0.007971478626132011,0.07846012711524963,0.3880000114440918,0.0085074215538495,0.0782984404133893,0.38821093644106075,-0.4857544370362368,-0.49198720394308215,-0.5078863959157284,0.5138507827177152,0.4817695471462882,0.49204685276192567,0.5101319993974477,-0.5153186793822893,2.9592908332739056,3.0953252973763195
117.57488,1785142447.541,0.007971478626132011,0.07762091606855392,0.3880000114440918,0.008472533991514382,0.07827012764325571,0.38820251695211655,-0.4800912755010547,-0.4863890594778677,-0.5132501172140496,0.5191458053261824,0.48151078998594343,0.4911701344454732,0.5106182091638123,-0.5159150149261693,3.2824037192950866,3.150228265159617
117.617214,1785142447.575,0.008391281589865685,0.07720130681991577,0.3880000114440918,0.008470627335274336,0.07823743380068512,0.3881982724624807,-0.4801038105627901,-0.48647874148802095,-0.5131651138573542,0.5191342129768451,0.48138841382545927,0.49076026929300476,0.5108419880653826,-0.5161976524040703,3.3571708212921942,3.1867196848818553
117.666361,1785142447.641,0.008391281589865685,0.07762091606855392,0.3880000114440918,0.008467201215198445,0.07821204924267777,0.38819036669083357,-0.4801429519366976,-0.48644014899097837,-0.5132016966550624,0.5190980116562902,0.48121271545395183,0.4901483720163718,0.5111778360316803,-0.5166102165512243,3.484277193500032,3.274106060187113
117.713711,1785142447.675,0.007551676128059626,0.07762091606855392,0.3880000114440918,0.008430731015253407,0.07819933099470701,0.38818638037560255,0.4834180722270273,0.4834180722270273,0.5160493846952098,-0.5160493846952098,0.4814017413618703,0.4895771606957691,0.5115937932773348,-0.5165639919883456,2.572780558129719,3.1499183918948783
117.758445,1785142447.708,0.007971478626132011,0.07720130681991577,0.3880000114440918,0.00841828588369821,0.07817093315585326,0.388182590779378,0.48351225424595073,0.48351225424595073,0.5159611419419092,-0.5159611419419092,0.48158623170096354,0.48905150435012745,0.5119743986718635,-0.5165128678295701,3.2834282336647655,3.1728731697673433
117.805111,1785142447.775,0.006712071597576141,0.07762091606855392,0.3880000114440918,0.008264367452810385,0.07814699725466348,0.3881752100163727,0.48326049353522466,0.48326049353522466,0.5161969540670412,-0.5161969540670412,0.48183824541734027,0.48818726368540666,0.5126075628756627,-0.516467411664248,3.306556491094369,3.212510701015702
117.851204,1785142447.808,0.006292269565165043,0.07636209577322006,0.3880000114440918,0.008164980750465118,0.07806766494811491,0.3881716490560717,0.483262235035799,0.483262235035799,0.5161953236791323,-0.5161953236791323,0.48195509483870197,0.4877862927003641,0.5129009359816793,-0.5164459788610711,3.694643198507632,3.2956540603629225
117.89398,1785142447.875,0.005872467067092657,0.07636209577322006,0.3880000114440918,0.007949153335337612,0.07794289141338932,0.38816471264942887,0.4833082848795636,0.4833082848795636,0.5161522079452674,-0.5161522079452674,0.4821432717345729,0.4871676134034322,0.5133518120183833,-0.516406331360614,2.852904859685723,3.164125703671315
117.938091,1785142447.908,0.0037734555080533028,0.0759424939751625,0.3880000114440918,0.007599956227266927,0.07785708657395984,0.3881613658728047,0.4864246264056207,0.4802035148803825,0.519041987026605,-0.5132164093500444,0.48250472736218514,0.48658501330564286,0.5138316720143853,-0.516140703427265,3.350407808682356,3.196168402343051
117.987006,1785142447.942,0.002933850511908531,0.0759424939751625,0.3880000114440918,0.007176517816153909,0.07778025564298346,0.3881579900366731,0.4875576707601714,0.48992220341347426,0.5237419520667953,-0.4979539335427176,0.4830946499087502,0.4869785882532028,0.5149784712278923,-0.5140706060301858,2.894237954031711,3.1428844453557967
118.034949,1785142448.008,0.002933850511908531,0.0751032754778862,0.3880000114440918,0.006626003312576878,0.07753593201363122,0.3881516984428829,0.49516707942103183,0.48285757640837623,0.5165738678108187,-0.5047866514257737,0.48550324208845086,0.48616944844973026,0.5153058033834914,-0.5122360767409717,2.845925321574894,3.055674060414387
118.078554,1785142448.042,-4.778105449076975e-06,0.0761382207274437,0.3890000283718109,0.0058525256212984276,0.07750384069175836,0.38818704663390674,0.4907289364807388,0.4869365234326634,0.5263535666324282,-0.4950049049667245,0.48622026042928496,0.48628551015696225,0.5168083506269915,-0.5099268473827103,2.844986757055798,3.018521042454454
118.125113,1785142448.075,0.0008369905408471823,0.07487615942955017,0.3890000283718109,0.00543185501051098,0.07737945532846208,0.3882171967257969,0.490835956254706,0.4869391129751902,0.5266779602654184,-0.4945509988596946,0.48689992036470847,0.4863909496963301,0.5182501284826126,-0.5077096768135292,2.217776507456922,2.880055721119533
118.171364,1785142448.142,-0.0021091997623443604,0.07571753114461899,0.3890000283718109,0.003909365787251309,0.07729709069141406,0.3882666973195364,0.5081940297729213,0.4698567747990399,0.5149261985772358,-0.5057909146054331,0.4925260160826841,0.4820845356913917,0.5174145811389255,-0.507242323898317,2.629173919558525,2.8056137331776685
118.215513,1785142448.175,-0.006738927215337753,0.0765589103102684,0.3890000283718109,0.0020855807765921535,0.077272270228322,0.388288814636897,0.6514544948461776,0.44880255930778834,0.38078010249438776,-0.4787377334698552,0.4950647731729243,0.48012684091049096,0.5170276168356198,-0.5070222188719471,1.954650078062596,2.6584006075212825
118.268022,1785142448.242,-0.009710014797747135,0.07844278961420059,0.39000001549720764,-0.001393761793722445,0.07740905417960715,0.3884360370377085,0.1789727888994539,0.6060761599836837,0.7441189350127205,-0.2166274213679286,0.4984802241045784,0.477478808665725,0.5164971952626651,-0.506716982878618,1.801716676661844,2.4032484312642612
118.319535,1785142448.275,-0.016419267281889915,0.07824166119098663,0.3890000283718109,-0.005027945408517927,0.07745111161443063,0.3884476844551231,0.4797220281863136,0.4835375513849998,0.5559661477794497,-0.47640303798011974,0.4947043783582151,0.4788488525321598,0.5248108364781487,-0.500544643740148,2.445741167137241,2.4105484837908913
118.366241,1785142448.342,-0.021103104576468468,0.07844278961420059,0.39000001549720764,-0.011317167366105562,0.07753795116249672,0.3885611018215178,0.7161441026730133,0.6397005212619111,0.20363209489380513,-0.19093149879751165,0.4895231314082766,0.48060052216123583,0.53590429706038,-0.4921349675717044,61.07803193205041,25.291563324727267
118.409617,1785142448.375,-0.027711721137166023,0.07762091606855392,0.3880000114440918,-0.016070867289708225,0.07753997280620935,0.3885349360089106,0.6043570361723484,0.46401239107018377,0.4280698632922477,-0.486005417565753,0.4873813670375282,0.4812831837079635,0.5403884280173314,-0.48867806070000147,3.4130263972501513,21.018755022539917
118.457601,1785142448.409,-0.03316915035247803,0.07846012711524963,0.3880000114440918,-0.021546798788541897,0.0775783536164144,0.3885117607375015,0.4857938746021288,0.4886319944134552,0.5510091348359385,-0.47077809928025627,0.4870410608712418,0.48297636483340606,0.5428287810155578,-0.48462537133221545,2.4865901928142553,17.36366029145596
118.504696,1785142448.475,-0.03577994555234909,0.07950371503829956,0.3890000283718109,-0.027669091815582997,0.07776966013666128,0.3885330005221558,0.49071484890600303,0.45271161854668623,0.5431870676229688,-0.5091158385506767,0.4884466302342243,0.47218866308511065,0.5430530648283665,-0.4935089914553178,1.5086345374584198,12.351292993085819
118.549183,1785142448.509,-0.04198500141501427,0.07929933816194534,0.3880000114440918,-0.032189115287982364,0.07783702724460549,0.3885116246558022,0.5037837944125678,0.4938947661694934,0.5338790023484177,-0.46609340189399284,0.4923104952090658,0.47762558879998684,0.5408617720370384,-0.48679843547347706,3.5648453716263777,10.712468012474892
118.593906,1785142448.542,-0.04798559099435806,0.08076578378677368,0.3890000283718109,-0.03748258240167357,0.07803435405121491,0.3885239556960137,0.477266504124258,0.48381852721293345,0.567502005198598,-0.4648416836537876,0.4884778333103857,0.4792984960062515,0.5478463641457716,-0.4811722346341224,2.195362001657486,9.160131204635544
118.63845,1785142448.609,-0.050090011209249496,0.08034509420394897,0.3890000283718109,-0.043128158976106376,0.07824448146912737,0.3885464012009715,0.93931831072408,0.18857501588969497,0.03312912876259696,-0.2846454555198332,0.4842418914470538,0.48107007801874946,0.555405263188392,-0.4749803829901264,1.958704805939896,6.945647620745019
118.682878,1785142448.642,-0.05625828355550766,0.08097776025533676,0.3880000114440918,-0.04731100035543128,0.07839437568692899,0.38852573799942375,0.465408169447703,0.4749078434761092,0.5763027100709182,-0.4751136310201223,0.47973665710501157,0.4796204899212726,0.5604870959618891,-0.47504856671459933,4.43364069664737,6.507244564385993
118.728749,1785142448.675,-0.06213551014661789,0.08265618234872818,0.3880000114440918,-0.052367180311478266,0.07873850740236542,0.38850741317895443,0.4739389819734337,0.4970371453868285,0.5679285074195686,-0.45364427466008983,0.4783370518315852,0.4839773353648842,0.5623767921390385,-0.4697786152663598,60.87779652403458,19.86760777103718
118.778172,1785142448.742,-0.06625349074602127,0.08350402116775513,0.39000001549720764,-0.058965416055367814,0.07942934402217633,0.3886363845031462,0.7293209617717412,0.6351401990081704,0.18789973402810187,-0.17141047889896585,0.4767753386433582,0.4887204333142384,0.5644128709815731,-0.4639781520642887,5.531841433830539,15.36569711519135
118.827811,1785142448.775,-0.07263056933879852,0.0851738229393959,0.3880000114440918,-0.06358391919410183,0.07999283965408915,0.38861044904028613,0.9279387971268811,0.21401451462033586,0.029033865420491457,-0.30378349358924006,0.4761899964366159,0.4904673974904424,0.565157156788747,-0.4618248666140744,4.549618094719293,13.382772104770407
118.874592,1785142448.842,-0.07784568518400192,0.08625523746013641,0.39100003242492676,-0.07047930331043989,0.08107169970060996,0.3888716154354035,0.7350684130394958,0.6291807079814828,0.17347216746854005,-0.18361228708690513,0.47551764234917926,0.4924540274695509,0.5659998202954257,-0.45936500309584144,3.5977518185452957,10.350658841216497
118.920863,1785142448.876,-0.08436769992113113,0.08723943680524826,0.38600000739097595,-0.07534590806188775,0.08169569396931244,0.38861470151802874,0.46413067275037234,0.4867131005925835,0.5777690641625355,-0.46246727972969986,0.4734510289434969,0.49141796792519066,0.568160322627161,-0.4599416830260341,4.910277868183896,9.360679205457135
118.966443,1785142448.942,-0.08988360315561295,0.08898700773715973,0.39000001549720764,-0.08244942127718499,0.08306381669410035,0.388721226072763,0.3979152771616415,0.5075946107159411,0.6523993622996288,-0.3979776569664985,0.44084959601456364,0.4996404480214168,0.6068120961116655,-0.4333475930558755,6.131014460148846,8.401756034018218
119.011509,1785142448.976,-0.09547300636768341,0.08872102200984955,0.38700002431869507,-0.08697746964234414,0.08355896468357842,0.3886086751599649,0.46583867886622904,0.5049991404506852,0.5734799750802884,-0.4461960461480441,0.426737898088719,0.5025938904055467,0.6224227198198914,-0.421763091692301,4.895377301344967,7.770422888151796
119.054888,1785142449.009,-0.0985674113035202,0.09016153961420059,0.38600000739097595,-0.09083466228555517,0.08422268646618677,0.3884123404717507,0.47292022182553145,0.49995049631874644,0.5634186671168891,-0.45711636435743297,0.41709267772927583,0.5044171548136898,0.6327311538064142,-0.413821603009181,5.487803798094811,7.372927758079762
119.108866,1785142449.076,-0.10190851241350174,0.0893266499042511,0.38600000739097595,-0.09592124027509794,0.0848536971392121,0.388137161632654,0.45042536634162444,0.4860157421875434,0.5973086319418572,-0.4518053628606591,0.43384102696840066,0.4955523011173176,0.6154909246194078,-0.4328750418856244,6.974007032657727,7.254643591958247
119.164934,1785142449.109,-0.10566726326942444,0.0893266499042511,0.38600000739097595,-0.09885786105655649,0.08511130355533594,0.38802365820496926,0.4715383368766273,0.49042318671385576,0.5716818760848528,-0.45860279910305163,0.44729161019505886,0.4939769712813515,0.6003739963889092,-0.44211766731586766,5.883732349413517,7.017195552898809
119.212591,1785142449.176,-0.10859072953462601,0.08890920877456665,0.38600000739097595,-0.10298907469512955,0.08540640723968608,0.38785213008735686,0.4903560647476222,0.4846450765130816,0.554053856449639,-0.46657732877856134,0.46953281820100845,0.4895036359427274,0.5770850504921569,-0.4548603824576649,5.3237230724459605,6.511189465286444
119.257781,1785142449.209,-0.11193183064460754,0.08974409103393555,0.38600000739097595,-0.10543522621653448,0.0856362312988961,0.3877785999379437,0.45874146599011495,0.4905578691269311,0.5837518479371615,-0.4562269440189106,0.4661616891267052,0.48984240541272306,0.579182986141156,-0.455296349660996,6.747512523788173,6.55193227212239
119.30319,1785142449.276,-0.11515285819768906,0.09081364423036575,0.38700002431869507,-0.1093352165029518,0.08624087864743864,0.38774160769572386,0.442638172404628,0.47156567856474013,0.6086846103518521,-0.45956534274342414,0.45565745806119623,0.4817091586274922,0.5926126354403316,-0.45732136591686556,6.370666192056155,6.498229761628572
119.347897,1785142449.309,-0.11819641292095184,0.09183131158351898,0.38600000739097595,-0.11159699233587672,0.0866524227764454,0.3876760093166512,0.4616262309702819,0.49847615275404994,0.5760732217452966,-0.4544913543772726,0.4573635115111213,0.4864533910881965,0.5879973692334456,-0.45655318464726274,6.4382477983498045,6.487922900706545
119.398124,1785142449.343,-0.1216392070055008,0.09117704629898071,0.3850000202655792,-0.11431375959134826,0.08689540581170274,0.38752666589761087,0.506681668153684,0.48155806527828704,0.5308098192900388,-0.4791831097479432,0.4743692058253357,0.48513706892613395,0.5690596923734913,-0.464528736930437,5.417332904975606,6.297921135394483
119.443636,1785142449.409,-0.123426653444767,0.09146790951490402,0.3880000114440918,-0.11768403046533653,0.0873138830149632,0.38756976967345974,0.4566923472557782,0.49786050767782136,0.5982776048162665,-0.4308490715182069,0.4661603919032995,0.49129936697476323,0.5830433827497163,-0.4487536460715689,7.168735418344718,6.554710370549519
119.49102,1785142449.443,-0.12654916942119598,0.09099642932415009,0.38600000739097595,-0.1198430549274772,0.08744216648599856,0.3875084085817247,0.4600581045158226,0.47905515690370654,0.5829680991073969,-0.467975311887691,0.4643345822101265,0.487609752879434,0.5830548360234618,-0.4546176226789484,5.950232124643865,6.447813870469887
119.535225,1785142449.509,-0.128304123878479,0.09034432470798492,0.3850000202655792,-0.12273236419190695,0.0875678791355441,0.38727044568165414,0.46619070380244937,0.4726859945059283,0.588005266052612,-0.4620432721948402,0.46509967823927467,0.48161344491122554,0.5850713001933986,-0.4576268705752219,6.047954877962676,6.3303450598839905
119.582414,1785142449.543,-0.13038688898086548,0.09076068550348282,0.3850000202655792,-0.12435944826143039,0.08765772744632455,0.387165941805655,0.49376282982515934,0.4824316751919887,0.5433140682168969,-0.47777376438237734,0.4735934926601087,0.48199963366628396,0.5730847612023335,-0.4636371569807922,6.631764163557097,6.383554191208955
119.627558,1785142449.576,-0.13148295879364014,0.09081364423036575,0.38700002431869507,-0.1257577047299414,0.08774363069641272,0.3871592109836239,0.48798508111718547,0.49557331464013976,0.5561103896312517,-0.4549932801347911,0.4776912155243139,0.485867171801212,0.5683380958836625,-0.46123313274755967,6.987655728399623,6.487865815157747
119.674222,1785142449.643,-0.13197848200798035,0.09099642932415009,0.38600000739097595,-0.12747025456553654,0.087925597639846,0.38710554958061794,0.49155363516132283,0.48322307235688666,0.554912707519785,-0.4657707302254208,0.4831683283368159,0.48485001458046745,0.5630828657049294,-0.4630405124857347,7.763520937669185,6.868834732706178
119.723064,1785142449.676,-0.13239611685276031,0.09016153961420059,0.38600000739097595,-0.12817712243873616,0.08799440913237731,0.38708031110506597,0.501587058588644,0.4848976475362317,0.541023476737394,-0.4696576324187681,0.48779702912110007,0.4849013281846498,0.5576321400709411,-0.46472697002142405,7.231093938575385,6.931253190410697
119.768383,1785142449.743,-0.13239611685276031,0.09016153961420059,0.38600000739097595,-0.12902593270238671,0.08811290109876826,0.38703294888766365,0.49967489484182304,0.476065778867475,0.5490782968213642,-0.4713803110184678,0.4920548247653292,0.4817668423593191,0.5546009984563485,-0.4671193547044627,7.926928686118676,7.228082901980001
119.812413,1785142449.776,-0.13197848200798035,0.09099642932415009,0.38600000739097595,-0.12928772687308676,0.08820320677595796,0.3870104502050794,0.4866908624853078,0.4773987977709447,0.5604568153317072,-0.4702239364477359,0.49098358019416766,0.480895090059302,0.5557784999827382,-0.4677449040807507,7.905353986803521,7.3450870604141345
119.858033,1785142449.81,-0.13197848200798035,0.09141386300325394,0.38600000739097595,-0.12950162200482038,0.08832800060199676,0.38698805794900026,0.501704253956847,0.48482732409794643,0.5413831331736573,-0.4691903776557044,0.49319098701170955,0.48171306061824437,0.552848058726893,-0.46805363103187775,7.230405177875811,7.324882618463152
119.904091,1785142449.876,-0.13239611685276031,0.09141386300325394,0.38600000739097595,-0.12987045889037394,0.08852352257407932,0.3869470934326338,0.4943323283176401,0.4801153165823783,0.5575572884032474,-0.4628765516976221,0.4935150104404371,0.4812657297723876,0.554177074702795,-0.4665983301411175,8.018153259532212,7.528997722268408
119.954499,1785142449.91,-0.13197848200798035,0.09057898074388504,0.38600000739097595,-0.12998321313723046,0.08858090483724501,0.3869265970137924,0.48120453335986807,0.4807943596220151,0.5695473869971428,-0.46140519589000595,0.49134982699205043,0.4811968060559944,0.5569158164084662,-0.46569276866887604,7.680405255494423,7.555685480680449
120.0081,1785142449.976,-0.13197848200798035,0.09141386300325394,0.38600000739097595,-0.1301474513949461,0.08874661914521188,0.38688881537953557,0.48140913412347147,0.4810500691316874,0.5698935593684931,-0.4604969137368869,0.48867597668262525,0.48117109430782923,0.5604413597696694,-0.4643012492718629,7.000798282181934,7.39247141541883
120.060689,1785142450.01,-0.13281375169754028,0.09183131158351898,0.38600000739097595,-0.13029911016494125,0.08886345314056096,0.38686984944097885,0.4892942631251659,0.4741339240878104,0.5627397796668141,-0.4680941000295142,0.48877227743186835,0.4801021516466589,0.5607937097743428,-0.4648806297059958,8.43543018989756,7.577694226335262
120.109105,1785142450.076,-0.13239611685276031,0.09016153961420059,0.38600000739097595,-0.13045359365095435,0.0889576824363764,0.38683472912159655,0.4996626823151764,0.4757881005186147,0.5496187155411133,-0.47104368675678954,0.4914403950139128,0.47906385571924304,0.558085251259212,-0.46639576822578904,8.43543018989756,7.830482563390154
120.155158,1785142450.11,-0.1327391117811203,0.09206922352313995,0.38700002431869507,-0.13055223157640292,0.08910002092576104,0.38684157812933917,0.48126626040458276,0.4807997330359251,0.5689809843429269,-0.46203359484449325,0.4899316216432164,0.47932999749094984,0.5597178317738857,-0.46575284047841764,7.553390732370282,7.7815944973503886
120.20277,1785142450.176,-0.13357655704021454,0.09290626645088196,0.38700002431869507,-0.13083935017365322,0.08947340771949505,0.38685214681299007,0.4913107531109569,0.4829368603853521,0.5551485553871097,-0.46604271715185963,0.49023018208916946,0.48010839581035325,0.5587352722307123,-0.4658166939972211,7.401797341961559,7.670001238271274
120.253672,1785142450.21,-0.1327391117811203,0.09206922352313995,0.38700002431869507,-0.1308942547266911,0.08955246917584755,0.38685702272196476,0.49412197027313115,0.47986601823755987,0.5577619995787718,-0.46311298282397456,0.49068157868441586,0.48008089669436715,0.5586232039159482,-0.46550406766813845,8.74583042423025,7.861111983502376
120.297644,1785142450.277,-0.13190168142318726,0.09290626645088196,0.38700002431869507,-0.13095273574997002,0.08982145921637319,0.3868650861938721,0.48880546615057674,0.48648225147797575,0.5520836241710368,-0.4686234172343612,0.49033336599468336,0.48128492811671203,0.5574009256569756,-0.46609249751177273,7.946649218513713,7.8864670578348655
120.339737,1785142450.31,-0.13232040405273438,0.09206922352313995,0.38700002431869507,-0.13098191960019095,0.08986784077178553,0.38686875372750984,0.48932064839504363,0.47375762392839627,0.5638181776831805,-0.46714888348147826,0.4902277564798735,0.4804848972655714,0.5580875827408497,-0.4662073146861579,8.49964817936004,7.992331048435425
120.384137,1785142450.343,-0.13232040405273438,0.09165069460868835,0.38700002431869507,-0.13101024528706154,0.08991891024222502,0.38687216769162247,0.494410693601545,0.4799079910026674,0.5585924667304832,-0.46175842421787705,0.4906622567548664,0.4804259359893313,0.558140905280528,-0.46574692664324613,7.398764740679411,7.8898755082282745
120.426036,1785142450.377,-0.13190168142318726,0.09332479536533356,0.38700002431869507,-0.13103610296380283,0.09008406269306135,0.3868754597583869,0.48646279846971946,0.4772179126462471,0.5600726263783449,-0.47110048050944586,0.49021664371622325,0.4800858290610649,0.5583481327014007,-0.46631813353890744,7.947046541257217,7.899944110652273
120.474583,1785142450.443,-0.13232040405273438,0.09123217314481735,0.38700002431869507,-0.13109166128216154,0.09016707553962516,0.3868812126061776,0.4893130996972216,0.4739428756563818,0.5632268416654156,-0.4676819067559243,0.490065067182032,0.47904236377210513,0.5591811098087044,-0.46655238727565224,8.20626705005192,7.989910393056927
120.523019,1785142450.477,-0.13190168142318726,0.09248774498701096,0.38700002431869507,-0.13111451626732484,0.09024263534380297,0.38688403273514627,0.4786819380408047,0.4841529753989061,0.5660632979510207,-0.46479225608727537,0.48882685748365906,0.47960528492976723,0.5599383041400513,-0.466364846045294,8.27153788027085,8.039603199295108
120.569021,1785142450.543,-0.13232040405273438,0.09165069460868835,0.38700002431869507,-0.13116795110907928,0.09031659174584214,0.38688908252695786,0.4885494971486468,0.48613068674043647,0.5523962724549725,-0.4688866626626607,0.4887809685100224,0.4807781998063677,0.5585913313230808,-0.4668203208773811,7.535915922732656,7.891491331288934
120.609857,1785142450.577,-0.13182270526885986,0.09230712056159973,0.3880000114440918,-0.1311872024545433,0.09037448299079048,0.38693712581225415,0.48066327517699425,0.49311839226614507,0.5583136398614607,-0.46269098397269914,0.48785072803947643,0.48220700334022726,0.5585660135268848,-0.46634974173218413,8.105475244759468,7.929226512161674
120.653823,1785142450.61,-0.13148295879364014,0.09206922352313995,0.38700002431869507,-0.1311972716977097,0.09041178754778317,0.3869385490724052,0.4806939785886839,0.4931554412311005,0.5582809149797788,-0.4626590858311131,0.48698939573236194,0.4835367493601502,0.558537000157239,-0.4659076731690527,7.460871100105855,7.848468599935377
120.699273,1785142450.677,-0.1314028948545456,0.09230712056159973,0.3880000114440918,-0.13120996854938885,0.09050801655123998,0.3870134048589972,0.4856626694449681,0.48923644604275107,0.5501187774667075,-0.47132664050484246,0.48672730878356957,0.48469055790104193,0.5568466411590115,-0.46700471967187596,7.460871100105855,7.733363178110761
120.743976,1785142450.71,-0.13182270526885986,0.09272672981023788,0.3880000114440918,-0.13122277636280685,0.0905818778528473,0.38704631945803764,0.48584726552451196,0.48945190718517373,0.5499270860857852,-0.47113635512911506,0.4866304211074751,0.48522851837065295,0.5560704032949665,-0.4674717368910721,7.071613773903541,7.619068869362064
120.793169,1785142450.744,-0.13098309934139252,0.09230712056159973,0.3880000114440918,-0.1312134569449982,0.09062184145173056,0.3870768393268038,0.4961295882781609,0.49125376076640714,0.5352335246587252,-0.4754474190162379,0.4880062057042806,0.4861079168082171,0.5531146186784875,-0.46862912309697324,7.110596697012348,7.529176881212419
120.834497,1785142450.81,-0.13098309934139252,0.09230712056159973,0.3880000114440918,-0.13119885697568157,0.09069394145794,0.387127051268668,0.4859081609451459,0.4895734709749063,0.5498225612519159,-0.4710692377802569,0.48757184271069187,0.48682892829156516,0.5524324757051196,-0.4691371361984671,6.755268287570504,7.301218190567861
120.877218,1785142450.844,-0.13056328892707825,0.09230712056159973,0.3880000114440918,-0.1311733736902895,0.09072979718056683,0.3871509735908005,0.4854664998388512,0.49923380776524984,0.5534328832192051,-0.4569463059158064,0.4872998254499076,0.48849145001642663,0.5525756815624666,-0.4675201594831116,6.703919363854973,7.195541656051504
120.924993,1785142450.877,-0.13014349341392517,0.09188751131296158,0.3880000114440918,-0.13112789492263754,0.09076208510486901,0.3871726596139215,0.4829275325532046,0.5025170931464377,0.5499255172360505,-0.4602602469151453,0.48669495007714303,0.49046587229362676,0.5522133221895726,-0.46651012902295536,6.177306350653572,7.019138252705099
120.970392,1785142450.944,-0.1297236979007721,0.09188751131296158,0.3880000114440918,-0.1310071124504681,0.09081920070280174,0.38721199929438327,0.482876377496706,0.5024585700020544,0.5499848898624392,-0.4603068654823105,0.4858261929579966,0.4932303754845981,0.5517111257972,-0.4650930451069419,6.7974748149460105,6.95337707492056
121.017562,1785142450.977,-0.1297236979007721,0.09272672981023788,0.3880000114440918,-0.13095543698163054,0.0908822966507156,0.38723041337979025,0.48005619374715625,0.5055204692386064,0.5472024204533529,-0.46321120137121463,0.4850516951866206,0.4948986607984287,0.5511080248119962,-0.4648441819839501,5.584549911807829,6.715527590518031
121.06205,1785142451.01,-0.13014349341392517,0.09272672981023788,0.3880000114440918,-0.1309323628595125,0.09093930620466217,0.3872479945118886,0.48288782425863086,0.5024644743273854,0.5499618387875488,-0.4603159535569978,0.4847671249656569,0.4959041896136415,0.5509587067753418,-0.46424602605150156,6.906239750115743,6.7483322922813045
121.106356,1785142451.077,-0.1297236979007721,0.09146790951490402,0.3880000114440918,-0.1308534051308408,0.09097527612306383,0.3872809802475439,0.4929729805122988,0.5042325591182919,0.5363469960896273,-0.46374461354874225,0.48667869280059944,0.49784441870330526,0.5475989185960883,-0.4641445993354469,6.645064533353073,6.717718120028356
121.154575,1785142451.11,-0.13005803525447845,0.0925450325012207,0.3890000283718109,-0.13083411328082445,0.09102301683946065,0.3873532051800339,0.48518990504066306,0.5014495551429442,0.5385245853228984,-0.47236677560596496,0.4864847570298227,0.4983300410977003,0.5463937686043647,-0.465245742535618,6.609534496714078,6.699121291091831
121.204308,1785142451.177,-0.129216268658638,0.09170366078615189,0.3890000283718109,-0.1307152065731189,0.0910604693521253,0.3874682926898732,0.49000820901445963,0.5074286325616303,0.5338119928920096,-0.4663184472007693,0.4872914935494813,0.5003963976548956,0.5435638636327713,-0.46549841211429865,6.177306350653572,6.5440261184126385
121.245316,1785142451.211,-0.13014349341392517,0.09230712056159973,0.3880000114440918,-0.13070055271899791,0.09109438468440484,0.3874836135375239,0.4903401825076998,0.507276105640585,0.5330395445256663,-0.4670185242967436,0.487704474739712,0.5013224399114166,0.5421601191373011,-0.46570651893349424,5.825878598347269,6.416839012391465
121.292313,1785142451.244,-0.12930388748645782,0.09188751131296158,0.3880000114440918,-0.1306534784427238,0.09111333782397832,0.38749739119480686,0.4773226553295846,0.5086301424238358,0.5443488504744958,-0.46598582587254533,0.48631095342540026,0.5023115041422747,0.5424601471023093,-0.46574864271465655,6.406822226454738,6.415118579875682
121.340131,1785142451.311,-0.12930388748645782,0.09314633160829544,0.3880000114440918,-0.13057431877048498,0.09127019708589423,0.38752207101197966,0.4697462934235518,0.5153346379618235,0.5494261588344987,-0.46032545738852926,0.4823192541490446,0.5054921731921328,0.5441745920264467,-0.4644564708467893,6.011987133866351,6.295386975667774
121.398736,1785142451.344,-0.13014349341392517,0.09272672981023788,0.3880000114440918,-0.1305615234372667,0.09131071378206791,0.38753355813222184,0.4802224422095325,0.5056476335076848,0.5470786504718058,-0.46304624706862474,0.48205830569694386,0.5055119584986171,0.5445369838955862,-0.4642810817741579,6.589104810641252,6.345955898468398
121.448595,1785142451.411,-0.1297236979007721,0.09272672981023788,0.3880000114440918,-0.1305265069420412,0.09138243767100646,0.38755477720818005,0.4802703991291982,0.505704293852868,0.5470262756511306,-0.4629965060843401,0.4817263959269433,0.5055481312005833,0.5450001190832127,-0.46404271000212866,7.110604757596667,6.573562307986084
121.498469,1785142451.444,-0.12963715195655823,0.09170366078615189,0.3890000283718109,-0.13050632269758344,0.09139426316978008,0.3876104270019656,0.4874038474518519,0.5101687768891693,0.5302912700460537,-0.47006007859579435,0.48240700923371105,0.5061038695299627,0.543265495988053,-0.46476332854243096,6.3858141800958546,6.5412669915707475
121.54559,1785142451.511,-0.12963715195655823,0.0925450325012207,0.3890000283718109,-0.1304683756430613,0.09144742632059022,0.38770096110182595,0.4778047194554593,0.5087616797121423,0.5435203285609029,-0.46631518929112475,0.48156212802344284,0.506593594390806,0.5433135911737246,-0.4650496625325596,6.537902954842332,6.54027035231512
121.591036,1785142451.544,-0.129216268658638,0.092124342918396,0.3890000283718109,-0.13043041208997022,0.09146536868775074,0.38774123206857103,0.47753338826222747,0.5087698491362872,0.5440856333599139,-0.4659248086075451,0.48117766995317984,0.5068020116330171,0.5433878794935149,-0.4651337263225463,7.400858104289777,6.6891594173673905
121.638878,1785142451.611,-0.12879537045955658,0.09128296375274658,0.3890000283718109,-0.13031943426246093,0.09145143625032892,0.3878104442110907,0.47754982526393386,0.5088583611142627,0.5440090795331156,-0.46590069124226996,0.4806265042910657,0.5071153485889304,0.543482997185344,-0.4652509197937315,6.177310484832681,6.537038973820912
121.683551,1785142451.644,-0.12879537045955658,0.09128296375274658,0.3890000283718109,-0.13027036622140387,0.09144537854640324,0.38784205245687103,0.4875673614915787,0.5103731950992891,0.5299990510260543,-0.4699981655748933,0.48132984692123143,0.5074488269256526,0.5421341906421095,-0.46573359965906247,5.8258698312264166,6.41415785869556
121.727473,1785142451.678,-0.12879537045955658,0.09170366078615189,0.3890000283718109,-0.13022462745035637,0.09145195272371894,0.38787242250553283,0.48256692830970005,0.5050436530589179,0.535632376349522,-0.47450819340956435,0.4814688215973832,0.5071875657459324,0.541422795535228,-0.4667010857681406,6.057895777580061,6.351256380226386
121.771137,1785142451.744,-0.12879537045955658,0.09170366078615189,0.3890000283718109,-0.13014874710983146,0.09146348002979099,0.38792520958240845,0.4777737908830174,0.5087942518452218,0.543495907335194,-0.4663398039460345,0.4808578506468898,0.5074542528541321,0.5417667414260298,-0.46664194691018657,6.973011294111732,6.534221977963906
121.817721,1785142451.778,-0.129216268658638,0.0925450325012207,0.3890000283718109,-0.1301264685632859,0.09150227502726885,0.3879510228862419,0.46518499795560025,0.5098998462268965,0.5544824460934895,-0.4649239523502911,0.4790272247989068,0.5077524718529085,0.5432720724300633,-0.46645021229093997,6.424950226822147,6.514969519248098
121.865299,1785142451.811,-0.12879537045955658,0.09296571463346481,0.3890000283718109,-0.13009107649175203,0.09156200036376459,0.3879749509988765,0.4772025544781928,0.5088394673814519,0.5445945624858994,-0.46559304220020264,0.47883733361580083,0.5078658529474919,0.5434099929144043,-0.4663610864409615,6.772377558165293,6.5592739787142245
121.91374,1785142451.878,-0.129216268658638,0.09338640421628952,0.3890000283718109,-0.13005071859907535,0.09171098912079294,0.38801986591862747,0.4691653770808308,0.5059873656129189,0.5473964794511657,-0.47351634509610113,0.47705843301711637,0.5075254793352207,0.5441523517394422,-0.4676872431542712,6.77165979762534,6.622277952394916
121.964656,1785142451.911,-0.129216268658638,0.09338640421628952,0.3890000283718109,-0.13003172555470865,0.09177517800311004,0.3880412043604088,0.4725470316228064,0.5030421056873584,0.5494992578720466,-0.4708487107428172,0.4765946467091365,0.5070646966296558,0.5447060884039603,-0.4680151850268597,7.1286056949024585,6.70961226474615
122.008067,1785142451.978,-0.12963715195655823,0.09338640421628952,0.3890000283718109,-0.13000889341843488,0.09187973104557379,0.3880818515919771,0.4646061216264936,0.5096777343342008,0.5553604919577305,-0.4646982707559939,0.47429520459216384,0.5075789561886979,0.5467703547033465,-0.46738618010468197,6.703919363854973,6.707925650855226
122.05385,1785142452.011,-0.1297236979007721,0.09230712056159973,0.3880000114440918,-0.1300004565057223,0.09189334072496565,0.3880785958598694,0.47963334543350855,0.5075791379321668,0.532781146315018,-0.477974395564819,0.4749613761861034,0.5075881971632376,0.5450570804664416,-0.46869893563499393,6.919161555988815,6.744268710467875
122.098897,1785142452.078,-0.13005803525447845,0.09296571463346481,0.3890000283718109,-0.1300041465702329,0.09194367279710283,0.3881222706640242,0.4824924224834266,0.5045314956093262,0.5356538118316527,-0.4751042265172049,0.47654792937582996,0.5069555911361383,0.5430945437249687,-0.4700493763420877,6.906239750115743,6.792302327772541
122.142677,1785142452.111,-0.1297236979007721,0.09272672981023788,0.3880000114440918,-0.12999749864400006,0.09196125989041871,0.3881176598936104,0.4797461954672795,0.5077022709998761,0.5326603284400565,-0.4778650086189305,0.4769472902229124,0.5070526960701013,0.5418121543000249,-0.4710185083516659,7.318494483620281,6.883078465035518
122.186131,1785142452.145,-0.13005803525447845,0.09338640421628952,0.3890000283718109,-0.1299993625769497,0.0920081910229434,0.38814153829489983,0.4794754626765093,0.507397844313763,0.5329468454343163,-0.4781405318716504,0.47727890864576433,0.5071013573175952,0.5406662758303535,-0.47194600850976237,7.931628270697432,7.069297652889563
122.239426,1785142452.178,-0.12963715195655823,0.0925450325012207,0.3890000283718109,-0.12999175543451594,0.09202316401689065,0.3881632289787722,0.48219516169911447,0.5047544139809996,0.5363578759153437,-0.4743743632873124,0.47788127631703675,0.506815930909328,0.5401411710121808,-0.4722442305626416,7.66161974922772,7.17154172728017
122.285481,1785142452.245,-0.12963715195655823,0.09338640421628952,0.3890000283718109,-0.1299770959584974,0.09210281337617128,0.38820270282348796,0.47974126345514306,0.5076486612271252,0.5327113305267855,-0.47787006102198126,0.4782531198236531,0.5069845246985341,0.5386735180461234,-0.47336189754875374,7.720921889289915,7.33485740218509
122.337047,1785142452.311,-0.13014349341392517,0.09314633160829544,0.3880000114440918,-0.12998642672867342,0.0921492006108085,0.38818888735211043,0.47949604256163664,0.5073753018940143,0.5329716952571392,-0.4781161158656109,0.4784723998314267,0.5070549282424871,0.5376787849247391,-0.4741950933807918,7.8739529650140945,7.493420013850821
122.390009,1785142452.345,-0.13005803525447845,0.09338640421628952,0.3890000283718109,-0.12998831518645562,0.09218385492560857,0.3882125412887277,0.4744964632647574,0.5114504547386898,0.5415775575243018,-0.46900457128138495,0.4780699475598534,0.5075035073072824,0.5380769787005236,-0.473669167566818,8.046908820150431,7.591308766951276
122.435486,1785142452.411,-0.13014349341392517,0.09314633160829544,0.3880000114440918,-0.12999605153750385,0.09222340651026067,0.3881993074597437,0.4723008423513886,0.5025565929735157,0.5499425119038391,-0.4710966129934668,0.4770361778650535,0.506618546666692,0.5402262509410608,-0.4732121416187415,6.919157748914224,7.393452801914819
122.479746,1785142452.445,-0.12963715195655823,0.09296571463346481,0.3890000283718109,-0.12998631235363808,0.09224134894552789,0.3882248115398183,0.482248449658188,0.5045309742200357,0.5361042984995364,-0.4748443007820305,0.47756666143908666,0.5064077112296855,0.5398088779140162,-0.47337901222408146,7.089514828134656,7.3398140536115655
122.527624,1785142452.478,-0.13005803525447845,0.09422777593135834,0.3890000283718109,-0.1299880321756579,0.09232731100836215,0.3882473970699803,0.47200862047922476,0.5143178049547275,0.5382979583648502,-0.47214443311351667,0.47699234665221546,0.5072304270130059,0.5396546075307876,-0.473253103231461,6.906245064986524,7.265076688317942
122.576718,1785142452.545,-0.13005803525447845,0.09380709379911423,0.3890000283718109,-0.12999121129270202,0.0924129642030727,0.38828686943003327,0.4792496418398124,0.5070953406343403,0.533231116062526,-0.4783708531736304,0.47738586291250196,0.5072096614992142,0.5385446526175961,-0.47414212458938015,7.281136782532315,7.269835090822529
122.625354,1785142452.578,-0.13005803525447845,0.09380709379911423,0.3890000283718109,-0.1299927117013136,0.09245176019085401,0.3883050367349951,0.48234723654739536,0.5043635912953545,0.5358049957836181,-0.475259421436399,0.47784974038005745,0.5069449306315664,0.5382899081784133,-0.4742472326529101,7.4797583762611,7.305951795835883
122.672343,1785142452.645,-0.13047891855239868,0.09338640421628952,0.3890000283718109,-0.13002064733121457,0.09249327759729951,0.38833801882592867,0.482347080103465,0.5043655232274993,0.5358066345344232,-0.47525568243210686,0.4785409483589681,0.5065502227362704,0.5379100220860108,-0.47440303617173607,7.8739529650140945,7.474820094685548
122.715104,1785142452.678,-0.13047891855239868,0.09422777593135834,0.3890000283718109,-0.13003331540680427,0.09255532875233578,0.38835346236195467,0.4824235835423362,0.5044011599495825,0.5357694984741173,-0.47518207077759067,0.4788563385141022,0.5063763676727712,0.5377368887722457,-0.47446666877763244,7.7110267749560215,7.515468180256413
122.762596,1785142452.712,-0.13047891855239868,0.09380709379911423,0.3890000283718109,-0.13004540818344779,0.0925869933299821,0.3883686395426168,0.481911361276603,0.5041461009926532,0.5364591851529871,-0.4751943722219681,0.479102901134413,0.5061968912741669,0.5376342191770916,-0.47452561970751056,7.642275818281459,7.5378136534240845
122.811481,1785142452.778,-0.13005803525447845,0.09296571463346481,0.3890000283718109,-0.1300459866325473,0.09261049618611579,0.3883959092899343,0.4821963456545628,0.5044678343875308,0.5361566492634927,-0.47490518607010845,0.4794990014546704,0.5059761367165707,0.5374456600491085,-0.47457456650322744,8.026594331782736,7.681530659439355
122.863534,1785142452.812,-0.13047891855239868,0.0925450325012207,0.3890000283718109,-0.13005773612680388,0.09260790878678166,0.38840944591674287,0.48234610224051294,0.504643387926257,0.5360020208762248,-0.47474111080914105,0.4796945687406308,0.5058848702123856,0.5373467957081123,-0.4745861775833365,7.154970900524725,7.588428089124735
122.914551,1785142452.878,-0.13005803525447845,0.09296571463346481,0.3890000283718109,-0.13005774982933033,0.09262595829948135,0.38843412327047705,0.48249357044263586,0.504805565001283,0.5358422167070366,-0.4745992149379749,0.4800072107794805,0.505764700053594,0.5371791817094037,-0.4745878975673704,7.21203496453862,7.477835124542759
122.966721,1785142452.912,-0.13047891855239868,0.09464846551418304,0.3890000283718109,-0.13006918041071255,0.09272891782747077,0.3884464515598071,0.4743353873115649,0.5111900448677407,0.541811214992467,-0.46918150611516196,0.4795863915680704,0.5061709682091251,0.53752645202841,-0.47418683800238876,6.888804868012303,7.373631016901183
123.010032,1785142452.978,-0.13005803525447845,0.09338640421628952,0.3890000283718109,-0.13006866988181615,0.09275643027888197,0.3884691285200802,0.4823458603945824,0.504364148119165,0.5358079289481287,-0.4752569203373645,0.47991905831316495,0.505953798248808,0.5373199393802922,-0.4743160699889563,7.72596384510321,7.47713874210689
123.060005,1785142453.012,-0.13047891855239868,0.09338640421628952,0.3890000283718109,-0.1300798043529591,0.09277017116344848,0.3884805017257275,0.48244418905110087,0.5044771152779008,0.535705027372761,-0.47515320503945124,0.48008330431004315,0.5058580315940691,0.537215202454871,-0.4743706346791465,6.210040385940997,7.251691562485661
123.109817,1785142453.079,-0.13005803525447845,0.09338640421628952,0.3890000283718109,-0.13007879335875486,0.09279580001533894,0.3885018392960981,0.4871797077026944,0.5101466705462533,0.5307598872492819,-0.4697874508971255,0.4810206835529344,0.5064261470818292,0.5363698193162606,-0.4737711224555197,7.720921889289915,7.391107487613157
123.156193,1785142453.112,-0.1297236979007721,0.0935659408569336,0.3880000114440918,-0.13006823505205,0.09281390892677638,0.38848160426730227,0.47743468373134845,0.508618165723522,0.5443415822357067,-0.4658926122139245,0.4807235911790676,0.5066121437493747,0.5370390741796648,-0.4731152053081914,6.985381448875581,7.3211851972384325
123.202989,1785142453.179,-0.12930388748645782,0.09272672981023788,0.3880000114440918,-0.13001697386277053,0.09280831541734605,0.38844904662737917,0.4823966032011276,0.5144432900335755,0.5387124540327607,-0.4609018446800197,0.481006692717153,0.5079113563714436,0.537323074469321,-0.4711077682155787,7.642269151791159,7.416497596627902
123.274166,1785142453.212,-0.13014349341392517,0.09398554265499115,0.3880000114440918,-0.1300202642750272,0.09285043417121602,0.3884346430734669,0.4746934604879617,0.5112611516284081,0.5413117425366669,-0.46931838957947836,0.4804226309360625,0.5082235124105091,0.5376945657065934,-0.4709432143339523,6.307843717925661,7.224283988687448
123.39434,1785142453.279,-0.12963715195655823,0.0925450325012207,0.3890000283718109,-0.1300011811032267,0.09282983316041303,0.38846745100978114,0.4771161165333844,0.5086061484497546,0.5448119057596165,-0.4656822784321761,0.47988894471543214,0.5082886984241717,0.5388528895960562,-0.47009229218117465,8.046915167447798,7.469235970978626
123.480754,1785142453.412,-0.12963715195655823,0.09338640421628952,0.3890000283718109,-0.1299696802667252,0.09287997017383137,0.3885179089380706,0.47751957424137526,0.5086803854646298,0.5441571236626224,-0.46595315904832396,0.4793606967095572,0.5083786296742787,0.5400426133194494,-0.4691678453812988,7.025165304592093,7.266743563309616
123.564289,1785142453.479,-0.13005803525447845,0.09422777593135834,0.3890000283718109,-0.12997419173830543,0.09297852630777483,0.3885406810901363,0.47728294243707176,0.508404044511157,0.5444153169354445,-0.4661955416661425,0.4791129825127232,0.5083825335218035,0.5405665681207658,-0.46881311311422674,6.906236052292953,7.159700692675445
123.650366,1785142453.579,-0.13047891855239868,0.09296571463346481,0.3890000283718109,-0.13001754876224564,0.09297746520373958,0.3885706057588253,0.4903048206641413,0.5071556032206799,0.533052168754584,-0.4671720907132689,0.4810991709522749,0.5081723851028835,0.5392446765209025,-0.4685291811314932,6.720840927682649,6.990005871836818
123.722982,1785142453.646,-0.12997040152549744,0.093626469373703,0.39000001549720764,-0.13001546051810284,0.09301056616167165,0.3886796144545653,0.4823777759708625,0.5047279192081158,0.5359225566547122,-0.47470877608269146,0.4812610670327596,0.5077424518193735,0.5388301831673867,-0.4693052542713979,7.003751666664777,6.994078485979713
123.798993,1785142453.746,-0.13005803525447845,0.09338640421628952,0.3890000283718109,-0.13001799084710072,0.09303310566611886,0.3887017566422211,0.4926423305131236,0.5059147564337926,0.5213713800633702,-0.47908838167915485,0.4836850137312383,0.5073791794777917,0.5351685836886061,-0.47139130534725204,7.551266613491164,7.209646892814179
123.875071,1785142453.812,-0.129216268658638,0.09338640421628952,0.3890000283718109,-0.12996392751205596,0.09304731987753577,0.3887150886546705,0.4875398404072828,0.5102399817346216,0.5301166007219724,-0.4700387799895612,0.48422714559902313,0.5077819655448103,0.534461639338091,-0.47120303798735413,6.720850927414474,7.0659264578943
123.950303,1785142453.879,-0.12963715195655823,0.0925450325012207,0.3890000283718109,-0.12994882346904663,0.09301282389195932,0.3887275928543855,0.4824932795675919,0.504631135519632,0.535563655473198,-0.47509917193409423,0.4840028687641787,0.5073737868892373,0.5346055810730385,-0.47170958872094054,6.177310484832681,6.8012149671278035
124.03024,1785142453.946,-0.129216268658638,0.09338640421628952,0.3890000283718109,-0.1299058974236073,0.09303100292886218,0.38873926764694394,0.4774150454680571,0.5086888506317002,0.544149755367158,-0.4660596220845514,0.48307124082108044,0.507565951633486,0.5359679572716919,-0.47091116976770175,6.424941283446583,6.689479127346955
124.112228,1785142454.046,-0.12963715195655823,0.09170366078615189,0.3890000283718109,-0.12988954897910346,0.09287196280565134,0.38875524775128856,0.48504338558212945,0.5014598578154768,0.5388670804314563,-0.4721156582130969,0.48341635540090716,0.5065047677479456,0.5364746490643496,-0.4711225939081956,7.556601849510216,7.025444497013346
124.193542,1785142454.113,-0.129216268658638,0.09170366078615189,0.3890000283718109,-0.12985333128806711,0.0927887801326164,0.3887653963432145,0.49040009580537514,0.5073637440417651,0.5328613125067183,-0.46706380602613456,0.4843026653984249,0.5066157344946515,0.5360195161859482,-0.47061077773273335,7.549128959206283,7.181095008530366
124.270849,1785142454.213,-0.13005803525447845,0.09380709379911423,0.3890000283718109,-0.12987025507755104,0.09290843522731626,0.3887794870571129,0.47797020750263847,0.5084462183031482,0.5432542175557116,-0.46679950614910026,0.48321589974999546,0.5069349636105638,0.5372696892015784,-0.4699581023487074,7.281135139192814,7.219715936098492
124.352182,1785142454.279,-0.13005803525447845,0.09338640421628952,0.3890000283718109,-0.12987990989291223,0.09293496942915157,0.388788368989215,0.4773478625908259,0.5080962575596378,0.5441360983906866,-0.46679022864882413,0.4824764541864323,0.5070843946381419,0.5381406032996404,-0.46955998440077457,6.936630452480257,7.136587579169377
124.433799,1785142454.346,-0.13047891855239868,0.09296571463346481,0.3890000283718109,-0.12991745128255774,0.09293630446720864,0.3887969881340758,0.47680906658051314,0.5086534190435655,0.5453662159681936,-0.4652961463438572,0.4817230153296406,0.5072968739838456,0.5391081973025276,-0.4689937843395752,7.950165301873479,7.378833672453954
124.51436,1785142454.446,-0.13005803525447845,0.09338640421628952,0.3890000283718109,-0.12992604689268347,0.09296972602363067,0.3888090495248266,0.4774024671345652,0.5084825934711101,0.5443476277767751,-0.46606651525777054,0.48099961742676167,0.5074979067904472,0.5399898463153091,-0.46850422465010105,7.1466001382250415,7.289123768415075
124.598493,1785142454.513,-0.13047891855239868,0.092124342918396,0.3890000283718109,-0.12995677353741283,0.09290646155765006,0.3888167912757127,0.48209932149363216,0.5043669321248331,0.5362657131288673,-0.47498771238501664,0.4811347267659154,0.5071199297586739,0.5395400350932428,-0.4692923418009589,7.417789896068772,7.32727267454027
124.674751,1785142454.613,-0.12963715195655823,0.092124342918396,0.3890000283718109,-0.1299308419203572,0.09283640309092663,0.3888276464563055,0.47732243225055215,0.5084622422695103,0.544378787805828,-0.4661342931427981,0.4805412134128417,0.5073311219903985,0.5402971185411186,-0.46880091570712773,6.923683644919669,7.171242934525017
