wall_time_s,frame_timestamp_s,raw_x,raw_y,raw_z,filt_x,filt_y,filt_z,raw_qw,raw_qx,raw_qy,raw_qz,filt_qw,filt_qx,filt_qy,filt_qz,raw_gripper_dist_mm,filt_gripper_dist_mm,curobo_time_ms,ik_success,tgt_tcp_x,tgt_tcp_y,tgt_tcp_z,tgt_tcp_qw,tgt_tcp_qx,tgt_tcp_qy,tgt_tcp_qz,pb_tcp_x,pb_tcp_y,pb_tcp_z,pb_tcp_qw,pb_tcp_qx,pb_tcp_qy,pb_tcp_qz,q_tgt_1,q_tgt_2,q_tgt_3,q_tgt_4,q_tgt_5,q_tgt_6,pb_q_1,pb_q_2,pb_q_3,pb_q_4,pb_q_5,pb_q_6
0.981737,1785483532.133,,,,,,,,,,,,,,,,,,,,,,,,,,,,,,,,,,,,,,,,,,,,
1.0444,1785483532.266,-0.03983214497566223,0.1052648201584816,0.4090000092983246,-0.03983214497566223,0.1052648201584816,0.4090000092983246,0.7416708872669494,-0.14285807701181744,0.0078015353437355045,0.6553281627241594,0.7416708872669494,-0.14285807701181744,0.0078015353437355045,0.6553281627241594,36.546916078169275,36.546916078169275,,,,,,,,,,,,,,,,,,,,,,,,,,,,
1.12302,1785483532.332,-0.03815511614084244,0.1050788015127182,0.4100000262260437,-0.039675204906698826,0.10525624583707698,0.4090726296597515,0.7635650146953408,-0.06395812333224457,0.06720907788490962,0.6390311155514897,0.7416708872669494,-0.14285807701181744,0.0078015353437355045,0.6553281627241594,38.901651804173575,37.24826884430804,,,,,,,,,,,,,,,,,,,,,,,,,,,,
1.185945,1785483532.397,-0.03771150857210159,0.10419200360774994,0.4100000262260437,-0.03949635806185828,0.10517928992400531,0.40913053701334795,0.7660229610115502,-0.06872623015104304,0.06527312932598328,0.6357868723718006,0.7416708872669494,-0.14285807701181744,0.0078015353437355045,0.6553281627241594,38.860172660779384,37.66798794503268,,,,,,,,,,,,,,,,,,,,,,,,,,,,
1.262232,1785483532.463,-0.03815511614084244,0.10463540256023407,0.4100000262260437,-0.03941127238378083,0.10515251947617947,0.4091797201189337,0.7672476827618285,-0.04920999093035262,0.08073375099707278,0.634343307318034,0.7416708872669494,-0.14285807701181744,0.0078015353437355045,0.6553281627241594,39.23247570407768,38.07166320632313,,,,,,,,,,,,,,,,,,,,,,,,,,,,
1.326159,1785483532.529,-0.03726790472865105,0.10419200360774994,0.4100000262260437,-0.039229407926677284,0.10509382654626936,0.4092221439518574,0.7680684678151011,-0.06670813058635336,0.06684557785805786,0.6333660259144466,0.7416708872669494,-0.14285807701181744,0.0078015353437355045,0.6553281627241594,39.305640727906415,38.366063209181604,,,,,,,,,,,,,,,,,,,,,,,,,,,,
1.388358,1785483532.594,-0.03806205466389656,0.10438019037246704,0.4090000092983246,-0.039176219955298366,0.10505952337324302,0.4092079727625479,0.7642860712823274,-0.06437715131685529,0.0763737713822486,0.6370945225608238,0.7416708872669494,-0.14285807701181744,0.0078015353437355045,0.6553281627241594,40.189868181186,38.847719328024816,,,,,,,,,,,,,,,,,,,,,,,,,,,,
1.480917,1785483532.66,-0.03717700392007828,0.10393787175416946,0.4090000092983246,-0.03902980915406515,0.10499137063901079,0.40919600436571996,0.7687198273639038,-0.058913566140598256,0.07355946326733429,0.6326041606771402,0.7416708872669494,-0.14285807701181744,0.0078015353437355045,0.6553281627241594,39.17480945375978,38.90777062257957,,,,,,,,,,,,,,,,,,,,,,,,,,,,
1.54414,1785483532.758,-0.03771150857210159,0.10419200360774994,0.4100000262260437,-0.03894300392997909,0.10493855499485834,0.40926337635464,0.7683233044754597,-0.05431417750642021,0.06781088635758095,0.6341379610251308,0.7416708872669494,-0.14285807701181744,0.0078015353437355045,0.6553281627241594,39.124900214157,38.960160125528155,,,,,,,,,,,,,,,,,,,,,,,,,,,,
1.666806,1785483532.823,-0.03761953115463257,0.10393787175416946,0.4090000092983246,-0.038881917554071256,0.10488690823596634,0.40924771898426204,0.7666103087874605,-0.0620091497230729,0.07113739203774413,0.6351401193953066,0.7416708872669494,-0.14285807701181744,0.0078015353437355045,0.6553281627241594,40.06053879141221,39.21030941591232,,,,,,,,,,,,,,,,,,,,,,,,,,,,
1.733934,1785483532.889,-0.03761953115463257,0.10438019037246704,0.4090000092983246,-0.03882537879048783,0.10486369254401677,0.4092342449649906,0.7685556567701294,-0.05730660214981476,0.074179097183363,0.6328788330618579,0.7416708872669494,-0.14285807701181744,0.0078015353437355045,0.6553281627241594,39.69904640285421,39.304477091774544,,,,,,,,,,,,,,,,,,,,,,,,,,,,
1.760001,1785483532.954,-0.03815511614084244,0.10463540256023407,0.4100000262260437,-0.03878949298114287,0.10485184893061537,0.40928169428181704,0.7665040869871488,-0.05388445791352945,0.06831721791515684,0.6363180867802639,0.7453204702048446,-0.13172254967878705,0.015448136049191834,0.6533819110538297,40.11388295634343,39.47347551884499,,,,,,,,,,,,,,,,,,,,,,,,,,,,
1.889433,1785483533.019,-0.03726790472865105,0.10463540256023407,0.4100000262260437,-0.03870065749124744,0.10484140575743295,0.40932155021299804,0.7700291093972659,-0.05125434425920063,0.06955245509031538,0.6321318049792484,0.7507834060038372,-0.11604427757615915,0.026075595779551597,0.6497523114355548,39.593934372296346,39.49431496656075,,,,,,,,,,,,,,,,,,,,,,,,,,,,
1.915832,1785483533.117,-0.03771150857210159,0.10463540256023407,0.4100000262260437,-0.0386419713605829,0.10482779051228996,0.4093708058996516,0.768046922655685,-0.05823694898254749,0.06459239233194881,0.6344605623875862,0.7589049298060313,-0.09058786660239421,0.0431054568532973,0.6434275915205987,39.69904640285421,39.54345261334698,,,,,,,,,,,,,,,,,,,,,,,,,,,,
1.994419,1785483533.182,-0.03815511614084244,0.1050788015127182,0.4100000262260437,-0.03861540777019958,0.10484229495477977,0.40940003027961724,0.7657008025998847,-0.05562908897773756,0.06555753193460226,0.6374244232566265,0.7614415948963784,-0.07836114186870306,0.05097884833757185,0.6414572363212276,39.64260285959486,39.56036212584628,,,,,,,,,,,,,,,,,,,,,,,,,,,,
2.0729,1785483533.248,-0.03726790472865105,0.10419200360774994,0.4100000262260437,-0.038536689655081086,0.10480581582547863,0.409427027429261,0.7666917596415358,-0.07691631033849536,0.049802567308463795,0.635442626199379,0.7630235250744193,-0.0779278317740612,0.05062598698592924,0.6396556594447524,38.901651804173575,39.41764425212456,,,,,,,,,,,,,,,,,,,,,,,,,,,,
2.164995,1785483533.315,-0.03726790472865105,0.10419200360774994,0.4100000262260437,-0.03846850173336172,0.1047738551816221,0.4094522950132295,0.7666995871209603,-0.07315792768986046,0.0522253809064972,0.635682444553761,0.7639736342921839,-0.07670058362991215,0.051037895469590366,0.6386363909168177,39.305640727906415,39.397269982660696,,,,,,,,,,,,,,,,,,,,,,,,,,,,
2.198561,1785483533.381,-0.03761953115463257,0.10438019037246704,0.4090000092983246,-0.03843257545848065,0.10475745476582689,0.40942054587573823,0.7684188403802545,-0.06425332128681865,0.07696381509354444,0.6320447512783605,0.765225041011522,-0.07338931805104805,0.05795314866555073,0.6369349081065233,39.30317780627459,39.38056667875435,,,,,,,,,,,,,,,,,,,,,,,,,,,,
2.264535,1785483533.448,-0.03717700392007828,0.10438019037246704,0.4090000092983246,-0.038365283184030534,0.1047417181178085,0.4093943583884423,0.7685404417122894,-0.07840280963943504,0.0567164974889526,0.6324411654896501,0.7659948512454368,-0.07454784300161578,0.057667772306539834,0.6359000982909886,39.305640727906415,39.367241092943615,,,,,,,,,,,,,,,,,,,,,,,,,,,,
2.353503,1785483533.515,-0.03761953115463257,0.10438019037246704,0.4090000092983246,-0.038330892513609265,0.10472677862968066,0.4093723159083037,0.7639371679031393,-0.08611136429840348,0.05037784642697379,0.6375318886331715,0.7655627197345296,-0.07704815646636685,0.05609323150100893,0.6362631948475242,38.80110065202197,39.249865224537565,,,,,,,,,,,,,,,,,,,,,,,,,,,,
2.416902,1785483533.614,-0.03761953115463257,0.10482250899076462,0.4090000092983246,-0.03828566553542035,0.10473408280106217,0.40934544515061927,0.7653311977844263,-0.07349013557811523,0.06870525619505277,0.6357255268130564,0.7655166438894072,-0.07615014908363939,0.05928172417498411,0.6361376422612322,39.247786771000335,39.249363370922175,,,,,,,,,,,,,,,,,,,,,,,,,,,,
2.513102,1785483533.681,-0.03761953115463257,0.10438019037246704,0.4090000092983246,-0.038257097577603705,0.1047176006126259,0.4093291463810151,0.7693913928252875,-0.051311676975971776,0.08759027239848943,0.6306599247085835,0.7665494386464724,-0.07019502741566243,0.06608831558651372,0.6349070410539089,39.64260285959486,39.328189270948975,,,,,,,,,,,,,,,,,,,,,,,,,,,,
2.558499,1785483533.748,-0.03761953115463257,0.10438019037246704,0.4090000092983246,-0.03823022415316322,0.10470250074760001,0.40931427508526724,0.7673252479353726,-0.05349166747382015,0.08600458910284307,0.6332091408413498,0.7667914623522072,-0.06603723725844736,0.07105537882199996,0.6345242861384403,39.17480945375978,39.299943981923064,,,,,,,,,,,,,,,,,,,,,,,,,,,,
2.619531,1785483533.814,-0.03771150857210159,0.10419200360774994,0.4100000262260437,-0.038207324720132704,0.1046774010173681,0.40936192136352784,0.7660032041972149,-0.06894608522082393,0.06509064807743913,0.6358055803665,0.7666276711744036,-0.06665284474885949,0.06979384373239239,0.6347977878455889,38.80110065202197,39.19942109140461,,,,,,,,,,,,,,,,,,,,,,,,,,,,
2.697155,1785483533.881,-0.03761953115463257,0.10393787175416946,0.4090000092983246,-0.038183550040128814,0.10463628247202482,0.40934285600062087,0.7699895310356243,-0.0474351769160167,0.09149449985905224,0.6296783167475498,0.7674932182085843,-0.06206044840833065,0.0749911810887018,0.6336236923491017,39.230015165433706,39.204901893050895,,,,,,,,,,,,,,,,,,,,,,,,,,,,
2.776735,1785483533.947,-0.03717700392007828,0.10482250899076462,0.4090000092983246,-0.03812854333136805,0.10464721608363917,0.4093262573665681,0.7665888573238437,-0.07533518759716783,0.058593037530599294,0.6350062907480216,0.7673106899542069,-0.06519721476175763,0.07112249214928121,0.6339757245981771,38.96318680104455,39.160261254970976,,,,,,,,,,,,,,,,,,,,,,,,,,,,
2.839234,1785483534.014,-0.03726790472865105,0.10463540256023407,0.4100000262260437,-0.03808725939968472,0.10464665283050185,0.4093718651786744,0.7677299231515113,-0.0665843427692084,0.06624205902619254,0.6338527273836863,0.7673967344361712,-0.06547675305006077,0.07013959909671631,0.6339522721982103,39.26495263160873,39.179481636666516,,,,,,,,,,,,,,,,,,,,,,,,,,,,
2.918474,1785483534.114,-0.03726790472865105,0.10419200360774994,0.4100000262260437,-0.03803334956559631,0.10461413664708358,0.40942415224475115,0.7684368803016111,-0.06667007527807543,0.06761437783526827,0.6328413371175217,0.7676190769487126,-0.06573114734092,0.06960144554170164,0.6337160308467494,39.366544242937884,39.22691036126322,,,,,,,,,,,,,,,,,,,,,,,,,,,,
2.994258,1785483534.18,-0.03717700392007828,0.10393787175416946,0.4090000092983246,-0.03799384555020055,0.10457739400651865,0.40939816858196276,0.7687354137062667,-0.06810714717397393,0.07533301372904494,0.6314524663505378,0.7677777770141766,-0.06606468007925866,0.07040577796664696,0.6334001654547508,38.51448040001119,39.07372595593884,,,,,,,,,,,,,,,,,,,,,,,,,,,,
3.088807,1785483534.247,-0.03761953115463257,0.10438019037246704,0.4090000092983246,-0.0379747868981095,0.10456851541959117,0.4093759528338025,0.7653182932673537,-0.07349632173266141,0.06867268668638046,0.6357438657080289,0.767441434541484,-0.06709088653308766,0.07016681837614795,0.6337263408539069,38.74977675103935,39.011841221829144,,,,,,,,,,,,,,,,,,,,,,,,,,,,
3.166832,1785483534.347,-0.03717700392007828,0.10438019037246704,0.4090000092983246,-0.037920024375296554,0.10455661411937969,0.40934861820876156,0.769919744815118,-0.06391794474446452,0.07633258272269607,0.6303264389967709,0.7678758201289684,-0.0665397073906252,0.071238834972773,0.6331383897643201,38.860172660779384,38.97470055871584,,,,,,,,,,,,,,,,,,,,,,,,,,,,
3.24438,1785483534.447,-0.03761953115463257,0.10438019037246704,0.4090000092983246,-0.0378983816905601,0.10454574179221021,0.4093250830739176,0.7685058236054557,-0.05867906127481284,0.08078582960614168,0.6320041270334034,0.7679953782458295,-0.06515617741212146,0.07292087992557535,0.6329457455493047,39.72803563435903,39.194943389012415,,,,,,,,,,,,,,,,,,,,,,,,,,,,
3.307636,1785483534.481,-0.03761953115463257,0.10438019037246704,0.4090000092983246,-0.03789144676491854,0.10454215289380345,0.40931745079627,0.7657635844608354,-0.07249501584180656,0.07028273294608478,0.6351463948110063,0.767827703846386,-0.06571396777765073,0.07272060578319173,0.6331145276641739,38.39186757004144,39.08839339385654,,,,,,,,,,,,,,,,,,,,,,,,,,,,
3.370039,1785483534.547,-0.03761953115463257,0.10393787175416946,0.4090000092983246,-0.03787920288510882,0.10450974486787896,0.4093037383875486,0.7683457610232228,-0.06497059702367453,0.0763465365232444,0.6321351274853636,0.7678916295026219,-0.06562317432343485,0.0731637828061522,0.632995343756191,38.74977675103935,39.02335693566185,,,,,,,,,,,,,,,,,,,,,,,,,,,,
3.45148,1785483534.648,-0.03761953115463257,0.10438019037246704,0.4090000092983246,-0.03786249203339445,0.1045011779384666,0.40928469214438196,0.7696436814202463,-0.04737728567164745,0.0908135462314069,0.6302038529501021,0.7683177585172898,-0.061636826815875956,0.07702753909673687,0.6324203362857158,39.29317894328109,39.09406852871711,,,,,,,,,,,,,,,,,,,,,,,,,,,,
3.556213,1785483534.748,-0.03771150857210159,0.10463540256023407,0.4100000262260437,-0.037852545218903945,0.10451108309179281,0.40935513303608245,0.7693783165412063,-0.03804908323041525,0.08901785963706892,0.6314151518352878,0.7686264395955396,-0.05588273633426893,0.07995952819899435,0.6322159361995499,39.64260285959486,39.244977101627654,,,,,,,,,,,,,,,,,,,,,,,,,,,,
3.63574,1785483534.814,-0.03726790472865105,0.10463540256023407,0.4100000262260437,-0.03782247646219387,0.1045169271219312,0.40939341891301206,0.770337598645052,-0.052868970060507454,0.0766687043316107,0.6307985144993828,0.7688901437148602,-0.055420563736936365,0.07945489831657826,0.6319995467931319,39.305640727906415,39.25541754031736,,,,,,,,,,,,,,,,,,,,,,,,,,,,
3.69846,1785483534.881,-0.03771150857210159,0.10463540256023407,0.4100000262260437,-0.03781724231944681,0.10452232231497233,0.40942643554484115,0.7684767179305132,-0.0522604212230457,0.06952601283441212,0.6339388897296692,0.7688322871951992,-0.054935758720014924,0.0779309921459903,0.6323019350304067,39.64260285959486,39.330725397726816,,,,,,,,,,,,,,,,,,,,,,,,,,,,
3.776297,1785483534.982,-0.03771150857210159,0.10463540256023407,0.4100000262260437,-0.0378102984013271,0.1045295853266454,0.40946780079100237,0.767871392951694,-0.065676406489807,0.06698800469031548,0.6336976729834354,0.7686449046313232,-0.05720151778107171,0.07562520035017764,0.632608746398468,38.80110065202197,39.18175144117042,,,,,,,,,,,,,,,,,,,,,,,,,,,,
3.840221,1785483535.048,-0.03771150857210159,0.10463540256023407,0.4100000262260437,-0.0378060783484286,0.10453403150086432,0.40949220485669224,0.7688482391100474,-0.047572175857691364,0.08119320919665482,0.632468921040309,0.7686814851282336,-0.055756975944352374,0.0764613410525311,0.632592757924909,39.124900214157,39.17181730155838,,,,,,,,,,,,,,,,,,,,,,,,,,,,
3.91877,1785483535.115,-0.03771150857210159,0.10419200360774994,0.4100000262260437,-0.037802062203619174,0.10451561905905978,0.40951490992384587,0.7695496334998176,-0.04764639346667459,0.08252012636945055,0.631437733679169,0.7688169648932296,-0.05453955891865898,0.07737156670709615,0.6324235540131393,39.23247570407768,39.18264788612438,,,,,,,,,,,,,,,,,,,,,,,,,,,,
3.980861,1785483535.182,-0.03726790472865105,0.10419200360774994,0.4100000262260437,-0.037773244662471374,0.10449947326828844,0.4095359817853042,0.7686260820074478,-0.0592005046545633,0.0651389600464106,0.633613574815595,0.7687958393246391,-0.05527032153048046,0.07545620456505767,0.6326171908727086,39.230015165433706,39.19103279176109,,,,,,,,,,,,,,,,,,,,,,,,,,,,
4.059561,1785483535.249,-0.03771150857210159,0.10419200360774994,0.4100000262260437,-0.037770411084069214,0.10448499185251023,0.4095557214214905,0.767333629318394,-0.04663240854580239,0.0828474475381512,0.6341615095751966,0.7685730678847184,-0.05391459814162032,0.07661734930794527,0.6328652599207227,40.06053879141221,39.387040275934126,,,,,,,,,,,,,,,,,,,,,,,,,,,,
4.136338,1785483535.315,-0.03726790472865105,0.10463540256023407,0.4100000262260437,-0.037744835406368575,0.10449252148833811,0.4095740764171314,0.769406602946537,-0.04910240059388022,0.08135529474791607,0.6316516046165542,0.7686947885563113,-0.053225047279910995,0.07729664080763955,0.6326931686910124,39.230015165433706,39.35791228660793,,,,,,,,,,,,,,,,,,,,,,,,,,,,
4.213005,1785483535.416,-0.03771150857210159,0.10463540256023407,0.4100000262260437,-0.037742547206447846,0.10450236285354425,0.40960006562510864,0.7642692955513198,-0.06162670524042064,0.06266680346830722,0.6388798516323427,0.767771764609311,-0.05502088235383437,0.07417443548720941,0.6340326277833531,38.89096576572091,39.229885021513,,,,,,,,,,,,,,,,,,,,,,,,,,,,
4.292577,1785483535.482,-0.03771150857210159,0.10419200360774994,0.4100000262260437,-0.03774117629470015,0.1044867568253417,0.4096162498499013,0.7698092040066473,-0.04325051047949413,0.08612509203412559,0.6309561405454649,0.7681283281640534,-0.053053249597725116,0.07617487754945915,0.6335310664910937,39.17480945375978,39.22035920375052,,,,,,,,,,,,,,,,,,,,,,,,,,,,
4.355249,1785483535.549,-0.03771150857210159,0.10419200360774994,0.4100000262260437,-0.037739885612116615,0.10447264173027077,0.40963193024688843,0.7652263882627787,-0.06894604552634731,0.05577256602553515,0.6376240572559266,0.767583485307162,-0.05627594609247507,0.0720458425951245,0.6343957814644302,38.80110065202197,39.13743772317449,,,,,,,,,,,,,,,,,,,,,,,,,,,,
4.433024,1785483535.616,-0.03761953115463257,0.10438019037246704,0.4090000092983246,-0.037734908401990286,0.10446880191308906,0.40958567778011046,0.7638016250916781,-0.08730544698077705,0.04938119393172233,0.6376098604324403,0.7667415942062878,-0.06408089752047866,0.06636090972921892,0.6352930000770358,38.80110065202197,39.07324866207471,,,,,,,,,,,,,,,,,,,,,,,,,,,,
4.511468,1785483535.716,-0.03717700392007828,0.10438019037246704,0.4090000092983246,-0.03769108576327811,0.10446347465451124,0.40953406966000266,0.7667045701033445,-0.08113907959236398,0.05524308198072422,0.6344515378173661,0.7667639495442343,-0.06921822384898221,0.06301733396719948,0.6350674757741775,38.89916330377225,39.03049588020998,,,,,,,,,,,,,,,,,,,,,,,,,,,,
4.558344,1785483535.749,-0.03761953115463257,0.10438019037246704,0.4090000092983246,-0.03768939787012368,0.10446175813166236,0.4095185279105853,0.7687289281934787,-0.049683522108542495,0.07974473747593767,0.6326358821899759,0.7667650255686344,-0.07079189779640066,0.06199231072981195,0.6349935875121054,39.69904640285421,39.114506177473885,,,,,,,,,,,,,,,,,,,,,,,,,,,,
4.636832,1785483535.816,-0.03806205466389656,0.10482250899076462,0.4090000092983246,-0.03771163694849414,0.10448185875861873,0.4094913574075106,0.7618021421470208,-0.08551983509352667,0.05015004497525544,0.6401787461442048,0.7656334070400502,-0.07423595946479448,0.059227401472726766,0.6362284363822278,39.247786771000335,39.139049092156306,,,,,,,,,,,,,,,,,,,,,,,,,,,,
4.698546,1785483535.883,-0.03717700392007828,0.10393787175416946,0.4090000092983246,-0.03768137014291876,0.10444955547033907,0.4094673425062732,0.7681408523295572,-0.0665731234266817,0.07503265089017869,0.6323746923462622,0.7662262691210568,-0.07249410517928737,0.06282627687303934,0.6353697885148086,39.25002500109799,39.15916589024447,,,,,,,,,,,,,,,,,,,,,,,,,,,,
4.763662,1785483535.95,-0.03761953115463257,0.10482250899076462,0.4090000092983246,-0.03767865253886875,0.10447074198017299,0.4094456678575742,0.7664098815566676,-0.08121588873687152,0.054456334840459544,0.6348656396945095,0.7662740058848622,-0.07432140466620717,0.06107429628439579,0.6352719158336642,39.30317780627459,39.1854362812613,,,,,,,,,,,,,,,,,,,,,,,,,,,,
4.839625,1785483536.016,-0.03761953115463257,0.10482250899076462,0.4090000092983246,-0.03767615198640824,0.10448879402184245,0.4094260604317326,0.7645321799726619,-0.07739550638845503,0.05692952781584822,0.637384899601323,0.7659640422526108,-0.07487202976846535,0.06033230068484643,0.6356518533194598,39.30317780627459,39.20636211472337,,,,,,,,,,,,,,,,,,,,,,,,,,,,
4.903608,1785483536.083,-0.03761953115463257,0.10438019037246704,0.4090000092983246,-0.03767376452661061,0.10448366728394184,0.4094075774360832,0.7657351099524456,-0.07279516463561819,0.07003377086469355,0.6351738945597977,0.7659303932435597,-0.07451882456174672,0.061985055967068645,0.6355748817633222,39.247786771000335,39.213597148225716,,,,,,,,,,,,,,,,,,,,,,,,,,,,
4.96581,1785483536.15,-0.03717700392007828,0.10482250899076462,0.4090000092983246,-0.037646879328224844,0.10450082076800953,0.4093902558966344,0.7677974552905014,-0.06668876527062385,0.07422349978271088,0.6328748283160865,0.7662697524359865,-0.07314830810869061,0.06413004447905422,0.6351120601261185,38.80110065202197,39.13076369662992,,,,,,,,,,,,,,,,,,,,,,,,,,,,
5.062232,1785483536.25,-0.03717700392007828,0.10438019037246704,0.4090000092983246,-0.03761341076591919,0.10449251022618566,0.40936646223900275,0.7660827280689685,-0.08355692140781594,0.05249249226114734,0.6351220614145507,0.7662436091142848,-0.07551874867476062,0.0614828543260659,0.6351279467272978,38.80110065202197,39.04501758330751,,,,,,,,,,,,,,,,,,,,,,,,,,,,
5.106937,1785483536.283,-0.03761953115463257,0.10438019037246704,0.4090000092983246,-0.03761356874908851,0.10448990083545474,0.4093588168026446,0.7693913928252875,-0.051311676975971776,0.08759027239848943,0.6306599247085835,0.7662326299384593,-0.07631661634011655,0.060591421060896856,0.635131490781089,39.17480945375978,39.058259764429906,,,,,,,,,,,,,,,,,,,,,,,,,,,,
5.168577,1785483536.383,-0.03761953115463257,0.1052648201584816,0.4090000092983246,-0.03761397726519071,0.10456038105840161,0.4093372664457825,0.7635980654296617,-0.08622689840745963,0.049583373579874655,0.6379846436455553,0.7656353478739969,-0.07862532706261209,0.0580300174006432,0.635809003640749,38.857793415119254,39.00805903775765,,,,,,,,,,,,,,,,,,,,,,,,,,,,
5.277113,1785483536.45,-0.03771150857210159,0.10463540256023407,0.4100000262260437,-0.037618672691887,0.10456381582314324,0.4093856906725088,0.7647764181562605,-0.07388100958955461,0.05167939802169421,0.6379560066918596,0.7655039231437492,-0.0778806687993666,0.05703302422392494,0.6361490228136529,39.366544242937884,39.07939881397899,,,,,,,,,,,,,,,,,,,,,,,,,,,,
5.296192,1785483536.517,-0.03726790472865105,0.10463540256023407,0.4100000262260437,-0.03760113030617677,0.10456697952707272,0.40942477501292845,0.7667966742350156,-0.06836732484145554,0.05553725393887668,0.6358178848546737,0.7657055757820647,-0.07643157021829053,0.05680545778834921,0.6361024494966823,38.80110065202197,39.02618795069688,,,,,,,,,,,,,,,,,,,,,,,,,,,,
5.360348,1785483536.55,-0.03726790472865105,0.1050788015127182,0.4100000262260437,-0.03759299107940039,0.10458121766195598,0.40944222219136006,0.7678087474838537,-0.05601469290233605,0.06578572338780232,0.6348262124902188,0.7659588845355579,-0.07415965597190587,0.05780700150136657,0.6359761655947442,39.69904640285421,39.10961962434147,,,,,,,,,,,,,,,,,,,,,,,,,,,,
5.422933,1785483536.617,-0.03771150857210159,0.1050788015127182,0.4100000262260437,-0.03759889909573491,0.10460642218985756,0.4094723836138651,0.7658255817743381,-0.062200870212319494,0.06143034863375865,0.6370781288912386,0.7659426017891143,-0.07185964488492466,0.05850485465938499,0.6361959636643564,39.230015165433706,39.13140701992412,,,,,,,,,,,,,,,,,,,,,,,,,,,,
5.499775,1785483536.684,-0.03726790472865105,0.10419200360774994,0.4100000262260437,-0.037582742782708525,0.1045803311783533,0.4094987979690536,0.7683935661127373,-0.06285279225868365,0.07002323956558414,0.6330225904204194,0.7664251370764691,-0.07013774570997258,0.0607095745309686,0.6356001521745471,38.80110065202197,39.06682450962063,,,,,,,,,,,,,,,,,,,,,,,,,,,,
5.561713,1785483536.784,-0.03771150857210159,0.10463540256023407,0.4100000262260437,-0.03759182572939158,0.10458365979559527,0.40953270218668614,0.765239440386004,-0.06892004224901949,0.05581532163139865,0.6376074627271017,0.7661764779462995,-0.0698805293886839,0.05967518904460746,0.636026090712206,39.366544242937884,39.144999319169415,,,,,,,,,,,,,,,,,,,,,,,,,,,,
5.639581,1785483536.817,-0.03771150857210159,0.10419200360774994,0.4100000262260437,-0.037594665502342195,0.10457198928016259,0.4095433833709383,0.7677187234054093,-0.0460698734581064,0.0840241758701635,0.6335814599257641,0.766102590781013,-0.0698042909757286,0.059368657857789726,0.6361521388977327,39.17480945375978,39.14780523493279,,,,,,,,,,,,,,,,,,,,,,,,,,,,
5.716266,1785483536.917,-0.03771150857210159,0.1050788015127182,0.4100000262260437,-0.03760225584481252,0.1046126654953891,0.4095723679450558,0.7660979586209536,-0.05875106596463603,0.06429903809034727,0.6367949934990718,0.7661105462009608,-0.06764007973860535,0.06033506876924971,0.6362854155874003,39.29317894328109,39.18378859427102,,,,,,,,,,,,,,,,,,,,,,,,,,,,
5.794599,1785483536.984,-0.03771150857210159,0.10463540256023407,0.4100000262260437,-0.037606983470417944,0.10461368793447737,0.4095905597261343,0.7683621348964429,-0.04858780288906691,0.07189602623457043,0.6341055247192471,0.7665309541508748,-0.0643214587989951,0.062352509326735556,0.6359286208743697,39.17480945375978,39.182202539679764,,,,,,,,,,,,,,,,,,,,,,,,,,,,
5.857053,1785483537.05,-0.03771150857210159,0.1050788015127182,0.4100000262260437,-0.037611355174582695,0.10463765490834262,0.409607475498348,0.7662022121351365,-0.05841017169188654,0.07242938653596602,0.6358273397143059,0.7664829856058905,-0.06332780999391051,0.06404801030441315,0.635917662621586,38.857793415119254,39.11954958589567,,,,,,,,,,,,,,,,,,,,,,,,,,,,
5.935163,1785483537.117,-0.03771150857210159,0.10463540256023407,0.4100000262260437,-0.03761554454263114,0.10463754884430432,0.4096237519445166,0.7659650135393661,-0.06550401860265347,0.0672383180239303,0.6359920048002606,0.7664079084472665,-0.06364635448666082,0.06451496715330395,0.6359291457727446,38.80110065202197,39.058197810486504,,,,,,,,,,,,,,,,,,,,,,,,,,,,
6.016788,1785483537.217,-0.03726790472865105,0.10463540256023407,0.4100000262260437,-0.037588927336673725,0.10463740929317335,0.40964634992819643,0.767671400562352,-0.06304535977075852,0.06844417067191103,0.6340514954410618,0.7666227369381272,-0.06354479829336068,0.06517963120557546,0.6356125026266053,38.8454576836047,39.004863707103894,,,,,,,,,,,,,,,,,,,,,,,,,,,,
6.092139,1785483537.284,-0.03726790472865105,0.10419200360774994,0.4100000262260437,-0.03757318520941863,0.10461149791700038,0.4096608003985401,0.7702254475190384,-0.059276010707340475,0.07210503965619257,0.6309040955683352,0.7670858496571341,-0.06300153664164342,0.06606193168497942,0.6350164775961592,39.25002500109799,39.05207665658563,,,,,,,,,,,,,,,,,,,,,,,,,,,,
6.16704,1785483537.35,-0.03771150857210159,0.10419200360774994,0.4100000262260437,-0.037579924457378316,0.10458956591832688,0.4096744167154637,0.768186785284963,-0.0617308612783158,0.07021873546364636,0.6333622130102788,0.7672145897100501,-0.06285405942692754,0.06654469797566098,0.6348251284573759,40.13610916783221,39.30762878703986,,,,,,,,,,,,,,,,,,,,,,,,,,,,
6.245489,1785483537.417,-0.03771150857210159,0.10463540256023407,0.4100000262260437,-0.03758607819064987,0.10459169947230615,0.40968764503051847,0.76606300974917,-0.06006278143379375,0.07103407708675882,0.6359984962819583,0.7670860514095881,-0.06253974741984056,0.06705048151833556,0.63495826843476,39.247786771000335,39.29680029121125,,,,,,,,,,,,,,,,,,,,,,,,,,,,
6.308869,1785483537.484,-0.03726790472865105,0.10419200360774994,0.4100000262260437,-0.03756985970947735,0.10457126702775815,0.40970031465061946,0.7670112173535553,-0.0736625111718264,0.05249832994978512,0.635225591624079,0.76709116138408,-0.06415721358057078,0.06493741768747945,0.6350103415347519,38.84319614145848,39.20449248151584,,,,,,,,,,,,,,,,,,,,,,,,,,,,
6.401703,1785483537.584,-0.03771150857210159,0.10463540256023407,0.4100000262260437,-0.03757958220571558,0.10457566032601932,0.4097180754987724,0.7663554972112604,-0.05514186467624184,0.0672771515093385,0.6365001268962154,0.7669607362904206,-0.062496073213805785,0.06536907878239866,0.6352891887643382,39.69650865076847,39.339029877456284,,,,,,,,,,,,,,,,,,,,,,,,,,,,
6.463987,1785483537.651,-0.03717700392007828,0.10438019037246704,0.4090000092983246,-0.03755791825254788,0.10456696579193726,0.4096653469400605,0.7683518397475739,-0.059160423572380626,0.07265689983251424,0.6331322686026853,0.7671456264244747,-0.06206038599248806,0.06632179282303448,0.6350098551558093,39.64260285959486,39.39675352956741,,,,,,,,,,,,,,,,,,,,,,,,,,,,
6.543563,1785483537.717,-0.03717700392007828,0.10482250899076462,0.4090000092983246,-0.0375391730958507,0.10458021014461653,0.4096233699977083,0.7712859227296555,-0.044720070454647355,0.09203583170000115,0.6282097948781796,0.7679935950435794,-0.05876752297185436,0.07121729845943153,0.6337667651557086,39.69904640285421,39.453173481392255,,,,,,,,,,,,,,,,,,,,,,,,,,,,
6.619646,1785483537.817,-0.03771150857210159,0.10419200360774994,0.4100000262260437,-0.03755181683047948,0.1045510785748811,0.409653595926949,0.7694452838385413,-0.04330809969549943,0.08537334823561175,0.6314980246132463,0.7683988571690726,-0.054802724522805636,0.07485315427031446,0.6332115467850574,39.593934372296346,39.487458834381734,,,,,,,,,,,,,,,,,,,,,,,,,,,,
6.698531,1785483537.884,-0.03815511614084244,0.1050788015127182,0.4100000262260437,-0.03758933852700593,0.10458397668054376,0.4096712232778818,0.7674939446623527,-0.04540261362214938,0.0839034749397336,0.6339178609851096,0.7682431050457273,-0.05308310269098355,0.07651042380993109,0.6333489329009899,39.69650865076847,39.525678929271436,,,,,,,,,,,,,,,,,,,,,,,,,,,,
6.775924,1785483537.951,-0.03726790472865105,0.10419200360774994,0.4100000262260437,-0.03757169399874809,0.10456250620971791,0.40968694008549955,0.7680209269215901,-0.0629948627236597,0.069180438778904,0.6335531311352561,0.7682121688997159,-0.054844489528890934,0.07520912173065875,0.6333922430305039,38.77545973340808,39.35843085262704,,,,,,,,,,,,,,,,,,,,,,,,,,,,
6.839698,1785483538.051,-0.03726790472865105,0.10419200360774994,0.4100000262260437,-0.0375498481009167,0.10453590145109107,0.40970749307482623,0.7685373365690245,-0.05552238645548517,0.06748999508496133,0.63380811565103,0.7682830435010597,-0.05498460762729868,0.07361707027413646,0.6334811638534122,39.69904640285421,39.44787153710156,,,,,,,,,,,,,,,,,,,,,,,,,,,,
6.902835,1785483538.118,-0.03815511614084244,0.10552219301462173,0.4100000262260437,-0.03758850186588655,0.10461297356724775,0.4097202505749161,0.7616367567311942,-0.08308202683036509,0.043323004676422965,0.6411941553691463,0.7668967660908472,-0.061369878355517035,0.06675371504172148,0.6353322199590997,38.89916330377225,39.33286889509675,,,,,,,,,,,,,,,,,,,,,,,,,,,,
6.964304,1785483538.184,-0.03771150857210159,0.10419200360774994,0.4100000262260437,-0.03759360895025142,0.10458886208418686,0.40973201810109255,0.7648489727183875,-0.0765984422352279,0.05008801498500456,0.6376754020139289,0.7664590197507747,-0.064891153984138,0.06290631097179984,0.6359029054951767,38.901651804173575,39.247958568754214,,,,,,,,,,,,,,,,,,,,,,,,,,,,
7.044266,1785483538.218,-0.03761953115463257,0.10349555313587189,0.4090000092983246,-0.03759418216178517,0.10454182697001477,0.4097022110435509,0.7689259831599603,-0.06160027450740277,0.07205231475393152,0.6322710672968529,0.7667949314655776,-0.06445023636009499,0.06413331477763946,0.6354200327715992,39.17480945375978,39.24084211586598,,,,,,,,,,,,,,,,,,,,,,,,,,,,
7.121042,1785483538.318,-0.03771150857210159,0.10374859720468521,0.4100000262260437,-0.03760134645058437,0.10447421690242406,0.40972253375115825,0.7646156813393579,-0.08215748727512565,0.046138947210589545,0.6375611379976712,0.7661944631418101,-0.06975625043654422,0.058750058100814476,0.6361041902463923,39.305640727906415,39.25685723126092,,,,,,,,,,,,,,,,,,,,,,,,,,,,
7.181913,1785483538.385,-0.03761953115463257,0.10438019037246704,0.4090000092983246,-0.03760212091349132,0.10446962842204749,0.4096724875157,0.7664202764141204,-0.060125896804164546,0.07199314572514008,0.6354540293391782,0.7662605711788998,-0.06768083626294971,0.061607557722023865,0.6359784196738608,39.230015165433706,39.25218288591211,,,,,,,,,,,,,,,,,,,,,,,,,,,,
7.45988,1785483538.652,-0.03771150857210159,0.10463540256023407,0.4100000262260437,-0.03761813070773892,0.10449743634101616,0.4097267101627544,0.767871392951694,-0.065676406489807,0.06698800469031548,0.6336976729834354,0.76684546292638,-0.06695782533506268,0.06354946377444821,0.6351583670783258,38.80110065202197,39.03557661672676,,,,,,,,,,,,,,,,,,,,,,,,,,,,
7.60014,1785483538.718,-0.03815511614084244,0.10374859720468521,0.4100000262260437,-0.03764778646722384,0.10444960627441811,0.4097389346093748,0.7666041133889517,-0.06255136212001004,0.07036586959637857,0.6351803718850385,0.7668184233669969,-0.06641446696170077,0.06439058663735316,0.6351633463256864,38.80326537323465,38.99337354413513,,,,,,,,,,,,,,,,,,,,,,,,,,,,
7.662261,1785483538.852,-0.03815511614084244,0.10374859720468521,0.4100000262260437,-0.037695127264891146,0.1043780429363719,0.4097605131735772,0.7635991882452839,-0.06986435721009497,0.0557295065533309,0.6394759365309112,0.7661706282558984,-0.06711701593288504,0.06262898112452535,0.6360467634486718,39.32278133311304,39.10012253164797,,,,,,,,,,,,,,,,,,,,,,,,,,,,
7.740749,1785483538.919,-0.03771150857210159,0.10241841524839401,0.4100000262260437,-0.037695937347149926,0.10419666546373262,0.40977064557912174,0.7626927638913166,-0.08474228521012514,0.04462033335027084,0.6396307675971358,0.7656307014824567,-0.07003308630786192,0.0596554540901735,0.6366680630964395,39.269436870913445,39.13134397670673,,,,,,,,,,,,,,,,,,,,,,,,,,,,
7.818865,1785483539.019,-0.03806205466389656,0.10216861218214035,0.4090000092983246,-0.03772012242321943,0.10396358712443914,0.40969463912946286,0.7612918773986646,-0.08412924545461915,0.05422515930708434,0.640637635144997,0.7646874786519952,-0.07315539086622506,0.058454603862197835,0.6375612974980348,39.69022944053483,39.28508517775337,,,,,,,,,,,,,,,,,,,,,,,,,,,,
7.9109,1785483539.086,-0.03771150857210159,0.10197501629590988,0.4100000262260437,-0.037719701133864934,0.10381474515581704,0.40971120587297577,0.765410619697455,-0.06397288745075877,0.06340130223304001,0.6372082295456682,0.7648061443744076,-0.07171921593244719,0.059228991152929386,0.637510660460038,39.6628037104398,39.35787953988227,,,,,,,,,,,,,,,,,,,,,,,,,,,,
7.974043,1785483539.152,-0.03771150857210159,0.10241841524839401,0.4100000262260437,-0.03771932617831702,0.10374552567938408,0.4097255074113307,0.765568685568684,-0.0796471103784693,0.04960332435711566,0.6364750079128954,0.764934531123993,-0.07297168448465116,0.057709832896555555,0.6373538040559897,40.210334826077826,39.54301599969694,,,,,,,,,,,,,,,,,,,,,,,,,,,,
8.067312,1785483539.253,-0.03806205466389656,0.10261092334985733,0.4090000092983246,-0.037743083924655016,0.1036772033357747,0.4096581781326994,0.7628655765708547,-0.08780692433169753,0.05115651203244462,0.6385209999673459,0.7644993387015675,-0.0762198247104425,0.056277064539884236,0.6376238636161207,39.3252526631557,39.48541574998886,,,,,,,,,,,,,,,,,,,,,,,,,,,,
8.144242,1785483539.32,-0.03771150857210159,0.10241841524839401,0.4100000262260437,-0.037741580278266657,0.10361777354722587,0.4096778914051286,0.7654450481476905,-0.07369260274241775,0.053125186405841504,0.6370565070200387,0.7646297568527713,-0.07587350586710419,0.0558451054731342,0.6375467592556651,39.737257545590815,39.53235308592159,,,,,,,,,,,,,,,,,,,,,,,,,,,,
8.222654,1785483539.42,-0.03806205466389656,0.10261092334985733,0.4090000092983246,-0.03776326752246613,0.10355602606250319,0.4096197494312373,0.7603459881731268,-0.08953393395055467,0.04891919735316481,0.6414550374505535,0.7637914191759462,-0.07860071391105003,0.05446441681492435,0.6383402095018592,39.81223391539938,39.60341158492325,,,,,,,,,,,,,,,,,,,,,,,,,,,,
8.300704,1785483539.487,-0.03815511614084244,0.10197501629590988,0.4100000262260437,-0.03778198388497646,0.10346010215712151,0.40964286394683536,0.7646603470243074,-0.06920893823481206,0.05831456744580605,0.6380470889994596,0.7639212463462834,-0.07725076920380186,0.05501837979981713,0.6383021431284444,39.3252526631557,39.5489441076937,,,,,,,,,,,,,,,,,,,,,,,,,,,,
8.378801,1785483539.588,-0.03771150857210159,0.10153161734342575,0.4100000262260437,-0.03777690478779448,0.10327553194612296,0.4096706381846484,0.7652631382031891,-0.06641687762029284,0.06940132224282847,0.6365096889643745,0.7642258692730974,-0.07496275296241094,0.05806024684676431,0.6379407606809333,39.64048290607818,39.57141309678702,,,,,,,,,,,,,,,,,,,,,,,,,,,,
8.456033,1785483539.655,-0.03815511614084244,0.10241841524839401,0.4100000262260437,-0.03779559287035175,0.10323059512804275,0.4096868708374387,0.7625674956994074,-0.06672263659158359,0.0597727625022232,0.640676299805022,0.7639874147580079,-0.0737590970797507,0.058310771009044866,0.6383437002694443,40.93360416452894,39.91291345089034,,,,,,,,,,,,,,,,,,,,,,,,,,,,
8.518556,1785483539.722,-0.03815511614084244,0.10197501629590988,0.4100000262260437,-0.03781240370435481,0.10317161138880303,0.4097014846513598,0.7652186534962312,-0.06273544280818526,0.06371201867841722,0.6375307484608069,0.7641818015457646,-0.07208672827790917,0.05913110911291018,0.6382265974773642,40.62238030792279,40.06323808364761,,,,,,,,,,,,,,,,,,,,,,,,,,,,
8.6132,1785483539.789,-0.03771150857210159,0.10153161734342575,0.4100000262260437,-0.03780726013482159,0.10307344537240778,0.4097148645728456,0.7680943000922746,-0.05969483808296736,0.06753414347549765,0.6339612069654089,0.764842457579311,-0.07003858546173478,0.060521891112913916,0.6375325186425206,40.68025421299276,40.189368959405854,,,,,,,,,,,,,,,,,,,,,,,,,,,,
8.710531,1785483539.856,-0.03815511614084244,0.10153161734342575,0.4100000262260437,-0.03782396172957109,0.10298991718716269,0.40972727253594937,0.7664515678604215,-0.051871861382944744,0.0814704152017755,0.6349991146197139,0.765218451444781,-0.0663428172086168,0.06479249123099975,0.6370567362906984,40.93569230436325,40.34662389352161,,,,,,,,,,,,,,,,,,,,,,,,,,,,
8.75536,1785483539.957,-0.03806205466389656,0.10216861218214035,0.4090000092983246,-0.037838830428250564,0.10292870173685464,0.40965572282855517,0.7681334952447212,-0.051284316646261985,0.08136785182753212,0.6330245848608304,0.7660493345128698,-0.06225977822452707,0.06929399020351203,0.6359956603857431,40.53760897020576,40.39301370040545,,,,,,,,,,,,,,,,,,,,,,,,,,,,
8.832461,1785483540.024,-0.03815511614084244,0.10241841524839401,0.4100000262260437,-0.037853037699282346,0.10290010419588029,0.40967460141837214,0.7649347197847772,-0.05759394358721655,0.06661570760245007,0.6380596834391605,0.7658591566420807,-0.06145596005444289,0.06883266488605733,0.6363528749097872,40.62238030792279,40.43437819763303,,,,,,,,,,,,,,,,,,,,,,,,,,,,
8.910751,1785483540.091,-0.03859872370958328,0.10241841524839401,0.4100000262260437,-0.03789662735878568,0.10287531616228374,0.4096910680943289,0.764008272503882,-0.05354101124705318,0.07152867484776816,0.6389901159914754,0.7655647451524016,-0.06017951098368986,0.06926793978832552,0.6367817522157677,40.19579082468919,40.38766144086642,,,,,,,,,,,,,,,,,,,,,,,,,,,,
8.986348,1785483540.191,-0.03859872370958328,0.10197501629590988,0.4100000262260437,-0.03794932754846319,0.10281391653460115,0.4097121138617471,0.7631903899437403,-0.06402809222838189,0.06272463572973411,0.6399269115888843,0.765106471712627,-0.060929790804075214,0.06799330919697799,0.6373982722289657,40.06510845707798,40.302237419863225,,,,,,,,,,,,,,,,,,,,,,,,,,,,
9.050649,1785483540.259,-0.03815511614084244,0.10197501629590988,0.4100000262260437,-0.03795925471265967,0.10277575259281901,0.40972520021097947,0.7666965876359471,-0.042337596131365535,0.08865009162410603,0.6344486044718276,0.7654533934535944,-0.05741492959236662,0.07190663880091018,0.636878374265162,41.01848243444096,40.45949800059149,,,,,,,,,,,,,,,,,,,,,,,,,,,,
9.128507,1785483540.325,-0.03806205466389656,0.10172628611326218,0.4090000092983246,-0.03796418326761779,0.10272196854864675,0.40967463692631223,0.763008453818051,-0.07048063024950867,0.06643472857420431,0.6390907658549689,0.7650150772150377,-0.059823220762198974,0.07089957274294492,0.6372961356199917,40.083064181058326,40.384926668732,,,,,,,,,,,,,,,,,,,,,,,,,,,,
9.190527,1785483540.392,-0.03761953115463257,0.10172628611326218,0.4090000092983246,-0.03794317191827753,0.10267359712041446,0.40963285860807824,0.7674670781778902,-0.0639747566563946,0.07162669804538306,0.6338541871368862,0.7654188644891203,-0.06050386598216198,0.07101893258728731,0.6367335041440497,40.62238030792279,40.429692816408085,,,,,,,,,,,,,,,,,,,,,,,,,,,,
9.271151,1785483540.459,-0.03771150857210159,0.10241841524839401,0.4100000262260437,-0.037931149669440514,0.10265880003336919,0.40965445477074297,0.7668658624081957,-0.061655953796335726,0.06382503046177132,0.6356427124737233,0.765640690275085,-0.060678494525534456,0.06993013659398316,0.6365706792596977,40.93360416452894,40.53202431727321,,,,,,,,,,,,,,,,,,,,,,,,,,,,
9.347363,1785483540.559,-0.03815511614084244,0.10286180675029755,0.4100000262260437,-0.03794633975822402,0.10267761812664108,0.40968050458456656,0.7653511079910502,-0.06136995251157845,0.06489318297220492,0.6373855075457352,0.7655913590061598,-0.06079992031034529,0.0690465904190964,0.6367148569468554,40.67741002309662,40.56758052000576,,,,,,,,,,,,,,,,,,,,,,,,,,,,
9.425959,1785483540.625,-0.03771150857210159,0.10330521315336227,0.4100000262260437,-0.03793448224868392,0.10272202973518633,0.4096957753058103,0.7683939627399877,-0.03859159667717219,0.08293237340441945,0.6334063688755859,0.7661148908154074,-0.05696035856880941,0.07145268025460241,0.6361745091616313,40.58603982450508,40.57080044125617,,,,,,,,,,,,,,,,,,,,,,,,,,,,
9.490416,1785483540.692,-0.03815511614084244,0.10374859720468521,0.4100000262260437,-0.03794503795891691,0.10280103979345484,0.40970980142570973,0.7672017910378701,-0.04834528916997428,0.073540200266391,0.6353392666820892,0.7662967162600341,-0.05555286901878873,0.07179419832466165,0.6360415194622039,40.17788547891425,40.49189289013377,,,,,,,,,,,,,,,,,,,,,,,,,,,,
9.567043,1785483540.759,-0.03771150857210159,0.10419200360774994,0.4100000262260437,-0.03793330969279178,0.10291314393703319,0.4097226926127695,0.7686998163985361,-0.05407266169747511,0.06868110072644393,0.6336084326528579,0.7666435000073164,-0.055340030912553136,0.07134650253160761,0.6356924582308939,40.17788547891425,40.43127994632712,,,,,,,,,,,,,,,,,,,,,,,,,,,,
9.817821,1785483541.026,-0.03726790472865105,0.10374859720468521,0.4100000262260437,-0.03781388665548035,0.1030527689362737,0.4097638543930393,0.7693780580254858,-0.043170688000255315,0.08547033008054157,0.6315762172552415,0.7675953761372928,-0.05124796075494558,0.07610141868324738,0.6343339492140593,39.72202438451872,40.08182035160119,,,,,,,,,,,,,,,,,,,,,,,,,,,,
9.895983,1785483541.092,-0.03726790472865105,0.10419200360774994,0.4100000262260437,-0.03778770185798028,0.10312084214419077,0.40977350626834563,0.7689389497029837,-0.04482169599846061,0.0834389960086987,0.6322672228912029,0.767762239545662,-0.05046991261706353,0.07699052748237402,0.6340870524827338,39.719466609525185,40.013889203503325,,,,,,,,,,,,,,,,,,,,,,,,,,,,
9.974614,1785483541.159,-0.03771150857210159,0.10463540256023407,0.4100000262260437,-0.03778391847075909,0.10322569589332582,0.4097828267270253,0.765505604316778,-0.06174263669847648,0.06111519552170434,0.637537410235249,0.7674299382087175,-0.05223127634552581,0.07451386977284927,0.6346423141611,40.13684790185871,40.037094686307405,,,,,,,,,,,,,,,,,,,,,,,,,,,,
10.054426,1785483541.259,-0.03771150857210159,0.10330521315336227,0.4100000262260437,-0.03777904644470045,0.10323277603874377,0.4097958104966147,0.7660342703834873,-0.06427747472931858,0.06818457092657008,0.6359329894949779,0.7671534123230684,-0.054721319514932316,0.07320713210707304,0.634918841239,39.218928656135944,39.801196050671535,,,,,,,,,,,,,,,,,,,,,,,,,,,,
10.116628,1785483541.326,-0.03771150857210159,0.10330521315336227,0.4100000262260437,-0.037776046403128205,0.10323678313572357,0.40980412632686103,0.7662877045306801,-0.0654357668860882,0.06795444412302869,0.6355340335663078,0.7670285424197163,-0.05635531915994217,0.07240700197796249,0.6350185187696732,40.156368038337476,39.8733261060297,,,,,,,,,,,,,,,,,,,,,,,,,,,,
10.163856,1785483541.359,-0.03726790472865105,0.10374859720468521,0.4100000262260437,-0.037761957039910865,0.10324857769121337,0.40980813270770655,0.7680468716002498,-0.06681874343415842,0.06673015525517555,0.6333927256691302,0.7671283262782597,-0.05733246190241723,0.07187749466912195,0.634870652648092,39.85434788628895,39.87151542271888,,,,,,,,,,,,,,,,,,,,,,,,,,,,
10.226086,1785483541.426,-0.03726790472865105,0.10419200360774994,0.4100000262260437,-0.03773699285432908,0.10330422566899228,0.4098159208563506,0.7641390472552493,-0.07953477358950668,0.04693875720413508,0.6384062102784066,0.7665403064469544,-0.062264446845089846,0.06635101350552146,0.6357174217040731,40.210334826077826,39.938450555538665,,,,,,,,,,,,,,,,,,,,,,,,,,,,
10.492648,1785483541.693,-0.03771150857210159,0.10419200360774994,0.4100000262260437,-0.03773299370645783,0.10345119927075654,0.4098424107354417,0.7644679620425512,-0.07690069894303059,0.049138236459740275,0.6381696100804305,0.7657289134374549,-0.0683412365736086,0.05921330680028247,0.6367750708117117,40.210334826077826,40.066628300246855,,,,,,,,,,,,,,,,,,,,,,,,,,,,
10.571698,1785483541.759,-0.03726790472865105,0.10419200360774994,0.4100000262260437,-0.03770891499483652,0.10348433388347417,0.40984869439399135,0.7655239613090251,-0.065717046898734,0.0663160766103557,0.6365976063351616,0.7657027021807655,-0.06797180725385653,0.060214071938039564,0.6367522837276355,39.21690672799378,39.87583788393838,,,,,,,,,,,,,,,,,,,,,,,,,,,,
10.646945,1785483541.86,-0.03717700392007828,0.10438019037246704,0.4090000092983246,-0.037669428927229416,0.103548886753348,0.40976307991597183,0.7678865984779981,-0.0655065647298027,0.07517080687240837,0.6327783274175413,0.766162442069565,-0.06747174929065737,0.06325753085942573,0.6359568854877097,39.3252526631557,39.7239267082033,,,,,,,,,,,,,,,,,,,,,,,,,,,,
10.725948,1785483541.926,-0.03726790472865105,0.10419200360774994,0.4100000262260437,-0.0376518271747632,0.1035747173895505,0.4097756013319309,0.7690294493032689,-0.04324117143206565,0.0847383429877834,0.6320943920216177,0.7668030201787128,-0.06261986581187809,0.06756937776281834,0.6352371681815006,40.15331561896007,39.810943749263735,,,,,,,,,,,,,,,,,,,,,,,,,,,,
10.789838,1785483541.993,-0.03726790472865105,0.10463540256023407,0.4100000262260437,-0.03763521556555275,0.10363318252219106,0.40978676158184946,0.7616028690804968,-0.08517883040673987,0.04221422710777169,0.6410332251050557,0.76562410354603,-0.06811230335488798,0.06141154371286187,0.6367174165199446,39.869409976656534,39.821388694613404,,,,,,,,,,,,,,,,,,,,,,,,,,,,
10.867212,1785483542.06,-0.03726790472865105,0.10463540256023407,0.4100000262260437,-0.03761963451671878,0.1036841008574739,0.40979678132298963,0.7654410464226323,-0.061812222888752245,0.06106001812011464,0.637613462640296,0.765588631887181,-0.0668035864596806,0.06133871397783696,0.6369057149443579,39.26407377762749,39.70572620337795,,,,,,,,,,,,,,,,,,,,,,,,,,,,
10.928729,1785483542.126,-0.03771150857210159,0.10419200360774994,0.4100000262260437,-0.037624529437528274,0.1037082151844877,0.4098058092288381,0.7653414012679273,-0.04189688455738981,0.08628025763269151,0.6364376699351373,0.7656160608289915,-0.06070616051804411,0.06745941451653523,0.6368642216901037,39.26407377762749,39.61934675973585,,,,,,,,,,,,,,,,,,,,,,,,,,,,
11.007362,1785483542.193,-0.03717700392007828,0.10393787175416946,0.4090000092983246,-0.037602644077585186,0.10372071108102175,0.40974907190965426,0.7680691746222826,-0.058030165534039925,0.07284988897018821,0.6335575242708186,0.7661433415878414,-0.060134972921735204,0.06861085136037945,0.6361609200885592,40.15331561896007,39.73209885086036,,,,,,,,,,,,,,,,,,,,,,,,,,,,
11.086225,1785483542.293,-0.03717700392007828,0.10393787175416946,0.4090000092983246,-0.03757428805277203,0.10373623482426528,0.40968491478337987,0.7671492818119551,-0.0497307453594435,0.08833325628853876,0.6334082950316164,0.7664602760533612,-0.05726097333019228,0.07406808617480319,0.6354319355964777,39.613922208392374,39.70296955756436,,,,,,,,,,,,,,,,,,,,,,,,,,,,
11.147208,1785483542.36,-0.03761953115463257,0.10438019037246704,0.4090000092983246,-0.03757662815313524,0.10376800085165488,0.4096482017231431,0.7637008338511656,-0.06559466354612394,0.06683181094851232,0.638742425031129,0.7659402895798545,-0.058857140265216705,0.07268345425410311,0.6360726572615906,39.6628037104398,39.695942513227536,,,,,,,,,,,,,,,,,,,,,,,,,,,,
11.209562,1785483542.427,-0.03717700392007828,0.10349555313587189,0.4090000092983246,-0.037557666255809405,0.10375062045645875,0.4096159678770182,0.764459005490201,-0.08380211180788691,0.05300773757159037,0.6370006395122478,0.765669070877877,-0.06458398023205725,0.06817698256905867,0.6363424254646015,38.86256750162263,39.51057063276556,,,,,,,,,,,,,,,,,,,,,,,,,,,,
11.322552,1785483542.493,-0.03771150857210159,0.10463540256023407,0.4100000262260437,-0.03756579497714797,0.10380487260178577,0.40964148848080245,0.7655791325132832,-0.06082413408413045,0.06188007270712082,0.6374636249817599,0.7656546192425202,-0.06384026839209862,0.06693125519046218,0.6365670673564928,39.719466609525185,39.55013220427309,,,,,,,,,,,,,,,,,,,,,,,,,,,,
11.379447,1785483542.56,-0.03771150857210159,0.10463540256023407,0.4100000262260437,-0.03757304034584503,0.10385124620821445,0.4096628400359622,0.7669559393604138,-0.04137085683419873,0.08582411288196795,0.6345874730347367,0.7660124640733793,-0.058681344883043704,0.07127826990549443,0.6361609960428464,39.6628037104398,39.570751126764144,,,,,,,,,,,,,,,,,,,,,,,,,,,,
11.398728,1785483542.593,-0.03726790472865105,0.10419200360774994,0.4100000262260437,-0.03756526860089614,0.10385902187964556,0.40967246810180447,0.7670706003766855,-0.04980692412030739,0.0802289940436858,0.6345748756940852,0.7661598651314429,-0.057505680598775345,0.07246526148902584,0.6359567152235819,38.832129409463114,39.47835367782547,,,,,,,,,,,,,,,,,,,,,,,,,,,,
11.462182,1785483542.66,-0.03726790472865105,0.10419200360774994,0.4100000262260437,-0.037551158482264854,0.10387361577237464,0.4096893883795826,0.7676374126924908,-0.0633158387552818,0.06819716716283362,0.6340923068358881,0.7664674724818327,-0.05870136787404445,0.07158745963993196,0.6355761155513385,39.269436870913445,39.439849073417264,,,,,,,,,,,,,,,,,,,,,,,,,,,,
11.525395,1785483542.727,-0.03726790472865105,0.1050788015127182,0.4100000262260437,-0.03753830680300918,0.1039550643242114,0.4097044070143802,0.7648213794086959,-0.07368098956968279,0.05973498810044467,0.637221390548098,0.766144753419834,-0.06185447190008551,0.06909622878155296,0.6359417837203265,38.92123390274035,39.33487650945324,,,,,,,,,,,,,,,,,,,,,,,,,,,,
11.58725,1785483542.793,-0.03771150857210159,0.10419200360774994,0.4100000262260437,-0.037547184893027656,0.10396698554968646,0.40971782070973306,0.7666786556803125,-0.046037970468475055,0.08193737165978802,0.6351146442374468,0.766286025494579,-0.058466594922668834,0.07185096681065826,0.635786774774565,39.613922208392374,39.389065122877525,,,,,,,,,,,,,,,,,,,,,,,,,,,,
11.666254,1785483542.86,-0.03726790472865105,0.10463540256023407,0.4100000262260437,-0.0375339771023116,0.10399904625586312,0.40973034174731354,0.7653230593183465,-0.06325631448819795,0.059856887466877104,0.6377275331799266,0.7661003466769531,-0.05944401130968275,0.0694064272250479,0.6361913361566005,39.19420069734136,39.353207032820514,,,,,,,,,,,,,,,,,,,,,,,,,,,,
11.728965,1785483542.927,-0.03771150857210159,0.10419200360774994,0.4100000262260437,-0.03754296138344535,0.10400871901736693,0.4097419908781113,0.7670732700787357,-0.0451793798783905,0.08334464239250391,0.6345164241759113,0.7663311669538502,-0.05643711610384202,0.0723487759033129,0.6358592997718314,39.19420069734136,39.32442035388239,,,,,,,,,,,,,,,,,,,,,,,,,,,,
11.792721,1785483542.994,-0.03771150857210159,0.10463540256023407,0.4100000262260437,-0.03755098499030102,0.10403918033651567,0.40975292328596596,0.7640689710531203,-0.07752155120159546,0.04795006462120229,0.638662514851112,0.7658551297495071,-0.06157160877750351,0.06642052967374452,0.6366028357357317,38.81966078958726,39.22256985612365,,,,,,,,,,,,,,,,,,,,,,,,,,,,
11.855598,1785483543.06,-0.03726790472865105,0.10463540256023407,0.4100000262260437,-0.03753691112850693,0.1040663422626279,0.4097631021695301,0.7674335030904419,-0.05618912260031631,0.06496176988749537,0.6353491711561631,0.7661808182718944,-0.060468621155331276,0.06612174077623434,0.6363477154547691,39.613922208392374,39.3010989222132,,,,,,,,,,,,,,,,,,,,,,,,,,,,
11.917182,1785483543.127,-0.03717700392007828,0.10438019037246704,0.4090000092983246,-0.03751872081443337,0.1040804667219334,0.4097077170807929,0.7667033521078767,-0.07027961786661047,0.06203429489626822,0.6351208478988792,0.7662875671715401,-0.06234578577724499,0.06534048905518514,0.6361186900918488,39.3252526631557,39.30537028042225,,,,,,,,,,,,,,,,,,,,,,,,,,,,
11.995261,1785483543.194,-0.03717700392007828,0.10438019037246704,0.4090000092983246,-0.037502469282435,0.10409354775689267,0.4096629386972681,0.7680813899237287,-0.058024001568723754,0.07287849272427782,0.6335399900503703,0.7666076836938085,-0.061586346261416534,0.06666617095923415,0.6356692559070455,39.719466609525185,39.38825149044092,,,,,,,,,,,,,,,,,,,,,,,,,,,,
12.058054,1785483543.26,-0.03717700392007828,0.10482250899076462,0.4090000092983246,-0.03748788126362355,0.10413174600728145,0.409625892897635,0.7665232158277977,-0.05423745407675103,0.08391170057704253,0.6343967880424306,0.7666124617129778,-0.060214241438787675,0.06989173393093441,0.6354484433865952,39.6628037104398,39.439554915514925,,,,,,,,,,,,,,,,,,,,,,,,,,,,
12.135349,1785483543.327,-0.03761953115463257,0.10393787175416946,0.4090000092983246,-0.037494705956276575,0.10411988745669636,0.40959340059106814,0.7651565483794976,-0.05187135433122958,0.08676137252051375,0.6358594839350705,0.7663457710217788,-0.05856333676542662,0.07323535286343986,0.6355478565103514,39.1440881494009,39.38184634510398,,,,,,,,,,,,,,,,,,,,,,,,,,,,
12.212501,1785483543.394,-0.03717700392007828,0.10482250899076462,0.4090000092983246,-0.03747965759043809,0.10415891183088094,0.4095646025943937,0.7656811672276123,-0.06430156933648472,0.06783171420089339,0.6363933664663664,0.766231293997238,-0.059582585592849714,0.07227612927310936,0.635700936550109,38.84671222715842,39.271136036779545,,,,,,,,,,,,,,,,,,,,,,,,,,,,
12.29291,1785483543.494,-0.03761953115463257,0.10482250899076462,0.4090000092983246,-0.03748969419874609,0.10420701185213248,0.4095271748710076,0.7633037459166075,-0.06252242702359825,0.0679926191348969,0.6394023313469622,0.7656373034021876,-0.060182385659109126,0.07140282387810021,0.6364583543623555,39.19420069734136,39.25256478516315,,,,,,,,,,,,,,,,,,,,,,,,,,,,
12.356483,1785483543.561,-0.03717700392007828,0.10393787175416946,0.4090000092983246,-0.037474308806095084,0.10418992052759138,0.4095040167874782,0.7637356553434974,-0.06898470652478332,0.07251138650448155,0.6377233395838087,0.7653685964163044,-0.061444748217345524,0.07156213452212441,0.6366430047042696,38.86256750162263,39.17625756805987,,,,,,,,,,,,,,,,,,,,,,,,,,,,
12.435308,1785483543.627,-0.03717700392007828,0.10438019037246704,0.4090000092983246,-0.037460640382853336,0.10419777874278445,0.4094827056692575,0.7634924825905289,-0.08639466740192908,0.04939387672147688,0.6381029974970222,0.7650598422403734,-0.06647241992152342,0.06710635156358569,0.636994185813918,39.3252526631557,39.20383570066353,,,,,,,,,,,,,,,,,,,,,,,,,,,,
12.513456,1785483543.694,-0.03761953115463257,0.10482250899076462,0.4090000092983246,-0.03746874807200534,0.10423169928610526,0.40946235651709323,0.763416323094502,-0.06607045315467112,0.07346594251551028,0.638304761178479,0.7647688127142155,-0.06640084236638151,0.06824248850575954,0.637230377489386,39.26718988325222,39.21522704538775,,,,,,,,,,,,,,,,,,,,,,,,,,,,
12.577146,1785483543.761,-0.03717700392007828,0.10393787175416946,0.4090000092983246,-0.03745476104730819,0.10421395995249456,0.40944310606725004,0.7682723004795919,-0.06065671410775553,0.07913796359603813,0.6323097485151702,0.7654030451757203,-0.06537916864514932,0.07018307536566011,0.6363631657121752,39.3252526631557,39.235218082833676,,,,,,,,,,,,,,,,,,,,,,,,,,,,
12.639641,1785483543.828,-0.0368242971599102,0.10463540256023407,0.4100000262260437,-0.037418490842533646,0.10423497218577697,0.40948358391865775,0.7662180664257394,-0.07756720221194871,0.04858946825453444,0.6360285114667057,0.7656081676962372,-0.06787646554269945,0.06576791967650425,0.6363265668850122,38.982967765466746,39.18734886957167,,,,,,,,,,,,,,,,,,,,,,,,,,,,
12.719624,1785483543.928,-0.03761953115463257,0.10393787175416946,0.4090000092983246,-0.037434074505452046,0.1042111571345982,0.40944856640534305,0.7639755940072525,-0.08249679898195811,0.052624963974329704,0.6377822379822885,0.7652085689577586,-0.07171730419771244,0.062319998349993855,0.6367328262920713,39.21690672799378,39.19452744029273,,,,,,,,,,,,,,,,,,,,,,,,,,,,
12.781957,1785483543.961,-0.03717700392007828,0.10393787175416946,0.4090000092983246,-0.03742792908816445,0.10420387410619152,0.40943766923894226,0.764554584904927,-0.08303356577265757,0.053673093146654936,0.6369308539614038,0.7651404938173268,-0.07303433921681683,0.06131485815529793,0.6367625131754662,39.38635327512093,39.21425369678604,,,,,,,,,,,,,,,,,,,,,,,,,,,,
12.844395,1785483544.028,-0.03717700392007828,0.10438019037246704,0.4090000092983246,-0.037416558665838255,0.10421212123932537,0.40941760489663087,0.7663640362974858,-0.07747238330553538,0.056798011870702915,0.6351835794023027,0.7653679714868377,-0.07385050988508854,0.06048464418342381,0.6364743343056658,39.26718988325222,39.223622439004764,,,,,,,,,,,,,,,,,,,,,,,,,,,,
12.907039,1785483544.094,-0.03761953115463257,0.10438019037246704,0.4090000092983246,-0.037426963581276146,0.10421956218670576,0.40939938841462886,0.7619817839847377,-0.08008883342897329,0.0539506030476438,0.6403583934533991,0.7647923815684506,-0.07492232495473476,0.05936308171708007,0.6371462020975138,38.86256750162263,39.153403905194345,,,,,,,,,,,,,,,,,,,,,,,,,,,,
12.983831,1785483544.195,-0.03717700392007828,0.10393787175416946,0.4090000092983246,-0.03740989553836318,0.10419857699185939,0.4093741914723137,0.7640069070100075,-0.08481268496333193,0.05143694421182265,0.6375378383127248,0.7646307796840911,-0.07709119616855595,0.05762659697466438,0.6372408442293382,39.3252526631557,39.197180887800045,,,,,,,,,,,,,,,,,,,,,,,,,,,,
13.093549,1785483544.261,-0.03761953115463257,0.10438019037246704,0.4090000092983246,-0.03742049056914201,0.10420720779334448,0.40935867535862197,0.7655728927825973,-0.06291747875663012,0.07593527265067772,0.6357463103084924,0.7648364228957154,-0.07446864397767343,0.061020634846555184,0.6369899131062723,39.269436870913445,39.20989484560374,,,,,,,,,,,,,,,,,,,,,,,,,,,,
13.108901,1785483544.328,-0.03726790472865105,0.10463540256023407,0.4100000262260437,-0.03741367081788577,0.10423053527084461,0.40940510699316174,0.7673988031037442,-0.06205407610460327,0.06855288848671338,0.6344673908987546,0.7653296090556768,-0.0721435946501924,0.06243311459641623,0.6365280806495691,39.21690672799378,39.21111636983434,,,,,,,,,,,,,,,,,,,,,,,,,,,,
13.187417,1785483544.395,-0.03726790472865105,0.10419200360774994,0.4100000262260437,-0.03740734090022131,0.10422878161102654,0.4094426707595836,0.766663523076763,-0.07353490095765122,0.051912812914662126,0.6357080466534629,0.7655717738869312,-0.07239010028325259,0.060574262275219004,0.636388475035816,39.3252526631557,39.23171663484656,,,,,,,,,,,,,,,,,,,,,,,,,,,,
13.250406,1785483544.461,-0.03726790472865105,0.10419200360774994,0.4100000262260437,-0.03740149417940901,0.10422718581757108,0.4094737650516917,0.7637249502590564,-0.08341740886587294,0.04369351339461567,0.6386365266230396,0.7652428884897025,-0.0745029952520772,0.057345319260813446,0.6368391788146215,39.3252526631557,39.248213484435766,,,,,,,,,,,,,,,,,,,,,,,,,,,,
13.312312,1785483544.528,-0.03726790472865105,0.10419200360774994,0.4100000262260437,-0.03739589601221463,0.10422567479829085,0.40950105036168405,0.766663523076763,-0.07353490095765122,0.051912812914662126,0.6357080466534629,0.7654846129861568,-0.07433968308026973,0.056428031051937194,0.6366496651318998,39.3252526631557,39.26186359507384,,,,,,,,,,,,,,,,,,,,,,,,,,,,
13.374855,1785483544.595,-0.03761953115463257,0.10438019037246704,0.4090000092983246,-0.037407360221897515,0.10423263189161461,0.40946806640814354,0.761072044645208,-0.08831649463231606,0.047029119501249855,0.6409038941638285,0.7647006838654389,-0.07688249089052211,0.054720625513602184,0.6374383106102103,38.86483788271149,39.18247777541675,,,,,,,,,,,,,,,,,,,,,,,,,,,,
13.454806,1785483544.662,-0.03771150857210159,0.10419200360774994,0.4100000262260437,-0.03742292116972793,0.10423086194094439,0.4094978739585612,0.7650362230760119,-0.06718898558256202,0.05655564599293197,0.6379707489409675,0.764763202409322,-0.07522962294289828,0.05503399912025647,0.6375335340304378,39.3252526631557,39.20875728891667,,,,,,,,,,,,,,,,,,,,,,,,,,,,
13.502082,1785483544.728,-0.03771150857210159,0.10419200360774994,0.4100000262260437,-0.03743658544160434,0.10422922878415418,0.40952336986907667,0.7617739211309363,-0.08408298887100832,0.04311554721091379,0.6409146539563746,0.7642525879498063,-0.0767826408214557,0.05294603793069149,0.6381372304982281,38.92123390274035,39.1542277971579,,,,,,,,,,,,,,,,,,,,,,,,,,,,
13.578623,1785483544.762,-0.03771150857210159,0.10419200360774994,0.4100000262260437,-0.037443253637845154,0.1042284138111961,0.4095356593999197,0.7646634287620554,-0.07493212396078897,0.05078120595620632,0.6380409756702271,0.764290312943737,-0.07661392786469455,0.05274865597229342,0.638128672675523,38.86256750162263,39.12265581417257,,,,,,,,,,,,,,,,,,,,,,,,,,,,
13.641702,1785483544.862,-0.03771150857210159,0.1050788015127182,0.4100000262260437,-0.03746060235160931,0.10430851564036582,0.40956686748478977,0.7608394406166361,-0.0836601253801633,0.04143546265457966,0.6421895603777288,0.7635591541201997,-0.0781353884587842,0.05030890154049863,0.6390158790323042,39.21690672799378,39.14608332272799,,,,,,,,,,,,,,,,,,,,,,,,,,,,
13.719794,1785483544.928,-0.03717700392007828,0.10393787175416946,0.4090000092983246,-0.03744500139840978,0.10428612480954971,0.4095278072217089,0.7637328611258615,-0.08413920068330916,0.05125386967089071,0.6379700248355236,0.7635852804250565,-0.07897798325263429,0.050441608742495134,0.6388705986246382,38.86483788271149,39.09311980962076,,,,,,,,,,,,,,,,,,,,,,,,,,,,
13.767359,1785483544.962,-0.03761953115463257,0.10349555313587189,0.4090000092983246,-0.03744909927009214,0.10425510789023201,0.4095098733435137,0.7645333829888765,-0.08370942147203175,0.05308438235421078,0.636917174680094,0.7636612722705374,-0.07935257975876972,0.05065084976119318,0.6387167766218774,39.26718988325222,39.11157490249344,,,,,,,,,,,,,,,,,,,,,,,,,,,,
13.830029,1785483545.028,-0.03726790472865105,0.10419200360774994,0.4100000262260437,-0.03744034900447649,0.10425253328303047,0.40953733622970295,0.7681168605841512,-0.06181411979005101,0.07015430995199726,0.6334460323311591,0.7645372131108235,-0.0760771680707411,0.05430100423218213,0.6377668188346335,38.904149885871725,39.07352990912833,,,,,,,,,,,,,,,,,,,,,,,,,,,,
13.907533,1785483545.095,-0.03771150857210159,0.10419200360774994,0.4100000262260437,-0.03745374917988147,0.10425004568898605,0.4095614054791507,0.76908536646772,-0.04336363286858293,0.08463053429293368,0.6320324098453687,0.7658535348538795,-0.06769625085695544,0.0620954995884781,0.6364194604995883,40.06510845707798,39.30597799055052,,,,,,,,,,,,,,,,,,,,,,,,,,,,
13.970429,1785483545.162,-0.03761953115463257,0.10482250899076462,0.4090000092983246,-0.037460984156090886,0.10428500219124606,0.4095245146487271,0.765729149812396,-0.06448556234120101,0.06767516667084526,0.6363336806999903,0.7658290877658065,-0.0669955055435063,0.06331391968210316,0.636402984077896,40.13432708463012,39.48934039844089,,,,,,,,,,,,,,,,,,,,,,,,,,,,
14.048915,1785483545.229,-0.03761953115463257,0.10482250899076462,0.4090000092983246,-0.03746775136158936,0.10431458347187741,0.4094939081120818,0.7652037093690681,-0.06256116027337559,0.06784969367352807,0.6371387631132452,0.7657133577221109,-0.06615798677439962,0.06417101123321758,0.6365439936950117,39.613922208392374,39.51130043121001,,,,,,,,,,,,,,,,,,,,,,,,,,,,
14.112498,1785483545.295,-0.03761953115463257,0.10438019037246704,0.4090000092983246,-0.03747403694702878,0.10431749997537801,0.40946802404929966,0.7615639859618518,-0.08695929390577695,0.04891516497021607,0.6403637115930615,0.7648718572494594,-0.07060521110915657,0.06091598077324669,0.6373971991140436,39.39248357703243,39.48945331595625,,,,,,,,,,,,,,,,,,,,,,,,,,,,
14.176208,1785483545.362,-0.03717700392007828,0.10482250899076462,0.4090000092983246,-0.03745793025239838,0.10434380664527403,0.4094448976151322,0.7637635050748474,-0.0840693165308076,0.05136130509231333,0.637933910897548,0.7646549708482805,-0.07345385527626383,0.05889700422691544,0.6375252540842313,38.982967765466746,39.38448579132208,,,,,,,,,,,,,,,,,,,,,,,,,,,,
14.23873,1785483545.462,-0.03717700392007828,0.10438019037246704,0.4090000092983246,-0.037437894343491096,0.104346265992173,0.4094150585741163,0.7641169811644268,-0.08392085426689311,0.05220584835285365,0.6374614331181432,0.7645324170497945,-0.07605397508933656,0.05723637366542939,0.637518606538461,38.91873691761608,39.25903795741003,,,,,,,,,,,,,,,,,,,,,,,,,,,,
14.316481,1785483545.495,-0.03761953115463257,0.10482250899076462,0.4090000092983246,-0.03744257782177652,0.10435907484354366,0.4094056433544345,0.7585116596701859,-0.10820047695964073,0.03026825648893277,0.6419007334309618,0.7639395562280331,-0.07958831749608354,0.05428210617879377,0.6380560375837317,38.483111586399055,39.16251736425192,,,,,,,,,,,,,,,,,,,,,,,,,,,,
14.377225,1785483545.562,-0.03726790472865105,0.10463540256023407,0.4100000262260437,-0.03743473720155548,0.104370973340252,0.40944751706787486,0.7653998461614021,-0.07921158160498075,0.04585146134294579,0.6370135354358302,0.7642642526384416,-0.07950631141260972,0.052435970378104,0.6378317706065387,39.269436870913445,39.18242659363612,,,,,,,,,,,,,,,,,,,,,,,,,,,,
14.441296,1785483545.629,-0.03726790472865105,0.10419200360774994,0.4100000262260437,-0.03742746976633558,0.10436139205387009,0.40948163104641894,0.764457518472839,-0.07984205732043138,0.047382838034198044,0.6379536150795094,0.7643017135208948,-0.07956895966424261,0.05149551632532403,0.6378556914893545,38.110371428035364,38.931577059427845,,,,,,,,,,,,,,,,,,,,,,,,,,,,
14.487213,1785483545.696,-0.03726790472865105,0.10419200360774994,0.4100000262260437,-0.03742066813626787,0.10435297665559658,0.40951041201686866,0.764457518472839,-0.07984205732043138,0.047382838034198044,0.6379536150795094,0.7643273245346718,-0.07961241839193378,0.05084247625207987,0.6378719671031287,38.982967765466746,38.94101140311601,,,,,,,,,,,,,,,,,,,,,,,,,,,,
14.565269,1785483545.762,-0.03726790472865105,0.10374859720468521,0.4100000262260437,-0.037414347851139035,0.10431614750406172,0.4095350940645249,0.7687800666264961,-0.046267649313843716,0.07443106416400508,0.6334797001263301,0.7654591146074653,-0.07201000686216903,0.05623665801173139,0.6369649449316164,39.30349843200871,39.012781167171916,,,,,,,,,,,,,,,,,,,,,,,,,,,,
14.629064,1785483545.829,-0.03726790472865105,0.10419200360774994,0.4100000262260437,-0.03740826944682626,0.10431110671191116,0.40955740127104295,0.767867405212269,-0.059665629032994515,0.06339460267448715,0.6346658846010379,0.7659975254534368,-0.06932329391176063,0.05779635287933008,0.6364759646006147,39.719466609525185,39.16626182190831,,,,,,,,,,,,,,,,,,,,,,,,,,,,
14.689814,1785483545.896,-0.03761953115463257,0.10438019037246704,0.4090000092983246,-0.037419157438105456,0.10431433020149555,0.40951924502593473,0.7632025205553019,-0.07198424404579733,0.06925608286941008,0.6383915539954885,0.7654407522175216,-0.06986302904911733,0.06011787881161802,0.6368716139568071,39.21690672799378,39.17508011698058,,,,,,,,,,,,,,,,,,,,,,,,,,,,
14.768416,1785483545.963,-0.03717700392007828,0.10438019037246704,0.4090000092983246,-0.0374076356387147,0.10431728163357396,0.4094879272036736,0.7679141070856268,-0.06518329758223762,0.07543718430046602,0.6327466262889179,0.7659581501105521,-0.06891833390870827,0.06321689593486499,0.6360518843607251,39.3252526631557,39.20224236393534,,,,,,,,,,,,,,,,,,,,,,,,,,,,
14.815364,1785483546.029,-0.03761953115463257,0.10438019037246704,0.4090000092983246,-0.03741816637235293,0.10431998050028199,0.40946168111115044,0.7643135593731858,-0.06323153577162326,0.0773337043757707,0.6370604790832456,0.7656486051660076,-0.06779996468201831,0.06599747576226495,0.6362622976331955,38.91873691761608,39.147815346699986,,,,,,,,,,,,,,,,,,,,,,,,,,,,
14.930862,1785483546.096,-0.03717700392007828,0.10438019037246704,0.4090000092983246,-0.03740649959589881,0.1043225453761441,0.40943840842157325,0.7644456101659607,-0.07750947442558888,0.05681161772255045,0.6374853963535227,0.7654282971842047,-0.0696661344745666,0.06423378588285844,0.6365062233224554,39.32278133311304,39.18012472699517,,,,,,,,,,,,,,,,,,,,,,,,,,,,
14.956425,1785483546.163,-0.03761953115463257,0.10393787175416946,0.4090000092983246,-0.03741711086531409,0.10430184356079857,0.4094175997152103,0.7664215309351476,-0.06077009985257295,0.07919940457391449,0.6345332821831099,0.7656424860578548,-0.06791635408362237,0.06718182382038544,0.6361332839423688,39.3252526631557,39.2064876124599,,,,,,,,,,,,,,,,,,,,,,,,,,,,
15.033479,1785483546.229,-0.03761953115463257,0.10438019037246704,0.4090000092983246,-0.03742650324701394,0.10430539418327317,0.4093989097838361,0.7638691873290253,-0.06452661018607088,0.07548795088028988,0.6376846795235748,0.7653310954322845,-0.06731231956840086,0.06866340431367177,0.6364139399060947,39.26718988325222,39.21702260558605,,,,,,,,,,,,,,,,,,,,,,,,,,,,
15.143085,1785483546.296,-0.03726790472865105,0.10463540256023407,0.4100000262260437,-0.037418943466546416,0.10432286091674055,0.40944109763193914,0.7657255284627704,-0.06752874397222433,0.06555991726848798,0.6362438062925987,0.7653915236122446,-0.06734525224955935,0.06819181268307277,0.6363884892618398,39.45285031009625,39.26106760531303,,,,,,,,,,,,,,,,,,,,,,,,,,,,
15.17416,1785483546.363,-0.03717700392007828,0.10393787175416946,0.4090000092983246,-0.037407185901064094,0.1043016312964048,0.4094177722989985,0.7636031081909922,-0.09184917315784905,0.054159856631582244,0.6368208009172769,0.7650891071608346,-0.07215499859675308,0.06544429202963505,0.6365134397026345,38.483111586399055,39.087467638220836,,,,,,,,,,,,,,,,,,,,,,,,,,,,
15.221019,1785483546.43,-0.03717700392007828,0.10438019037246704,0.4090000092983246,-0.03739655552459017,0.10430516631352937,0.40939721133380824,0.7680986962091807,-0.05848470975915052,0.08020016860586011,0.6325913883082318,0.765739488802362,-0.06932579461681472,0.06850321939472111,0.635723429190716,39.3252526631557,39.13269025170987,,,,,,,,,,,,,,,,,,,,,,,,,,,,
15.28219,1785483546.496,-0.03726790472865105,0.10419200360774994,0.4100000262260437,-0.037391308150859434,0.10430030313985343,0.4094374754975811,0.7657134176519209,-0.06753515884625998,0.06553046395996999,0.6362607347940124,0.7657356884094088,-0.06901875186301464,0.06799343615061759,0.6358161369671836,38.86256750162263,39.08164659594558,,,,,,,,,,,,,,,,,,,,,,,,,,,,
15.361666,1785483546.563,-0.03726790472865105,0.10419200360774994,0.4100000262260437,-0.0373862376306034,0.104295683985929,0.409471116606838,0.7677497242209977,-0.061939113337924456,0.06933419128705116,0.6339689875033827,0.7660589450260848,-0.06789341749435512,0.06820687593266009,0.6355249788025376,39.269436870913445,39.116765855821434,,,,,,,,,,,,,,,,,,,,,,,,,,,,
15.424857,1785483546.63,-0.03726790472865105,0.10374859720468521,0.4100000262260437,-0.03738139969329561,0.10426455504774271,0.4094997490374781,0.7685014453091891,-0.06136994383847676,0.07122060601018075,0.6329035343798391,0.7664265795291486,-0.06692018485500392,0.0686568998431376,0.6351363768153665,39.3252526631557,39.15567362240639,,,,,,,,,,,,,,,,,,,,,,,,,,,,
15.486063,1785483546.696,-0.03717700392007828,0.10349555313587189,0.4090000092983246,-0.0373725631348753,0.10421864765815614,0.40946803277945654,0.7699058342949701,-0.04748225602537113,0.0914375530333953,0.6297853726283045,0.7671730687178856,-0.06307360740498007,0.07317592545039725,0.6341234001496733,39.77902799554577,39.28521489127721,,,,,,,,,,,,,,,,,,,,,,,,,,,,
15.54896,1785483546.73,-0.03717700392007828,0.10393787175416946,0.4090000092983246,-0.037368177502501966,0.10421265716503536,0.40945328971452666,0.7644744685961234,-0.08376797245213874,0.05306122106051288,0.6369821194315426,0.7675838662041485,-0.0608911350116739,0.07573752329100208,0.6335385588784843,38.982967765466746,39.25103692865158,,,,,,,,,,,,,,,,,,,,,,,,,,,,
15.626383,1785483546.83,-0.03761953115463257,0.10482250899076462,0.4090000092983246,-0.037387106171917706,0.1042713642789932,0.40941855299666213,0.7665241241848112,-0.05019620344662687,0.086507612303217,0.6343796506949522,0.7673032050151941,-0.05787807458568832,0.07877497872057948,0.633790519638182,39.613922208392374,39.34577122528354,,,,,,,,,,,,,,,,,,,,,,,,,,,,
15.689264,1785483546.897,-0.03771150857210159,0.10419200360774994,0.4100000262260437,-0.03740381268627594,0.10426794888843625,0.4094565019232639,0.7621766739103027,-0.08035031847922185,0.04625464453277636,0.6406957561327079,0.7660992984880386,-0.06369184950278271,0.07038715406923371,0.635673549634625,38.92123390274035,39.25910472097371,,,,,,,,,,,,,,,,,,,,,,,,,,,,
15.75155,1785483546.93,-0.03761953115463257,0.10438019037246704,0.4090000092983246,-0.03740881215316791,0.10427053920044561,0.40944277338328733,0.7672763722620027,-0.0489976314360869,0.08895727641905075,0.6332241338216813,0.7654670657240074,-0.06659126839882563,0.06619738956953086,0.6365875272726396,39.19420069734136,39.252793175746724,,,,,,,,,,,,,,,,,,,,,,,,,,,,
15.828761,1785483547.03,-0.03726790472865105,0.10419200360774994,0.4100000262260437,-0.03739906493440271,0.10426563663554611,0.40948981781293997,0.7693892619410578,-0.04318171521449145,0.08548439688835582,0.6315599108315559,0.7669697012669419,-0.058136764096458196,0.07317643406050021,0.6348407701912976,38.77362776638624,39.12270224480983,,,,,,,,,,,,,,,,,,,,,,,,,,,,
15.876096,1785483547.097,-0.03771150857210159,0.10463540256023407,0.4100000262260437,-0.037414846608739095,0.10428552264061289,0.40951685034147,0.765595187663574,-0.06062171272120576,0.06204861602176513,0.6374472415995757,0.7666437894837481,-0.05874446489188471,0.07045936573670016,0.635485535374761,40.11891624946418,39.357345679116456,,,,,,,,,,,,,,,,,,,,,,,,,,,,
15.952875,1785483547.163,-0.03761953115463257,0.10438019037246704,0.4090000092983246,-0.037423812553218756,0.10428936731494344,0.40948364325805453,0.763856116168366,-0.06376093869191847,0.06836514698356173,0.638580130576595,0.7660672625753281,-0.05978749031200253,0.07002430244713242,0.6361312775515193,39.32131125976451,39.35102243381573,,,,,,,,,,,,,,,,,,,,,,,,,,,,
16.016207,1785483547.197,-0.03717700392007828,0.10438019037246704,0.4090000092983246,-0.03741678488579253,0.10429129882226015,0.40946823618024525,0.765087100520494,-0.06708103672405342,0.06477646148302567,0.6371388178151663,0.7659537992237249,-0.060656791950036704,0.06939931457055322,0.6362540893245473,39.66511694664579,39.38554931000958,,,,,,,,,,,,,,,,,,,,,,,,,,,,
16.093171,1785483547.297,-0.03717700392007828,0.10438019037246704,0.4090000092983246,-0.037399603688026535,0.10429660584909851,0.40943208029381345,0.765814083716365,-0.0625587620513971,0.06925611134136754,0.6362537084482361,0.765923658357198,-0.06107036804641921,0.06936819859480883,0.6362542044962157,39.6628037104398,39.4565162885062,,,,,,,,,,,,,,,,,,,,,,,,,,,,
16.154554,1785483547.364,-0.03726790472865105,0.10463540256023407,0.4100000262260437,-0.037393874504292976,0.10431332502896552,0.40946898578187163,0.7669352329023116,-0.040582093401365905,0.08648410127630367,0.6345738274264626,0.7661646980398045,-0.057066363273171675,0.0727199305293486,0.6359613961272776,39.6628037104398,39.494346253898996,,,,,,,,,,,,,,,,,,,,,,,,,,,,
16.233411,1785483547.43,-0.03726790472865105,0.10419200360774994,0.4100000262260437,-0.03738858568761522,0.10430744127432208,0.40949930329481643,0.7671584994414339,-0.06404990142319568,0.05909481790751251,0.6355102275801109,0.7663697719129613,-0.05840998921803741,0.07010183923155813,0.6358862932899068,38.76619478938237,39.335014321153736,,,,,,,,,,,,,,,,,,,,,,,,,,,,
16.295935,1785483547.497,-0.03771150857210159,0.10463540256023407,0.4100000262260437,-0.0374059792054557,0.1043235982115351,0.4095257341881776,0.7658570107768893,-0.057219074361293816,0.06488059816192486,0.6371652254755238,0.7662848590993986,-0.058209081667861325,0.06922061595565361,0.6361035480588981,39.6628037104398,39.398872894058286,,,,,,,,,,,,,,,,,,,,,,,,,,,,
16.373456,1785483547.564,-0.03726790472865105,0.10463540256023407,0.4100000262260437,-0.03739963327609772,0.10433814534228276,0.40954904501715983,0.7655490512202449,-0.06045987613951851,0.06218634922169776,0.6375045972567208,0.7661736299147044,-0.058558303287148776,0.06813015411942804,0.6363231694973229,39.719466609525185,39.46048548470188,,,,,,,,,,,,,,,,,,,,,,,,,,,,
16.436829,1785483547.63,-0.03761953115463257,0.10438019037246704,0.4090000092983246,-0.03741014252412519,0.10433999846831579,0.40951234781894474,0.7654727240929476,-0.06808597202500859,0.07239808529778073,0.6357470615963136,0.7660728542306339,-0.060002106000908106,0.06877720308303738,0.6362403835206158,39.21690672799378,39.41421071926224,,,,,,,,,,,,,,,,,,,,,,,,,,,,
16.514689,1785483547.697,-0.03771150857210159,0.10463540256023407,0.4100000262260437,-0.03742497133850111,0.10435360513198362,0.40953898751492723,0.7627568580285953,-0.07474838081636985,0.05098200191279712,0.6403245197371721,0.7654891341846659,-0.06274526711122586,0.06547286945435822,0.6370264674766379,38.98024494359346,39.32688034410024,,,,,,,,,,,,,,,,,,,,,,,,,,,,
16.592503,1785483547.797,-0.03726790472865105,0.10419200360774994,0.4100000262260437,-0.03741394628249489,0.10434182051573694,0.409572032294971,0.7681757890786706,-0.06546069822057136,0.06787407713045046,0.6332566333766483,0.7660490553774575,-0.06330916405598545,0.06597154194376872,0.6362456680837983,39.32278133311304,39.3258920921685,,,,,,,,,,,,,,,,,,,,,,,,,,,,
16.654264,1785483547.864,-0.03761953115463257,0.10438019037246704,0.4090000092983246,-0.037423590181933204,0.10434338668431734,0.40953334014050863,0.765634462346123,-0.0654663194468783,0.06683613041968753,0.6364361419314313,0.7659968475808553,-0.06358205949554646,0.0660809310917882,0.6362699598067937,40.15093977934139,39.510985804141036,,,,,,,,,,,,,,,,,,,,,,,,,,,,
16.731745,1785483547.931,-0.03726790472865105,0.10463540256023407,0.4100000262260437,-0.037416151657358496,0.10435762995821715,0.40955888122374673,0.7673988031037442,-0.06205407610460327,0.06855288848671338,0.6344673908987546,0.7661566211189579,-0.06340854106852002,0.06636176377881134,0.63606564530975,39.737257545590815,39.55290688722857,,,,,,,,,,,,,,,,,,,,,,,,,,,,
16.795348,1785483547.997,-0.03761953115463257,0.10482250899076462,0.4090000092983246,-0.037425613990540584,0.10438176220731105,0.40952363895718574,0.7615793952013994,-0.08692217488332357,0.04897111125378292,0.6403461490325315,0.765406685019415,-0.06751888265299814,0.06332906292664638,0.6368541723202524,39.38990802274203,39.52269124253913,,,,,,,,,,,,,,,,,,,,,,,,,,,,
16.873415,1785483548.064,-0.03771150857210159,0.10419200360774994,0.4100000262260437,-0.03743942385349697,0.10437168564169402,0.4095509728945857,0.7646709450864485,-0.06744562338916231,0.05566786045827984,0.6384594920104506,0.7652909244989727,-0.06750731969286831,0.062090530137142004,0.6371164169401703,39.737257545590815,39.562582761560364,,,,,,,,,,,,,,,,,,,,,,,,,,,,
16.952554,1785483548.131,-0.03771150857210159,0.1050788015127182,0.4100000262260437,-0.037451933003604124,0.10441501224425341,0.4095745077813683,0.7637827366020322,-0.08039356734593874,0.04556985566755736,0.6388240711279927,0.7650378223866771,-0.06989090502690738,0.059039653415964524,0.6374533010636101,39.7892430402087,39.60465352412335,,,,,,,,,,,,,,,,,,,,,,,,,,,,
17.015276,1785483548.231,-0.03726790472865105,0.10419200360774994,0.4100000262260437,-0.03743849764818023,0.10439761908180117,0.4096041735367877,0.7693892619410578,-0.04318171521449145,0.08548439688835582,0.6315599108315559,0.7664368178529968,-0.06203022740203763,0.06684204860078989,0.6358136485375832,39.6628037104398,39.61857651697794,,,,,,,,,,,,,,,,,,,,,,,,,,,,
17.077581,1785483548.298,-0.03771150857210159,0.1050788015127182,0.4100000262260437,-0.03745177113809658,0.1044391049057901,0.40962223470129283,0.7666933030830339,-0.04616973763850848,0.08187401939000849,0.6350955670471516,0.7665265888081362,-0.05845920900477048,0.07023176665216609,0.6356783844725372,39.716919301279155,39.636033925666595,,,,,,,,,,,,,,,,,,,,,,,,,,,,
17.156144,1785483548.364,-0.03761953115463257,0.1052648201584816,0.4090000092983246,-0.03745889564440468,0.10448889290764161,0.40957918471020754,0.765206878873369,-0.07127342528412255,0.06980384091504706,0.6360078263407242,0.766262955921153,-0.06112165976726654,0.07014384253719115,0.6357555083869814,39.26495263160873,39.56295075858334,,,,,,,,,,,,,,,,,,,,,,,,,,,,
17.21905,1785483548.398,-0.03717700392007828,0.10438019037246704,0.4090000092983246,-0.03745070442646548,0.10448559413757615,0.4095594308384425,0.7634578657430693,-0.08670003900100968,0.049138647019138636,0.6381227028098826,0.7658743247175793,-0.06518743498116028,0.06681390381524467,0.6361784492702783,39.26718988325222,39.5306086034894,,,,,,,,,,,,,,,,,,,,,,,,,,,,
17.265461,1785483548.464,-0.03717700392007828,0.10438019037246704,0.4090000092983246,-0.037436873786518624,0.10448008971597221,0.4095274626626493,0.7658259015205029,-0.08262260505166223,0.05252663206412028,0.6355510574444719,0.7658992707557963,-0.06975072427536658,0.06308041513889583,0.6360455995797045,39.26718988325222,39.481481927990195,,,,,,,,,,,,,,,,,,,,,,,,,,,,
17.342858,1785483548.531,-0.03761953115463257,0.10438019037246704,0.4090000092983246,-0.03744560091717641,0.10447516661269764,0.40949960015081316,0.7659893531611487,-0.0661370558888953,0.07477997849472927,0.6350544508138194,0.7659311147806199,-0.06889395737523747,0.06585821852258372,0.635819034868513,39.21489474489222,39.43145563101283,,,,,,,,,,,,,,,,,,,,,,,,,,,,
17.405436,1785483548.598,-0.03761953115463257,0.10393787175416946,0.4090000092983246,-0.03745353278710028,0.10444217633041103,0.40947503197581403,0.7648314820014936,-0.0810512450736142,0.05532305304493137,0.6367125408009517,0.765700299346724,-0.07164039279092743,0.06348109647731309,0.6360352632450003,38.860172660779384,39.314314115214366,,,,,,,,,,,,,,,,,,,,,,,,,,,,
17.483184,1785483548.664,-0.03761953115463257,0.10438019037246704,0.4090000092983246,-0.037460746051299655,0.10443970503219616,0.40945320197154567,0.7655369665682288,-0.07048628506820546,0.06339200045807973,0.6363696179994148,0.7656709635449531,-0.07143252353474015,0.06346505549421423,0.6360955564195667,38.44916374642425,39.1259944597817,,,,,,,,,,,,,,,,,,,,,,,,,,,,
17.546384,1785483548.765,-0.03761953115463257,0.10482250899076462,0.4090000092983246,-0.037470739835202514,0.10446972388253703,0.4094236595492223,0.7641358745117164,-0.07790046303104416,0.05577715427122107,0.6379002995807164,0.7653415142012717,-0.07285068810896556,0.06178075403952785,0.6364968831914749,38.8174969826918,39.04793464511913,,,,,,,,,,,,,,,,,,,,,,,,,,,,
17.624832,1785483548.831,-0.03771150857210159,0.10419200360774994,0.4100000262260437,-0.037481453290994185,0.10445531977063065,0.40946407464611373,0.7654055353030125,-0.0669279389711566,0.05745375747566256,0.6374747706886208,0.7653533646810086,-0.07199443255570381,0.06115522642204646,0.6366404535793414,38.8765440776123,39.01797724919495,,,,,,,,,,,,,,,,,,,,,,,,,,,,
17.685582,1785483548.898,-0.03761953115463257,0.10438019037246704,0.4090000092983246,-0.03748705905668732,0.1044521158112481,0.40943984815718576,0.7660302131883446,-0.06066037748462226,0.07082869776937814,0.6360041876106922,0.7654722721892511,-0.07019520260141585,0.06269267187981958,0.6365488692423705,39.19420069734136,39.051724149898455,,,,,,,,,,,,,,,,,,,,,,,,,,,,
17.764766,1785483548.965,-0.03717700392007828,0.10393787175416946,0.4090000092983246,-0.03746994605452327,0.10442287624579699,0.4094184117087436,0.7706083920586629,-0.05427090452736905,0.07649183827769442,0.6303700291792452,0.7664599408250059,-0.06722727081053753,0.06526929313114385,0.6354207838464649,39.701594857849685,39.19239965267218,,,,,,,,,,,,,,,,,,,,,,,,,,,,
17.826155,1785483549.031,-0.03771150857210159,0.10463540256023407,0.4100000262260437,-0.03748140384563684,0.10443385977495498,0.4094574467828366,0.7664378819042054,-0.04882577812048651,0.07185676607817086,0.6364162330911362,0.7664787542144702,-0.06362079132723714,0.06656305855639622,0.6356351732592743,40.13432708463012,39.40584599872932,,,,,,,,,,,,,,,,,,,,,,,,,,,,
17.888821,1785483549.098,-0.03761953115463257,0.10438019037246704,0.4090000092983246,-0.03748730389457144,0.10443168212609524,0.4094325515183466,0.7670152090454142,-0.051988774348134134,0.07873293122402901,0.6346542066162254,0.7666033280447223,-0.06129916443007804,0.06899506416590316,0.6354537205742626,38.89096576572091,39.29798071827842,,,,,,,,,,,,,,,,,,,,,,,,,,,,
17.95196,1785483549.165,-0.03717700392007828,0.10438019037246704,0.4090000092983246,-0.03747062714758805,0.10442959556417786,0.4094107900441957,0.7691440700214746,-0.04856271919498582,0.0891020271482114,0.6309674243677476,0.7671959656012332,-0.058525720227543536,0.0733818672913288,0.634507834459021,39.363689226495765,39.309657505413,,,,,,,,,,,,,,,,,,,,,,,,,,,,
18.030193,1785483549.232,-0.03771150857210159,0.10463540256023407,0.4100000262260437,-0.0374824580589969,0.10443967601272214,0.4094501969291533,0.7690336105951838,-0.037881995599842844,0.08847055890043459,0.6319218467438467,0.7676705948571784,-0.05370933906118121,0.07690910641242991,0.6339417591861879,39.23494574676411,39.29625966860418,,,,,,,,,,,,,,,,,,,,,,,,,,,,
18.09295,1785483549.298,-0.03771150857210159,0.10463540256023407,0.4100000262260437,-0.03749297436166228,0.10444864380663993,0.4094823262509935,0.7639296588623854,-0.057294688298639394,0.06492987601073688,0.639462982669358,0.7668734901187039,-0.05448674261631612,0.0743160435440109,0.635148306070469,39.716919301279155,39.37934973969271,,,,,,,,,,,,,,,,,,,,,,,,,,,,
18.154555,1785483549.365,-0.03771150857210159,0.10463540256023407,0.4100000262260437,-0.037502754532807867,0.10445698926051114,0.409510155226423,0.7654265071005063,-0.06769294532991589,0.06469338386887946,0.6366747155840833,0.7665821674970469,-0.05730625027263212,0.07226421529341975,0.6354885186557239,39.26718988325222,39.35877685317136,,,,,,,,,,,,,,,,,,,,,,,,,,,,
18.202484,1785483549.398,-0.03717700392007828,0.10482250899076462,0.4090000092983246,-0.03749316513994622,0.10446648829417195,0.4094922787900789,0.7673044282083386,-0.06352183494508136,0.06765110286608537,0.6345330718079923,0.7666683134608938,-0.058027039039559816,0.07172961774658301,0.6353797461465538,39.6628037104398,39.39116885947963,,,,,,,,,,,,,,,,,,,,,,,,,,,,
18.264772,1785483549.465,-0.03761953115463257,0.10393787175416946,0.4090000092983246,-0.037498590635981224,0.10443351112199906,0.4094625130220929,0.7667770237942687,-0.060690539550909875,0.08003099863668596,0.6340068559940323,0.7666934086524785,-0.058530190823072176,0.07329714919887556,0.6351243671993512,39.32278133311304,39.378842286327746,,,,,,,,,,,,,,,,,,,,,,,,,,,,
18.343306,1785483549.532,-0.03717700392007828,0.10438019037246704,0.4090000092983246,-0.037481355985118196,0.10443132128327198,0.40943725622700855,0.7675317587310329,-0.06954090511388089,0.07184451817448262,0.6331646129273701,0.7668508617323954,-0.060503982796802226,0.07303751112915871,0.634779131583628,39.26718988325222,39.358538241433514,,,,,,,,,,,,,,,,,,,,,,,,,,,,
18.421319,1785483549.632,-0.03771150857210159,0.10463540256023407,0.4100000262260437,-0.0374974990518806,0.10444547775729354,0.4094870006999459,0.7657363638275798,-0.06409285242237864,0.0676865701593041,0.63636346186794,0.7666258200452942,-0.061237967796871746,0.07194375346421845,0.6351053925747042,38.39405536450835,39.06813949616554,,,,,,,,,,,,,,,,,,,,,,,,,,,,
18.467865,1785483549.665,-0.03761953115463257,0.10393787175416946,0.4090000092983246,-0.037500148556630294,0.10442945769992955,0.40947144934215096,0.7655145250671651,-0.0712915144197385,0.07047633079145967,0.6355612627285474,0.7665317897453229,-0.06211786644024862,0.07181566080645106,0.6351479330373959,38.34196622712814,38.97987500463479,,,,,,,,,,,,,,,,,,,,,,,,,,,,
18.546367,1785483549.732,-0.03726790472865105,0.10419200360774994,0.4100000262260437,-0.03748843747436983,0.1044182422400188,0.40950222372109896,0.7620718304662212,-0.1000828500627014,0.030451448555989576,0.6389856474241277,0.7655892011095647,-0.07218487155458925,0.060890568333374806,0.6363606352934669,39.055234729152204,38.993832019540875,,,,,,,,,,,,,,,,,,,,,,,,,,,,
18.609125,1785483549.799,-0.03761953115463257,0.10482250899076462,0.4090000092983246,-0.03749437517522729,0.10444123638276948,0.40947137440672426,0.7641688149987715,-0.08413640920151103,0.052050403299223974,0.6373835912121031,0.7652595747833473,-0.0750927498389442,0.058742061314596965,0.6366225195172946,39.32031948512377,39.05849952535233,,,,,,,,,,,,,,,,,,,,,,,,,,,,
18.671819,1785483549.865,-0.03771150857210159,0.10463540256023407,0.4100000262260437,-0.03750443462087398,0.10444999819948804,0.4095022593209947,0.7656320324424748,-0.0653273565784339,0.06666048108670156,0.6364717649996494,0.7653519491494254,-0.07294431169550689,0.06048578022357316,0.6365979828079803,39.26718988325222,39.09722888948917,,,,,,,,,,,,,,,,,,,,,,,,,,,,
18.747631,1785483549.932,-0.03771150857210159,0.10463540256023407,0.4100000262260437,-0.037513763576887814,0.10445819119171865,0.4095290121061814,0.7641057429768773,-0.077158259289788,0.04825371677506099,0.6386396443930775,0.7651033056466009,-0.07382305849696712,0.05793887768463773,0.6370323179992063,39.26718988325222,39.12846331875584,,,,,,,,,,,,,,,,,,,,,,,,,,,,
18.825097,1785483550.032,-0.03761953115463257,0.10482250899076462,0.4090000092983246,-0.03752003462767975,0.10448382781594358,0.4094818638563872,0.7657464271756772,-0.06092044866407398,0.07761962254898867,0.6355283647466929,0.7653228017329885,-0.07027558883926842,0.06335940832866487,0.6366537018953902,39.26718988325222,39.16269575284316,,,,,,,,,,,,,,,,,,,,,,,,,,,,
18.886697,1785483550.099,-0.03726790472865105,0.10419200360774994,0.4100000262260437,-0.037506868777791975,0.10446743809520369,0.4095124892651846,0.7681420816279158,-0.06149991342598344,0.07041341764860225,0.6334172824418136,0.7658704429291131,-0.06859845996129392,0.06470885322776457,0.6360420428340019,39.26718988325222,39.18131542437124,,,,,,,,,,,,,,,,,,,,,,,,,,,,
18.934697,1785483550.132,-0.03771150857210159,0.10463540256023407,0.4100000262260437,-0.03751186102215254,0.10447124684077526,0.4095263154477288,0.7657140298113246,-0.06435912654489882,0.06746527634307008,0.6363869607938496,0.7658557080135717,-0.06817518270791648,0.06498419528064425,0.6360772227721255,38.8454576836047,39.14430590502957,,,,,,,,,,,,,,,,,,,,,,,,,,,,
19.011447,1785483550.199,-0.03771150857210159,0.10463540256023407,0.4100000262260437,-0.0375210414284535,0.10447840932828864,0.40955065955244163,0.7658043589541348,-0.058963077618600666,0.07123649688361747,0.6363901325416192,0.7658535756968146,-0.06656157712695333,0.06608035476333128,0.6361377553306582,39.26718988325222,39.16654134051179,,,,,,,,,,,,,,,,,,,,,,,,,,,,
19.120301,1785483550.299,-0.03761953115463257,0.10438019037246704,0.4090000092983246,-0.03752696260182967,0.10447181462623567,0.40950048547559986,0.7658519586324031,-0.06770950285446006,0.07347604565438302,0.6352066367703576,0.7658567775583716,-0.06679553252079981,0.067585976462264,0.6359511686354637,39.73494200856262,39.323185108588646,,,,,,,,,,,,,,,,,,,,,,,,,,,,
19.152013,1785483550.332,-0.03771150857210159,0.10419200360774994,0.4100000262260437,-0.03753111688618114,0.10446438012303423,0.4095160162997796,0.7646510586418774,-0.07505825074749774,0.05067596326558566,0.6380493431229962,0.7657457358787942,-0.06764462449617757,0.06585165994549866,0.6361770442594085,39.73494200856262,39.36788703043786,,,,,,,,,,,,,,,,,,,,,,,,,,,,
19.228801,1785483550.433,-0.03761953115463257,0.10393787175416946,0.4090000092983246,-0.03753640775921388,0.10442173169096697,0.40947298076810024,0.7664215309351476,-0.06077009985257295,0.07919940457391449,0.6345332821831099,0.7659225314453697,-0.06600908690261775,0.06903134829158147,0.6357988276362624,39.26718988325222,39.342312521306035,,,,,,,,,,,,,,,,,,,,,,,,,,,,
19.340054,1785483550.499,-0.03717700392007828,0.10482250899076462,0.4090000092983246,-0.03751675069533981,0.10444536170086222,0.40944866997342966,0.7635083067596283,-0.0863562804619252,0.04945057191367932,0.6380848683923139,0.7654732666899818,-0.07022849186652773,0.06497967654558943,0.6363146065816434,39.32278133311304,39.338884053299374,,,,,,,,,,,,,,,,,,,,,,,,,,,,
19.370803,1785483550.566,-0.03815511614084244,0.1050788015127182,0.4100000262260437,-0.03755672490093902,0.10448501133849353,0.4094848565677045,0.7620234230149,-0.0760837861903313,0.04850290888570138,0.6412324290654863,0.7647660130970043,-0.07146790188837343,0.061499464541463926,0.6373720264276583,39.26495263160873,39.32555981044502,,,,,,,,,,,,,,,,,,,,,,,,,,,,
19.433462,1785483550.633,-0.03771150857210159,0.10419200360774994,0.4100000262260437,-0.03756310174539274,0.10446901511482223,0.40951488853236395,0.7646074834382487,-0.0755008526948284,0.050306623037138586,0.6380785697633021,0.7647433694120086,-0.07226342402298586,0.05929453442910209,0.6375184190873848,38.39405536450835,39.11162993488954,,,,,,,,,,,,,,,,,,,,,,,,,,,,
19.52668,1785483550.699,-0.03815511614084244,0.10419200360774994,0.4100000262260437,-0.03759577641281591,0.10445523112616309,0.4095402937214115,0.7662706116769628,-0.05804161974743013,0.0726834712589619,0.63574966225949,0.7650781730629299,-0.06937133450590152,0.062021248945337885,0.6371784457519103,38.39405536450835,38.9597997815152,,,,,,,,,,,,,,,,,,,,,,,,,,,,
19.544246,1785483550.766,-0.03761953115463257,0.10438019037246704,0.4090000092983246,-0.037596906066119554,0.10445214596878392,0.409505196387587,0.7662912041153448,-0.06254270391773088,0.0777585011223326,0.6346966331920488,0.7653471582103704,-0.06796523507606078,0.06526722594664387,0.6366825295683838,38.8765440776123,38.94524851869609,,,,,,,,,,,,,,,,,,,,,,,,,,,,
19.620233,1785483550.833,-0.03771150857210159,0.10463540256023407,0.4100000262260437,-0.03760175546733108,0.10446104694656833,0.4095332323491859,0.7660938633787235,-0.06397945696018095,0.06850394307617551,0.6358569268031592,0.7654807226232926,-0.06726063500445352,0.06583965007535784,0.6365378313571581,38.451568276636586,38.84679093531031,,,,,,,,,,,,,,,,,,,,,,,,,,,,
19.698898,1785483550.9,-0.03761953115463257,0.10438019037246704,0.4090000092983246,-0.037602553268556924,0.10445754304394766,0.4094998972077184,0.7670237319275709,-0.05280524574119502,0.08581330349509819,0.6336578553331224,0.7658338995998965,-0.06431548885163837,0.06991706324102448,0.6359823585486796,39.24623497130142,38.92852519616375,,,,,,,,,,,,,,,,,,,,,,,,,,,,
19.776484,1785483550.966,-0.03717700392007828,0.10570713877677917,0.4090000092983246,-0.03757802023853644,0.10455873997251648,0.4094722298511281,0.7647761632667923,-0.06712837010979704,0.06409462713211235,0.6375759412008286,0.7656489739139493,-0.0648142345521111,0.06888537324785012,0.6362669008336399,39.30092416259504,39.00179666177651,,,,,,,,,,,,,,,,,,,,,,,,,,,,
19.823226,1785483551.033,-0.03771150857210159,0.10419200360774994,0.4100000262260437,-0.03758412407416593,0.10453630006678297,0.40950541592244893,0.7669383275653215,-0.046158251686190775,0.07471039128055602,0.6356833920650186,0.7659208622538732,-0.06121357164737858,0.07001228608188526,0.6361732556529258,38.7713683336061,38.958266635294535,,,,,,,,,,,,,,,,,,,,,,,,,,,,
19.899984,1785483551.1,-0.03761953115463257,0.10482250899076462,0.4090000092983246,-0.0375855762704569,0.10454975466401947,0.40947602912521525,0.7653759713891898,-0.06458900275039796,0.06687125605703707,0.6368328809484617,0.7658318373444809,-0.06177235242924565,0.06949250172500548,0.6362834003719835,39.6628037104398,39.11138261447066,,,,,,,,,,,,,,,,,,,,,,,,,,,,
19.96084,1785483551.166,-0.03726790472865105,0.10419200360774994,0.4100000262260437,-0.037569313974481176,0.10452961322035574,0.409507840063681,0.7679708169483215,-0.058319495805894156,0.06450704976689087,0.634553781215624,0.7661522452867621,-0.061258777557208634,0.06875091464948119,0.6360278381872205,39.6628037104398,39.223119517324015,,,,,,,,,,,,,,,,,,,,,,,,,,,,
20.038821,1785483551.233,-0.03726790472865105,0.10419200360774994,0.4100000262260437,-0.03755468340295079,0.10451198467232335,0.4095351054282296,0.7681534394242177,-0.06572244242956644,0.06765829749749343,0.6332797240095231,0.7664277095787896,-0.06187001999396324,0.06860145622783223,0.6356528194062998,39.32278133311304,39.24057002081896,,,,,,,,,,,,,,,,,,,,,,,,,,,,
20.103121,1785483551.3,-0.03726790472865105,0.10463540256023407,0.4100000262260437,-0.03754145080125581,0.10451780115870894,0.40955881715452647,0.7694868195841107,-0.059556702133022214,0.07048440681579358,0.631961218836405,0.7668167550970295,-0.06157695307084699,0.06884021116426867,0.6351860894886097,39.67523605161958,39.32597779703079,,,,,,,,,,,,,,,,,,,,,,,,,,,,
20.164347,1785483551.367,-0.03771150857210159,0.10463540256023407,0.4100000262260437,-0.03755019326223891,0.10452311016747111,0.40957994424232924,0.7633414563192864,-0.06949527362403335,0.06327528159804814,0.639121636894699,0.7663542362251725,-0.0626435576497802,0.06809140224034924,0.6357204812224112,38.86256750162263,39.22972445977189,,,,,,,,,,,,,,,,,,,,,,,,,,,,
20.242651,1785483551.433,-0.03771150857210159,0.10463540256023407,0.4100000262260437,-0.03755785923507736,0.10452795360428001,0.4095988690572808,0.7644597563833059,-0.07356809292928657,0.051253134247005054,0.6384059310524792,0.766066205175031,-0.0644312656705336,0.06534061896817242,0.6361774790148396,38.8174969826918,39.14794640812299,,,,,,,,,,,,,,,,,,,,,,,,,,,,
20.321799,1785483551.5,-0.03726790472865105,0.10463540256023407,0.4100000262260437,-0.03754337129114055,0.10453254856401596,0.4096165745820869,0.7677866322979865,-0.061626162419088255,0.06961613842916498,0.6339238886808288,0.7663226561428212,-0.06401596302868376,0.06597397316934939,0.6358450896436738,39.26718988325222,39.16974254738428,,,,,,,,,,,,,,,,,,,,,,,,,,,,
20.431692,1785483551.6,-0.03726790472865105,0.10463540256023407,0.4100000262260437,-0.03752476116752886,0.1045388436434642,0.4096405072671162,0.7637339435014511,-0.0801948252117649,0.04571476012665592,0.6388970294652646,0.765756508453582,-0.067856380930855,0.06117408892896526,0.6366083664009271,38.86256750162263,39.08991529024142,,,,,,,,,,,,,,,,,,,,,,,,,,,,
20.447946,1785483551.667,-0.03771150857210159,0.10419200360774994,0.4100000262260437,-0.037534341580253726,0.10451998759194119,0.40965561301987397,0.7641204840847176,-0.08027993703008861,0.0463161771909211,0.6383806303789309,0.7654710348957571,-0.07019531570647738,0.058380987477299084,0.6369602598982623,39.26718988325222,39.123148150412504,,,,,,,,,,,,,,,,,,,,,,,,,,,,
20.52543,1785483551.734,-0.03771150857210159,0.10463540256023407,0.4100000262260437,-0.037542862717819384,0.10452524976184566,0.40966991895912896,0.7670683881667134,-0.06673700391095946,0.06467576530892954,0.6347986338722013,0.7657449234799854,-0.0696094894268094,0.05944807192143579,0.6365965424750547,40.13840156200698,39.36091107898048,,,,,,,,,,,,,,,,,,,,,,,,,,,,
20.602684,1785483551.8,-0.03761953115463257,0.10482250899076462,0.4090000092983246,-0.0375460904777976,0.10454002705842269,0.4096217685475752,0.7653135947992681,-0.06613617325766984,0.07328787652720262,0.6360424477630299,0.7656820856412605,-0.06901511465255178,0.061821304536723805,0.6365107885832902,39.26718988325222,39.34393501200715,,,,,,,,,,,,,,,,,,,,,,,,,,,,
20.66643,1785483551.867,-0.03717700392007828,0.10393787175416946,0.4090000092983246,-0.03752625333525082,0.10450206536269646,0.4095822915893888,0.768419302269614,-0.05876513039238622,0.08069439917681487,0.6321130035768434,0.7662457131416569,-0.06701708306274765,0.06550748279742794,0.6356767947371833,39.26718988325222,39.33007584750175,,,,,,,,,,,,,,,,,,,,,,,,,,,,
20.726528,1785483551.934,-0.03806205466389656,0.10482250899076462,0.4090000092983246,-0.0375588131885004,0.10451943334856095,0.4095492373565042,0.7630665378958233,-0.07423589297353472,0.06739640305602115,0.6384952746835438,0.7656870261913042,-0.06829537292350821,0.06584222599640582,0.6361791581271695,38.8454576836047,39.231084092900744,,,,,,,,,,,,,,,,,,,,,,,,,,,,
20.790072,1785483552.0,-0.03726790472865105,0.10419200360774994,0.4100000262260437,-0.03754365167661569,0.10450262726242078,0.4095770331374602,0.7686241817022175,-0.05514856500098344,0.07564666220866215,0.632813626257856,0.7662422020557051,-0.06588600685565138,0.06764157438383687,0.6355757541822351,39.7892430402087,39.34698848621341,,,,,,,,,,,,,,,,,,,,,,,,,,,,
20.871224,1785483552.067,-0.03771150857210159,0.10463540256023407,0.4100000262260437,-0.037551485955990484,0.10450889902020846,0.4096007564319279,0.7653610840446126,-0.06446217298126147,0.06666359878812449,0.6368853930505907,0.7661070535043168,-0.06566719745357119,0.06749129076665812,0.6357772624277922,39.68589010673804,39.41257516139382,,,,,,,,,,,,,,,,,,,,,,,,,,,,
20.932202,1785483552.134,-0.03771150857210159,0.1050788015127182,0.4100000262260437,-0.03755865847062163,0.10454311290383748,0.40962131510160216,0.7652742374961081,-0.06561712498069171,0.06572593745002576,0.6369692578769668,0.765999413355753,-0.06566073144986105,0.06726266246499915,0.6359318370094638,39.68382018649891,39.4634823658001,,,,,,,,,,,,,,,,,,,,,,,,,,,,
21.011017,1785483552.201,-0.03726790472865105,0.10419200360774994,0.4100000262260437,-0.03754344463635025,0.10452330438917626,0.40963958060968586,0.7677901932890908,-0.06574736502835397,0.06690907597859123,0.6337970326789325,0.7662024245566272,-0.0656705639750767,0.06722266485017969,0.635690439570379,38.8454576836047,39.33054460289766,,,,,,,,,,,,,,,,,,,,,,,,,,,,
21.072366,1785483552.267,-0.03761953115463257,0.10393787175416946,0.4090000092983246,-0.03754674112647722,0.10448853026606957,0.40959643909224847,0.7664215309351476,-0.06077009985257295,0.07919940457391449,0.6345332821831099,0.7662381186791656,-0.065036066211719,0.06877554678404717,0.6355465205154327,38.904149885871725,39.24630576216634,,,,,,,,,,,,,,,,,,,,,,,,,,,,
21.169134,1785483552.334,-0.03761953115463257,0.10393787175416946,0.4090000092983246,-0.03754986399220523,0.1044585464167892,0.4095604862670535,0.7661720723410194,-0.0679021455805715,0.07406234438184965,0.6347317727472661,0.766231466442962,-0.06539134831251442,0.06943080122247391,0.6354468311669709,39.26718988325222,39.250022750140744,,,,,,,,,,,,,,,,,,,,,,,,,,,,
21.194832,1785483552.401,-0.03761953115463257,0.10393787175416946,0.4090000092983246,-0.03755280125164469,0.10443234074918623,0.4095299538569568,0.7662788609966449,-0.06254338739428568,0.0777309232552522,0.6347148457794405,0.7662407430592788,-0.0650314177630568,0.07048089968257197,0.6353569714417449,39.26718988325222,39.25305741905856,,,,,,,,,,,,,,,,,,,,,,,,,,,,
21.272291,1785483552.467,-0.03761953115463257,0.10438019037246704,0.4090000092983246,-0.0375555404286533,0.10442984925569405,0.40950362778533406,0.7658519586324031,-0.06770950285446006,0.07347604565438302,0.6352066367703576,0.7661972974990382,-0.06533506769251428,0.07082049715301043,0.6353404500091154,38.8454576836047,39.17331386284363,,,,,,,,,,,,,,,,,,,,,,,,,,,,
21.336279,1785483552.534,-0.03717700392007828,0.10438019037246704,0.4090000092983246,-0.037534918475237426,0.10442756057115173,0.40947972987630504,0.76432008781226,-0.07531892350192917,0.057909226407125564,0.6377996430118928,0.7659434018520064,-0.06675504934491668,0.06898676846271742,0.6357006326278155,39.21489474489222,39.180790703142414,,,,,,,,,,,,,,,,,,,,,,,,,,,,
21.414692,1785483552.601,-0.03761953115463257,0.10438019037246704,0.4090000092983246,-0.03753876691556217,0.10442545689884304,0.40945796347011437,0.7659178422619426,-0.06288123584725618,0.07671778913275369,0.6352402615654285,0.765943286570967,-0.06621731439705406,0.07006083995394652,0.6356395423003942,39.374662957549894,39.217237107400486,,,,,,,,,,,,,,,,,,,,,,,,,,,,
21.476482,1785483552.668,-0.03761953115463257,0.1052648201584816,0.4090000092983246,-0.037542319062758144,0.10448626963963627,0.4094378574130673,0.7651479588141373,-0.06816106508664108,0.07163125362374116,0.6362166563625203,0.7658483775062417,-0.06645000476041542,0.07024884367171362,0.6357088637900097,39.26718988325222,39.22608601630101,,,,,,,,,,,,,,,,,,,,,,,,,,,,
21.554471,1785483552.734,-0.03771150857210159,0.1050788015127182,0.4100000262260437,-0.03755000319028706,0.1045196474023383,0.4094773914302345,0.765595294833681,-0.05738203877425015,0.07187169251160737,0.6367146974667353,0.7658206689986071,-0.06532982551582989,0.0704496988234672,0.6358361084181049,39.26718988325222,39.233238939594294,,,,,,,,,,,,,,,,,,,,,,,,,,,,
21.615635,1785483552.801,-0.03771150857210159,0.1050788015127182,0.4100000262260437,-0.037557173865835895,0.10454885639039468,0.4095099850740146,0.7628983280450263,-0.07079278501370954,0.061486588407698516,0.6396826729731613,0.7654318142702204,-0.06606841955879157,0.06923926889195837,0.6363607666122333,39.26718988325222,39.23919770681814,,,,,,,,,,,,,,,,,,,,,,,,,,,,
21.694021,1785483552.901,-0.03761953115463257,0.10482250899076462,0.4090000092983246,-0.03756088561775086,0.1045651535500143,0.40946833082510475,0.7659542229570016,-0.06258552547998392,0.07698977924903491,0.6351926906269585,0.7655261999978286,-0.06546644698583554,0.0705799849635969,0.6361621233290093,39.7892430402087,39.3905528739253,,,,,,,,,,,,,,,,,,,,,,,,,,,,
21.770186,1785483552.968,-0.03771150857210159,0.10419200360774994,0.4100000262260437,-0.03756741380665366,0.10454211516571242,0.40950172436323384,0.7660587050734462,-0.06426150162356754,0.0682458303645483,0.6358985975988092,0.7655839832661617,-0.06533632389020294,0.0703278979327359,0.6361338822285719,39.21489474489222,39.35735050095959,,,,,,,,,,,,,,,,,,,,,,,,,,,,
21.847845,1785483553.035,-0.03815511614084244,0.1050788015127182,0.4100000262260437,-0.03760113451080757,0.10457174219166915,0.40952976727932267,0.7633170266817068,-0.06685274851999133,0.06478568475144778,0.639281347955974,0.7653365951516504,-0.06550316573765064,0.06971885284075213,0.6364813531900162,39.26718988325222,39.341000426724555,,,,,,,,,,,,,,,,,,,,,,,,,,,,
21.909918,1785483553.101,-0.03761953115463257,0.10438019037246704,0.4090000092983246,-0.03760197922150996,0.10456161317110563,0.4094969235493439,0.7655891369385776,-0.0452406626762971,0.09229325811326758,0.6350657527761131,0.7654310577380313,-0.061990385711798636,0.07364187183401377,0.6362777401749362,39.31873815658913,39.33713252820142,,,,,,,,,,,,,,,,,,,,,,,,,,,,
21.989966,1785483553.168,-0.03761953115463257,0.10482250899076462,0.4090000092983246,-0.03760276478192922,0.10457363477870021,0.40946893325247946,0.7669523552952369,-0.04885595534178492,0.08835479852993908,0.6337117719527263,0.7657458802757833,-0.05947772603196541,0.0764609094055207,0.6358060838648943,40.15093977934139,39.51804388043245,,,,,,,,,,,,,,,,,,,,,,,,,,,,
22.080421,1785483553.268,-0.03761953115463257,0.10482250899076462,0.4090000092983246,-0.03760382040667996,0.10458959430357116,0.4094346174813253,0.7651351731479422,-0.06816933775250802,0.07159768654137963,0.6362349247598527,0.7656153497928305,-0.06143063051165867,0.07536915287343306,0.6359079371982103,39.68589010673804,39.559391287618205,,,,,,,,,,,,,,,,,,,,,,,,,,,,
22.145536,1785483553.335,-0.03815511614084244,0.1050788015127182,0.4100000262260437,-0.03763501655777038,0.10461479952755685,0.40947245650126113,0.7625606608937219,-0.0704959445764904,0.05320197903161899,0.640859664577759,0.7650588276564231,-0.0631930664298119,0.07107023173053746,0.6368992453614187,39.32278133311304,39.513858729549035,,,,,,,,,,,,,,,,,,,,,,,,,,,,
22.220029,1785483553.401,-0.03771150857210159,0.10419200360774994,0.4100000262260437,-0.03763833547253872,0.10458876285426029,0.40950330206091745,0.7644679620425512,-0.07690069894303059,0.049138236459740275,0.6381696100804305,0.7649747246870624,-0.06615554837995327,0.06634008366226223,0.6372096258753354,38.8454576836047,39.37148270142088,,,,,,,,,,,,,,,,,,,,,,,,,,,,
22.298987,1785483553.502,-0.03717700392007828,0.10438019037246704,0.4090000092983246,-0.03759901395000374,0.10457387033774884,0.40946050589748156,0.7659426307441302,-0.08153338404589289,0.05343044293880637,0.6354757127240576,0.765272748473906,-0.0703990737755695,0.06278261323537532,0.6367573590702135,39.79179274724236,39.4857662144762,,,,,,,,,,,,,,,,,,,,,,,,,,,,
22.359833,1785483553.568,-0.03761953115463257,0.10482250899076462,0.4090000092983246,-0.03759987947793896,0.10458606106011976,0.40943646432597053,0.7639889066496252,-0.07932885586309162,0.05458452144109498,0.6380034585821694,0.7650388000404605,-0.07208839114840246,0.06123318222812154,0.6370003105874475,39.21489474489222,39.434305809824764,,,,,,,,,,,,,,,,,,,,,,,,,,,,
22.437524,1785483553.635,-0.03726790472865105,0.10419200360774994,0.4100000262260437,-0.03758306603543448,0.10456433100704174,0.40947313600042357,0.7673866285237878,-0.062061134566062125,0.0685237361679533,0.6344845746910258,0.7654826356589283,-0.07023450065947037,0.06258251526235659,0.6365429115190996,39.171952480710054,39.38457189940495,,,,,,,,,,,,,,,,,,,,,,,,,,,,
22.500581,1785483553.702,-0.03761953115463257,0.10482250899076462,0.4090000092983246,-0.03758471193282361,0.10457758703684192,0.4094463671849723,0.7669402757982932,-0.04337632022411436,0.0921467204495927,0.6335851088154122,0.765950462695531,-0.06371053830934414,0.06978446901768659,0.6359174348048298,39.6628037104398,39.43836644459483,,,,,,,,,,,,,,,,,,,,,,,,,,,,
22.564656,1785483553.768,-0.03771150857210159,0.10463540256023407,0.4100000262260437,-0.03759057235743126,0.1045799679976441,0.40948057773229973,0.7657363638275798,-0.06409285242237864,0.0676865701593041,0.63636346186794,0.7659087556576282,-0.06378555494538792,0.06937298345336,0.6360051651944916,39.26718988325222,39.407103492991425,,,,,,,,,,,,,,,,,,,,,,,,,,,,
22.641701,1785483553.835,-0.03771150857210159,0.10463540256023407,0.4100000262260437,-0.037596011241446785,0.10458226136239769,0.4095097594285537,0.7676463799438557,-0.04137890499459215,0.08720957301422926,0.6335623978387748,0.7663593460186541,-0.058698880879444394,0.07343092678246654,0.635496414738297,39.71438269127301,39.466698063330355,,,,,,,,,,,,,,,,,,,,,,,,,,,,
22.703539,1785483553.902,-0.03771150857210159,0.1050788015127182,0.4100000262260437,-0.037601049443119,0.10461007974696131,0.4095350361552362,0.7668076351749148,-0.049836017851620784,0.07953702205505336,0.6349773886405419,0.766459007937309,-0.05687322353534136,0.07468980204375873,0.6353955138865236,39.23247570407768,39.422261273502514,,,,,,,,,,,,,,,,,,,,,,,,,,,,
22.767536,1785483553.969,-0.03771150857210159,0.10463540256023407,0.4100000262260437,-0.03760576259576487,0.10461120409303012,0.4095574849707474,0.7653828168930289,-0.06420361609989492,0.06687874671043774,0.6368628365064416,0.7662608090807368,-0.05827131075435433,0.07320127286238867,0.6356810524636,39.21690672799378,39.38405409792337,,,,,,,,,,,,,,,,,,,,,,,,,,,,
22.847728,1785483554.035,-0.03771150857210159,0.10463540256023407,0.4100000262260437,-0.03761014077816469,0.10461223525125465,0.4095775435852703,0.766281008117921,-0.05721441441894934,0.07339800419446388,0.6357300215978077,0.766263949837315,-0.05810998197365703,0.07323130899799371,0.6356885751350092,38.8174969826918,39.268316312963634,,,,,,,,,,,,,,,,,,,,,,,,,,,,
22.927144,1785483554.135,-0.03726790472865105,0.10463540256023407,0.4100000262260437,-0.03758398813900507,0.10461366270496185,0.4096045998895055,0.7645621307942675,-0.07187137540323468,0.05267100043156275,0.6383611981210287,0.765901681360063,-0.061392540888900414,0.06833601562224699,0.6363613434063301,38.91873691761608,39.17810022942055,,,,,,,,,,,,,,,,,,,,,,,,,,,,
22.988936,1785483554.169,-0.03726790472865105,0.10463540256023407,0.4100000262260437,-0.03757569623547762,0.10461413391803925,0.40961346346367594,0.7655362545868653,-0.06570681554437709,0.06634838697604284,0.636580512464691,0.7658686049626745,-0.06179173729015744,0.06815219417838955,0.6363822275675698,39.26718988325222,39.18740679460323,,,,,,,,,,,,,,,,,,,,,,,,,,,,
23.067045,1785483554.269,-0.03771150857210159,0.1050788015127182,0.4100000262260437,-0.03758508545815786,0.10464970625239163,0.4096372817452928,0.7654431253787627,-0.06361672324454773,0.06739054313546955,0.636795296017429,0.7657925771336869,-0.06211888858564365,0.06801568826641216,0.6364564703398631,39.26495263160873,39.20671983047907,,,,,,,,,,,,,,,,,,,,,,,,,,,,
23.127973,1785483554.335,-0.03726790472865105,0.10463540256023407,0.4100000262260437,-0.037569271481799935,0.10464904540289281,0.40965216632602797,0.7674431927546257,-0.06576505549738304,0.06619710517513168,0.634290033530754,0.7659861287701379,-0.06254442201418191,0.0678035693230524,0.63620446539906,39.26718988325222,39.217449436805325,,,,,,,,,,,,,,,,,,,,,,,,,,,,
23.206476,1785483554.402,-0.03761953115463257,0.10438019037246704,0.4090000092983246,-0.03757154257652123,0.10463464863598658,0.4096047634962265,0.766055228277879,-0.06118478687545534,0.07812448128321478,0.6350687950981061,0.7659995883660694,-0.06237175989251058,0.06911754204895668,0.6360638014948138,39.26718988325222,39.22630050472212,,,,,,,,,,,,,,,,,,,,,,,,,,,,
23.284657,1785483554.469,-0.03717700392007828,0.10438019037246704,0.4090000092983246,-0.03755101224641437,0.10462200459561381,0.4095664527883229,0.764461733757421,-0.08072006135602142,0.054875024848926666,0.6372372093366078,0.7657703512436339,-0.06545612897135361,0.06672782154125947,0.6362850478902083,38.91873691761608,39.16702999082684,,,,,,,,,,,,,,,,,,,,,,,,,,,,
23.3471,1785483554.569,-0.03761953115463257,0.10438019037246704,0.4090000092983246,-0.03755564772762854,0.10460572698941921,0.40952148171080227,0.7658519586324031,-0.06770950285446006,0.07347604565438302,0.6352066367703576,0.7657894950130131,-0.06589863817302413,0.06805248466278713,0.6360760002907486,39.26718988325222,39.19191162959402,,,,,,,,,,,,,,,,,,,,,,,,,,,,
23.410883,1785483554.636,-0.03717700392007828,0.10438019037246704,0.4090000092983246,-0.03753625385334426,0.10459570519713131,0.40949517184216633,0.7675488648224209,-0.06530550132774787,0.07457763039847805,0.6332788553633325,0.7660278946603577,-0.06581927986532943,0.06892799163910601,0.6357027756497753,39.737257545590815,39.30511384798463,,,,,,,,,,,,,,,,,,,,,,,,,,,,
23.487532,1785483554.669,-0.03717700392007828,0.10438019037246704,0.4090000092983246,-0.03752729213278031,0.10459095637211821,0.4094829830969702,0.7674324870617504,-0.07062801106520326,0.07094759566960473,0.6332657424208988,0.7661323148873863,-0.0661737065331255,0.06907689566799696,0.635523956380745,39.26718988325222,39.30141613864653,,,,,,,,,,,,,,,,,,,,,,,,,,,,
23.535704,1785483554.736,-0.03771150857210159,0.10419200360774994,0.4100000262260437,-0.03753690702217467,0.10457135503947267,0.4095181117028264,0.7648412589482623,-0.06937312889340146,0.054733809836466224,0.6381296323308943,0.7659448021279178,-0.06666709956691297,0.06687034726235123,0.6359342848011678,39.26718988325222,39.29531973805546,,,,,,,,,,,,,,,,,,,,,,,,,,,,
23.613271,1785483554.802,-0.03761953115463257,0.1052648201584816,0.4090000092983246,-0.03754062449477286,0.10461932878506959,0.40949023661126255,0.7639712561866998,-0.0762607725832246,0.05644738735008181,0.6382365601772396,0.7656375233749882,-0.06821460136308061,0.06519105442053542,0.6363144485116058,39.32278133311304,39.300050520828265,,,,,,,,,,,,,,,,,,,,,,,,,,,,
23.676416,1785483554.869,-0.03771150857210159,0.10419200360774994,0.4100000262260437,-0.03754869252907896,0.10459568628190424,0.40952284262635025,0.7662695252136598,-0.05721531931496226,0.07337374178721186,0.6357465815721408,0.7657533166594701,-0.06637535393630986,0.06656084790362028,0.6362278082111799,38.8454576836047,39.20786880688057,,,,,,,,,,,,,,,,,,,,,,,,,,,,
23.739203,1785483554.936,-0.03771150857210159,0.10419200360774994,0.4100000262260437,-0.03755605250402828,0.10457511767342989,0.40955009015398663,0.766207459086761,-0.062462867765821155,0.06973852544695504,0.6357366261737349,0.7658214690423398,-0.06579903425465256,0.06702912393518048,0.6361564753969499,38.8454576836047,39.1374043556125,,,,,,,,,,,,,,,,,,,,,,,,,,,,
23.803676,1785483555.003,-0.03771150857210159,0.10463540256023407,0.4100000262260437,-0.03756285913094189,0.10457801285488759,0.40957358259428783,0.7677188974307179,-0.06323307066890432,0.06828526820455928,0.6339924253867516,0.7660684737217904,-0.0654660235799962,0.06719223847352244,0.6358761643709467,39.67301204749223,39.249868160960055,,,,,,,,,,,,,,,,,,,,,,,,,,,,
23.880979,1785483555.069,-0.03771150857210159,0.10463540256023407,0.4100000262260437,-0.037569129528925584,0.1045806039313203,0.409594088742725,0.7664378819042054,-0.04882577812048651,0.07185676607817086,0.6364162330911362,0.7661395473609393,-0.06293214722518824,0.06790417665781849,0.6359707238604827,39.191965510769535,39.23969501634036,,,,,,,,,,,,,,,,,,,,,,,,,,,,
23.944349,1785483555.169,-0.03771150857210159,0.10463540256023407,0.4100000262260437,-0.03757784747506331,0.10458410461915023,0.4096210879377799,0.7674227417505256,-0.03746610187886325,0.08192780746148437,0.6347806400786515,0.7665207984357679,-0.056579042035686485,0.07141085106484564,0.635724128783792,39.987317722867594,39.455270600427674,,,,,,,,,,,,,,,,,,,,,,,,,,,,
24.023882,1785483555.203,-0.03771150857210159,0.10463540256023407,0.4100000262260437,-0.03758072896647845,0.10458525199832391,0.4096298685222416,0.7652578460595412,-0.06055589232269729,0.06143626680958755,0.6379177047784571,0.7663886018690547,-0.0570098199315618,0.07033164343782641,0.6359652909458984,39.59600281902472,39.46929410743176,,,,,,,,,,,,,,,,,,,,,,,,,,,,
24.101129,1785483555.303,-0.03761953115463257,0.10482250899076462,0.4090000092983246,-0.03758313412244306,0.1046017313684945,0.40956895557321765,0.7659572046793524,-0.052537379138333666,0.07618560871811808,0.6361958325997723,0.766297987876462,-0.05603370353466656,0.07160995366473807,0.6360185786443733,39.6628037104398,39.517223478712985,,,,,,,,,,,,,,,,,,,,,,,,,,,,
24.161642,1785483555.37,-0.03761953115463257,0.10482250899076462,0.4090000092983246,-0.03758465571554483,0.10461177617499463,0.4095352601794858,0.7643706322068968,-0.07897502923396013,0.055612431887546276,0.6375011676825989,0.7659622980575934,-0.060606264685809264,0.06842835714472213,0.6363538312712813,38.8174969826918,39.3632822446743,,,,,,,,,,,,,,,,,,,,,,,,,,,,
24.239176,1785483555.436,-0.03771150857210159,0.10419200360774994,0.4100000262260437,-0.037589977609306484,0.10458771052944882,0.40956312730777994,0.7660816428648562,-0.06398747279900988,0.06847329150425259,0.6358741448909938,0.7659826314047077,-0.0611649096385907,0.06843583568220704,0.6362750966442903,39.26718988325222,39.34622829260762,,,,,,,,,,,,,,,,,,,,,,,,,,,,
24.286482,1785483555.503,-0.03771150857210159,0.1050788015127182,0.4100000262260437,-0.037595072347267215,0.10461607109630587,0.40958709351426953,0.7663324195485623,-0.04651318731507089,0.08089883796672535,0.6356308080720071,0.7660683099455999,-0.058470367706652725,0.07073120984014113,0.6361742344294454,39.613922208392374,39.39747107933736,,,,,,,,,,,,,,,,,,,,,,,,,,,,
24.362869,1785483555.57,-0.03761953115463257,0.10482250899076462,0.4090000092983246,-0.037596111129711424,0.1046251613829317,0.4095496581601828,0.7665488115131843,-0.049817781619332646,0.08682078071913948,0.6343368665287965,0.7661813208087469,-0.05679966632700457,0.07384261542948051,0.6358358669463676,39.6628037104398,39.44770033498591,,,,,,,,,,,,,,,,,,,,,,,,,,,,
24.411042,1785483555.636,-0.03761953115463257,0.10482250899076462,0.4090000092983246,-0.03759707754912622,0.10463352033866474,0.4095187512044425,0.7669523552952369,-0.04885595534178492,0.08835479852993908,0.6337117719527263,0.7663474852849917,-0.05526094246509875,0.07665754416109509,0.6354379442230595,39.6628037104398,39.48697635525544,,,,,,,,,,,,,,,,,,,,,,,,,,,,
24.48899,1785483555.67,-0.03726790472865105,0.10374859720468521,0.4100000262260437,-0.03758754956099141,0.10459626866075045,0.4095353832754662,0.7659969001423801,-0.05887831494029941,0.06413428728817154,0.6369214128886652,0.7663127332429083,-0.05569132552257485,0.07516998494431379,0.635619968609226,39.19683397906377,39.45456030061363,,,,,,,,,,,,,,,,,,,,,,,,,,,,
24.551378,1785483555.77,-0.03761953115463257,0.10482250899076462,0.4090000092983246,-0.03758949099714616,0.10461187944892544,0.40949332619740614,0.7657988409261872,-0.05936541158237516,0.07121474998432255,0.6363618015943712,0.7661978738663858,-0.05652708143470257,0.07427063083156094,0.6357903589572481,39.716919301279155,39.521559821929486,,,,,,,,,,,,,,,,,,,,,,,,,,,,
24.629336,1785483555.837,-0.03761953115463257,0.10482250899076462,0.4090000092983246,-0.037590727929344675,0.10462141480450345,0.4094686435243631,0.7656810141090437,-0.060866259037197064,0.069967347591921,0.636500159791586,0.766123016680344,-0.05717115728632883,0.07363219679397555,0.6358972257231859,39.61185469737638,39.53749419611409,,,,,,,,,,,,,,,,,,,,,,,,,,,,
24.708496,1785483555.903,-0.03761953115463257,0.10438019037246704,0.4090000092983246,-0.037591890466410226,0.10460904347133056,0.40944682517850667,0.7645373488243156,-0.08060896859462095,0.05496661692140108,0.6371526563226543,0.765866344250135,-0.06177452942005334,0.06997460418035616,0.6361888124053009,39.26495263160873,39.48534019525484,,,,,,,,,,,,,,,,,,,,,,,,,,,,
24.769076,1785483555.97,-0.03771150857210159,0.10419200360774994,0.4100000262260437,-0.037597144664679054,0.10458614514315871,0.40948497383209637,0.7694452838385413,-0.04330809969549943,0.08537334823561175,0.6314980246132463,0.766687229644666,-0.05774878589653898,0.07333793316537573,0.6351986438794512,40.012378657765325,39.593801181193996,,,,,,,,,,,,,,,,,,,,,,,,,,,,
24.831721,1785483556.037,-0.03771150857210159,0.10463540256023407,0.4100000262260437,-0.037602048847957044,0.10458837181277575,0.40951622548352334,0.7683347288161742,-0.05430803000146237,0.0678364806366963,0.6341219080485735,0.7670024497894954,-0.05709631952552568,0.07229463226078194,0.634996644447693,40.116394305453916,39.69978345626022,,,,,,,,,,,,,,,,,,,,,,,,,,,,
24.895355,1785483556.103,-0.03815511614084244,0.10463540256023407,0.4100000262260437,-0.03763320395259685,0.10459040236038285,0.4095423736383538,0.7636673431899761,-0.06655201991769366,0.06573553067719912,0.6387971959836903,0.7664067552879776,-0.05881140385001853,0.07110624810962146,0.6356931694661482,39.26718988325222,39.611892466799084,,,,,,,,,,,,,,,,,,,,,,,,,,,,
24.957314,1785483556.17,-0.03771150857210159,0.10463540256023407,0.4100000262260437,-0.0376366183661212,0.10459232812890543,0.40956552788080447,0.7649906621482335,-0.0716286267626172,0.05355778417753686,0.6378010586445441,0.7661510918067052,-0.06139472163386,0.06757518274907659,0.6361421125466568,39.38365834164919,39.568661740359296,,,,,,,,,,,,,,,,,,,,,,,,,,,,
25.035841,1785483556.237,-0.03771150857210159,0.10419200360774994,0.4100000262260437,-0.037639812891498835,0.10457082352373834,0.40958620789990935,0.7657632378085083,-0.06769153440978393,0.06539737102441066,0.636197849456735,0.7660850058021824,-0.06250814755813419,0.06719038183641393,0.6361540284888539,39.73494200856262,39.59940909179967,,,,,,,,,,,,,,,,,,,,,,,,,,,,
25.114117,1785483556.304,-0.03726790472865105,0.10463540256023407,0.4100000262260437,-0.03761864801985581,0.10457379783103689,0.4096050258126415,0.7674644564722597,-0.06551644588747507,0.06640257412065677,0.6342685563073132,0.7662942760714023,-0.06296296210604588,0.06707135693006086,0.6358696257430436,39.79179274724236,39.635039466549905,,,,,,,,,,,,,,,,,,,,,,,,,,,,
25.177827,1785483556.37,-0.03771150857210159,0.10419200360774994,0.4100000262260437,-0.037622655712065946,0.10455441031950813,0.4096221542485106,0.7662695252136598,-0.05721531931496226,0.07337374178721186,0.6357465815721408,0.766294151102451,-0.06213827449759864,0.06797624927056363,0.635854809185038,39.26718988325222,39.56290161319868,,,,,,,,,,,,,,,,,,,,,,,,,,,,
25.254787,1785483556.437,-0.03771150857210159,0.10463540256023407,0.4100000262260437,-0.03762645707849468,0.10455826798133491,0.4096383759989646,0.7670757107468896,-0.04533129825710518,0.08324208160369943,0.6345161016323876,0.7664625424301602,-0.0591445932967256,0.07070013957466195,0.6356402901007637,39.24623497130142,39.501902871007076,,,,,,,,,,,,,,,,,,,,,,,,,,,,
25.330433,1785483556.537,-0.03771150857210159,0.10463540256023407,0.4100000262260437,-0.03763166395647145,0.10456331999246973,0.40966056304915444,0.7678315765126198,-0.0618497923084665,0.06942740220183302,0.6338683689261119,0.7667294127184631,-0.059670337071089784,0.07045289615589329,0.6352966613870011,39.67301204749223,39.54533190066209,,,,,,,,,,,,,,,,,,,,,,,,,,,,
25.377323,1785483556.604,-0.03726790472865105,0.10463540256023407,0.4100000262260437,-0.03761188843814883,0.10456645820645925,0.40967464837738843,0.7681292372020687,-0.06180764159552663,0.0701834512704752,0.6334284281302285,0.7668995978753883,-0.05992958478549884,0.07042025534070478,0.6350704207280917,39.32278133311304,39.50359416370307,,,,,,,,,,,,,,,,,,,,,,,,,,,,
25.491095,1785483556.637,-0.03806205466389656,0.10438019037246704,0.4090000092983246,-0.03762567532512996,0.10456194225355284,0.40964756143648634,0.7640476749195628,-0.06320263676667837,0.07658804638978477,0.6374722333607525,0.7666974185243679,-0.06016357289037633,0.07086109787386635,0.6352433531594368,39.73494200856262,39.52793955847558,,,,,,,,,,,,,,,,,,,,,,,,,,,,
25.519244,1785483556.704,-0.03771150857210159,0.10463540256023407,0.4100000262260437,-0.03762933711461746,0.10456515420649796,0.4096640848945384,0.7633247907208719,-0.06967808739241842,0.0631222139336084,0.6391367726210029,0.7662110927634748,-0.061560169234265424,0.06972646591837453,0.6358216155814336,38.86256750162263,39.38575455909011,,,,,,,,,,,,,,,,,,,,,,,,,,,,
25.581316,1785483556.771,-0.03771150857210159,0.10463540256023407,0.4100000262260437,-0.03763278763954469,0.10456815665108521,0.40967919158650634,0.7648636552610898,-0.07656004679409037,0.0501415789553115,0.6376581922593011,0.765998286414216,-0.06432527093865682,0.06612307695306159,0.6361891412334958,39.38365834164919,39.385382403893544,,,,,,,,,,,,,,,,,,,,,,,,,,,,
25.659021,1785483556.871,-0.03806205466389656,0.1052648201584816,0.4090000092983246,-0.03766510720794585,0.1046289990088331,0.4096136818895021,0.7638879740348096,-0.08100187412710168,0.05321056703760154,0.6380301678356817,0.765502094947175,-0.06850640896319328,0.06289059529463414,0.6366774596182436,39.247786771000335,39.35157725496251,,,,,,,,,,,,,,,,,,,,,,,,,,,,
25.737369,1785483556.937,-0.03850457817316055,0.10393787175416946,0.4090000092983246,-0.03771740824137156,0.10458076967759318,0.4095778781054789,0.7650035955906458,-0.051170621450412276,0.08657716963485126,0.6361253492290497,0.7654501507941378,-0.06475840885325998,0.06802307978779243,0.6366044892617466,40.06510845707798,39.50645132504387,,,,,,,,,,,,,,,,,,,,,,,,,,,,
25.784359,1785483557.004,-0.04017620161175728,0.10368374735116959,0.40800002217292786,-0.037985096494242344,0.10451777859533257,0.4094423521567456,0.7565004300723823,-0.07907840693315447,0.0621982850689246,0.6462082312936749,0.7634904014391416,-0.06793991283736389,0.06673232504297635,0.6387592441196512,40.375215078050296,39.701374345675504,,,,,,,,,,,,,,,,,,,,,,,,,,,,
25.84737,1785483557.071,-0.04109365865588188,0.10179342329502106,0.40400001406669617,-0.0383490442989838,0.10419162910125203,0.4084336423292557,0.7463403723495936,-0.14953227146409062,0.0035445197495355546,0.648539578415693,0.7620115063597509,-0.07032341170839818,0.06576407248843479,0.6403656523508817,41.983057170294245,40.37121778715683,,,,,,,,,,,,,,,,,,,,,,,,,,,,
25.92424,1785483557.138,-0.04196788743138313,0.10091960430145264,0.40400001406669617,-0.038788826413044125,0.10378801602130817,0.40778109555403386,0.7513308022015514,-0.06788589988231572,0.07088763096781865,0.652585989763887,0.7597733202211788,-0.06981006942101665,0.0668483599221785,0.642963725931124,42.451693235306685,40.96397450582258,,,,,,,,,,,,,,,,,,,,,,,,,,,,
25.97019,1785483557.171,-0.04240499809384346,0.09873505681753159,0.40400001406669617,-0.03902359377918912,0.10329504359277371,0.407520685835058,0.7400539553366926,-0.09721610270783836,0.029586965505058252,0.6648261306815626,0.7587303495115657,-0.06957132627858335,0.06735167394731537,0.6441675553040458,42.09366850198562,41.1206577751409,,,,,,,,,,,,,,,,,,,,,,,,,,,,
26.04826,1785483557.238,-0.04317210242152214,0.09805484116077423,0.40300002694129944,-0.03953379615321244,0.10245002015469086,0.4069127194330865,0.7374013251213527,-0.10372962948047282,0.03844030596658733,0.6663345950453962,0.7526755993433338,-0.07966186404831338,0.058849812907244975,0.6508994769473113,41.550564857780664,41.20439344860321,,,,,,,,,,,,,,,,,,,,,,,,,,,,
26.112783,1785483557.304,-0.04666035622358322,0.09761900454759598,0.40300002694129944,-0.04090521451923461,0.1017761986731973,0.4064924044530786,0.7271102705558843,-0.13562251509443762,0.016578383332506344,0.6727869982822857,0.7454870000458341,-0.0964950381433093,0.04621006245967091,0.6578772457714716,39.58924201602156,40.771554043407335,,,,,,,,,,,,,,,,,,,,,,,,,,,,
26.173557,1785483557.371,-0.0498359352350235,0.09742432832717896,0.40400001406669617,-0.042971082043150144,0.1012568384866753,0.40634861438697006,0.7269215993121267,-0.1170515825302697,0.06725699414047415,0.6733204379935661,0.7390649743211047,-0.10375828791571787,0.05363788463224019,0.6634305982939906,41.060684611816676,40.826385773363086,,,,,,,,,,,,,,,,,,,,,,,,,,,,
26.236524,1785483557.438,-0.05064636096358299,0.09814777225255966,0.40700000524520874,-0.04452778392514321,0.10102412517872918,0.4064287716993503,0.7289951482312055,-0.05560535418406192,0.13343007811251148,0.6690818579937112,0.735135425053133,-0.10812102917168123,0.058104031361043494,0.6667155851053737,33.83118880942098,37.578379442636056,,,,,,,,,,,,,,,,,,,,,,,,,,,,
26.314181,1785483557.505,-0.049643367528915405,0.09878477454185486,0.406000018119812,-0.04521114324534917,0.10092627200274266,0.4063992318476641,0.7205827346963208,-0.08222938695060786,0.11718317809092632,0.6784297702428815,0.7300500063110511,-0.09843797566380748,0.08036005940212271,0.6714754009532541,30.518775471656607,34.08306793432686,,,,,,,,,,,,,,,,,,,,,,,,,,,,
26.391368,1785483557.571,-0.05108672007918358,0.09858792275190353,0.40700000524520874,-0.04607634104419513,0.10081232805085094,0.40645410338012095,0.7147511168633811,-0.0920608041151858,0.0936260704778273,0.6869423616396763,0.7248064732837601,-0.09623618504258741,0.08496257357758057,0.6768866478705877,27.623118987034896,30.836575097321273,,,,,,,,,,,,,,,,,,,,,,,,,,,,
26.455017,1785483557.671,-0.051527079194784164,0.09858792275190353,0.40700000524520874,-0.04700843595103287,0.10066310339581118,0.40651162240397176,0.7127482774398681,-0.1203156950466805,0.066460972848216,0.687820445770554,0.7200093345236708,-0.1060368593322395,0.0774549385839162,0.6814275274383164,30.879479356859427,30.85373485228679,,,,,,,,,,,,,,,,,,,,,,,,,,,,
26.533824,1785483557.738,-0.05196744203567505,0.09770762175321579,0.40700000524520874,-0.04756384903006505,0.1004463346616228,0.4065427193021942,0.7267806302628859,-0.0978535410900656,0.0889074179803619,0.674025274747826,0.7219646021852141,-0.10370360784983337,0.08072718564454603,0.6793348190755311,27.588491941277827,29.528699041539,,,,,,,,,,,,,,,,,,,,,,,,,,,,
26.581724,1785483557.805,-0.053728874772787094,0.09594700485467911,0.40700000524520874,-0.04844521233788265,0.09991565233709057,0.4065687370965094,0.7201776077137824,-0.09584630748238125,0.07792850990238354,0.6827040691500529,0.7215290497837481,-0.10176449838061842,0.08003684064633246,0.6801719792279423,26.347596720261365,28.265699030601944,,,,,,,,,,,,,,,,,,,,,,,,,,,,
26.64448,1785483557.838,-0.054609596729278564,0.09506670385599136,0.40700000524520874,-0.04895740029509979,0.09956852094723115,0.4065805538380158,0.7190421305145125,-0.09016250795924416,0.08324178849079021,0.6840467391578624,0.7211839053593794,-0.10012135860037212,0.08049183587466738,0.6807279578217241,26.738795341188062,27.94553037831732,,,,,,,,,,,,,,,,,,,,,,,,,,,,
26.709096,1785483557.905,-0.055217642337083817,0.09416155517101288,0.4050000309944153,-0.04984212272519053,0.09883747166071899,0.406429169276468,0.7189325450662603,-0.08557175902436007,0.10551915231888521,0.6816738063002938,0.7206510998214845,-0.09630511569040681,0.08707696542310973,0.6810322452796527,27.627120302780632,27.8614574178151,,,,,,,,,,,,,,,,,,,,,,,,,,,,
26.770912,1785483557.972,-0.056094031780958176,0.09328557550907135,0.4050000309944153,-0.05070874034721913,0.09809195878467372,0.40631476490806234,0.7084892411491336,-0.12813822390860868,0.0622589281961875,0.6911927492453419,0.7171656477432853,-0.10581833817289803,0.07969209068836854,0.6841966703258628,28.063038870807684,27.90484491788138,,,,,,,,,,,,,,,,,,,,,,,,,,,,
26.847599,1785483558.038,-0.06150386855006218,0.09175962209701538,0.406000018119812,-0.05334728922693224,0.09714256099195673,0.40630062836743164,0.6783444952166642,-0.23024912373099773,-0.052019061230770144,0.6957931474935825,0.7146679262752539,-0.1124319122833834,0.07454215999607001,0.6863324898595798,29.412785947285382,28.241325782715617,,,,,,,,,,,,,,,,,,,,,,,,,,,,
26.926536,1785483558.105,-0.06545736640691757,0.09044239670038223,0.406000018119812,-0.05674981277528044,0.0960845899540182,0.4062873899496529,0.7138043841680703,-0.11298211413506798,0.05934737389245755,0.688619076296962,0.7144514421540548,-0.11258311569894859,0.07044073363494692,0.6869659976363307,34.92210550837131,31.16953250780888,,,,,,,,,,,,,,,,,,,,,,,,,,,,
26.973344,1785483558.172,-0.0658966451883316,0.09000333398580551,0.406000018119812,-0.05888121782291286,0.09524228835216794,0.4062750437489511,0.707289971531768,-0.11556861921537966,0.05540746923260321,0.6952084599431164,0.7126469550559159,-0.11334919607627651,0.06660465533703377,0.6890936780190543,34.440964740835405,32.35289038175181,,,,,,,,,,,,,,,,,,,,,,,,,,,,
27.036532,1785483558.238,-0.06677519530057907,0.08912518620491028,0.406000018119812,-0.06049053958501706,0.09441471437868133,0.40626360048070076,0.7097154593642185,-0.1059870707953188,0.07428091943209725,0.6924976913838676,0.7119902379766331,-0.11168032579397011,0.06834689597986308,0.6898739795545618,29.850670100048895,31.661234230276648,,,,,,,,,,,,,,,,,,,,,,,,,,,,
27.11663,1785483558.305,-0.06573433429002762,0.08934365957975388,0.4050000309944153,-0.06120077194990797,0.09388716424454077,0.4061722429858297,0.7141928182224712,-0.10219004315887398,0.07853080054286167,0.6879816326361694,0.7124775434137548,-0.10963505250800824,0.07054487240630002,0.6894775749579143,28.787164555019647,30.79104414938778,,,,,,,,,,,,,,,,,,,,,,,,,,,,
27.177797,1785483558.372,-0.06573433429002762,0.08802968263626099,0.4050000309944153,-0.06169631854371386,0.09315388468851664,0.4060983087595685,0.7065020218768931,-0.11638014639834311,0.07181510715327453,0.6943724828884896,0.7113095722062227,-0.1109611461279455,0.07079502265157235,0.6904450603093172,26.388049498972773,29.15505439515708,,,,,,,,,,,,,,,,,,,,,,,,,,,,
27.256498,1785483558.438,-0.06661073118448257,0.0867157131433487,0.4050000309944153,-0.062261275087916984,0.09226489790534038,0.40603709021297557,0.700684369033267,-0.1274227629274804,0.060441557630169944,0.6993937893573394,0.7090817064265666,-0.11447082268189723,0.06859435372374685,0.6923831157696867,27.237250504289722,28.61273553501514,,,,,,,,,,,,,,,,,,,,,,,,,,,,
27.350105,1785483558.505,-0.06704892963171005,0.0867157131433487,0.4050000309944153,-0.062780262056652,0.09163991507018493,0.40598335753746634,0.7029620556449379,-0.11898855304422773,0.07735007008022818,0.696923983822101,0.7078586019635876,-0.11538171578128215,0.0703578246122551,0.6933058746364075,28.037823293490835,28.490681248329736,,,,,,,,,,,,,,,,,,,,,,,,,,,,
27.379288,1785483558.572,-0.06661073118448257,0.08583973348140717,0.4050000309944153,-0.06306963747720487,0.0909527175768873,0.4059357067021044,0.7005413346604122,-0.12850641366867843,0.06140361027969184,0.6992549869131022,0.7063746831229868,-0.11808196099549832,0.06851975949487824,0.69454769461076,27.636644826908437,28.299012737148434,,,,,,,,,,,,,,,,,,,,,,,,,,,,
27.425092,1785483558.639,-0.06765375286340714,0.0847344622015953,0.406000018119812,-0.0635194918837389,0.09015009743343899,0.40594008828748385,0.7005093317651511,-0.11757427643516624,0.06943339806904866,0.7004583990953879,0.7052982684599468,-0.11798909152926172,0.06868837598872579,0.6956398736354406,26.788561145548012,27.911630303342996,,,,,,,,,,,,,,,,,,,,,,,,,,,,
27.489086,1785483558.705,-0.06826074421405792,0.08318255096673965,0.40700000524520874,-0.06399043210826937,0.08912492255034878,0.40603635729906784,0.6359241015092263,-0.3149378943846274,-0.16703963238278116,0.6844796717315174,0.7045205565327298,-0.11792190837562723,0.0688099359764418,0.6964268817749504,26.945217230190188,27.696391997818438,,,,,,,,,,,,,,,,,,,,,,,,,,,,
27.549971,1785483558.772,-0.07063567638397217,0.08294569700956345,0.40800002217292786,-0.06500255772415986,0.08834457610462186,0.4062484246531731,0.6959575452147345,-0.15061039220075334,0.003860569416343514,0.702100207252211,0.7039309928739687,-0.11787093131654902,0.0689019394563416,0.6970223264438469,29.259911378184633,28.11811149716129,,,,,,,,,,,,,,,,,,,,,,,,,,,,
27.630506,1785483558.839,-0.07107711583375931,0.08162199705839157,0.40800002217292786,-0.06581935062556715,0.08740004462510063,0.40640428664254313,0.7097394397148137,-0.0872092829642007,0.07864531539329071,0.6946073589049157,0.7051769584994081,-0.1116281749184718,0.07089498346284932,0.6965906323556882,38.4427959367233,33.70006618411352,,,,,,,,,,,,,,,,,,,,,,,,,,,,
27.693001,1785483558.872,-0.07019422948360443,0.08250446617603302,0.40800002217292786,-0.06601925833400865,0.08716158329637497,0.4064706713606641,0.7205832085769117,-0.06630768453906137,0.10426963358536309,0.6822689894755919,0.7058501765941988,-0.10818548635768799,0.07199205138723308,0.6963394095414583,31.828673428114502,33.46867297595302,,,,,,,,,,,,,,,,,,,,,,,,,,,,
27.754634,1785483558.939,-0.07002218812704086,0.08318255096673965,0.40700000524520874,-0.06629673604972589,0.08693498271509963,0.4064944002975125,0.7165428659564091,-0.0914721434922728,0.08930531409126324,0.6857286118334025,0.708695136917366,-0.10383279539088511,0.07651528661238675,0.6936248009014778,29.595509531781154,32.43327538338579,,,,,,,,,,,,,,,,,,,,,,,,,,,,
27.802342,1785483559.006,-0.07046254724264145,0.08450300991535187,0.40700000524520874,-0.06660988719364051,0.08675820934830936,0.40651640400042954,0.7095122646376008,-0.112272446225081,0.06825405092580084,0.6923356329697884,0.7088952356523264,-0.10580783296548411,0.07458426477482905,0.6933321244544919,29.23304339989687,31.598565736821495,,,,,,,,,,,,,,,,,,,,,,,,,,,,
27.866392,1785483559.072,-0.07002218812704086,0.08450300991535187,0.40700000524520874,-0.06678019762762442,0.08661712095705024,0.406536713795838,0.7122117286322526,-0.11107659890834924,0.07587094418126249,0.6889557624424488,0.7095685724721096,-0.10687263456220365,0.07484453280126929,0.6924514256259322,29.909607957235412,31.267094433875673,,,,,,,,,,,,,,,,,,,,,,,,,,,,
27.977929,1785483559.139,-0.07002218812704086,0.08494316041469574,0.40700000524520874,-0.06693458172707985,0.08649811303197534,0.4065561500978265,0.7136892932357495,-0.09661320041648883,0.08254050006793036,0.6888400017961179,0.7103910212011266,-0.10485378558664835,0.07636132768249056,0.6917508426301604,30.250484651885706,31.086583086791602,,,,,,,,,,,,,,,,,,,,,,,,,,,,
28.024919,1785483559.206,-0.07002218812704086,0.084062859416008,0.40700000524520874,-0.0670750420956521,0.08638074723449397,0.4065745666915468,0.7135927970931895,-0.1023366180646706,0.08530227941050875,0.6877761682896373,0.7109840343042525,-0.10439314978635665,0.07800127520788634,0.6910279113813541,29.585749948604075,30.768861384027783,,,,,,,,,,,,,,,,,,,,,,,,,,,,
28.06951,1785483559.272,-0.06958182901144028,0.08362270146608353,0.40700000524520874,-0.06720306009463786,0.08621575786350837,0.4065918317628102,0.7176984902559121,-0.08712134774570003,0.10190303139061031,0.6833260715388821,0.7125266447265606,-0.10058707849566748,0.08328699057733749,0.6893847237899798,30.538668405521914,30.722137220961464,,,,,,,,,,,,,,,,,,,,,,,,,,,,
28.146648,1785483559.339,-0.06975279748439789,0.08338692784309387,0.40800002217292786,-0.06731181502058774,0.08603886096443891,0.40669461211372504,0.7181726505108215,-0.07723414597691522,0.10350498373977181,0.6837760226086519,0.7140076402298708,-0.09475234454871422,0.08835472322629818,0.6880468921370819,30.878551999588574,30.755963141974973,,,,,,,,,,,,,,,,,,,,,,,,,,,,
28.224473,1785483559.406,-0.06975279748439789,0.08338692784309387,0.40800002217292786,-0.06741430194255017,0.08589013369436546,0.40677759102145794,0.7173822956459862,-0.08425978364686486,0.09680735600016482,0.6847563556315016,0.7148002870770944,-0.09232972650260769,0.0903093250110455,0.6872990593726332,30.538668405521914,30.716065159783223,,,,,,,,,,,,,,,,,,,,,,,,,,,,
28.27106,1785483559.473,-0.06975279748439789,0.08294569700956345,0.40800002217292786,-0.06751138645276529,0.08569567968356949,0.4068470485213549,0.7135683223326978,-0.09804522537108636,0.08355745995523699,0.6886403517301761,0.7145527222891528,-0.09350090362403102,0.08892710787647008,0.6875783283200374,29.9313434123498,30.55569291851978,,,,,,,,,,,,,,,,,,,,,,,,,,,,
28.390528,1785483559.539,-0.0691414624452591,0.08274240046739578,0.40700000524520874,-0.06761063786711649,0.08550536209022375,0.40685647436920586,0.7136445380445511,-0.10212251060782987,0.08854093102386638,0.6873448695376726,0.7143908583183032,-0.0950762016441969,0.0888570713309402,0.687539553994269,28.936416186694455,30.152765095569528,,,,,,,,,,,,,,,,,,,,,,,,,,,,
28.412107,1785483559.606,-0.06931135058403015,0.08250446617603302,0.40800002217292786,-0.0676954186075221,0.08530762955503929,0.406923272130336,0.7159359990668486,-0.09564160110189933,0.08685835736501638,0.6861078305446381,0.7146304352354341,-0.09516377264560029,0.08854774696138462,0.6873183352123913,29.9313434123498,30.113649412059086,,,,,,,,,,,,,,,,,,,,,,,,,,,,
28.474741,1785483559.673,-0.0691414624452591,0.08274240046739578,0.40700000524520874,-0.06777173797825041,0.0851779252335421,0.40692797531004854,0.713711125853409,-0.1022067095032397,0.08954581459240475,0.6871330034677149,0.7145004291341032,-0.09617742477724883,0.08869163147189896,0.6872938485373282,28.96551400547687,29.850388783342442,,,,,,,,,,,,,,,,,,,,,,,,,,,,
28.521596,1785483559.739,-0.0691414624452591,0.08274240046739578,0.40700000524520874,-0.06783814683267217,0.08506363166568805,0.4069318996702444,0.713711125853409,-0.1022067095032397,0.08954581459240475,0.6871330034677149,0.7143979418521028,-0.09697228852451063,0.0888044037589139,0.6872741329402864,28.615764854513557,29.565365935604042,,,,,,,,,,,,,,,,,,,,,,,,,,,,
28.59834,1785483559.806,-0.0687011107802391,0.08274240046739578,0.40700000524520874,-0.067891019074612,0.08495806048886853,0.4069353666800654,0.7146496663840342,-0.1091467465835391,0.08289526992823704,0.6859236227678283,0.7144430658102948,-0.09875625506116197,0.08794008858938365,0.6870843096889732,29.2900704807997,29.516832516721358,,,,,,,,,,,,,,,,,,,,,,,,,,,,
28.660502,1785483559.84,-0.0691414624452591,0.08274240046739578,0.40700000524520874,-0.06791723611832766,0.08490679967128112,0.40693701622999123,0.713711125853409,-0.1022067095032397,0.08954581459240475,0.6871330034677149,0.7143866870855817,-0.09902389399189745,0.08806466134702219,0.6870884551172453,28.95160538997767,29.45313266667284,,,,,,,,,,,,,,,,,,,,,,,,,,,,
28.711953,1785483559.806,-0.0691414624452591,0.08274240046739578,0.40700000524520874,-0.06791723611832766,0.08490679967128112,0.40693701622999123,0.713711125853409,-0.1022067095032397,0.08954581459240475,0.6871330034677149,0.7143866870855817,-0.09902389399189745,0.08806466134702219,0.6870884551172453,28.95160538997767,29.45313266667284,26.17359161376953,1,0.45100000500679016,0.0,0.6461000442504883,2.4482943884046593e-12,0.0,1.0,0.0,0.4509999454021454,-5.478944034575939e-11,0.6460999250411987,-8.505850246365299e-08,7.559419756830721e-10,1.0,6.794496076878431e-10,1.6267304090433754e-06,1.3882483926863642e-06,-1.8033103970083175e-06,1.797851382434601e-06,1.5707985162734985,2.3691025035077473e-06,-8.536629247841331e-10,-1.7933488265094217e-08,1.8805539305436217e-07,1.3588991927898379e-09,1.5707963267948974,6.582209493023926e-10
28.757558,1785483559.84,-0.0691414624452591,0.08274240046739578,0.40700000524520874,-0.06798971188425466,0.08477084515537649,0.4069412220181691,0.7132105036083947,-0.10511094803267083,0.08566098563173358,0.6877097219662762,0.7141860504296973,-0.10007432524979101,0.08765026845473883,0.6871978210364473,29.2900704807997,29.413723542615735,23.784637451171875,1,0.45107689623317127,3.9325565573497534e-05,0.6460975699256,-0.0002820079653329853,5.293246188609334e-05,0.9999999548276436,8.952303006909885e-05,0.45100000500679016,3.171604703311459e-07,0.6460999846458435,-3.2455469067826925e-07,1.0134039030162967e-07,1.0,2.442816366965417e-07,-1.1387324775569141e-05,0.0004756466660182923,-0.00046652602031826973,0.00018779956735670567,1.5713523626327515,0.00010201073746429756,4.3999892621080537e-07,3.5846672987671854e-07,-3.0270142184612477e-07,4.885636288808595e-07,1.5707969201435983,6.426798323088595e-07
28.820452,1785483559.94,-0.06886991113424301,0.08250446617603302,0.40800002217292786,-0.06803276441788272,0.08465843123468192,0.40701439458221894,0.71710006898269,-0.08995865413521341,0.09862052244342481,0.6840679236480748,0.7146127364079988,-0.09863117680484952,0.08921822906099643,0.686760974086896,29.285595840819862,29.39156930652522,16.814708709716797,1,0.4512808280070283,0.0001480392144640047,0.646091261243334,-0.0007579549154507545,0.00040222139074233093,0.9999990498767697,0.0010788734202839124,0.45102062821388245,1.1206502676941454e-05,0.6460988521575928,-7.684616866754368e-05,1.5437715774169192e-05,1.0,2.5624192858231254e-05,-0.0008208501385524869,0.0014514033682644367,-0.0014341262867674232,0.0021532566752284765,1.5722966194152832,-6.822025625297101e-06,-2.765568222867776e-06,0.00012915510562852832,-0.00012658168233410527,5.125033436167223e-05,1.5709474450581589,2.8113668573955272e-05
28.899087,1785483560.006,-0.06886991113424301,0.08294569700956345,0.40800002217292786,-0.06807202962466115,0.0845755296002168,0.40707499213415466,0.7171126109829934,-0.10209379010996572,0.08178611399402026,0.6845709552324676,0.7149691361490996,-0.0991206017696285,0.08816916087190685,0.6864549801190027,29.303379189447313,29.3760615849187,22.19533920288086,1,0.45144944888807065,0.00021261801490609494,0.6459815023972602,-0.0008005070969367694,-0.0004848066436886068,0.9999991086891726,-0.0009522456438897588,0.4510915279388428,4.9622241931501776e-05,0.6460970640182495,-0.0002616446290630847,0.00012147738743806258,0.9999999403953552,0.00031047416268847883,0.0014885201817378402,0.0018572608241811395,-0.0015989282401278615,-0.0019003712804988027,1.5721455812454224,0.0005123808514326811,-0.00022446683677270954,0.000487479016589278,-0.00048087036749790943,0.0006208944610868012,1.5713130713089394,1.8646304923311814e-05
28.97761,1785483560.073,-0.06931135058403015,0.08294569700956345,0.40800002217292786,-0.06813499397554396,0.08450048354200337,0.40712617603630874,0.715212211575645,-0.09082429095588093,0.10004452729736701,0.6857211774061543,0.7150164064169733,-0.09784334793275595,0.09000058200748458,0.6863513044048081,29.303379189447313,29.36332286796624,24.45507049560547,1,0.45157380133976877,0.0002715158250737315,0.6458906060693572,-0.0004210875096487594,-0.000801656461901257,0.9999995709858293,0.00019509070658244826,0.451215535402298,0.00010470733104739338,0.6460578441619873,-0.0004481154610402882,-8.804974640952423e-05,0.9999999403953552,-0.0001232080248882994,0.0004006082017440349,0.0017112286295741796,-0.0012517886934801936,0.000380075944121927,1.5711873769760132,-0.0011980696581304073,0.00036462880765293995,0.0009585387073497954,-0.0008652844608222352,-0.0002461681982486191,1.5715993714760959,0.00018844194816892228
29.259269,1785483560.307,-0.06886991113424301,0.08294569700956345,0.40800002217292786,-0.06829976056174873,0.08412455364621278,0.4072938896443815,0.7174433852757836,-0.08865925269843013,0.10204825223405964,0.6833744800992739,0.7152128021137398,-0.09707637811785097,0.09145866200023427,0.6860627796705338,29.94709139005688,29.363793541174637,26.496171951293945,1,0.45157380133976877,0.0002715158250737315,0.6458906060693572,-0.0004210875096487594,-0.000801656461901257,0.9999995709858293,0.00019509070658244826,0.4515041708946228,0.0002385580592090264,0.6459261775016785,-0.00043012810056097806,-0.0006529035745188594,0.9999997019767761,0.00012568224337883294,0.00040060814353637397,0.0017112285131588578,-0.0012517885770648718,0.000380075944121927,1.5711873769760132,-0.0011980696581304073,0.0003931984972532824,0.0015562136788839446,-0.0011717684442052985,0.0002511410733572749,1.5712722029900523,-0.0009125972807844183
29.353821,1785483560.44,-0.0687011107802391,0.08274240046739578,0.40700000524520874,-0.0683282894209088,0.08404062742462876,0.40726522578081226,0.7174528714962333,-0.09432051333331559,0.10549053025141625,0.6820826679909294,0.7157303473007574,-0.0964588451496491,0.09461441697191718,0.6851816352225133,29.614666474326192,29.42788016056663,24.08289909362793,1,0.4517883930926311,0.00035774419805488034,0.6457906973675506,-0.0010769769512403967,-0.0009459289706499633,0.9999989530414661,0.0001981287481722368,0.45153483748435974,0.0002527706092223525,0.6459121704101562,-0.00042820238741114736,-0.0007128677680157125,0.9999996423721313,0.00015210703713819385,0.0005797318299300969,0.002860971726477146,-0.002185393823310733,0.0003884852339979261,1.5722732543945312,-0.0013162066461518407,0.0003962318273141395,0.0016196717523258315,-0.0012043097715899972,0.00030394288281303364,1.5712374658890431,-0.0010295000082172524
29.431314,1785483560.54,-0.0687011107802391,0.08230224996805191,0.40700000524520874,-0.06834555257793766,0.08394590688425048,0.40724940620608296,0.7127752867587777,-0.11187098279229622,0.08752619566253675,0.6868591113670047,0.7152257876497771,-0.09917349542278596,0.09336893423931122,0.6854917451037597,28.01068271195841,29.063479200080753,24.951696395874023,1,0.45191424983800216,0.0004007225420006702,0.6458336038889856,-0.0028287608511389332,-0.0022937619441100354,0.9999906043348825,-0.0023511720794681824,0.4516214430332184,0.000288369512418285,0.6458715200424194,-0.0006511250976473093,-0.0007937410264275968,0.999999463558197,0.0001667269243625924,0.0034083048813045025,0.005058394744992256,-0.004462444689124823,-0.0046921842731535435,1.575873851776123,-0.0011960658011958003,0.0004593361783755422,0.0020465371616864296,-0.0015415222953952658,0.0003330183559874283,1.5715936735560805,-0.0011280975503116903
29.555324,1785483560.607,-0.0691414624452591,0.08318255096673965,0.40700000524520874,-0.06838575270347566,0.08390061051968031,0.407236108084013,0.7120900395769739,-0.10353184570543196,0.09567363576186835,0.6877902935344433,0.7147403030836291,-0.09985109503127036,0.09372735571739205,0.6858507423333474,28.95160538997767,29.04367172038013,25.062084197998047,1,0.45205630889416415,0.00042683582280466764,0.6458572237495643,-0.003938393314294901,-0.0013574645520640647,0.9999912702343021,0.0003252741593795107,0.4517002999782562,0.00031846677302382886,0.6458601355552673,-0.0012434669770300388,-0.0012021424481645226,0.9999983906745911,-0.0005144751048646867,0.0006068698130548,0.0065915267914533615,-0.006063579116016626,0.000639282283373177,1.5781488418579102,-0.00210087513551116,0.0012585053059104925,0.0028627442488595506,-0.0023330270511078125,-0.0010288110939324748,1.572753601853712,-0.0011465166293116763
29.587939,1785483560.673,-0.0691414624452591,0.08274240046739578,0.40700000524520874,-0.06843810895007194,0.08383022822090652,0.40721915332862746,0.7152215021476916,-0.09519558554080859,0.10248295857133574,0.6847578013879125,0.7148408382724172,-0.09893382954114441,0.09545467722675509,0.6856406332079859,29.941982609842917,29.31414079719213,22.71246910095215,1,0.4521241734647237,0.00048723710695432133,0.6458771372928673,-0.004683416939070487,-0.0007406248295399793,0.9999886553248484,0.0004542050621083472,0.4517977237701416,0.00034865454654209316,0.6458598375320435,-0.0019744227174669504,-0.0012431101640686393,0.9999972581863403,-0.00028805897454731166,0.0005852881586179137,0.007546780165284872,-0.00705663301050663,0.000909710128325969,1.5796740055084229,-0.0008952898206189275,0.0010819123011188163,0.0038732302101792235,-0.003343860230124912,-0.000576756750000413,1.5742157118948497,-0.001405147074538911
29.728233,1785483560.774,-0.0691414624452591,0.08274240046739578,0.40700000524520874,-0.06849869815973109,0.0837241320253179,0.40719567364831605,0.7133167298180182,-0.10438762769310884,0.08635834755108762,0.687622499598856,0.7148568404503646,-0.0994077112683593,0.094772167710883,0.6856500862897116,28.945954259738542,29.165562315765722,80.10196685791016,1,0.45222964226379075,0.0005659307485056848,0.6459025112323903,-0.005220583770528454,-0.0012111136135839703,0.9999846851421549,-0.0013813725259408684,0.45196831226348877,0.0004201816627755761,0.6458684206008911,-0.0033880884293466806,-0.0009812660282477736,0.9999938011169434,9.990557009587064e-05,0.002721944823861122,0.00837998278439045,-0.00794986542314291,-0.002742597134783864,1.5808155536651611,0.00027868253528140485,0.000822820189888454,0.005789698729391707,-0.005280471349030135,0.00019874019711286781,1.577063320593761,-0.0011391512488808098
29.823326,1785483560.94,-0.0687011107802391,0.08274240046739578,0.40700000524520874,-0.06850894355848518,0.0836842462308941,0.4071872628621094,0.7161316041306959,-0.09895798865063336,0.09265544966738379,0.6846735059094605,0.715009919778023,-0.09935384124342465,0.09451847371531677,0.6855332865556044,29.319176618236842,29.1940711111156,21.100759506225586,1,0.45238867026799173,0.0006570559051846535,0.6459376322826935,-0.005089404634665207,-0.0011059024037809143,0.9999862763688537,-0.0005674630317458329,0.45205920934677124,0.000469705875730142,0.6458804607391357,-0.004019634332507849,-0.0010622955160215497,0.999991238117218,-0.0004080462967976928,0.0020698211155831814,0.00859471783041954,-0.008247273042798042,-0.001132734352722764,1.580633521080017,-0.0001394706778228283,0.0014759270977722516,0.006680474378342323,-0.006198234125250172,-0.0008127839702941875,1.5783537135470156,-0.0006515570405200711
29.962623,1785483561.007,-0.06931135058403015,0.082063227891922,0.40800002217292786,-0.06859583170402804,0.08350879636480023,0.40726035400908867,0.7118065897188347,-0.11041335364485957,0.07358903150642997,0.6897281526889296,0.7142705998537472,-0.10187037841422565,0.089798537127186,0.6865683934730233,28.94605146414929,29.102687492441778,27.47511863708496,1,0.45244848485315015,0.0006725150022175584,0.6459502040957943,-0.004872728413988803,-0.001274759545202796,0.9999872366548193,-0.0003975341040974334,0.4521945118904114,0.0005480459658429027,0.6459046006202698,-0.004458809271454811,-0.0010785777121782303,0.9999893307685852,-0.00047474639723077416,0.0019203991396352649,0.008494405075907707,-0.008176034316420555,-0.0007938109920360148,1.5802299976348877,-0.0006276419735513628,0.001719131530111086,0.007464352794653918,-0.007037089480482057,-0.0009438051397559423,1.579287317529855,-0.00044185136341636855
30.040083,1785483561.174,-0.06886991113424301,0.08250446617603302,0.40800002217292786,-0.068609125013175,0.08346623207131545,0.40730491311789796,0.7128657627461099,-0.10166311968585443,0.0800121634111509,0.6892641497324621,0.7140689516841188,-0.10184060572547082,0.08836165494258934,0.6869688793548219,28.94605146414929,29.074348118992024,68.0694580078125,1,0.45271135791131356,0.0008033117418820574,0.6458403968069029,-0.0034151265790281046,0.0006602608228596033,0.9999836534507498,0.0045380389361350856,0.45226335525512695,0.0005827100249007344,0.6459173560142517,-0.004571873228996992,-0.0011310400441288948,0.999988853931427,-0.0004545033734757453,-0.003084236290305853,0.007481999229639769,-0.006900927983224392,0.009057944640517235,1.5770726203918457,-0.001734608900733292,0.0017736743338704751,0.007743481448549781,-0.007345579907454426,-0.0009031555954545649,1.5795427838383187,-0.0004921998293392263
30.167971,1785483561.241,-0.06842846423387527,0.08250446617603302,0.40800002217292786,-0.06859827237756431,0.0834266054917591,0.4073422686163391,0.7147851342968051,-0.10315532692130906,0.08069284983413276,0.6869715090902259,0.7141707767029307,-0.10202312469201713,0.08729950294682429,0.6869717465200786,28.631224820340037,28.987553209701495,20.631074905395508,1,0.4527751159693901,0.0008233800887922836,0.6457735122162584,-0.0023917179112195896,0.001221776963018712,0.9999813299803494,0.0054887737444395904,0.45247310400009155,0.0006872867234051228,0.6458783745765686,-0.0040350076742470264,-0.00029258138965815306,0.9999900460243225,0.0018852739594876766,-0.004055119585245848,0.006498095113784075,-0.005757851991802454,0.010958866216242313,1.5748766660690308,-0.0015857107937335968,-0.0005025444338791022,0.007620935034533656,-0.007136954136311083,0.0037642096879864444,1.578385366524003,-0.0010743404321090322
30.196475,1785483561.307,-0.06975279748439789,0.08294569700956345,0.40800002217292786,-0.0686791881377252,0.08340047835849201,0.407375401420785,0.70784826409422,-0.12129786560094877,0.05983351165030982,0.6932947523983186,0.7129492482549747,-0.1059704515556088,0.0816974725772274,0.6883307023402776,26.87114524745197,28.382661417550153,17.73834228515625,1,0.4528345346315097,0.0008072182932670452,0.6457174225898409,-0.0017840009757074432,0.001273682703983836,0.9999772252721313,0.006383103472261774,0.4525304436683655,0.0007139757508412004,0.6458573937416077,-0.003724552458152175,-5.179582785785897e-06,0.9999897480010986,0.0025699581019580364,-0.00505079748108983,0.005965874530375004,-0.005092476960271597,0.012746152468025684,1.5735483169555664,-0.002483959309756756,-0.0011775341361090449,0.007407582723182776,-0.006874790704628729,0.0051311955489903305,1.5777187134375583,-0.0011715001565942341
30.31324,1785483561.374,-0.07019422948360443,0.08294569700956345,0.40800002217292786,-0.0687939353374596,0.08337762856378188,0.4074050326734485,0.7095601675718455,-0.11553862119904618,0.07291951831649685,0.691272695435982,0.7122946001650738,-0.10785022256592211,0.07997561178803769,0.6889184520589412,38.420165428418436,33.75562464035642,27.546167373657227,1,0.4528734888162815,0.0009286739677794562,0.645667737851086,-0.00076282906199632,0.0039872544411534705,0.9999091236709683,0.012855516068978482,0.45261305570602417,0.0007402521441690624,0.645818293094635,-0.0032019373029470444,0.0003407085605431348,0.999988317489624,0.0036034223157912493,-0.011739208362996578,0.004903741646558046,-0.0037715027574449778,0.025702523067593575,1.5713789463043213,-0.0037714773789048195,-0.0022271888833693236,0.007016865176902248,-0.006391629928503006,0.007194850240896056,1.5765885359909384,-0.0015271758487145981
30.413206,1785483561.441,-0.06842846423387527,0.08515187352895737,0.40800002217292786,-0.0687754050120389,0.08360416641675988,0.40746806696828236,0.7056607669970397,-0.14533765261652482,0.04313462436337798,0.6921410642593735,0.7106100409730745,-0.11885657568961933,0.06950759654201308,0.6899820128862317,53.19901532289104,49.54246859327861,74.49889183044434,1,0.4529074500710962,0.0011008668040466687,0.6456233294111927,-0.0009375263569484377,0.005195263293703902,0.9998696245889052,0.015259885585457957,0.45274126529693604,0.0008394285105168819,0.6457271575927734,-0.0019404249032959342,0.0022365152835845947,0.9999600052833557,0.008434773422777653,-0.01392450463026762,0.005171339493244886,-0.0038866789545863867,0.030505435541272163,1.5716526508331299,-0.003536880947649479,-0.007189639234489684,0.005914415147250223,-0.005024419571710429,0.01685036355934255,1.5738706769017021,-0.0026980335650301397
30.491281,1785483561.608,-0.06842846423387527,0.08603434264659882,0.40800002217292786,-0.06875514919883274,0.08387531944292186,0.4074903827904559,0.7046494795351327,-0.1395928720828884,0.0465271479093817,0.6941312307928059,0.7090784896379696,-0.12444211901943718,0.06333755771500887,0.6911658327271293,54.69422547350121,52.50586065105014,26.314258575439453,1,0.45256760875076635,0.0010725633099238573,0.6455290532159957,-0.0017040351980391318,0.009131199854615895,0.9995055107083985,0.030040830827432426,0.45280721783638,0.0009487582719884813,0.6456810235977173,-0.0015359156532213092,0.0034465626813471317,0.9999298453330994,0.011231102980673313,-0.029837438836693764,0.005286347586661577,-0.003052489599213004,0.060012783855199814,1.5732159614562988,-0.011560576036572456,-0.009947633889974371,0.005610097982691765,-0.004558292216328715,0.022442254819285305,1.572962373046361,-0.003041548952586272
30.63036,1785483561.674,-0.06842846423387527,0.08559311181306839,0.40800002217292786,-0.06872866727389162,0.08413839492284184,0.4074948084129829,0.7107662554422597,-0.11833787541170192,0.07059254617159848,0.6898000940799036,0.7088711800893069,-0.12542807554874033,0.06324684727317821,0.6912085678092655,55.48269958368096,54.99618078162538,75.50406455993652,1,0.4521609003869312,0.001041540488430629,0.6454959100315726,-0.0015117618923076912,0.012136883734822109,0.999201687869028,0.03803153413779413,0.452657550573349,0.001014332752674818,0.6455573439598083,-0.001690652105025947,0.0064110346138477325,0.9997565150260925,0.02104545384645462,-0.038499314337968826,0.004203918855637312,-0.0013276642421260476,0.07597380876541138,1.5729413032531738,-0.014232353307306767,-0.020324202368267145,0.005441166157608062,-0.0037723953277697202,0.042042921533321786,1.5730946709059497,-0.007485950300861672
30.817888,1785483561.841,-0.06842846423387527,0.08603434264659882,0.40800002217292786,-0.06870163172543747,0.08438393183716153,0.4075398020533793,0.7068903847309201,-0.1281097416331461,0.05885699057377051,0.6931303865321873,0.7079082166435416,-0.12775807548862095,0.06031965982047414,0.6920298906804145,55.12083017844955,55.08120520644623,98.89841079711914,1,0.45176634590305925,0.0010011874877702254,0.6454895882845194,-0.0021714037902834642,0.012408391050802624,0.9991695573612838,0.03874935456967151,0.45237869024276733,0.0010280676651746035,0.6454939246177673,-0.001647727214731276,0.009397170506417751,0.9995071291923523,0.029907794669270515,-0.0393638089299202,0.0040612355805933475,-0.0010988041758537292,0.07736848294734955,1.5742698907852173,-0.014501729048788548,-0.029806212373228277,0.004795664605840678,-0.0024967034614818483,0.05974477656733805,1.573014658526057,-0.011005568438054728
30.940105,1785483561.974,-0.06842846423387527,0.08559311181306839,0.40800002217292786,-0.0686453003907412,0.08450584118295147,0.40758737062413863,0.7076417116936994,-0.1357782401696908,0.05361057382485672,0.6913272624031275,0.7081911096773864,-0.1298201891107312,0.05856591508628181,0.6915071252440372,54.885871297386615,55.02812213720412,65.8724308013916,1,0.45139804928868626,0.0009600699392247744,0.645422392064719,-0.0018504519856962218,0.014153115673635624,0.9990040814272846,0.042274228979426266,0.45205047726631165,0.0010116319172084332,0.6454749703407288,-0.001879018498584628,0.01098383218050003,0.9993460178375244,0.034401461482048035,-0.043272022157907486,0.0028912636917084455,0.0005234722048044205,0.08442457765340805,1.57354736328125,-0.014979111962020397,-0.03467532857815281,0.004334521941458432,-0.0016792475756143553,0.06870813809928349,1.5735305561477801,-0.012691463262452157
31.016914,1785483562.141,-0.06842846423387527,0.08559311181306839,0.40800002217292786,-0.0686363035495701,0.08455073701353967,0.4076046650235517,0.7032777245845976,-0.15363234494190692,0.027526813513181318,0.6935703419470676,0.7072120544014548,-0.13503910337193242,0.05179338409066054,0.6920498508302819,55.10860271233848,55.046326438296816,72.0205307006836,1,0.45121526091719516,0.0008753076264270091,0.6453511601593669,-0.0021441112707063477,0.013943399987627413,0.9988864889076715,0.04501962529106676,0.4518722891807556,0.0009982080664485693,0.6454563736915588,-0.0018796835793182254,0.011840833351016045,0.9992604851722717,0.036534398794174194,-0.04641594737768173,0.0028865246567875147,0.0009568006498739123,0.08988291770219803,1.5741645097732544,-0.0185186006128788,-0.037005030590902134,0.003943385524772283,-0.001082170955569278,0.0729672969742265,1.5735351108809505,-0.01331141549185648
31.145287,1785483562.208,-0.06886991113424301,0.08559311181306839,0.40800002217292786,-0.06864939547168893,0.08459350277089053,0.4076210575614951,0.7008112880913668,-0.15585142035756652,0.024995419836111515,0.6956645040847382,0.7056740483991621,-0.14031720326527933,0.04502299295978267,0.6930426754455243,54.6687896789306,54.9764456314525,23.581743240356445,1,0.4511479170611816,0.0008617145033381467,0.645325269990844,-0.00128116265693654,0.01613666235882081,0.9984471890072313,0.053302697058610994,0.4516468644142151,0.0009555294527672231,0.6454124450683594,-0.0019839745946228504,0.012564299628138542,0.9991405606269836,0.03945210576057434,-0.05536215752363205,0.0018771304748952389,0.0029067930299788713,0.10647686570882797,1.5727550983428955,-0.023190325126051903,-0.04024144180699629,0.0035799140821377584,-0.0003807919236086309,0.07878458391591639,1.573751561160014,-0.015102165765016353
31.190259,1785483562.275,-0.06826074421405792,0.08538331836462021,0.40700000524520874,-0.06862176364490309,0.08464680890109388,0.40755938064861646,0.696654354198815,-0.16784140120517313,0.02281944332972507,0.6971235527676837,0.702723919628242,-0.14966629093104067,0.03750506471596553,0.6945303911722771,54.80458506957825,54.93227848140068,19.85335350036621,1,0.4510837163321619,0.0008812590764386861,0.645300742874403,-0.0004751161962688553,0.019040604219139494,0.9979234797215488,0.06153014119930022,0.4515005052089691,0.0009305111598223448,0.6453699469566345,-0.0018235642928630114,0.013529831543564796,0.9989728331565857,0.04320790618658066,-0.06417067348957062,0.0009823257569223642,0.004862739704549313,0.12296707183122635,1.5714833736419678,-0.026332775130867958,-0.04433915359366927,0.003118448272797713,0.0005102628182851114,0.08628919582291944,1.5734815197365748,-0.017294056504339864
31.307986,1785483562.375,-0.06826074421405792,0.08582346886396408,0.40700000524520874,-0.06860527325288153,0.08470627634988656,0.40752593369441537,0.7018612636163623,-0.1572109731598322,0.041308141938736956,0.6935193681235953,0.7025381862839843,-0.15133026045698214,0.03834358984164766,0.6943119026783907,55.10860271233848,54.96755946128944,24.381399154663086,1,0.4510039016578814,0.0008396471446927717,0.6453933093183536,-0.0021616952244147363,0.023711307453341074,0.9970545189679351,0.07290670187458465,0.4513707160949707,0.0009186597890220582,0.6453198790550232,-0.0015109964879229665,0.015017145313322544,0.9987247586250305,0.04817737638950348,-0.0763363391160965,0.0027533743996173143,0.004549008794128895,0.14551812410354614,1.5755261182785034,-0.028964770957827568,-0.04971349315719026,0.00253954800616117,0.0016898993166464186,0.0962289038820389,1.5729400221449366,-0.01974354883442779
31.42529,1785483562.441,-0.0687011107802391,0.08538331836462021,0.40700000524520874,-0.06858905519945245,0.08478077948138976,0.407461544726443,0.7022743664844484,-0.14618789320266912,0.051881010462936125,0.6948008166468835,0.7051220616829489,-0.14098486559716494,0.052576499355550865,0.6929371237825642,54.6687896789306,55.14645449739481,90.77334403991699,1,0.4509147825537421,0.0008147490166583197,0.6454435451550481,-0.0039653990345674146,0.023752819282010906,0.997007994510234,0.07345160358585812,0.45115765929222107,0.0008900381508283317,0.6452785730361938,-0.0019295746460556984,0.01909553073346615,0.9980279803276062,0.05976524204015732,-0.07689090818166733,0.004541459959000349,0.002732073189690709,0.1464129090309143,1.579270839691162,-0.029165921732783318,-0.062187861445897136,0.002639717600386546,0.0030297769561336177,0.11932381949336096,1.5741517607631845,-0.024064234717404175
31.565616,1785483562.608,-0.06842846423387527,0.08559311181306839,0.40800002217292786,-0.06856492029113152,0.08488043353613182,0.40749325321931723,0.7046285100825571,-0.12959570515211433,0.0582173418817406,0.6952081394008464,0.7056725599399332,-0.1346366723048596,0.057987308519586896,0.6932075278508951,54.8010547505535,54.98928044595043,76.09772682189941,1,0.45080314841001223,0.0007902051537546213,0.6455402131390268,-0.00619501325562902,0.01867141092036309,0.9982064037185084,0.05654180577561774,0.45101919770240784,0.0008532957872375846,0.6453415751457214,-0.003026156686246395,0.021532263606786728,0.9975225329399109,0.06690271198749542,-0.05882538855075836,0.006444534286856651,-0.001739791128784418,0.11255944520235062,1.5830079317092896,-0.02099595218896866,-0.06985848382220768,0.003631855203559947,0.0028745402444219238,0.13345628453054845,1.5768224001090552,-0.026725800403679723
31.72241,1785483562.775,-0.06842846423387527,0.08603434264659882,0.40800002217292786,-0.06855393274896074,0.08497185736631942,0.4075481929218409,0.7048840151433525,-0.13513682465977966,0.04348193841566774,0.6949718590330648,0.7065712836558046,-0.13104861553995426,0.057621220433401336,0.6930101560827339,55.6211064259162,55.20490183127687,71.66194915771484,1,0.45065368553977025,0.0007537816771298904,0.6454927621127016,-0.005283542434872088,0.017382938220272016,0.9986656351360317,0.04834115055018679,0.4508991241455078,0.0008226670324802399,0.64543217420578,-0.004700010642409325,0.020030323415994644,0.9978947639465332,0.061504390090703964,-0.050207268446683884,0.004960194230079651,-0.0010798434959724545,0.09631941467523575,1.5806503295898438,-0.015111690387129784,-0.06410248310270532,0.0050992279535912975,0.0004673426861523427,0.1225543431657304,1.5800494111200452,-0.02373652047692524
31.861444,1785483562.909,-0.06798702478408813,0.08559311181306839,0.40800002217292786,-0.06849603587716793,0.08502505343557643,0.40759031340851803,0.700135071147805,-0.15773329941801023,0.022063768651925622,0.6960203147297073,0.7034593699542809,-0.14483023055655098,0.03953675204986331,0.6946984701133362,57.87105999073216,55.98363513953572,30.17401695251465,1,0.4505165070123512,0.0007371125913867278,0.645410461601942,-0.0023955216656237795,0.016333499931353874,0.9987937401394071,0.04624438251589692,0.45078805088996887,0.0007970303413458169,0.6454370617866516,-0.004974972922354937,0.01894320733845234,0.9982322454452515,0.056115034967660904,-0.04812375456094742,0.0015028808265924454,0.002339887898415327,0.09232582151889801,1.5746937990188599,-0.015407506376504898,-0.05841225128124932,0.005042284268712958,-0.00016616074617313906,0.11181088075713758,1.5802954932426125,-0.02020456604696475
31.939338,1785483563.042,-0.06842846423387527,0.08471064269542694,0.40800002217292786,-0.06849278271694692,0.08500249561160034,0.4076087061446359,0.7068070717892118,-0.13720010164036334,0.04566179593981171,0.692470140706576,0.7043163122555995,-0.14289559857331835,0.0410914179836108,0.694140386065486,53.97254074111512,55.419743318312975,20.861148834228516,1,0.45043679903622647,0.0006501640632381507,0.645347314130712,-7.068223516527908e-06,0.022688607504575315,0.9974144717178735,0.06818796556064051,0.45066869258880615,0.0007724008173681796,0.6454135179519653,-0.0039383419789373875,0.01788255013525486,0.9984756112098694,0.052069175988435745,-0.07193177938461304,-0.0009277868666686118,0.007602938916534185,0.13630960881710052,1.5708893537521362,-0.02689516730606556,-0.05419900462158326,0.0035928484603612166,0.0008602473971785359,0.10383155957028202,1.5780015434410435,-0.01824012166191358
32.100167,1785483563.109,-0.06931135058403015,0.08338692784309387,0.40800002217292786,-0.06857695357372366,0.08482568135739907,0.4076486967076304,0.6875247514138358,-0.18754352679379252,0.0012817100645643614,0.7015236980818249,0.7043486406309002,-0.13820343589575543,0.04843411059907076,0.6945840047672331,28.669838268267558,34.40639948750455,69.44704055786133,1,0.4504706202961722,0.0006453493320868989,0.6453196946452839,0.00034372430397092065,0.021374116757787318,0.9975984593236336,0.06588127914316855,0.45055681467056274,0.0007249300833791494,0.6453562378883362,-0.0023799166083335876,0.01983393356204033,0.998076856136322,0.05868220329284668,-0.06949466466903687,-0.0012091826647520065,0.007609763648360968,0.13174541294574738,1.5700926780700684,-0.02711811475455761,-0.06146074873883622,0.001741587435893276,0.003621612298875806,0.11713165137012065,1.575089030641539,-0.021784448890260634
32.145104,1785483563.275,-0.06975279748439789,0.08294569700956345,0.40800002217292786,-0.06862630338014697,0.0847222697176479,0.40765634460405126,0.7073607123101399,-0.11616563292508579,0.07327138516064259,0.6933813326906388,0.7048807399078248,-0.13470461649283105,0.05239260126845266,0.6944442555992826,29.497258114743218,32.066093938232875,25.9859561920166,1,0.4507355882977041,0.0007720540864781801,0.6452595348949387,-0.0012890443378122012,0.020528450053376633,0.9981411145962656,0.05736929889432048,0.4505329132080078,0.0007031516870483756,0.6453418135643005,-0.0016523253871127963,0.02024729922413826,0.9979531168937683,0.06063788756728172,-0.05997801199555397,0.0008481646655127406,0.0045630792155861855,0.11461035907268524,1.572507619857788,-0.019067224115133286,-0.06363793710376135,0.0009419193627186693,0.0047024998204354285,0.12109198443077407,1.5737350190946704,-0.02322987203021248
32.22365,1785483563.309,-0.06975279748439789,0.0838281661272049,0.40800002217292786,-0.06873184391409135,0.08465101558829878,0.40767715045078035,0.7054359695416903,-0.11530579908113242,0.07411856682648328,0.695392769322938,0.7051345763370838,-0.12818535199066936,0.05971322343455827,0.6948295299827175,28.739662826854733,29.90330306480959,24.63817596435547,1,0.4508905771655026,0.0008463318908944023,0.6452479614008049,-0.001460251660587367,0.019360063393322788,0.9984479226374082,0.05219963018584048,0.4505872130393982,0.0007219840190373361,0.6453183889389038,-0.001556580187752843,0.02032320946455002,0.9980051517486572,0.05975184217095375,-0.05424230545759201,0.0012596658198162913,0.0035706416238099337,0.10427460819482803,1.5725290775299072,-0.015622601844370365,-0.06264610066334339,0.0009165128505518292,0.004664706536224231,0.11933546355610897,1.5734023939014752,-0.022101794479013302
32.347642,1785483563.409,-0.06958182901144028,0.08362270146608353,0.40700000524520874,-0.06886836631307044,0.08455631018880676,0.4076405951669663,0.704119792068998,-0.12734762887293039,0.07121521907950931,0.6949289837160421,0.704556492458161,-0.1259587575775224,0.06402508499894631,0.6954389468641069,27.411458397765024,28.08545745838076,65.6895637512207,1,0.4509971780956173,0.0010048260137758454,0.6452167245417396,-0.001754014734168424,0.018156335853725496,0.9989309317318736,0.04247663510649119,0.45070457458496094,0.0007742003072053194,0.6452819108963013,-0.001528693363070488,0.01993034966289997,0.9981935620307922,0.05665760487318039,-0.043456174433231354,0.0016510940622538328,0.0022525012027472258,0.0848555788397789,1.5725575685501099,-0.007198011036962271,-0.05920466000724392,0.0010570288155519973,0.0042167661557264095,0.11316789599513423,1.5730447621141546,-0.019448500021183295
32.425945,1785483563.542,-0.06958182901144028,0.08318255096673965,0.40700000524520874,-0.06889821692280235,0.08446708145185464,0.40759978813216247,0.7041642940427656,-0.12682381368487458,0.07055033815958409,0.6950474926674047,0.7044869917391704,-0.12611753402156475,0.06521986924656334,0.6953695526395118,27.438541061663155,27.83495767206493,26.330947875976562,1,0.45113895385953784,0.0012098157625158963,0.6452715178915209,-0.0031172465445780855,0.018367254261034284,0.9991134519090148,0.03775231064907097,0.4507732391357422,0.0008374370518140495,0.6452450752258301,-0.0016293569933623075,0.019449209794402122,0.998413622379303,0.05281434580683708,-0.03789057210087776,0.003331386251375079,6.013288293615915e-05,0.07537990063428879,1.575105905532837,-0.0010873742867261171,-0.054936819322338654,0.0012180161388103874,0.0036844958704450544,0.10549525968471817,1.5729127326582983,-0.016128617363148513
32.59772,1785483563.609,-0.07002218812704086,0.08362270146608353,0.40700000524520874,-0.06901254507902503,0.08438109510217033,0.40752396223320636,0.7031151269900697,-0.12167846573887085,0.07556952673567266,0.6965003343876577,0.703403533691336,-0.12873391540473292,0.06520908811772451,0.695987659834543,28.3179571699349,27.906492238154314,92.57078170776367,1,0.4512727765321789,0.0012547823885496114,0.6453326332409056,-0.004063115016519483,0.018263809014195873,0.9991398533938227,0.037006455339927385,0.45094603300094604,0.001033282489515841,0.6452282667160034,-0.002463538432493806,0.018879974260926247,0.9988073110580444,0.04496040567755699,-0.03698952496051788,0.00467686029151082,-0.001498333178460598,0.07387303560972214,1.57712721824646,-0.00032687076600268483,-0.046043738301415636,0.0023205594318715986,0.0017937425823643782,0.0897839863180386,1.574056917745781,-0.00828155393255187
32.751043,1785483563.776,-0.07002218812704086,0.08362270146608353,0.40700000524520874,-0.06911045728108993,0.08426954966709714,0.4074663448665378,0.7018551298857342,-0.12854918719112274,0.06763881747377087,0.6973517573623307,0.7032378788694437,-0.12838703027950243,0.06662289628716699,0.6960852288833064,27.699050757149106,27.736120821013415,74.51510429382324,1,0.4514015767413182,0.0014264369030742635,0.6454463304862375,-0.005976882414397605,0.019688885404369225,0.9990409748417052,0.03864913007395558,0.45111218094825745,0.0011445493437349796,0.6452764272689819,-0.0033141428139060736,0.01855243742465973,0.998988926410675,0.04081617295742035,-0.03831670805811882,0.00700928783044219,-0.003931877668946981,0.07709188759326935,1.5811043977737427,0.0013678987743332982,-0.04132012308836602,0.0035498311881013646,7.644070231375169e-05,0.0814831993926201,1.575658703034917,-0.004131570420414488
32.845112,1785483563.943,-0.06958182901144028,0.084062859416008,0.40700000524520874,-0.06913300159709128,0.08425783153919872,0.4074463304168389,0.7055214002388892,-0.11851578090695902,0.07664277433926131,0.6944922235868102,0.7035831448510316,-0.12693539897069595,0.06809892616673438,0.6958596834309487,28.03719471070588,27.792093311116524,80.3372859954834,1,0.4515687319807825,0.0015735396334783823,0.6455326730446534,-0.006705116840765532,0.019703462740439548,0.9990845475452669,0.03737488221328986,0.45123085379600525,0.0012583878124132752,0.6453445553779602,-0.004405890125781298,0.019015278667211533,0.9990116953849792,0.03993309289216995,-0.03660743683576584,0.008172980509698391,-0.005399332847446203,0.07454200834035873,1.5826913118362427,0.0031608901917934418,-0.04009019198499695,0.004966500356014847,-0.0015648711643679596,0.0796849170783224,1.5778887694874135,-0.0018794822936777427
32.984514,1785483564.009,-0.06975279748439789,0.0838281661272049,0.40800002217292786,-0.0691933080460157,0.08421290048490437,0.4075302072618447,0.7077366674430317,-0.1135443700971494,0.07487322882139134,0.6932607627593912,0.7042713395592942,-0.12440454698402414,0.06870808872306834,0.6955606282051049,28.372049958152264,27.738653318174133,86.14373207092285,1,0.4515862802238782,0.0016073725524307619,0.645562693126087,-0.0066653014787227466,0.019029618932010443,0.9991706259319436,0.03537665380258746,0.451409250497818,0.001420475309714675,0.6454429626464844,-0.0056081488728523254,0.01937004365026951,0.9990510940551758,0.038603220134973526,-0.0343894399702549,0.008179797790944576,-0.005626261234283447,0.07056348770856857,1.582659363746643,0.004018791951239109,-0.03827322245346595,0.006639302129655402,-0.0035650193758994357,0.0770018540403612,1.580394270718679,0.0007500968049507654
33.14193,1785483564.176,-0.06931135058403015,0.08294569700956345,0.40800002217292786,-0.06922334309599823,0.08402807603397128,0.40758723395841007,0.7050337609822236,-0.11736588292950874,0.0730620766148544,0.6955678100373557,0.7043784221352255,-0.1231481417156701,0.06914495079549399,0.6956324815603107,27.411458397765024,27.548148398419684,79.90026473999023,1,0.45165342567677125,0.0016979891773156559,0.645436856530902,-0.005232221878558632,0.018053652894924683,0.9992687204569519,0.03329735406438781,0.4515268802642822,0.0015409470070153475,0.6455199718475342,-0.006300745066255331,0.019145190715789795,0.9991301894187927,0.03650430589914322,-0.031982436776161194,0.006751195527613163,-0.004084199201315641,0.06646329909563065,1.57952082157135,0.004352547228336334,-0.035743625097213814,0.007642624985625214,-0.004907180279938332,0.07280841718644714,1.5818695746429714,0.0028790698800916156
33.296742,1785483564.343,-0.06931135058403015,0.08294569700956345,0.40800002217292786,-0.06923157461543403,0.08392167731413211,0.40762367715485076,0.70654545891935,-0.12107994828838521,0.07062510199251744,0.6936463476235375,0.7049907373203951,-0.12188918662728114,0.07000855943774258,0.6951473858695275,27.66974560826988,27.550843068946634,76.50494575500488,1,0.4519305176061638,0.0017435195518294994,0.6453511007370009,-0.004615615837876418,0.01787461113879756,0.9993133175575957,0.03212612206765721,0.45159223675727844,0.0016220522811636329,0.6454763412475586,-0.005745962727814913,0.01857769303023815,0.9992039799690247,0.034832388162612915,-0.03062368929386139,0.006689694710075855,-0.003919173497706652,0.0641532689332962,1.5780717134475708,0.005283773876726627,-0.033781397431389935,0.00717753908991452,-0.004477571722385624,0.0694981560775331,1.580644222884372,0.003647788605208062
33.451585,1785483564.476,-0.06931135058403015,0.08294569700956345,0.40800002217292786,-0.06923997330923023,0.08383728128866395,0.40766221598834246,0.7092809904462928,-0.11240585014988873,0.06955877452645794,0.6924210989925018,0.7059949072527215,-0.12038617037954095,0.07007883314530872,0.694382688479171,31.358232813124122,29.15323284174566,77.0425796508789,1,0.4520900495752735,0.0017561440182209992,0.6452963064323622,-0.004291584870904098,0.016908926722602816,0.9993749254590617,0.03074782691639567,0.45175328850746155,0.0016776619013398886,0.6454171538352966,-0.005217145197093487,0.01824752241373062,0.9992563128471375,0.03356648609042168,-0.029116634279489517,0.0067070890218019485,-0.003915056120604277,0.061408355832099915,1.5773366689682007,0.004826312884688377,-0.03230182124622618,0.006948931882685909,-0.0042156839555603795,0.0669937672970133,1.5794388504351737,0.004414345214120877
33.589484,1785483564.643,-0.06923990696668625,0.08277379721403122,0.4050000309944153,-0.06926118546711825,0.08369312043828332,0.4070631983383366,0.7164943067554059,-0.08730135619366461,0.11209391063303416,0.682970963359959,0.7111145509435798,-0.10490324006733746,0.09227060197431096,0.6890555432408797,30.166798791512964,29.40019233601489,83.3733081817627,1,0.45221657450662145,0.0017689675490006318,0.6452383965563568,-0.0032364697518874773,0.015529161787471468,0.9994290225121254,0.029832857023444473,0.4519135057926178,0.0017121164128184319,0.6453607082366943,-0.00478448998183012,0.017619255930185318,0.9993131756782532,0.032248131930828094,-0.028094612061977386,0.005857759155333042,-0.002994986018165946,0.059588268399238586,1.5751570463180542,0.00302301999181509,-0.030809369723602157,0.006835590625507312,-0.004074574343155082,0.06437667857711755,1.5784538543891902,0.004607377374921543
33.746034,1785483564.777,-0.07037264853715897,0.08154751360416412,0.39900001883506775,-0.06935949267723811,0.08335217156394598,0.4045524035413288,0.7167623143995769,-0.062004989433277834,0.12531971832288052,0.6831560101041451,0.7133514702917552,-0.09145453204375825,0.10332876017491249,0.687087269363917,30.535484608186927,29.187599732362596,76.97796821594238,1,0.45243352141550813,0.0018007824987733814,0.6461367530354023,-0.007359752419163229,0.004641076752231704,0.999952819387996,0.004318963869564959,0.4520857632160187,0.0017442466923967004,0.6452901363372803,-0.0039033228531479836,0.016429781913757324,0.9993807077407837,0.030872251838445663,-0.0006831815699115396,0.011168761178851128,-0.01123182661831379,0.00869051180779934,1.5855437517166138,0.008660515770316124,-0.02926322205354554,0.006278654044577391,-0.0034594046801468027,0.06164952935777234,1.5765762140903414,0.0037050351580535656
33.839327,1785483564.943,-0.06991707533597946,0.08095171302556992,0.39400002360343933,-0.06938544006517358,0.08315926666992493,0.40165009325705525,0.7132852256227571,-0.08625850453208919,0.1128591541041989,0.6863282513776224,0.7133425456158957,-0.09012424175411758,0.10577179613315797,0.686900546516921,25.669053035273663,27.95572425659444,22.100448608398438,1,0.4529478804564684,0.001947596213601933,0.649902570696843,-0.005278459628669333,-0.0006004412674711265,0.9999087457762075,-0.01242084757513481,0.45218411087989807,0.0017684128833934665,0.6455543041229248,-0.005426280666142702,0.011566066183149815,0.9997181296348572,0.02001209370791912,0.017525289207696915,0.01104003842920065,-0.01934315636754036,-0.024655163288116455,1.5900768041610718,0.015988636761903763,-0.01755940745472342,0.008281181874859425,-0.006642079462784255,0.0399622862412517,1.5802485104236763,0.005734354898869425
33.961235,1785483565.01,-0.06713628768920898,0.07869163900613785,0.3830000162124634,-0.06902391813277835,0.08237193179357728,0.39278812712492384,0.7127474720288389,-0.06757543578720658,0.12661864118470076,0.6865801637822115,0.7132213426186014,-0.08272818391980019,0.11262928399961085,0.6868668054320184,23.000363644779114,25.55660685943228,21.569013595581055,1,0.45324084266670384,0.0019852855188375183,0.6542558058616395,-0.006019164264936694,-0.0010861756961945412,0.9998678226445951,-0.015064100499712001,0.4523906111717224,0.001825029612518847,0.6469366550445557,-0.005542592145502567,0.007312019355595112,0.9999186992645264,0.008859396912157536,0.020400486886501312,0.013567187823355198,-0.031473852694034576,-0.02990889735519886,1.601308822631836,0.01749458722770214,-0.005493778947617781,0.00922993451017294,-0.011009787535825644,0.01774034821663371,1.5836284606399667,0.009260803242222098
34.061327,1785483565.11,-0.062346234917640686,0.07738873362541199,0.367000013589859,-0.0671023271866022,0.0815073877210745,0.3772577564909943,0.7142149441916625,-0.09196927928723996,0.08707482409935122,0.6883724574449162,0.7138610277482532,-0.08205843976046096,0.10582248600165964,0.6873648572502925,23.951956996629143,25.063522161230043,69.55599784851074,1,0.4544339115470325,0.0014397193830818144,0.6675475431383527,-0.005441900911670006,-0.002366644382603039,0.9996685712350982,-0.025050596671763348,0.45260435342788696,0.0018624477088451385,0.6488674283027649,-0.005752263590693474,0.004955488722771406,0.9999683499336243,0.0023761452175676823,0.029778555035591125,0.019493307918310165,-0.06664925068616867,-0.04986801743507385,1.6301435232162476,0.02239411510527134,0.001523567448919668,0.010405313844184302,-0.016555374132991223,0.004827404424554682,1.5884198387397632,0.0114921594424255
34.159413,1785483565.244,-0.06159199774265289,0.07781389355659485,0.3580000102519989,-0.0661792053458515,0.08117447422728913,0.3679849670666214,0.7184930200392987,-0.08619505340780029,0.10967322396491529,0.681402947504614,0.7148784754482322,-0.08296285654118789,0.106664623289072,0.6860674805833156,23.361304682888026,24.587175508270022,19.395112991333008,1,0.4557549726344454,-0.001449657459217012,0.690840870715529,-0.00018847989629835506,-0.0018499095341661552,0.9997854905598426,-0.02062801919863421,0.4532795548439026,0.001699205837212503,0.6552236676216125,-0.005767090246081352,0.002182889264076948,0.9999560117721558,-0.0070657129399478436,0.018803667277097702,0.025290366262197495,-0.12498790770769119,-0.04145624861121178,1.6714863777160645,0.010953509248793125,0.01124045751637002,0.01353064291045904,-0.03378230006404929,-0.013982349497022047,1.6027686138312263,0.015241343476291943
34.200617,1785483565.31,-0.060940586030483246,0.07689042389392853,0.35200002789497375,-0.0653782548517196,0.08072360208103826,0.3604162697439811,0.7202656779260234,-0.08981546390721075,0.08800682606706167,0.6822062255729572,0.7161176031345391,-0.08450742230343317,0.10247191461236711,0.6852252044197934,22.653718714799773,24.02904395895914,26.14140510559082,1,0.45626828022056526,-0.0028389553189510923,0.7047490872478497,-0.0014328208421858259,-0.003475172705669171,0.9997849943281096,-0.020392040492354605,0.4544459581375122,0.000605718872975558,0.6675050258636475,-0.0038534370250999928,0.0005667609511874616,0.9999233484268188,-0.011753769591450691,0.015497121959924698,0.034330714493989944,-0.16568493843078613,-0.041129421442747116,1.7053941488265991,0.0031003919430077076,0.01384143324845499,0.0175748143101525,-0.06514793778129038,-0.023430623314082043,1.626400652831222,0.013766757158322427
34.339744,1785483565.377,-0.06178874149918556,0.07774706929922104,0.3440000116825104,-0.06460873012184125,0.08025617711559838,0.34961085211600196,0.7239913322359285,-0.08082682338489657,0.060995152992765665,0.6823365494974906,0.719547859506624,-0.0862542351615214,0.0761226465528857,0.6848477403612578,23.72220957891989,23.756304610270426,77.84295082092285,1,0.4569560781927907,-0.004043717060920497,0.716101089398467,0.0003794994312607598,-0.004380144289525898,0.9998601142517328,-0.016137603437212312,0.455792635679245,-0.0011966692982241511,0.6870130896568298,-0.00258017354644835,-0.0017174296081066132,0.999862551689148,-0.016289792954921722,0.008315869607031345,0.04002581536769867,-0.19755180180072784,-0.03268161788582802,1.727608323097229,-0.005571229383349419,0.014705181008354785,0.026316389781970796,-0.11759796757095292,-0.03266414248342483,1.667611804571848,0.00820208291804997
34.434052,1785483565.544,-0.06439413875341415,0.08119256049394608,0.3460000157356262,-0.06458710766013319,0.0803876415713747,0.34861669118136385,0.7256077271183505,-0.05991665075083811,0.052778374708901565,0.6834602142568582,0.7213852050643695,-0.07868929621094287,0.06941743314233745,0.6845382389260608,24.40257619359888,23.89236706625874,26.14283561706543,1,0.45767272012720966,-0.005203191491106061,0.7323081674374257,0.017492493756588536,-0.004287303909204042,0.9998286941386046,0.004267793863180485,0.4565064609050751,-0.002361058257520199,0.6989840865135193,-0.001368899829685688,-0.002808996010571718,0.9998635053634644,-0.016228118911385536,-0.01627928763628006,0.033125873655080795,-0.22744643688201904,0.009363202378153801,1.730307698249817,-0.023201733827590942,0.012088670296713469,0.03193050175351813,-0.1503392826132625,-0.032671301172470996,1.6921809788731768,0.002561775765999079
34.510916,1785483565.61,-0.06551941484212875,0.08316726982593536,0.34800001978874207,-0.06469757507402199,0.08085605396999831,0.34850990130442167,0.7274669190492407,-0.04180447395622932,0.09433280756025275,0.6783403195034545,0.7234909253288563,-0.06691470301099073,0.07739848743616165,0.6827098780817077,24.96531353220256,24.14329070885636,25.249719619750977,1,0.45747683211510753,-0.005236522187406003,0.7337995615324828,0.027653966763830504,-0.005807938925272637,0.9995923657252975,0.00407778755803421,0.4570748805999756,-0.0031143215019255877,0.7079734802246094,0.0036012642085552216,-0.0029748957604169846,0.9999335408210754,-0.010542545467615128,-0.01642906852066517,0.022430557757616043,-0.2193627655506134,0.009480675682425499,1.712600827217102,-0.02644241228699684,0.004400950654814476,0.032315298235927166,-0.17123544492449025,-0.021279950465481666,1.7025133198242464,-0.004420135722129694
34.635438,1785483565.677,-0.06184406206011772,0.08138491958379745,0.35500001907348633,-0.06443994015830994,0.08123986444825716,0.35012872663986083,0.7213532807387295,-0.08296782020175726,0.05555028380226294,0.6853320006740736,0.7231588548877613,-0.04221557751827109,0.09565497454118901,0.6827219356793401,24.919454264098775,24.31230127159311,65.33575057983398,1,0.45677408397970815,-0.005072010317563102,0.7339604025520412,0.030646874260456144,-0.01040804788217211,0.9994324648902596,-0.009337545754970384,0.4574389159679413,-0.004104635678231716,0.7200310826301575,0.014794067479670048,-0.004171909764409065,0.9998756051063538,-0.0035430181305855513,-0.0015657545300200582,0.017332058399915695,-0.21424269676208496,-0.018093355000019073,1.7061444520950317,-0.025389377027750015,-0.005359144465639373,0.027683739342945442,-0.19378643273467874,-0.006866783477912408,1.7072399122007353,-0.014738873129256048
34.777839,1785483565.844,-0.05904506519436836,0.07841949164867401,0.359000027179718,-0.06308253142358891,0.08079424574014196,0.35284607267223844,0.736860480373097,-0.055681566180841545,0.05975970272488535,0.6710923733601886,0.7276295427634161,-0.04324365925488749,0.08659556887126672,0.6791070916166395,26.134038861490904,24.809346080634533,70.75643539428711,1,0.4561969429867394,-0.005458439498108501,0.7315324992205787,0.035777275043471245,-0.01419389057419109,0.9984831416965249,-0.0393692241309023,0.4571765661239624,-0.004557135049253702,0.7265410423278809,0.02223055437207222,-0.007116101682186127,0.9997080564498901,-0.006247287150472403,0.03053974360227585,0.00829409621655941,-0.19749176502227783,-0.08043063431978226,1.6891692876815796,-0.010219297371804714,-0.003581722282879638,0.022833391037511357,-0.20337191858808842,-0.012127096158731645,1.706726624509067,-0.019729264154409676
34.920673,1785483565.977,-0.05904506519436836,0.07841949164867401,0.359000027179718,-0.06222399561677219,0.08049739376632276,0.35407741437291,0.7259176354231738,-0.08472530462901075,0.02924012576361328,0.681916581689049,0.7263113013734823,-0.06938974619603289,0.05349550855186695,0.6817588922667499,23.426537741598917,24.05905849325251,25.478601455688477,1,0.4568652001483571,-0.007491890385129954,0.727455123375864,0.0413563724566546,-0.018873750543493672,0.9984718734476021,-0.03142212487538468,0.45667678117752075,-0.0049680378288030624,0.7287335395812988,0.02840409055352211,-0.010399380698800087,0.9993038773536682,-0.0218361746519804,0.01689116843044758,0.0008256990695372224,-0.18077954649925232,-0.06292720139026642,1.6675670146942139,-0.029596546664834023,0.012406206385453226,0.016020875191979297,-0.20061677107628437,-0.04413133385170708,1.6984999763225164,-0.015273283726262953
35.04517,1785483566.111,-0.05865664407610893,0.07958422601222992,0.359000027179718,-0.06170383635753562,0.08039346876590145,0.35491484603245876,0.7305795893341188,-0.07089230424586959,0.04645420548074679,0.677546863058382,0.7281957520190107,-0.0692280029859503,0.05109880469767903,0.6799465732706602,25.162189632456744,24.363869522716307,79.2696475982666,1,0.45731098583382485,-0.008778258926666931,0.725607233411625,0.04545049385100209,-0.010477496800935153,0.9988634137179234,0.009816078914881617,0.4567658305168152,-0.0061499690636992455,0.7281158566474915,0.03448821231722832,-0.014330591075122356,0.9989560842514038,-0.026306575164198875,-0.0316380113363266,-0.0025141818914562464,-0.17380863428115845,0.023511866107583046,1.657049536705017,-0.04953048378229141,0.014507659149887248,0.008901015907432613,-0.19132143540531765,-0.052938309863711765,1.6840060587549206,-0.02198457586195505
35.182562,1785483566.244,-0.05865664407610893,0.07958422601222992,0.359000027179718,-0.06149201493292463,0.08035688228638088,0.3551996270173092,0.7301806034943799,-0.0761770401042194,0.042124101251273374,0.6776864355550551,0.7286801025106526,-0.07089259483779063,0.048950742987225945,0.6794139923222277,25.45715317134261,24.619334553803288,19.608736038208008,1,0.4574670656286808,-0.009557757514210901,0.7243506502662971,0.047226959244958046,-0.012848665648511034,0.9987322149230291,0.011768134366524269,0.4569343328475952,-0.0072343237698078156,0.7269159555435181,0.03865554928779602,-0.012905197218060493,0.999103844165802,-0.011437744833528996,-0.03579225391149521,-0.0047195120714604855,-0.16850608587265015,0.028154734522104263,1.6507322788238525,-0.05796978250145912,-0.004389467202580866,0.004226352074684225,-0.18414929618748413,-0.02163120024054005,1.6729670934102647,-0.03326489873571468
35.232145,1785483566.311,-0.05865664407610893,0.07958422601222992,0.359000027179718,-0.061251422310966114,0.08030792561815107,0.3555227704036372,0.7317106332475094,-0.0830758162993495,0.04367094071770002,0.6751228087359785,0.7295326739516063,-0.07426177741607246,0.04749227623312269,0.6782416602879993,24.95587354861816,24.704715079851866,20.824432373046875,1,0.4575220947429734,-0.00987523483431537,0.7239233085842496,0.04750673856728831,-0.013201648353464702,0.998677795996406,0.014542560132649601,0.45702219009399414,-0.0076767634600400925,0.7263820171356201,0.04018295556306839,-0.012950577773153782,0.9990838766098022,-0.007000455167144537,-0.03965131938457489,-0.005001690238714218,-0.16713598370552063,0.03413508087396622,1.6494805812835693,-0.06181316077709198,-0.010355997554556809,0.0025266229401748113,-0.18117682344337874,-0.012171872207062022,1.6687424786388463,-0.03795882560208842
35.38598,1785483566.411,-0.05888059362769127,0.0805240273475647,0.3580000102519989,-0.06101138868587874,0.08031157710903926,0.3559132315382536,0.7316665129792775,-0.08777646731125109,0.046861812188595454,0.6743614580694113,0.7301184050495797,-0.07808906795732845,0.0471062217862683,0.677207660871048,25.46812704815481,25.17045935989621,110.22686958312988,1,0.45759569981686615,-0.010235816725140593,0.7234383908356784,0.046071058315819924,-0.014176414366703187,0.9986737805927768,0.018087753257225867,0.4572362005710602,-0.008707334287464619,0.7251654267311096,0.04346843808889389,-0.013142511248588562,0.9989634156227112,0.003132327226921916,-0.04437033087015152,-0.0033114999532699585,-0.16771402955055237,0.041607391089200974,1.651808738708496,-0.06752777099609375,-0.02408259024059896,-0.0010008637041201425,-0.17459739107172173,0.009525671134850592,1.659717143275955,-0.049135987099085406
35.526798,1785483566.578,-0.05888059362769127,0.0797497034072876,0.3580000102519989,-0.06082980889564835,0.08027629318328489,0.35612857856861596,0.7321404979154102,-0.08008957349195571,0.04677870710466181,0.6748093835237239,0.7303576378085694,-0.08016554544556864,0.04670730174571666,0.676734537453007,26.09254173818006,25.386866637799933,79.96678352355957,1,0.45759030636572384,-0.010595647324712331,0.722852563269106,0.04355896995279323,-0.014931516513816705,0.9987155211632563,0.021141753447968953,0.45741280913352966,-0.009501355700194836,0.7242305278778076,0.04475005716085434,-0.013708182610571384,0.9988442063331604,0.010944830253720284,-0.04846520721912384,-0.0006756243528798223,-0.16911771893501282,0.047854602336883545,1.6561435461044312,-0.07226178795099258,-0.03466677186166876,-0.0022063660633599956,-0.17100572162968355,0.026262812571838736,1.6555913040970576,-0.058731035228874386
35.682082,1785483566.711,-0.05849325284361839,0.08091118931770325,0.3580000102519989,-0.06057973737490035,0.08031199234661524,0.35633556574197,0.7314487508566435,-0.08453251093103098,0.04213603656229093,0.6753232810208546,0.7305465372522978,-0.08019555186557745,0.046615909457045905,0.6765333601199167,26.322657815495926,25.886063112758336,82.24201202392578,1,0.45764339667570353,-0.010867805955349518,0.7225293918489868,0.042326355980320605,-0.015206055021822523,0.998725184124124,0.022918596735732155,0.45749980211257935,-0.010072651319205761,0.7234930396080017,0.04409005865454674,-0.014348406344652176,0.9987921714782715,0.01625988259911537,-0.05095251277089119,0.0007684211595915258,-0.1698831468820572,0.051484931260347366,1.6582585573196411,-0.07481358200311661,-0.041865461442631674,-0.0014078147707703619,-0.17002006540169765,0.03752732889717592,1.6558794104642547,-0.06579006793377323
35.823748,1785483566.878,-0.05849325284361839,0.0797497034072876,0.3580000102519989,-0.0603767324241815,0.08027244621847712,0.3564762990167529,0.7337751216828594,-0.08302021772826285,0.04536618872269336,0.6727730844559953,0.7309964670970392,-0.08053791525253436,0.04639031135409489,0.6760220028304502,25.231037365624637,25.7671285642087,66.66207313537598,1,0.45759018779484417,-0.011242877655793234,0.7222188096902674,0.04236751271458146,-0.015467933042252692,0.9987165937256421,0.023041317905686406,0.45756199955940247,-0.01048116385936737,0.7230061292648315,0.043251458555459976,-0.014778085052967072,0.9987667798995972,0.0193858053535223,-0.051981572061777115,0.000471739360364154,-0.16886314749717712,0.05184180662035942,1.6575261354446411,-0.07635598629713058,-0.04622617890363427,-0.0004178246098206234,-0.16985331418706714,0.044102989205995397,1.6569209389481676,-0.07017235447467278
35.963694,1785483567.012,-0.05810590460896492,0.0797497034072876,0.3580000102519989,-0.060130189381720364,0.0802396970495239,0.3566001353697948,0.7333000132937498,-0.08049302922725005,0.03915982028427028,0.6739869963319106,0.7313780509637294,-0.08310247483388976,0.04182050250321853,0.6755968996490122,26.262554000912303,26.01865843302277,72.94297218322754,1,0.4576498172111966,-0.011547207325668265,0.7220075409117881,0.04227415098813507,-0.01608924640345233,0.9986993838676812,0.02352813147521972,0.4575783312320709,-0.010880177840590477,0.7225950360298157,0.04278576746582985,-0.015139466151595116,0.9987426996231079,0.021289680153131485,-0.05322088301181793,0.0006655658944509923,-0.1685565561056137,0.05296342074871063,1.6573777198791504,-0.07871723175048828,-0.049228788329865686,4.6214058117538094e-05,-0.1693359246718706,0.04814037253718371,1.6572366718364868,-0.07339837078850309
36.071531,1785483567.145,-0.05810590460896492,0.0797497034072876,0.3580000102519989,-0.060029611665138295,0.08021570569961996,0.35665782701782456,0.7323412499550089,-0.07163885111732468,0.04668918927958724,0.67554739895091,0.731534814271716,-0.0813265393160377,0.042575543640329096,0.6755961312759668,24.64584928681771,25.66402045734464,27.139902114868164,1,0.45769937725566107,-0.01191687026457409,0.7218216005624423,0.04357010857383079,-0.015977677197008894,0.998512149257156,0.028632974978298874,0.4576035737991333,-0.01110889483243227,0.7223931550979614,0.04260653629899025,-0.015467571094632149,0.9987286329269409,0.02205921895802021,-0.059799809008836746,-0.0003870782093144953,-0.16666251420974731,0.063878133893013,1.6549813747406006,-0.08377960324287415,-0.05060167051248419,0.0002591789751609459,-0.16906740329068126,0.049799030359782386,1.6572851782583589,-0.07522752488240789
36.117977,1785483567.212,-0.05849325284361839,0.07936254143714905,0.3580000102519989,-0.05992605213444974,0.08014511107125774,0.3567381378771529,0.7288128897544822,-0.06536967566989459,0.043879554500160935,0.6801714209869459,0.7309666706427062,-0.07789475299866816,0.04285717583411746,0.6765969230969924,25.18031880322261,25.531923118078407,28.60260009765625,1,0.4577355331762045,-0.012067645222829233,0.7217349738644063,0.0443386255544693,-0.016320949149184485,0.9985212433212136,0.026889394546330103,0.4576355814933777,-0.011386919766664505,0.7221924662590027,0.04292267560958862,-0.015644928440451622,0.9986597895622253,0.024320678785443306,-0.05830475315451622,-0.0012946677161380649,-0.1655845195055008,0.0604148767888546,1.6529699563980103,-0.08348221331834793,-0.05376491163708481,3.690377820646655e-05,-0.1682399126529425,0.05464084496344696,1.6564929002286017,-0.07816858263470948
36.208309,1785483567.312,-0.05810590460896492,0.07936254143714905,0.3580000102519989,-0.05983597761367905,0.0801043096415505,0.3567895582087178,0.7300832708708548,-0.0698113012211368,0.03977586507391171,0.67861821400103,0.7308387999217892,-0.07669129457029782,0.04239849902278729,0.6769013673694458,25.51973451896215,25.52978232826932,33.28299522399902,1,0.457841572485627,-0.012222767589777998,0.7216143577655613,0.046637902095112774,-0.015555495002795306,0.9984978539658291,0.02418611769214815,0.4576706290245056,-0.01162218302488327,0.7220346331596375,0.04340604692697525,-0.01587950438261032,0.998613178730011,0.025207674130797386,-0.05578145384788513,-0.0038687442429363728,-0.16264942288398743,0.05501170828938484,1.6474709510803223,-0.08025597035884857,-0.055326164367609,-0.00042104968076082363,-0.1673262971699783,0.05662654530017657,1.6552813598452611,-0.07999593831992878
36.349569,1785483567.379,-0.059209536761045456,0.07902725785970688,0.36000001430511475,-0.05971902968009142,0.0800190365775928,0.35745165207100876,0.7228097118748735,0.005821685753437665,0.005565484052846638,0.691000183633556,0.7286507048441776,-0.050092501441472835,0.02525118851278034,0.6825842578818466,25.442309163610584,25.439022449859294,76.19571685791016,1,0.4579029261525173,-0.012357751007986386,0.7215371229683843,0.04782909459432854,-0.015315172253322112,0.9984581064897344,0.023648103392703495,0.45774000883102417,-0.011867995373904705,0.7218599915504456,0.04473083093762398,-0.015746040269732475,0.9985673427581787,0.024789439514279366,-0.05556515231728554,-0.005099519621580839,-0.16115468740463257,0.05404794588685036,1.6447471380233765,-0.07975964993238449,-0.055512611059843224,-0.0018329453243560094,-0.16541057953647056,0.05596526598442019,1.652082919351931,-0.08010242181773991
36.444126,1785483567.545,-0.05888059362769127,0.07781389355659485,0.3580000102519989,-0.059680172009987494,0.0798103323443883,0.35749430765807927,0.7205426067377158,0.04210294929653576,0.0037727308129550936,0.6921209865611385,0.727196353461574,-0.026365863525227146,0.01973553185906473,0.6856389819248891,25.06583671149508,25.366504427091098,25.720834732055664,1,0.45803028005729385,-0.012532580735100003,0.7205438063557632,0.07892979803480914,-0.010508380039459342,0.9966809581712401,0.016933060857073107,0.45780810713768005,-0.012068592011928558,0.7217257022857666,0.045998405665159225,-0.015569348819553852,0.998524010181427,0.024321502074599266,-0.05029323697090149,-0.04030867666006088,-0.12044431269168854,0.04326757788658142,1.5757588148117065,-0.0677821934223175,-0.05553412802554974,-0.0031706685055129624,-0.16366729457075557,0.055180115831050584,1.6490788435400747,-0.07996205121997234
36.569304,1785483567.612,-0.05926793813705444,0.0782010480761528,0.3580000102519989,-0.05962763993547859,0.0796235778346058,0.35756706377844644,0.7130162722208608,0.04926246933827495,-0.07676772119880206,0.6951889826837776,0.719161117885236,0.023219425030626316,-0.04169043878873061,0.6932027496605218,24.57179627073227,25.362584607403523,64.03946876525879,1,0.4583433754304036,-0.012590340260473834,0.720479536670863,0.09983164025505063,-0.008951748854533032,0.994955276640125,0.004184170455907154,0.458119660615921,-0.01228632964193821,0.7208374738693237,0.06112371012568474,-0.0131315803155303,0.9978266954421997,0.020816808566451073,-0.036677561700344086,-0.06346961110830307,-0.09451045095920563,0.01740320585668087,1.5293582677841187,-0.05364826321601868,-0.0530784611145096,-0.01997113853650006,-0.1434151754851681,0.04959837915373415,1.6147240841991393,-0.07425507116704641
36.632834,1785483567.779,-0.05888059362769127,0.0782010480761528,0.3580000102519989,-0.05960989252326268,0.07958160670705466,0.35757893147669867,0.7166983793241128,0.05026747405316571,-0.07689529505422289,0.6913058134610386,0.718772478516249,0.028766208266136586,-0.04891180130730653,0.6929258727183393,25.418520336335252,25.368076037489615,18.18108558654785,1,0.4586235411165321,-0.01266864657181733,0.7203701359063266,0.17735333314775314,0.0034218493740146762,0.9840595942974586,0.012680734969439366,0.45821434259414673,-0.01236320286989212,0.7206172347068787,0.07152813673019409,-0.011854775249958038,0.9972367882728577,0.01618511602282524,-0.04928917810320854,-0.148267462849617,0.0053200991824269295,0.04186544567346573,1.358662486076355,-0.04380468651652336,-0.04863381701879259,-0.03169050028320639,-0.13016225271931334,0.0408734812188573,1.5915899479506685,-0.06867062748901677
36.755982,1785483567.812,-0.05849325284361839,0.0789753794670105,0.3580000102519989,-0.059500613452618194,0.0794979911767434,0.3576270962978145,0.7127280816938659,0.09206991859057524,-0.11318929799416837,0.6860976566606931,0.7148020759086926,0.07041611414230764,-0.08945831219629138,0.689997661970468,25.014497748221103,25.26897063541639,66.70856475830078,1,0.4586865253846245,-0.012695159770509643,0.7203522709607447,0.18621257066052593,0.003687128187285318,0.9824022833806263,0.014036994773137268,0.4601791501045227,-0.012509523890912533,0.717766523361206,0.11266347020864487,-0.005533074494451284,0.9935105443000793,0.01459844596683979,-0.051515623927116394,-0.15778744220733643,0.017004819586873055,0.04627241939306259,1.338714838027954,-0.04616411402821541,-0.04890219377941908,-0.07467694973516373,-0.07468107076431225,0.04127969609112196,1.4962038230385186,-0.05848777706486145
36.850989,1785483567.979,-0.05888059362769127,0.0789753794670105,0.3580000102519989,-0.05948739191358288,0.079484362339235,0.35763587062280094,0.7191026894731256,0.09901086525273366,-0.1112853091947475,0.678751611793189,0.7159449501090527,0.07739405989587964,-0.09478946633972737,0.6873484887429439,25.28176871694523,25.270247444011897,22.707700729370117,1,0.4588121503927941,-0.01285884889926354,0.7202798541024688,0.243178476801682,0.004466358849264844,0.9698641119658017,0.01441819613648983,0.45963823795318604,-0.012566671706736088,0.7187199592590332,0.14722813665866852,-0.001245904597453773,0.9889990091323853,0.01425948180258274,-0.05551741272211075,-0.21942655742168427,0.09401919692754745,0.05559872090816498,1.2070785760879517,-0.05312303453683853,-0.05012674409684895,-0.11361908502021693,-0.03172116187018324,0.043619073370607386,1.4224109417109536,-0.052713415809672995
36.929422,1785483568.013,-0.05832986533641815,0.07914086431264877,0.3570000231266022,-0.059393019367569966,0.07945873115998534,0.35756964728523166,0.7214144560996556,0.10671438644339298,-0.12327043724234321,0.6730361220310018,0.7187222019604422,0.09138793086980346,-0.10838739622488831,0.6806899550015839,26.198275868592287,25.55043817157256,26.3824462890625,1,0.45883261432126754,-0.012878643274054729,0.7202666676586762,0.25169862117898373,0.0016707083241667576,0.9677056869032109,0.013810009611828676,0.46040481328964233,-0.012615697458386421,0.7177560329437256,0.17231401801109314,0.00019952422007918358,0.9849361181259155,0.01444461289793253,-0.0562506839632988,-0.2284853160381317,0.10568997263908386,0.05744337663054466,1.1870615482330322,-0.060521647334098816,-0.05158761356410005,-0.1400592281874298,0.002354365049332863,0.04686555499384951,1.3640558706271202,-0.052824423038235674
37.007705,1785483568.113,-0.058716125786304474,0.07914086431264877,0.3570000231266022,-0.05936474113465172,0.07944365958956014,0.3575341822641278,0.7192688502226836,0.10986225248216251,-0.12262898466967255,0.6749405445650524,0.7189573560463166,0.09775732040006732,-0.11329994051531134,0.6787539686619265,26.565190319499447,25.78241089069323,26.9472599029541,1,0.45887137165531644,-0.013020178943452297,0.7203659149262053,0.27070304265580997,-0.004948457385756591,0.9625357136110485,0.0148450493316006,0.46009865403175354,-0.012649133801460266,0.7183513641357422,0.1997721791267395,0.0005863798432983458,0.9797369241714478,0.014364056289196014,-0.061981722712516785,-0.24832449853420258,0.13148154318332672,0.06981530040502548,1.142781376838684,-0.08348730206489563,-0.053191251509829944,-0.17046892517792578,0.03789117769316777,0.05050325935291657,1.3031875231557932,-0.05547150017830661
37.087158,1785483568.179,-0.05832986533641815,0.07914086431264877,0.3570000231266022,-0.05928845577279171,0.0794237023985711,0.357491871142257,0.7198922391373987,0.11784875455389288,-0.11507084696247251,0.6742592492944967,0.7193490615310603,0.10540132553996805,-0.1139789791000174,0.6770792276920908,26.60936785611913,26.019665594748144,24.885177612304688,1,0.45889409179341845,-0.013062580705480883,0.7204190768235839,0.2784777259675787,-0.006596329655549707,0.9603150180290116,0.014202490026072913,0.45988714694976807,-0.01269677747040987,0.7188302278518677,0.22429920732975006,-0.00154250452760607,0.9744057655334473,0.014861555770039558,-0.0624823123216629,-0.25647199153900146,0.14213161170482635,0.07132238149642944,1.1242254972457886,-0.08850298821926117,-0.05621430370892147,-0.1972434247092931,0.07007663369950742,0.0571446615959347,1.2480238494373395,-0.06510613583148125
37.227024,1785483568.279,-0.058716125786304474,0.07836870104074478,0.3570000231266022,-0.059237607880732145,0.07932867905886978,0.3574449464796089,0.7169006558960371,0.1308993207977986,-0.11657187967590325,0.6747813084691466,0.7187085427576597,0.11439427285657303,-0.11730097547395987,0.6757310574907998,27.738310456292574,26.867195226537927,73.83179664611816,1,0.45892426444577356,-0.01317698531181503,0.7204824735523241,0.28430073351116614,-0.008692286782501191,0.9586472268532343,0.00964528496765425,0.4595722556114197,-0.012810376472771168,0.7194375395774841,0.24978482723236084,-0.004061874467879534,0.9681800603866577,0.014778820797801018,-0.05772898346185684,-0.26276591420173645,0.1501159518957138,0.061267100274562836,1.1096138954162598,-0.08692976832389832,-0.05915125258054181,-0.22499545329955126,0.103838235638226,0.0637877447568992,1.1900170173328186,-0.0760689431834616
37.350316,1785483568.413,-0.058716125786304474,0.07875477522611618,0.3570000231266022,-0.05916995344375116,0.07925401971566264,0.35740638186381984,0.7165627234075341,0.12630539236938182,-0.12850910321408573,0.6738473281629198,0.718602415035094,0.11952485326316852,-0.12264272705488455,0.6740052967586304,28.470286033159844,27.33030597159466,63.48752975463867,1,0.45906698079677605,-0.01325305591068667,0.7205527107098533,0.2928316148912392,-0.009712150706215167,0.9560963186789929,0.005928647175070016,0.45933306217193604,-0.012979203835129738,0.7198706865310669,0.2660070061683655,-0.006230128463357687,0.9638710021972656,0.012416137382388115,-0.053766265511512756,-0.2716163098812103,0.1617768555879593,0.053169868886470795,1.0883642435073853,-0.08438973128795624,-0.05848485722282243,-0.24269308205067375,0.12552158371203298,0.06260665410198064,1.1523434109307178,-0.08115788170303066
37.491152,1785483568.546,-0.05893683433532715,0.07776417583227158,0.35600000619888306,-0.059155294403400734,0.07911043726061583,0.357284620689956,0.717930525327571,0.12461542159035578,-0.12437797753784434,0.6734811624747431,0.7180438170985053,0.12318010103340596,-0.12127051117955248,0.6741907760821548,28.120090216504675,27.570345735332516,84.45429801940918,1,0.45917918105334565,-0.013354380387970958,0.7206104236645856,0.30000003631409256,-0.010820918050618229,0.9538564043981637,0.006391066631784055,0.4592035114765167,-0.013155266642570496,0.7202509045600891,0.28246384859085083,-0.008334388025105,0.9592047333717346,0.008430154994130135,-0.05583919212222099,-0.27875006198883057,0.17148251831531525,0.05766768380999565,1.0710746049880981,-0.0903109759092331,-0.0555943670484819,-0.26041078376445054,0.1477302132224555,0.05682584720526245,1.1131510838363456,-0.08313764687033011
37.585163,1785483568.68,-0.05855165049433708,0.07930417358875275,0.35600000619888306,-0.05911322676406422,0.079129511773608,0.35716922512858656,0.718836616820581,0.11800115428132824,-0.1266567246895792,0.6732813082190263,0.7182169424248442,0.12207235754838533,-0.12242378926533207,0.6739993909184225,27.738310456292574,27.610749805850148,22.28522300720215,1,0.4593947435070236,-0.013376094711996106,0.7207928754374489,0.30163849581361746,-0.010770919107201671,0.9533573174280434,0.002833805090248845,0.45921334624290466,-0.013221566565334797,0.7203608751296997,0.28850704431533813,-0.009195921011269093,0.9574023485183716,0.007744821719825268,-0.05086330324411392,-0.2801487147808075,0.1731242835521698,0.04699019342660904,1.0666396617889404,-0.08317991346120834,-0.055678573768804154,-0.2667176196911174,0.15589829240135036,0.05711534009827284,1.0986809827604334,-0.0856045545008754
37.725321,1785483568.78,-0.060178883373737335,0.07803244888782501,0.35200002789497375,-0.05919632337533946,0.07904950446067134,0.3562513222930745,0.7155881044201459,0.10743004501701081,-0.09092490405888967,0.684196691063255,0.7176791220882757,0.11897143909754723,-0.1152520677453775,0.6763870454688464,28.66220137037626,27.921089697163268,28.55849266052246,1,0.45936637877439873,-0.013439309384308349,0.7209659681284928,0.3016356967436051,-0.010813681646879493,0.9533515308100141,0.004453026099475518,0.4593020975589752,-0.013315374031662941,0.7205847501754761,0.2946647107601166,-0.009925524704158306,0.9555319547653198,0.005741663742810488,-0.05344298481941223,-0.2800205945968628,0.17264609038829803,0.052206672728061676,1.0673415660858154,-0.08689236640930176,-0.05391245872264921,-0.27298658703754486,0.1638792288115493,0.05336226000424452,1.0838010952637578,-0.08517383374097044
37.839383,1785483568.913,-0.060973018407821655,0.07872460782527924,0.3500000238418579,-0.05937044012749407,0.07903454138016244,0.3550814334118838,0.7239729398730453,0.08974775425253094,-0.05480006408094254,0.6817664379499272,0.719952204762748,0.11009429308554823,-0.0968252443100883,0.6783604805349022,26.555855486822903,27.564180728350472,67.33274459838867,1,0.45948734970518035,-0.013315008495462093,0.7223427694742831,0.29466325446914937,-0.009152273436221959,0.9555566136195836,0.0011664152227517243,0.45932117104530334,-0.013352167792618275,0.7206869721412659,0.2965567708015442,-0.010164724662899971,0.9549459218978882,0.005393247585743666,-0.046987902373075485,-0.27209770679473877,0.15922009944915771,0.038500308990478516,1.086625576019287,-0.07358278334140778,-0.053785219385399055,-0.27489284180501966,0.16625536024292228,0.0530491095129805,1.0793405628565356,-0.08563955668385007
37.913916,1785483568.98,-0.06248776987195015,0.07948163151741028,0.3500000238418579,-0.05976598154301838,0.07906559059558492,0.35432649144292727,0.7215533552743528,0.08866534810719628,-0.03204455318256635,0.6859098761125131,0.7209131917046049,0.10250873407856353,-0.07376599240616935,0.6814210943522536,24.567507286837664,26.56994100542127,25.619983673095703,1,0.45951085401181785,-0.013054481251680418,0.7240976852268695,0.2760723271889161,-0.010284359598130115,0.9610636220101306,-0.005917478932876289,0.4593626856803894,-0.013340580277144909,0.7211329936981201,0.2960343360900879,-0.009899272583425045,0.9551165699958801,0.004253181628882885,-0.03527991101145744,-0.25197550654411316,0.12884479761123657,0.014372564852237701,1.1345463991165161,-0.05901241675019264,-0.051943143941821916,-0.2741353697012693,0.1643488810636769,0.049106387718385096,1.0813148014236413,-0.08237217123002313
38.02124,1785483569.047,-0.0621090792119503,0.08023865520954132,0.3500000238418579,-0.060268158589117,0.07922400509678383,0.35332720393815403,0.7266711686217568,0.03063312460818849,0.019756338079666744,0.6860177195060717,0.7269829117302679,0.06623802555419098,-0.0141746142158981,0.6833062639363805,26.427476947365676,26.317406896452006,75.18529891967773,1,0.45946428314165755,-0.012461685697942886,0.7252303688010721,0.25520166460770066,-0.010306025310596961,0.9666758409251109,-0.017427415054615283,0.45943987369537354,-0.013091469183564186,0.7221792936325073,0.28701117634773254,-0.010294195264577866,0.9578719139099121,-0.0001657939428696409,-0.016354555264115334,-0.22969309985637665,0.09746573120355606,-0.021961594000458717,1.1861213445663452,-0.034819040447473526,-0.04432012287444624,-0.26428635066453054,0.14900110857421228,0.03352800974896291,1.104778642415204,-0.07191941403133795
38.099427,1785483569.213,-0.06190676614642143,0.08084749430418015,0.35100001096725464,-0.06035525398680227,0.07935912058977755,0.35322631585801834,0.727682373682753,0.01100453495489728,0.028252853296314506,0.6852437810899692,0.7277061270107981,0.043122329388870735,0.0036033603733432937,0.6845226608469892,26.156985427132973,26.287553230984347,70.02115249633789,1,0.4592267170141732,-0.011709386018098778,0.7267297938759127,0.18913535872183346,-0.015611935890338694,0.9812087967896133,-0.034833613674130515,0.45948320627212524,-0.012771181762218475,0.7231175899505615,0.27597323060035706,-0.010613841004669666,0.9610890746116638,-0.00582152558490634,0.009402205236256123,-0.15812811255455017,0.005127387586981058,-0.06776285916566849,1.342644214630127,-0.01981872133910656,-0.03470275706881133,-0.2523897873753723,0.1312785430020476,0.014445148585127379,1.1327523976849814,-0.059160595187671305
38.193194,1785483569.28,-0.06152699142694473,0.08084749430418015,0.35100001096725464,-0.060430248437516286,0.07950353663762265,0.3530889030789309,0.7315703426148676,-0.006170894308750255,0.05570074212143442,0.6794587413499932,0.7301864060575336,0.017523550328320918,0.030690238037169356,0.6823333839714245,27.142352217941642,26.539092193185155,20.86639404296875,1,0.4590239621622552,-0.011579127026001569,0.7268813476164895,0.16057958799110247,-0.014860933469138488,0.9863998649120321,-0.03175933057478406,0.458747535943985,-0.012019124813377857,0.725400447845459,0.2417524755001068,-0.013841229490935802,0.9700942039489746,-0.016775930300354958,0.00650245463475585,-0.1269368678331375,-0.033167764544487,-0.060797277837991714,1.4076526165008545,-0.023523224517703056,-0.01664133693741926,-0.21670333259704952,0.0796184607616819,-0.019219852158757503,1.218705195642188,-0.043049704169270196
38.318217,1785483569.38,-0.061877574771642685,0.08130816370248795,0.3530000150203705,-0.060567270250007,0.07974544443002493,0.3530729069073865,0.7334704324009962,-0.016335728557983337,0.053416685754607424,0.677422265982577,0.7314995629540292,-0.005143769530993039,0.043561745643075724,0.6804295006461759,26.32367842501844,26.298786128874426,68.73035430908203,1,0.45880733175775146,-0.011467063139371778,0.7270876930319696,0.12372424053334181,-0.01842829158379079,0.9915913922370732,-0.03315450520055442,0.45908987522125244,-0.011764773167669773,0.7256917953491211,0.2086414396762848,-0.014793822541832924,0.9776215553283691,-0.02249375730752945,0.008526177145540714,-0.08662835508584976,-0.08107981830835342,-0.06354554742574692,1.4895471334457397,-0.031401678919792175,-0.0071637298855839,-0.18003375647956818,0.033431657033738425,-0.036246221709368906,1.2960810539580205,-0.03505341449708109
38.411468,1785483569.514,-0.062641441822052,0.08168992400169373,0.3530000150203705,-0.06071147872751005,0.0798798362952327,0.3530676783143438,0.7338411795457174,-0.024374047758231415,0.05370566159002676,0.67675603500228,0.7323208219245787,-0.011560191359416608,0.046948622302475665,0.679241048976976,25.53941257587538,26.133812180959207,20.676136016845703,1,0.45844416137972477,-0.011262121886566993,0.7271120730921437,0.09862765357849326,-0.019876478683124008,0.9945723579552677,-0.026520488986048567,0.4590391516685486,-0.011639697477221489,0.7261430621147156,0.1742568463087082,-0.016622526571154594,0.9841979146003723,-0.026697877794504166,0.0014751702547073364,-0.05941128730773926,-0.11296770721673965,-0.049163851886987686,1.5444966554641724,-0.042097561061382294,-0.0007385559763680742,-0.14232877473723698,-0.013461857013495386,-0.04742556877913772,1.3753073481690365,-0.03355799195255945
38.553383,1785483569.58,-0.06225951015949249,0.08092641085386276,0.3530000150203705,-0.06100415040886471,0.08002493045770857,0.353058369976401,0.7326297745537503,-0.020483915996968038,0.058489071816696075,0.6778001557249536,0.7330528230878173,-0.012865293178843443,0.05613990626669078,0.6777288201919488,25.929742665940402,26.108312595131466,74.49698448181152,1,0.45824223373875567,-0.011046135760963619,0.7271201702346146,0.09168400929897165,-0.021034359527596,0.9952680208880517,-0.024354973941904844,0.45892658829689026,-0.011501670815050602,0.7263070344924927,0.13891862332820892,-0.018166691064834595,0.9897770285606384,-0.02670351043343544,-0.0004894236335530877,-0.05208318307995796,-0.12148745357990265,-0.044550053775310516,1.55961275100708,-0.04638264700770378,0.0002986927271218976,-0.10347708316687561,-0.060085788828846305,-0.04824005720336134,1.4545825208059382,-0.037559281871474746
38.677042,1785483569.747,-0.061877574771642685,0.08092641085386276,0.3530000150203705,-0.06109621695189149,0.08010440814851133,0.3530527924218891,0.7357607189408367,-0.02581478372696601,0.053380600997523016,0.6746408472972388,0.7341511532418423,-0.0174707393209085,0.0555039646447856,0.6764881132510492,25.588921037761665,26.025688514858643,66.68472290039062,1,0.4580239008211937,-0.010607483257717718,0.7271344875482694,0.08438110243266238,-0.023391557527145584,0.9957123800960109,-0.029824833817476703,0.4586619734764099,-0.011305144988000393,0.7265715003013611,0.11681309342384338,-0.019484130665659904,0.9926309585571289,-0.025668365880846977,0.006878348533064127,-0.044699519872665405,-0.1296216994524002,-0.05664122477173805,1.5749821662902832,-0.04515858739614487,-7.059382320952356e-05,-0.07939603595836736,-0.08885579595320817,-0.0465110732831081,1.5037953804387552,-0.04169354747576806
38.755644,1785483569.881,-0.061877574771642685,0.08130816370248795,0.3530000150203705,-0.0611335670681976,0.08016453914696853,0.35305042871089903,0.7385058702934649,-0.014065064678217897,0.07236498035501672,0.6702048665265776,0.7350786428167996,-0.016762652949285216,0.059013745981909116,0.6752005480787885,25.57606728736508,25.937651967187463,25.719881057739258,1,0.45790447013459395,-0.01046957805084627,0.7271430082174828,0.08151402822154936,-0.024551260443237966,0.9960306907763059,-0.025991572584589267,0.45850688219070435,-0.011119781993329525,0.7266744375228882,0.1080312505364418,-0.02057948149740696,0.9935733675956726,-0.026790084317326546,0.0027204169891774654,-0.041682735085487366,-0.13330203294754028,-0.04824727401137352,1.5813037157058716,-0.051053736358881,0.0018125679578605129,-0.0699932824461709,-0.09990332699127619,-0.049256344463340825,1.5230869994045193,-0.04263257313548967
38.835413,1785483569.947,-0.062435880303382874,0.08038998395204544,0.3540000021457672,-0.06120338069647974,0.08017896102174488,0.3531233614194771,0.7304520766458023,-0.03070941330832729,0.04847457000713967,0.6805489781938668,0.7341158687379363,-0.019731436493108837,0.056772454668956786,0.6763589653962788,25.32498427574231,25.811357387798584,21.303415298461914,1,0.4578141869552771,-0.010413698961648813,0.7271466516132294,0.0795869842625442,-0.02651368094669743,0.9960595748058223,-0.028779508270553856,0.4583125710487366,-0.010901891626417637,0.7268004417419434,0.09891995787620544,-0.021941091865301132,0.9944993257522583,-0.02654174342751503,0.005943199619650841,-0.039879899471998215,-0.13521301746368408,-0.05408912152051926,1.5851926803588867,-0.052426777780056,0.002124768928079225,-0.06025732376167681,-0.11138868856709058,-0.048909326355117945,1.5431077281405543,-0.04552860872592302
38.953673,1785483570.014,-0.06166984885931015,0.08077282458543777,0.3540000021457672,-0.061229941739273284,0.08020524820933944,0.35318149217267747,0.735523502694402,-0.03034657704399467,0.04900132771034614,0.6750430594625012,0.7344098504372857,-0.02186995345113978,0.055207902830299214,0.6761035158774201,25.30177541754135,25.71033748419116,19.458293914794922,1,0.4577922941288905,-0.010308970737898066,0.7270373117399788,0.07901097895731288,-0.02453664228583865,0.9962495152641931,-0.025340120864041634,0.4581838846206665,-0.010771692730486393,0.7268767356872559,0.09368384629487991,-0.02319241687655449,0.9949613213539124,-0.027155790477991104,0.002431859727948904,-0.03917473182082176,-0.13595513999462128,-0.04702632501721382,1.5865106582641602,-0.051308754831552505,0.0031595557413471365,-0.05473507468831362,-0.11784468272842959,-0.05031305202891572,1.5545127501917224,-0.04739801036543316
39.02309,1785483570.081,-0.061495643109083176,0.08054465055465698,0.3530000150203705,-0.061284587393766896,0.08021588077156913,0.35315896577131073,0.7393334827395459,-0.03202446135861253,0.08981034529041929,0.666554226641554,0.736623865126111,-0.026244828071419615,0.06939956675477411,0.6722203436823526,26.635599968460166,25.846093979394496,65.03057479858398,1,0.45775272607859624,-0.010269158490856512,0.7269501644153388,0.07855820687414039,-0.024574365624923863,0.9963479822164237,-0.022702577389219575,0.45808085799217224,-0.010647449642419815,0.7269108891487122,0.08970707654953003,-0.02355078235268593,0.9953324198722839,-0.026671307161450386,-0.0005168934003449976,-0.0387139655649662,-0.13641956448554993,-0.04131875932216644,1.5874515771865845,-0.05380306392908096,0.002962344924872944,-0.050518246244987866,-0.1227523125598333,-0.04942235000391957,1.5631841832793532,-0.048457820447555956
39.161709,1785483570.248,-0.06073177605867386,0.08092641085386276,0.3530000150203705,-0.06126113374448362,0.08023546140265017,0.35315509466274225,0.7360736766727844,-0.0710450805876003,0.07038631055816584,0.6694728570447945,0.7370558459904609,-0.027117800035772483,0.07248173766469977,0.6713864032862236,24.417011855356964,25.629515490831714,24.34253692626953,1,0.45773667432112014,-0.010187228855562759,0.7269839994674612,0.06555729799308964,-0.029849714696890125,0.9969723338568149,-0.029281405984946177,0.45789626240730286,-0.010420863516628742,0.7269206643104553,0.08088378608226776,-0.025140857324004173,0.9960755705833435,-0.025675829499959946,0.007155317813158035,-0.02467845380306244,-0.15178635716438293,-0.05549204722046852,1.6145408153533936,-0.05882280692458153,0.002438517931909644,-0.041128608143626545,-0.13345551469422692,-0.047500015309259576,1.5821522150890612,-0.05245586064775444
39.239741,1785483570.281,-0.06034984439611435,0.08207166939973831,0.3530000150203705,-0.061159722346905115,0.08045031778690973,0.35314485458531647,0.7436980497147365,-0.046808657229910726,0.144424882142161,0.651048088759235,0.7404058938916287,-0.035462199375683186,0.10294954314322044,0.6632819432734318,26.92168942609282,26.047600273502958,22.67169952392578,1,0.45770736471420975,-0.010222458638946448,0.7269898171035798,0.06278511938856389,-0.030962169009370186,0.9970720496843067,-0.030768500319882732,0.45784085988998413,-0.010350558906793594,0.7269275784492493,0.0750875473022461,-0.02699156291782856,0.9964402914047241,-0.027202902361750603,0.008754742331802845,-0.02177531272172928,-0.1549169272184372,-0.05867777019739151,1.6202481985092163,-0.05996112897992134,0.00436451139786611,-0.034919820270212946,-0.1403540785527192,-0.05085376311432336,1.5943750575195714,-0.05486173340691235
39.417069,1785483570.448,-0.059417176991701126,0.0845038890838623,0.35200002789497375,-0.06086746844108463,0.08117770997422255,0.3529879521707721,0.7379583438171748,-0.13098869578136746,0.14663723228398062,0.6455671665103506,0.7424279638584723,-0.04180759737274528,0.1261376175216368,0.6566141520930283,30.09343077691299,28.21448583730465,95.9470272064209,1,0.45701329503592375,-0.010626758829555234,0.7271372634621316,0.02266799892846007,-0.04607856875615889,0.9972840354725299,-0.05279659001857208,0.457781583070755,-0.010293852537870407,0.7269464731216431,0.06932324916124344,-0.028863510116934776,0.9967585206031799,-0.028875015676021576,0.032485004514455795,0.019493944942951202,-0.19823937118053436,-0.10590141266584396,1.701831579208374,-0.07622421532869339,0.006421586791070018,-0.02876087779991239,-0.14717714993973952,-0.054519774229674946,1.6064981505885385,-0.05725109839914562
39.530743,1785483570.514,-0.05979802832007408,0.08374255150556564,0.35200002789497375,-0.06058554073078558,0.08173748837977098,0.3528408759042978,0.7457362513183373,-0.11017653804828745,0.21949327758969028,0.6193232395335276,0.745490875420298,-0.09702916596522139,0.1891044659694256,0.6317184472275523,33.6150211971452,31.725523789852105,90.62027931213379,1,0.4562951520534468,-0.010815319754872167,0.7272414897983583,0.014658754651202074,-0.04908132539722505,0.9970491544409441,-0.057176289123430195,0.45714887976646423,-0.010519452393054962,0.7271642088890076,0.04531772434711456,-0.03815143555402756,0.9973859190940857,-0.04137855023145676,0.036910802125930786,0.026356743648648262,-0.20530033111572266,-0.11527689546346664,1.7178945541381836,-0.08019912242889404,0.02001894825232023,-0.004291521810351072,-0.17381608315796862,-0.08132573861176633,1.6562338958331355,-0.0671494301097595
39.610468,1785483570.715,-0.05979802832007408,0.08298119902610779,0.35200002789497375,-0.06055249990743464,0.08180460715194869,0.3528014709062693,0.7363769095816042,-0.14752595108140726,0.1911246535815528,0.632025717503571,0.7420727366190367,-0.11730707741232252,0.18997439332462507,0.6320417969063865,30.1456423300676,31.351189222643875,28.23781967163086,1,0.4554563496447279,-0.01123964306254996,0.7274626456973133,-0.07000413516615085,-0.07006205577266782,0.9931692090669982,-0.06168996321752829,0.45685166120529175,-0.010643883608281612,0.7271075248718262,0.034766364842653275,-0.042034778743982315,0.9974127411842346,-0.04682125523686409,0.04291971027851105,0.11499499529600143,-0.2950490713119507,-0.13357259333133698,1.885704517364502,-0.1307705193758011,0.025828053028904185,0.006248395510267634,-0.18464314584415262,-0.09300154706118034,1.6774389962242415,-0.07163721716840765
39.750397,1785483570.781,-0.059585973620414734,0.08168992400169373,0.3530000150203705,-0.06043242170471387,0.08183472017584026,0.35276675857208023,0.722560051436978,-0.1887828020392657,0.18446788374792356,0.6389363235778333,0.7412538017595687,-0.13076100752875805,0.21577904968140255,0.6219998086861771,38.035150004498675,36.745172411095055,80.82437515258789,1,0.4553558009028831,-0.011289388687898177,0.7275218185546728,-0.0854153739778011,-0.0657214111145245,0.9929793642922459,-0.048753380386548306,0.45466065406799316,-0.011281490325927734,0.728579044342041,-0.022779978811740875,-0.05849841982126236,0.996452271938324,-0.056053273379802704,0.03022623434662819,0.13255667686462402,-0.313899964094162,-0.1098397746682167,1.9182919263839722,-0.13078676164150238,0.03556231550942675,0.06396221595298367,-0.24752252235684774,-0.11610809733965168,1.796053039540058,-0.10531556991075695
39.859566,1785483570.948,-0.05979802832007408,0.08221985399723053,0.35200002789497375,-0.06040278605844529,0.08185421318989608,0.3527264400912945,0.7291192312295312,-0.18496895447648787,0.19314952837061156,0.6299721360674159,0.737002438398997,-0.1512329821456275,0.20734912799269645,0.6252698057846238,30.712746546756893,34.38456612132649,40.44795036315918,1,0.45531096406286387,-0.011469598456053082,0.7275738546600401,-0.1137282217345608,-0.07361612116108066,0.9891340250058547,-0.05710025273156909,0.45487985014915466,-0.011316864751279354,0.7280293107032776,-0.044362813234329224,-0.060975581407547,0.9957020878791809,-0.05377108231186867,0.03945146128535271,0.1613280475139618,-0.339854896068573,-0.13184970617294312,1.9712424278259277,-0.14704598486423492,0.033727238723715955,0.08755184668613755,-0.27034949956503035,-0.11395242622600503,1.83809099272568,-0.11407511206809084
40.016067,1785483571.015,-0.059417176991701126,0.0818391814827919,0.35200002789497375,-0.06029220587378764,0.08185222629594625,0.35264480552500876,0.7281318330984001,-0.17352360671025605,0.19863413038988492,0.6326595243788575,0.7340715587265005,-0.15703803635732136,0.2092540143710583,0.6266504282895524,29.17197188711293,30.717822414140308,81.79330825805664,1,0.4552818468069398,-0.01151412230626376,0.7276343395958835,-0.1227149252411926,-0.06567665113676166,0.9895471701571918,-0.03773622467076305,0.4550366699695587,-0.011516991071403027,0.7275696992874146,-0.08385019749403,-0.06837701797485352,0.9925531148910522,-0.05596565827727318,0.0205607321113348,0.17282888293266296,-0.3531482219696045,-0.09427589178085327,1.9924355745315552,-0.14015889167785645,0.03698737993519016,0.12944216651477256,-0.3099342437955528,-0.12414553435256058,1.9139251010508282,-0.13285310427554517
40.157383,1785483571.182,-0.059585973620414734,0.08168992400169373,0.3530000150203705,-0.06022140049052159,0.0818326315477962,0.35269749152123825,0.7341266537520418,-0.15557926324130114,0.21600997696921156,0.6246541754842311,0.7340580889486172,-0.15668066347793855,0.21285187331185956,0.6255429415866262,34.54837836477439,34.79603764149587,78.20987701416016,1,0.45528519622171537,-0.011680035274266849,0.7277567240520744,-0.12833354862157198,-0.06233364806111165,0.9891325849987535,-0.03552106292430002,0.45511847734451294,-0.011483794078230858,0.7274929285049438,-0.10212250798940659,-0.06698401272296906,0.9913763403892517,-0.047508567571640015,0.01799560897052288,0.17915022373199463,-0.35947951674461365,-0.09021417051553726,2.0041146278381348,-0.13534903526306152,0.029290534971549202,0.14977140686775609,-0.33018174643134024,-0.11014986186859668,1.950711889994484,-0.1362762974534918
40.280627,1785483571.348,-0.059585973620414734,0.08168992400169373,0.3530000150203705,-0.06019515861029332,0.08182601103679932,0.35271366685456956,0.7365924130077552,-0.15176664216283173,0.21891141644810522,0.6216721766129764,0.7345250707002315,-0.15578488819212305,0.21395895728324338,0.624840422605688,31.126357877415305,33.59990504483076,25.226354598999023,1,0.4553146919820594,-0.011786165292716826,0.7276776288355613,-0.13064638463624093,-0.06349780304856145,0.9886544538822731,-0.03823508870435373,0.45516663789749146,-0.011559897102415562,0.7275222539901733,-0.11159509420394897,-0.06555981934070587,0.9906156063079834,-0.04392223060131073,0.020538680255413055,0.18130679428577423,-0.3609656095504761,-0.09614401310682297,2.0078513622283936,-0.13718098402023315,0.025889398376977558,0.16028453498037215,-0.3405391295213066,-0.10442065716083347,1.9697870710730647,-0.13630548311379614
40.373747,1785483571.482,-0.059585973620414734,0.08130816370248795,0.3530000150203705,-0.06015674711279409,0.081791172904758,0.3527406464598309,0.7340491714855117,-0.15499103499750014,0.21475635667661502,0.6253233564955205,0.73493518492222,-0.15297019854003846,0.21641789568863615,0.6242064456152837,34.59904470886091,33.56114631500965,21.97122573852539,1,0.4553337860004744,-0.011843863881769782,0.7276320087847324,-0.13041308697879764,-0.06609415959091461,0.9882927807263284,-0.0436046829692976,0.45521077513694763,-0.011634420603513718,0.7275553941726685,-0.11815492808818817,-0.06483592838048935,0.9899867177009583,-0.04197700694203377,0.025719644501805305,0.18048515915870667,-0.35946014523506165,-0.1070883572101593,2.0062289237976074,-0.14051613211631775,0.024049293622021108,0.1675140982026962,-0.34756307426836713,-0.10157433322980845,1.9828773808013822,-0.1366065694327396
40.451822,1785483571.549,-0.06034984439611435,0.08207166939973831,0.3530000150203705,-0.060173733902759055,0.08181287356982397,0.35275747048963213,0.7343901586357384,-0.15358937843815193,0.21310466540327722,0.6258336834282049,0.7348347185795315,-0.1530854027931229,0.21580255785798286,0.6245094489627516,34.30496616717523,33.785494482254194,23.53501319885254,1,0.4553769807817848,-0.011883020296666349,0.7276128061966021,-0.13047222511313475,-0.06573946865867976,0.988329824092381,-0.04312168299156657,0.45525702834129333,-0.011724822223186493,0.7275767922401428,-0.12317652255296707,-0.06536085903644562,0.989311158657074,-0.04264924302697182,0.025162164121866226,0.18070954084396362,-0.3597185015678406,-0.10611266642808914,2.0064265727996826,-0.14007173478603363,0.024733326174533665,0.17282588718468267,-0.35243432310968426,-0.10383239495265227,1.9924400711737662,-0.1382075763161495
40.593375,1785483571.649,-0.05996790528297424,0.08054465055465698,0.3530000150203705,-0.06015705072079035,0.08168874505456007,0.352777652681125,0.7373682328019796,-0.11362329231596097,0.21263885769224933,0.6310012305036358,0.7354348372825021,-0.14374036761729364,0.21339522967905317,0.6268466979882156,31.816357085496648,32.03016753179849,76.34305953979492,1,0.4553443677280105,-0.011857582511575577,0.7275876075253072,-0.13011498342506336,-0.0653836900629279,0.9884213803379944,-0.04264081440104541,0.4553094804286957,-0.011796372011303902,0.7275882363319397,-0.126559779047966,-0.06550585478544235,0.9888668060302734,-0.04282665625214577,0.02471057139337063,0.18029682338237762,-0.3593194782733917,-0.10502736270427704,2.00577974319458,-0.13942326605319977,0.02488910980893957,0.17647858281075393,-0.3558067962079809,-0.1047923196986345,1.9989288894285937,-0.13901619969755658
40.669745,1785483571.782,-0.05996790528297424,0.08054465055465698,0.3530000150203705,-0.06014926835133326,0.08161259004802113,0.35278694868063265,0.7347238011588059,-0.10487850536929763,0.1944397081501749,0.641384935133912,0.7353908833054468,-0.13297335159905949,0.20817336247046736,0.6310167887413828,34.492912216602164,32.75865375136275,63.81368637084961,1,0.45553057480911074,-0.011882296903086268,0.7275571677214205,-0.12150560631697249,-0.06474283970600035,0.9893375805794101,-0.047496357688009166,0.45531848073005676,-0.011812522076070309,0.7275871634483337,-0.1275235116481781,-0.0654728040099144,0.988747239112854,-0.042778145521879196,0.028824402019381523,0.17134396731853485,-0.3506138026714325,-0.11283588409423828,1.9886215925216675,-0.13532620668411255,0.024840733234104385,0.17751333745634731,-0.35675801130473506,-0.10485603035343435,2.000785470799176,-0.13912651690008013
40.801105,1785483571.849,-0.059585973620414734,0.0801628977060318,0.3530000150203705,-0.060107250214574255,0.08147114276393314,0.35279980917039017,0.7272121849623873,-0.11939801117571165,0.1604895969990841,0.6566198612778834,0.7324462503913447,-0.12767250553144313,0.1894556304498034,0.6413491917121676,29.65069283145157,31.469213839774646,26.0775089263916,1,0.45564481409837515,-0.011893781840957105,0.7275431229974884,-0.10984448018983874,-0.06220605580978947,0.9906600429458678,-0.05154877401941827,0.45538970828056335,-0.011835535988211632,0.7275724411010742,-0.12545868754386902,-0.06521650403738022,0.9889566898345947,-0.04440370574593544,0.032034337520599365,0.15918061137199402,-0.3389277160167694,-0.11834686249494553,1.9658852815628052,-0.1271621733903885,0.026210724024025894,0.17539170189066347,-0.35464433040642385,-0.10760031555488005,1.996602313059541,-0.13781959231538318
40.902923,1785483571.949,-0.059204038232564926,0.07901763916015625,0.3530000150203705,-0.06001040748375979,0.08107662895509984,0.35281947228467947,0.7341890760985211,-0.07043278244370642,0.12643859050804335,0.663339209247559,0.7335360126078265,-0.09638524653905368,0.15253032344611622,0.6552627739208441,28.736194635545825,29.84103476440061,80.16228675842285,1,0.45585706946629245,-0.011956461235327882,0.7275236290179644,-0.09256319463868844,-0.05146504482529202,0.9934432873043061,-0.04305623148192251,0.4554893970489502,-0.011855045333504677,0.7275435924530029,-0.1190829798579216,-0.063967265188694,0.989689290523529,-0.04735603928565979,0.022325575351715088,0.14253386855125427,-0.3244584798812866,-0.0975806936621666,1.9344773292541504,-0.10760574787855148,0.028595561476863568,0.16875311080080876,-0.3482073607691915,-0.1120011515762595,1.9840233814913126,-0.13345527511182836
41.058305,1785483572.116,-0.05996790528297424,0.07901763916015625,0.3530000150203705,-0.060015568848941894,0.08079943727027002,0.3529102290880863,0.7307810183916587,-0.04889117983776262,0.08523094537541505,0.6755031026153284,0.7321208380413167,-0.07126414003728496,0.11139745017789654,0.6682148673475393,24.18163690898885,26.875874071394087,80.21092414855957,1,0.456449047240022,-0.012100764754974697,0.7274935793926391,-0.043483347154672405,-0.041533629101090604,0.997415414775056,-0.03932742736338742,0.45567047595977783,-0.011929638683795929,0.7274883389472961,-0.10524895042181015,-0.05750252678990364,0.9917528033256531,-0.045194514095783234,0.016449207440018654,0.0917290598154068,-0.27527138590812683,-0.08376170694828033,1.8386335372924805,-0.08556715399026871,0.025324483616898846,0.15507444641643586,-0.3358179564704695,-0.10447794457818732,1.9581750524464232,-0.11996949580847022
41.154625,1785483572.249,-0.05996790528297424,0.07978114485740662,0.3530000150203705,-0.060013351380757425,0.0807459736351784,0.3529144748476277,0.7305485151741411,-0.017238018301036422,0.09658118589655892,0.6757764365770127,0.7317501439467655,-0.04877198414033296,0.10526486222971179,0.6716266292938831,23.48984449455145,25.628165869515584,30.286550521850586,1,0.45686470698155235,-0.012092302986703402,0.7273570972365342,0.00373929329153604,-0.02959884195094931,0.9991485923747331,-0.028495904906360347,0.4566236734390259,-0.012069213204085827,0.7263287305831909,-0.08100372552871704,-0.05119995027780533,0.9944683909416199,-0.043006155639886856,0.003703316207975149,0.041930969804525375,-0.2246435433626175,-0.057652056217193604,1.7442598342895508,-0.06573767215013504,0.021689967289570507,0.13119129727371784,-0.3110237606154335,-0.09599443381855019,1.909221606575732,-0.10588139282761627
41.296872,1785483572.316,-0.059204038232564926,0.08054465055465698,0.3530000150203705,-0.05993784567910657,0.08068608195210987,0.3529235209450692,0.7226214260712136,-0.006497402794047146,0.055120122670359074,0.6890122135467137,0.726605710268781,-0.017213804438563053,0.07575035389722,0.6826490391306481,27.22957692475167,26.25414082570391,79.09059524536133,1,0.4569449022695701,-0.01209549811230116,0.7273506597864045,0.024317328360791642,-0.028358919819936552,0.9985054069956814,-0.039892247472769676,0.4570602774620056,-0.012237753719091415,0.7260165810585022,-0.03325645253062248,-0.03934962674975395,0.9980560541152954,-0.03506912291049957,0.015573185868561268,0.01899757795035839,-0.19947205483913422,-0.07983289659023285,1.7010706663131714,-0.05358041822910309,0.011445975737281384,0.08136990052421961,-0.26182824962600587,-0.07415717968805476,1.8152704681622385,-0.08301822941148626
41.45155,1785483572.483,-0.05882210657000542,0.07978114485740662,0.3530000150203705,-0.05973105794737191,0.08062607375741498,0.352931194494473,0.7226525626719741,0.032778325348574965,0.0582152819790341,0.6879751710600267,0.7247086500087895,0.00624252090420999,0.0589472466225221,0.6865010019299476,26.990496119350006,27.075254249487404,84.57136154174805,1,0.4570349097852243,-0.01220860717295605,0.7273369707474732,0.0676468092963621,-0.016956716462884196,0.9966830511455628,-0.04194370653614919,0.45700883865356445,-0.012188446708023548,0.726534366607666,-0.0032362956553697586,-0.03359091281890869,0.998714029788971,-0.037834443151950836,0.017815137282013893,-0.02831486612558365,-0.14772824943065643,-0.08389532566070557,1.6110024452209473,-0.025289755314588547,0.013599153778257593,0.048830086038306894,-0.22929744342004513,-0.07711821045260878,1.7556920775181946,-0.06766043430413558
41.606632,1785483572.649,-0.05882210657000542,0.08054465055465698,0.3530000150203705,-0.05963032584372176,0.08060137138768618,0.352937991275889,0.7215879995555654,0.010592230562105544,0.03720474480747868,0.6912411811465858,0.7225087108566787,0.012313745602764206,0.049982319101688134,0.6894427475742041,27.104400508233493,27.113921017056818,79.33712005615234,1,0.4571254094993365,-0.012518639532328608,0.7273252634139526,0.09612425270367216,-0.013405427216862727,0.9941900310623405,-0.046546801174264685,0.45737224817276,-0.01223654393106699,0.7262659668922424,0.03327777236700058,-0.02487410604953766,0.9983193278312683,-0.04040221869945526,0.022761784493923187,-0.059628382325172424,-0.11216625571250916,-0.09449378401041031,1.550371527671814,-0.011386586353182793,0.015798647640704103,0.009514057245841274,-0.18674327003584731,-0.08065384206646689,1.6802070478108604,-0.04555552311706825
41.719767,1785483572.816,-0.05882210657000542,0.08054465055465698,0.3530000150203705,-0.05959497701410758,0.08059856396366678,0.35294052138556087,0.7197844891682643,0.01083199819767142,0.03742644766095225,0.69310332417563,0.721844909639882,0.011946278061515115,0.04686759610901439,0.6903626882316496,25.55349770100915,26.694420118547875,26.920795440673828,1,0.45716269663655573,-0.01266967409650751,0.7273149779945673,0.10667157778953247,-0.009474628169323292,0.9932402621299279,-0.04477932108704986,0.4573931396007538,-0.012441055849194527,0.7264805436134338,0.06699112802743912,-0.01838277094066143,0.9966227412223816,-0.043787818402051926,0.02084878273308277,-0.07104557007551193,-0.09928739815950394,-0.09156229346990585,1.5279173851013184,-0.004097822587937117,0.019240040218956405,-0.027432531696008428,-0.14654857594734721,-0.08758102979782778,1.6102260402071578,-0.02700060778951488
41.839463,1785483572.883,-0.059204038232564926,0.08054465055465698,0.3530000150203705,-0.05953573196023249,0.08061368668161031,0.35294632937805004,0.7197192875087983,-0.011910978158187657,0.015379368033150495,0.6939926158296237,0.7215113468164595,-0.0010513863858314697,0.02985101374183303,0.691758041500315,28.347925161633487,27.301463266414025,80.44934272766113,1,0.45716698957240515,-0.012722689038043924,0.7273111585620261,0.10856364128060865,-0.008025389636410701,0.9931503906511966,-0.042447973596568725,0.45731276273727417,-0.01256619580090046,0.7267943024635315,0.08559682965278625,-0.014181138947606087,0.9952398538589478,-0.04438158869743347,0.018147645518183708,-0.07306510210037231,-0.09716939926147461,-0.08668944239616394,1.5238986015319824,-0.0033897198736667633,0.019993842137039412,-0.047867770654895066,-0.12440449903086834,-0.08944647766190174,1.5716595790794208,-0.01626930450920161
41.995967,1785483573.05,-0.059204038232564926,0.08054465055465698,0.3530000150203705,-0.059457560256879115,0.08060821361563858,0.3529505599341145,0.7240209944609979,-0.003025232208241607,0.032692807021795806,0.6889961015265829,0.722424206644042,-0.0028529702777070967,0.02986995579202226,0.6907987492434419,25.154433717874937,26.17678711685034,80.06477355957031,1,0.4571444406608278,-0.012811589477882069,0.7273024309394434,0.11102223108852793,-0.003962756039450441,0.9935769200560814,-0.02152358475181522,0.4572375416755676,-0.012660681270062923,0.7270605564117432,0.0986878052353859,-0.010680020786821842,0.9941179156303406,-0.043315645307302475,-0.006519145332276821,-0.07538793236017227,-0.0958995521068573,-0.04052671045064926,1.5190469026565552,-0.016939017921686172,0.01894237671070719,-0.06221842544785028,-0.10889386656340888,-0.087876245390861,1.5444581362837009,-0.008933961701886794
42.089283,1785483573.183,-0.059204038232564926,0.08054465055465698,0.3530000150203705,-0.05944508446695626,0.08060563282947567,0.35295256071957637,0.7239260975542459,-0.005201754819392205,0.030448664050225983,0.6891856251288442,0.7226662962330082,-0.003230756048490045,0.02996305809858934,0.6905397900581846,28.63125152423844,26.920557231726644,29.08158302307129,1,0.4571528328812439,-0.012928831237634083,0.7272960323658683,0.10972071899297167,-0.005112940128403207,0.9937455315394329,-0.02012561085579123,0.4571777880191803,-0.01272526290267706,0.7270849347114563,0.10365276783704758,-0.008002168498933315,0.9939879775047302,-0.034350693225860596,-0.00860440544784069,-0.07391238957643509,-0.09763259440660477,-0.03705548867583275,1.5218509435653687,-0.021181438118219376,0.008515607568677018,-0.06761148846633505,-0.10357235622233486,-0.0684861398040839,1.5340519820010485,-0.012212111292968722
42.243999,1785483573.25,-0.05882210657000542,0.08092641085386276,0.3530000150203705,-0.059365598279145636,0.08062645387080968,0.3529580094292447,0.7238787309586304,0.00832152190022632,0.043320154623480406,0.6885155766882725,0.7228710447069518,-0.0021313394273673064,0.031898817606254314,0.6902429829790725,28.953865047862937,27.838137291276787,88.62948417663574,1,0.4571567315264901,-0.012947537520718715,0.7272930206156069,0.10938632625209001,-0.005438884440471157,0.9937854880600087,-0.019886022388730055,0.4571540653705597,-0.012830231338739395,0.7271625995635986,0.10677015781402588,-0.0065186768770217896,0.9938980937004089,-0.026912810280919075,-0.008962961845099926,-0.07351269572973251,-0.0981036052107811,-0.03643609583377838,1.5225740671157837,-0.022174052894115448,-0.0004159658531625918,-0.07089871815640053,-0.10047321513468714,-0.05208867388765918,1.527686662425935,-0.016891435307464335
42.43139,1785483573.45,-0.05882210657000542,0.08092641085386276,0.3530000150203705,-0.059320602365415157,0.08061681316722498,0.3529613124090094,0.7222842168808108,0.0035165148559504703,0.03902914291527419,0.6904852425442856,0.7229543878343565,0.0005532644782374927,0.034964877442027406,0.6900102204713578,28.313520416492008,28.131765640699502,81.25662803649902,1,0.4571256842721794,-0.013066813535730998,0.7272848272457605,0.10883880546582829,-0.0060797286162583295,0.9937978316730856,-0.02197774070731333,0.45715752243995667,-0.012892608530819416,0.7272327542304993,0.10824650526046753,-0.005909761879593134,0.9938425421714783,-0.022907670587301254,-0.0068607390858232975,-0.07307712733745575,-0.0985153391957283,-0.04092783480882645,1.523620367050171,-0.0216613058000803,-0.00528377429005044,-0.0723875215394119,-0.09912298099681226,-0.04317401983954549,1.5247748717548038,-0.01990005617899508
42.555466,1785483573.583,-0.05882210657000542,0.08054465055465698,0.3530000150203705,-0.059290052614976024,0.08061218338776388,0.3529636223081635,0.7221920810105964,-0.006089833459060275,0.029666853593341657,0.691029225034583,0.7228129352358461,-0.0007153431380515835,0.03395333047492588,0.690208751240953,27.43685130753675,27.926203843757882,37.607669830322266,1,0.45714024933242203,-0.01313428219667955,0.7272798342236265,0.1086450279581529,-0.006845575234016837,0.9937174164091213,-0.02598253884571198,0.4571419358253479,-0.012964485213160515,0.7272552251815796,0.10848932713270187,-0.005980592221021652,0.9938243627548218,-0.02252642624080181,-0.002334499265998602,-0.07291507720947266,-0.09848660975694656,-0.04971867799758911,1.5238691568374634,-0.019219404086470604,-0.00592956702210531,-0.07266996724351896,-0.09887362430765484,-0.04225418588528246,1.5243020905332096,-0.020621303091783092
42.649889,1785483573.684,-0.05844017490744591,0.0801628977060318,0.3530000150203705,-0.059207991506659965,0.08057492983003052,0.3529671374749547,0.7222274974939262,-0.008005328931938558,0.028006706316468174,0.6910419531212671,0.7226677179375803,-0.0019969222686527103,0.032971318522169946,0.6904058762114155,27.43685130753675,27.848224352612696,78.25303077697754,1,0.4571472645347873,-0.013180094274757513,0.7272763456190883,0.10843492969433334,-0.00639278455994545,0.993782982081939,-0.024420951088836813,0.4571418762207031,-0.013021678663790226,0.7272629141807556,0.10853923112154007,-0.006277154199779034,0.9937894940376282,-0.02371452935039997,-0.0042521110735833645,-0.07263440638780594,-0.09887442737817764,-0.04630422219634056,1.5243741273880005,-0.020019685849547386,-0.004693232512716606,-0.07275430120894526,-0.09874006184965214,-0.044821225953173095,1.5241532046352426,-0.020139187848235127
42.789733,1785483573.85,-0.05844017490744591,0.08054465055465698,0.3530000150203705,-0.05917059443496261,0.08057358305717133,0.3529684656927555,0.7256918730920278,-0.003387457906491282,0.03227298121979429,0.6872541634215852,0.7229883882455598,-0.002144033665389077,0.03289747263909232,0.6900731482065431,25.495165175677563,27.143770341514617,24.94215965270996,1,0.45720333767166593,-0.01330309411307429,0.7272709777164866,0.10819480501781155,-0.005940100410382352,0.9938488212162448,-0.022871815436320622,0.4571545720100403,-0.013127082958817482,0.7272698879241943,0.10843677818775177,-0.0062497747130692005,0.9937990307807922,-0.023789415135979652,-0.006335608195513487,-0.07219588756561279,-0.09941240400075912,-0.04287140443921089,1.5249425172805786,-0.020999088883399963,-0.004858974846995118,-0.07260849419745262,-0.09891167286692816,-0.04494267650675987,1.5243764547998067,-0.020262926594589073
42.898835,1785483573.984,-0.0601377859711647,0.07962431758642197,0.3540000021457672,-0.059270114541645526,0.08044657387119647,0.3530729404457134,0.7221889742590032,0.040995005124585746,0.0658323486897154,0.6873344141533725,0.7229134891398075,0.011372232874756845,0.04349029073255474,0.6894746943515402,22.554947853017882,24.75868481684539,72.80874252319336,1,0.4572805294250557,-0.013383914146989473,0.7272669770722445,0.1081154058671401,-0.006563265740563011,0.9938161536445316,-0.024442489893443387,0.4571739435195923,-0.013198099099099636,0.727271556854248,0.108334980905056,-0.0061228047125041485,0.9938198328018188,-0.023413969203829765,-0.004756249487400055,-0.07198846340179443,-0.0995248332619667,-0.046203650534152985,1.5249977111816406,-0.020883692428469658,-0.005463682835776543,-0.07243958035113078,-0.09911611993475594,-0.044094471657762514,1.5246082630463076,-0.020564389588556223
43.038493,1785483574.084,-0.06396794319152832,0.0800071507692337,0.3540000021457672,-0.06065492501794345,0.08044606430307615,0.3531767346924763,0.7162189710012982,0.13668422198569946,0.16234732875363397,0.6648241526032015,0.7238345489639081,0.043462159364444475,0.07475928608304044,0.6845331515521724,24.26634577243498,24.8059272988211,78.56893539428711,1,0.45739558819903836,-0.013209539147451982,0.7271121476635067,0.11049096565229492,-0.009013489939668244,0.993052822894022,-0.0394537000868768,0.45721063017845154,-0.013263020664453506,0.7272698879241943,0.10825697332620621,-0.00627421448007226,0.993818998336792,-0.02376752905547619,0.01323842816054821,-0.07483166456222534,-0.09490061551332474,-0.0794677734375,1.5190632343292236,-0.009629135020077229,-0.005220405939894314,-0.07228448398578348,-0.09925618346502739,-0.04481981969731882,1.5247421942600485,-0.020674195539131135
43.197388,1785483574.217,-0.0632019117474556,0.08038998395204544,0.3540000021457672,-0.06120119461887102,0.08043987694489327,0.3532717934083649,0.7105643166156002,0.17229338559242624,0.1607603566789776,0.6630003385777058,0.7201929600712977,0.10528439162035097,0.12326738222385625,0.6745683431829219,24.136814515216603,24.244606198201556,78.5222053527832,1,0.457392891297856,-0.01113226439262167,0.7269572676099639,0.11166103168772708,-0.01913669694442964,0.9900663774918906,-0.0832716577988854,0.4573105275630951,-0.013234044425189495,0.7271404266357422,0.10957140475511551,-0.007937156595289707,0.993386447429657,-0.03338465839624405,0.06912790983915329,-0.07668447494506836,-0.08656042814254761,-0.1769072264432907,1.5171562433242798,0.020695481449365616,0.006087080410497793,-0.07384490479267665,-0.09658724608774773,-0.06604445150048129,1.5212633797626354,-0.013908214074287962
43.38479,1785483574.384,-0.061495643109083176,0.0801628977060318,0.3530000150203705,-0.06129564191095511,0.08043348512385348,0.3532316391359244,0.6995614039125283,0.2134119605983717,0.19898884120677734,0.6522826214952194,0.709732025641104,0.172710826212971,0.17175664621167755,0.6610227505693922,23.503177816135405,23.919086576140803,83.27364921569824,1,0.457400738564773,-0.010312790685937963,0.7268149920536382,0.12139760245743428,-0.03409824458110815,0.9790718629469697,-0.1597442300041666,0.45703932642936707,-0.012090557254850864,0.726163923740387,0.11033260822296143,-0.015590209513902664,0.9913354516029358,-0.06955303251743317,0.15908077359199524,-0.08624555170536041,-0.05441243201494217,-0.3477802276611328,1.504386305809021,0.07634168863296509,0.050986118562591845,-0.07641831052953187,-0.08766105604072343,-0.1462717510096241,1.5176472371364622,0.011364349313694289
43.593817,1785483574.551,-0.061877574771642685,0.08054465055465698,0.3530000150203705,-0.061363093136062044,0.08042978309652532,0.35320392108351584,0.70074261305133,0.21577568100603312,0.20011624387774615,0.6498877862190051,0.7031654175243528,0.20481782180031335,0.19326962850521792,0.6528820001870419,23.793726486641688,23.950993725420417,101.78589820861816,1,0.4574101499053433,-0.010171128027485595,0.7268752707377988,0.13417667456881263,-0.047444044199947515,0.9602032748358672,-0.2403234355323769,0.45675498247146606,-0.011629712767899036,0.7252893447875977,0.11299218237400055,-0.022817552089691162,0.9875832200050354,-0.10673075914382935,0.24876736104488373,-0.09546501934528351,-0.0071931579150259495,-0.5298389196395874,1.497180461883545,0.14211402833461761,0.09525193640960304,-0.08044270236818293,-0.07404498520789271,-0.22879150339261828,1.5122167531485617,0.03797322095802764
43.709739,1785483574.718,-0.061495643109083176,0.07939939200878143,0.3530000150203705,-0.06139693603469791,0.08029468057990248,0.35317848468869834,0.702068219162708,0.22336523029910324,0.20500097550370233,0.6443467929443452,0.7018536033491439,0.2155584167209362,0.1987185882948116,0.649189503236692,23.794331956542447,23.929909863429778,85.906982421875,1,0.45741557576395736,-0.01006995861792531,0.7269168826692215,0.14103674215370116,-0.05376531391140053,0.9487811762568775,-0.27754676716419346,0.4560781717300415,-0.011530902236700058,0.7234371900558472,0.11962457746267319,-0.034729763865470886,0.9763825535774231,-0.17652471363544464,0.2883166968822479,-0.09945740550756454,0.019410403445363045,-0.6145383715629578,1.4958876371383667,0.1734565645456314,0.17534137932253765,-0.08827991926165747,-0.03916788566640883,-0.3843535636492557,1.5043722733830995,0.09230380320240189
43.863768,1785483574.918,-0.06208314001560211,0.08031648397445679,0.35200002789497375,-0.06149241866858866,0.08028167465683861,0.35301920705720485,0.7013132820449015,0.2015101305262931,0.18883148973621006,0.6571879610938475,0.7017883131535212,0.2130585285640898,0.1986245494842178,0.6501134633811484,22.96531514319033,23.79838598340931,79.82206344604492,1,0.45761817996855797,-0.010018884249957151,0.7269548864800968,0.1445273639491933,-0.05701047998471522,0.9447682318845008,-0.2885734469136825,0.45630836486816406,-0.011479783803224564,0.7240180373191833,0.1293453723192215,-0.04499353468418121,0.9623666405677795,-0.23472511768341064,0.29981735348701477,-0.10200107842683792,0.029494376853108406,-0.6402872204780579,1.4922608137130737,0.18129047751426697,0.2396844594722107,-0.09464590334251329,-0.005805237181593042,-0.5154513562907023,1.499539994830502,0.13852295991093352
44.019611,1785483575.051,-0.06246398761868477,0.08107782900333405,0.35200002789497375,-0.06158084201751888,0.08036857296516522,0.352888260209711,0.7087565143470375,0.17958519412658014,0.16756407063462203,0.6613135743756601,0.7061575293359947,0.19850362727199844,0.1844811931870939,0.6541441302054231,23.010727001413073,23.840915129163257,78.2926082611084,1,0.4576376604960877,-0.009875722271487426,0.7271938423806328,0.14287992124923926,-0.056068580922887946,0.9455882931204156,-0.28688747315057883,0.4568416476249695,-0.010994739830493927,0.7251531481742859,0.13655437529087067,-0.051061369478702545,0.9536964297294617,-0.26307570934295654,0.29819804430007935,-0.10002436488866806,0.025613484904170036,-0.6357810497283936,1.4958335161209106,0.17993752658367157,0.2710558910860322,-0.0984831659117669,0.012611120623885214,-0.5805785855789436,1.4957424234760783,0.16083490288439298
44.129719,1785483575.218,-0.06246398761868477,0.08145850896835327,0.35200002789497375,-0.0616256282422452,0.08044650475641368,0.35284548087101825,0.7095348098559789,0.18837346687212495,0.17423766559789444,0.6562903522589772,0.7070141666757039,0.19598260233240491,0.1819316155165491,0.6546928096278567,24.110076542613573,23.892616604198842,31.69536590576172,1,0.4575072660954086,-0.009743372944658596,0.7273904241430688,0.14294589749067088,-0.053489586512735346,0.951596439885638,-0.26677621731005685,0.4571855962276459,-0.010526289232075214,0.726030707359314,0.13937260210514069,-0.053381793200969696,0.9499974250793457,-0.27428194880485535,0.2784698009490967,-0.10232846438884735,0.01513491291552782,-0.5919301509857178,1.488763689994812,0.16459240019321442,0.2837735151750595,-0.0992053457040788,0.018703851664026265,-0.60644415717917,1.4957851057546483,0.16978560543179214
44.269839,1785483575.285,-0.06170228496193886,0.08221985399723053,0.35200002789497375,-0.06168401636225382,0.08076170807873567,0.352755146748998,0.712264573109225,0.1747984336623183,0.15350988393115347,0.6622381754460983,0.7093503596199486,0.18684312959536928,0.1691725097150768,0.6582494771640612,23.96866241958499,24.00133629078576,81.78091049194336,1,0.45739031496340893,-0.009676406135947696,0.7274547177926445,0.14302185495487557,-0.05320856928144191,0.9525967370913975,-0.26319774627285725,0.4573158919811249,-0.010208762250840664,0.7265775203704834,0.14082422852516174,-0.053426049649715424,0.9506643414497375,-0.27120375633239746,0.2750551402568817,-0.10300689190626144,0.013553144410252571,-0.5841246247291565,1.4874871969223022,0.16159841418266296,0.28160155165279954,-0.1004843133826942,0.01724252176978726,-0.6005005033795046,1.4929097657868378,0.16765893392362075
44.423252,1785483575.452,-0.06170228496193886,0.08221985399723053,0.35200002789497375,-0.061697897717112773,0.08090276948824844,0.35273682105843607,0.7193231526188497,0.11857766582296632,0.0940809797746105,0.6779840031439571,0.7142002097024863,0.15806561474152558,0.13333647770499152,0.6686962730646362,24.21469255679376,24.073066011488756,66.3294792175293,1,0.45691748450615066,-0.009589634985407651,0.7275906511858475,0.14577606956273487,-0.05019975910953042,0.9564307970237438,-0.24793033745936024,0.45734721422195435,-0.009965249337255955,0.7269784212112427,0.14183926582336426,-0.053325459361076355,0.951582133769989,-0.26744988560676575,0.2604477107524872,-0.10791737586259842,0.009985124692320824,-0.5522448420524597,1.4779635667800903,0.15412168204784393,0.2785341217720286,-0.10166631476579932,0.0155140663837369,-0.5928274111351296,1.49036897234224,0.16481922034712268
44.501295,1785483575.618,-0.06034984439611435,0.08168992400169373,0.3530000150203705,-0.06157379528869457,0.08093775843269228,0.35275358995032835,0.7199325227505503,0.10555089434770604,0.06458171871722766,0.6829241341437252,0.7165148047455803,0.14232073905406897,0.11266256760226602,0.6735417490228585,24.79280132104269,24.227280177644907,70.98722457885742,1,0.4567058825168273,-0.009569162971410113,0.7276183259796062,0.151163684896381,-0.03996368389334053,0.9665893483306456,-0.20311936400047828,0.457157164812088,-0.009839003905653954,0.7271743416786194,0.14337213337421417,-0.052054304629564285,0.9536345601081848,-0.25945326685905457,0.21387475728988647,-0.11664941906929016,-0.0027108241338282824,-0.45596104860305786,1.4552621841430664,0.13033466041088104,0.2711274958522323,-0.10422621647207016,0.013250194082897725,-0.5762084144757215,1.485288834710484,0.1604384685069917
44.658057,1785483575.685,-0.060520805418491364,0.08192133158445358,0.3540000021457672,-0.061391956972635955,0.08105657128561328,0.35287508521432526,0.7093902086974543,0.056562823745356774,0.028928157994559365,0.7019468216675505,0.7157303692443646,0.08549038275306663,0.05669534103833491,0.6908017597709248,25.143441670505915,24.741526867557116,85.68525314331055,1,0.45665367642668736,-0.009755390719151222,0.7275931440770507,0.1547315516091434,-0.03464877321484612,0.9712105798647059,-0.1777853171951916,0.4567650258541107,-0.009884885512292385,0.7269589900970459,0.14714130759239197,-0.045248258858919144,0.9615676403045654,-0.22735367715358734,0.1858265995979309,-0.12200251966714859,-0.007354669738560915,-0.40054163336753845,1.4414979219436646,0.11450186371803284,0.23852015992967757,-0.11130164508326107,0.004159914159362376,-0.5077235967670081,1.4681876726384677,0.1432933621689007
44.814716,1785483575.852,-0.05975477024912834,0.08153849095106125,0.3540000021457672,-0.0611258273571896,0.08111380514778327,0.35304460914690977,0.7084299758435142,0.023814022962447064,0.02369808615195203,0.7049810368722245,0.7111397500024819,0.04396116503031891,0.031701853577060964,0.7009583899315018,27.31156228721421,25.83302879325157,26.623010635375977,1,0.4564757411728029,-0.010028362607610981,0.7274109446865724,0.15391731987222446,-0.011164640667104778,0.9828952287118432,-0.10050760577000763,0.45638689398765564,-0.010155915282666683,0.7263547778129578,0.149703711271286,-0.03744635730981827,0.9688330292701721,-0.193775936961174,0.09684620797634125,-0.1233312338590622,-0.02977164462208748,-0.22683681547641754,1.4312578439712524,0.0725666880607605,0.20213168130490625,-0.11701721526822703,-0.0040888129906995075,-0.43443595292379783,1.4532395391655206,0.12407922935067218
44.891946,1785483576.019,-0.05953947454690933,0.08061708509922028,0.35500001907348633,-0.06102566951139562,0.08107652719516233,0.3532107998838522,0.7045826197377953,-0.0036514511366021393,-0.012825638658797859,0.7094966538758419,0.7087969604007333,0.024235284698477973,0.013249148910206369,0.7048716052980291,27.485836256773098,26.256699782753522,69.0009593963623,1,0.45639031625537463,-0.010427595101127615,0.727156575144051,0.14180687143131385,0.005455440609601735,0.988319456946385,-0.0555490810348893,0.4560045301914215,-0.01044776476919651,0.7255365252494812,0.14948557317256927,-0.028413504362106323,0.9750329256057739,-0.16173279285430908,0.042779333889484406,-0.11062812060117722,-0.05211375281214714,-0.1243680790066719,1.4539821147918701,0.0509270504117012,0.16592394647779654,-0.11918863747115074,-0.012920852609921223,-0.36304261884216127,1.4456800341882117,0.10636406504433242
45.047246,1785483576.085,-0.05953947454690933,0.0798492431640625,0.35500001907348633,-0.060837164640470266,0.08088572821090223,0.3534874954639074,0.7044666022480705,-0.03482970946074171,-0.03500525455531104,0.7080171818603396,0.7064755631182474,-0.008065993505786361,-0.01172447260711033,0.7075943436797703,27.910501827615047,26.92717764640885,77.76522636413574,1,0.45644626392395626,-0.010577644905337292,0.7269071833506875,0.14046880116740204,0.013449385433066069,0.9895567758393892,-0.029411176794181544,0.45557811856269836,-0.010808199644088745,0.7247262597084045,0.14318831264972687,-0.010299132205545902,0.9838849902153015,-0.10658936947584152,0.01155217457562685,-0.10932943969964981,-0.05559176206588745,-0.06567396968603134,1.4552197456359863,0.037089377641677856,0.10167898003590295,-0.11472262168954811,-0.03336759576723646,-0.23852538625586386,1.4500112553755902,0.07744240240885661
45.184667,1785483576.252,-0.05915537849068642,0.07908140867948532,0.35500001907348633,-0.06073540956192189,0.0807248580327409,0.35357037516273604,0.7079658461121306,-0.03655861511099172,-0.03637248122575119,0.7043613213467812,0.7071421004372542,-0.018560418401291804,-0.020803637480450197,0.7065215986263542,27.608390765046877,27.064959654453798,21.839380264282227,1,0.4567325655639611,-0.010859781252301377,0.7264917887023037,0.13449480444314238,0.02235650034750904,0.9906102472913905,0.010132740562312949,0.4556104838848114,-0.01081783790141344,0.7247684001922607,0.14090345799922943,-0.0003804881125688553,0.9871740341186523,-0.07505740970373154,-0.03641744330525398,-0.10228312015533447,-0.06359855085611343,0.02389473468065262,1.4671512842178345,0.009458541870117188,0.06477114881878511,-0.11251407573736177,-0.042468450699641634,-0.1677410086975069,1.452144184222125,0.06091743537683586
45.21779,1785483576.319,-0.05932201072573662,0.07930417358875275,0.35600000619888306,-0.06066607002184391,0.08062812393887252,0.35377200369387174,0.7084982679386381,-0.02359208314803236,-0.023473177558833186,0.7049273919177615,0.7075626415739785,-0.020110489690998604,-0.02162606783025289,0.7060332780000127,27.598331498802175,27.168140695379385,20.9197998046875,1,0.456974010390485,-0.011011978311767912,0.7263672064044762,0.13317537628965695,0.022969713949985614,0.9905357987191576,0.023990474087950193,0.45562756061553955,-0.01089552789926529,0.7243841886520386,0.13728617131710052,0.007705496624112129,0.9894378185272217,-0.04589137062430382,-0.05362636223435402,-0.10011813789606094,-0.0651378259062767,0.055859245359897614,1.4703614711761475,-0.005429335404187441,0.029972380640686434,-0.10899566889851744,-0.049734903183125914,-0.10183748104293766,1.4573051259106495,0.043220722288543185
45.297704,1785483576.386,-0.05932201072573662,0.0789191722869873,0.35600000619888306,-0.06057634407488682,0.0804589267575173,0.3539877138564944,0.7068013046881663,-0.020782581435085826,-0.020782581435085826,0.7068013046881663,0.7073302905293284,-0.020315763692582214,-0.021368457115858688,0.7062680219900734,27.33055130340169,27.207485615594226,28.970956802368164,1,0.4571190232313814,-0.011115637010691647,0.7260646009302301,0.13262604180527596,0.022552997902203335,0.9905754835176499,0.02572754894004983,0.45577600598335266,-0.010932025499641895,0.7243415713310242,0.13528341054916382,0.011997459456324577,0.9903658628463745,-0.027015293017029762,-0.0560445599257946,-0.09932705014944077,-0.06520328670740128,0.06003279238939285,1.4709988832473755,-0.008553532883524895,0.007317119185178571,-0.10658986856456737,-0.05390898749008279,-0.05910166927675967,1.4608433954775994,0.030036556965371775
45.438182,1785483576.486,-0.05932201072573662,0.0789191722869873,0.35600000619888306,-0.06047006407607075,0.0802880063631233,0.3542074558790611,0.7109356140894975,-0.027596590574140278,-0.017996005229872294,0.7024849639697911,0.7081526205821144,-0.02209671664988842,-0.02109835911123026,0.7053980864156013,27.030325545144013,27.188232945509313,72.052001953125,1,0.4573727617534984,-0.011249692761689056,0.7257407695597512,0.13230135840745683,0.02287398546981144,0.9906138115261944,0.025639964231914964,0.4563855826854706,-0.011018175631761551,0.7249090075492859,0.13312263786792755,0.018120642751455307,0.9909294247627258,0.002994383918121457,-0.05618782714009285,-0.0985914096236229,-0.06522557884454727,0.05979940667748451,1.470916748046875,-0.008084927685558796,-0.028769442903986996,-0.10245349942119596,-0.06034100883645908,0.00874931360222579,1.466627278760931,0.008058236991109368
45.515342,1785483576.619,-0.05932201072573662,0.07968917489051819,0.35600000619888306,-0.06039949928539343,0.08024068959068308,0.35433466357309434,0.7081986299152587,-0.03132223772368136,-0.031164371671494214,0.7046292641868152,0.7081742806751506,-0.02414605740021072,-0.023334356481314916,0.7052387283111029,27.012504319739563,27.143330975761298,63.48848342895508,1,0.4576291198036386,-0.011408573056320603,0.7254108785205151,0.13084177783007953,0.021823553989571583,0.9907999127703415,0.026827122838875322,0.4566306173801422,-0.011075261048972607,0.7250730991363525,0.13280442357063293,0.019423846155405045,0.9909098744392395,0.009128754958510399,-0.058105431497097015,-0.09652166813611984,-0.06668626517057419,0.06283523142337799,1.4734983444213867,-0.011973191983997822,-0.03619982510868294,-0.10140689094754972,-0.06166454268912872,0.022583890922575713,1.4677897249374217,0.0036834400897472457
45.655177,1785483576.719,-0.05893683433532715,0.0789191722869873,0.35600000619888306,-0.06025002813731547,0.08010135316615478,0.35448239070317245,0.7035206982335397,-0.03187649692989045,-0.022684741572986073,0.709597011408756,0.7078121029485948,-0.02655314888736297,-0.023304206996427664,0.7055167405100469,27.438197189547797,27.18128197797794,66.48826599121094,1,0.4577001037782734,-0.011514231968970548,0.7252199659393297,0.1308956926675718,0.02209860618643235,0.9907002351842534,0.02984984508433365,0.4571341872215271,-0.011242496781051159,0.725199282169342,0.13169772922992706,0.020691117271780968,0.9909039735794067,0.018354054540395737,-0.062018830329179764,-0.09644288569688797,-0.06612884253263474,0.06979396194219589,1.4731768369674683,-0.015118223614990711,-0.047628045024132946,-0.09885828281775258,-0.06428410227536656,0.04358314521708217,1.4707679294189266,-0.004484672179869459
45.732408,1785483576.853,-0.05816647410392761,0.07814917713403702,0.35600000619888306,-0.06010019027808942,0.07995913675799751,0.35454718722503936,0.7090706809789195,-0.02965566325922965,-0.020060363844091343,0.7042278699506214,0.7079806498344803,-0.02696631309381296,-0.022872290874984935,0.7053460680603554,28.634755997207215,27.548774649374895,23.688077926635742,1,0.45790928082147586,-0.011738016940885485,0.7249981117540012,0.1291423540352545,0.02276228072336899,0.9908667928527894,0.03141862174142413,0.4573225975036621,-0.011336869560182095,0.7251884937286377,0.13139033317565918,0.021179966628551483,0.9908534288406372,0.0223041120916605,-0.06424440443515778,-0.0941161960363388,-0.0681217759847641,0.07318278402090073,1.4766051769256592,-0.015793003141880035,-0.05257703150916979,-0.09802765458375351,-0.06491822874264443,0.05259705084068002,1.47159635272487,-0.00814154930452111
45.84444,1785483576.919,-0.05855165049433708,0.0789191722869873,0.35600000619888306,-0.0600215655878607,0.07991506346254071,0.3546088630371021,0.706939296572457,-0.03634756356944831,-0.026964594748901317,0.7058247631064186,0.707841059279151,-0.02826433631041519,-0.023438586840431683,0.7054167525218158,27.670626602813876,27.570285560878,20.743608474731445,1,0.45812288351687047,-0.01196239350476241,0.7249006495755862,0.12855123778375255,0.022520245567465375,0.9909489919944183,0.03142472066848996,0.4574783146381378,-0.011442732065916061,0.725127100944519,0.1307627558708191,0.02161392755806446,0.9908685088157654,0.02477055974304676,-0.0648002028465271,-0.09301618486642838,-0.06905387341976166,0.07333974540233612,1.477681040763855,-0.01679575815796852,-0.05573888744301403,-0.09696765327381708,-0.06578634883862487,0.05817578555760712,1.4729537440832838,-0.010215093107044427
45.88822,1785483576.986,-0.05832986533641815,0.07836870104074478,0.3570000231266022,-0.05992826543199527,0.07982605942140086,0.3547878316398835,0.7085700375049224,-0.02281110552138885,-0.022693164732652787,0.7049065013812692,0.707935276627709,-0.027568737602439688,-0.0233435367635465,0.7053528819707379,27.188983148002897,27.49339780424901,18.965959548950195,1,0.458189104480508,-0.012080188339141587,0.7248080341454595,0.12800337885746169,0.022839831472327272,0.9909713232984072,0.03270035931901292,0.4576510787010193,-0.011582287028431892,0.7250595092773438,0.13015258312225342,0.021864091977477074,0.9908967614173889,0.026570027694106102,-0.06655342876911163,-0.09226928651332855,-0.06959469616413116,0.07619395852088928,1.4787847995758057,-0.017777763307094574,-0.05819449570864401,-0.09589682913009875,-0.06667159962870375,0.062285224638146106,1.4742348414837185,-0.011998452219238826
46.003027,1785483577.053,-0.05755734071135521,0.07798261195421219,0.3570000231266022,-0.05968333355924187,0.07966008061080725,0.35498601054894263,0.7021815496957198,-0.041923328326204816,-0.04236022435026178,0.7094992016922684,0.7067180403881382,-0.030700042597769022,-0.027491135474210712,0.7062941003893376,27.20440478894234,27.418335837338553,23.281335830688477,1,0.45832260851600226,-0.012219819744523666,0.7245394142628193,0.12843939589569567,0.022656906958808214,0.9909364580425815,0.03217020781766908,0.45783373713493347,-0.011752049438655376,0.7249681353569031,0.12940147519111633,0.022203544154763222,0.9909288883209229,0.028674151748418808,-0.06630957871675491,-0.09259212017059326,-0.06860955059528351,0.0751698911190033,1.4771864414215088,-0.018034229055047035,-0.06106912722543257,-0.09464934192532903,-0.06767659332350882,0.06706844481286621,1.4757995720715873,-0.013985956127630263
46.106422,1785483577.153,-0.05523977056145668,0.07528004795312881,0.3570000231266022,-0.058820026160552576,0.07883680634258527,0.35519397219660787,0.686412178352161,-0.0735870007747546,-0.06698450330113362,0.7203723697118859,0.6991395909583812,-0.047555703749991865,-0.04409020454312451,0.7120381599737027,28.46659616515405,27.777420954417956,79.04410362243652,1,0.4585719148717746,-0.012586702050931833,0.724241792830654,0.12900994880585767,0.024853436908914256,0.9906379704941332,0.03708303113540892,0.458091139793396,-0.011999065056443214,0.7247450351715088,0.1288965791463852,0.022438470274209976,0.9909349679946899,0.03049589693546295,-0.07281796634197235,-0.09273117780685425,-0.06723862141370773,0.08610263466835022,1.475533127784729,-0.019831355661153793,-0.06380307770992018,-0.09357612501399137,-0.06816287748374844,0.07129500639149351,1.4765231061107364,-0.016097950634008637
46.262035,1785483577.286,-0.05423247441649437,0.07394226640462875,0.3580000102519989,-0.05781431485591181,0.07781739946197866,0.3556632698961044,0.6587866622741231,-0.14890855675819503,-0.1521307449887744,0.7215834059643225,0.6831532246553885,-0.09629272010307881,-0.09780878653996886,0.7172606394984136,28.003444159355826,28.169152734812346,81.92849159240723,1,0.4598086374555261,-0.01387955973101375,0.7239283047248992,0.12811671127937416,0.03730983252362147,0.989283133332571,0.05927028590877112,0.4583408534526825,-0.012307660654187202,0.7244719862937927,0.12894408404827118,0.023698940873146057,0.9907877445220947,0.03393164277076721,-0.1005283072590828,-0.08885877579450607,-0.06794261932373047,0.13403728604316711,1.4778200387954712,-0.020824722945690155,-0.06850615367906396,-0.09313539029507183,-0.06767988147865693,0.07902021504164429,1.4760066313491256,-0.01804567585806425
46.40345,1785483577.453,-0.05244183540344238,0.07337232679128647,0.359000027179718,-0.056565616070957114,0.07689955785353184,0.3562770773163704,0.6549114461635268,-0.15608085583761455,-0.18204330738002425,0.7166519366911234,0.6655064817135093,-0.13594009578163566,-0.15205820735576514,0.7179830880542643,30.094751917211912,28.972238829504448,72.7229118347168,1,0.4613395706586633,-0.015385398550167389,0.7232224815461895,0.12899745833128307,0.061676248327894825,0.9812607530328328,0.1291628069287087,0.45899698138237,-0.013024397194385529,0.724128246307373,0.12845201790332794,0.03007519617676735,0.9902006983757019,0.04580515995621681,-0.1825794130563736,-0.08508320152759552,-0.05498219653964043,0.2875477075576782,1.481667399406433,-0.0496157743036747,-0.08351041329932717,-0.09113156562362418,-0.06780276307148324,0.10479896661508781,1.4768563197287776,-0.019347822317469208
46.498208,1785483577.62,-0.05205341428518295,0.07337232679128647,0.359000027179718,-0.056120675502560106,0.07663879428034323,0.3564452145155799,0.6493538153259537,-0.16022439223918414,-0.18881501671359435,0.7190387027946801,0.6590724727043431,-0.14591586533262885,-0.16714326780146854,0.7186064040879817,28.86698057902844,28.95241203491593,23.430347442626953,1,0.4627185578992786,-0.017255877948744676,0.7222998796757807,0.1361804847105562,0.08319094823050326,0.9680377949642462,0.19348635413710163,0.4596182405948639,-0.01375525537878275,0.7227949500083923,0.12741203606128693,0.0429733544588089,0.9876852035522461,0.07998396456241608,-0.2571474611759186,-0.08770141005516052,-0.025579456239938736,0.43069976568222046,1.4756925106048584,-0.08169527351856232,-0.12408014351645573,-0.08865472864408501,-0.06255231256746124,0.17963641777096717,1.4788265049675746,-0.03174284980824048
46.624535,1785483577.686,-0.051664985716342926,0.07337232679128647,0.359000027179718,-0.055440261880992436,0.0762498846406568,0.3567129324910786,0.643725511150298,-0.16522436974197757,-0.19651462455470353,0.7209024734829101,0.6505221370520969,-0.1572518157110732,-0.18426799414651673,0.7198181173004489,29.525263464736966,29.23453961637989,72.6771354675293,1,0.4631105600957186,-0.017922562464602512,0.7220470838334512,0.1388197828714863,0.09042851107047212,0.9634588137699813,0.21047295892354304,0.46026554703712463,-0.014554113149642944,0.7208108305931091,0.12852713465690613,0.059127625077962875,0.9817913174629211,0.12676970660686493,-0.27654704451560974,-0.08926893025636673,-0.015288971364498138,0.46856847405433655,1.4726951122283936,-0.08782913535833359,-0.17857251002859678,-0.08826436974445279,-0.047411200338886024,0.28244939021838433,1.4775431029360986,-0.052198864665327235
46.782907,1785483577.82,-0.051664985716342926,0.07376056909561157,0.359000027179718,-0.05489649398975582,0.07599465674864925,0.35692195243048797,0.6430749986071033,-0.17126829400448307,-0.19209224132583122,0.7212643679384741,0.6466544491084345,-0.16764490995874162,-0.1937876830526657,0.7184563601989143,28.68376297483732,29.029084928171045,64.96405601501465,1,0.46369522148055564,-0.01894208967954969,0.7216446170148813,0.14173339420783043,0.09986188988292045,0.9577173293401877,0.2296013174980442,0.46155497431755066,-0.016012301668524742,0.7205518484115601,0.13303647935390472,0.07676807045936584,0.9725649356842041,0.17471516132354736,-0.2984679341316223,-0.09080368280410767,-0.0028926837258040905,0.5110982060432434,1.469055414199829,-0.09280215203762054,-0.23437216994273977,-0.08883654019709292,-0.029116129991349018,0.3884503332745654,1.4747820132624452,-0.07249146898356174
46.905933,1785483577.953,-0.051664985716342926,0.07298408448696136,0.359000027179718,-0.054573784925488485,0.0756445539110057,0.3570997891566064,0.6463083537247194,-0.17123985795622568,-0.2011889326238291,0.7158808813919106,0.6457867026317696,-0.1693045464323622,-0.19528096791900232,0.7184433511627316,30.12303963615651,29.271518189769825,73.43077659606934,1,0.46407910615627584,-0.019757004406234308,0.721330446138151,0.14032535575015154,0.10341597515609711,0.95415424859049,0.24331790010770782,0.46264076232910156,-0.01744767650961876,0.7207699418067932,0.13742496073246002,0.08981569856405258,0.9646549820899963,0.20612706243991852,-0.31385111808776855,-0.08734528720378876,0.0013025326188653708,0.5405131578445435,1.4754759073257446,-0.10049857944250107,-0.2708767345497273,-0.0899569384433005,-0.014180566599101295,0.4583023293877868,1.471520527321102,-0.08405906432530756
47.048327,1785483578.087,-0.05205341428518295,0.07220759987831116,0.359000027179718,-0.054264750040103074,0.07521541573754127,0.35728988638406944,0.6507046915123726,-0.15561738832104458,-0.17286641063978345,0.7228304344508765,0.6466959097055819,-0.16683915067620167,-0.18988407826523174,0.7196479243304165,30.128460961056792,29.38423830398778,69.86403465270996,1,0.4646048108392625,-0.02024012136835252,0.7210630598571902,0.14007650507242572,0.10429877503888908,0.9535493825659929,0.24544635515748817,0.4632544219493866,-0.018419502303004265,0.7208427786827087,0.13849467039108276,0.09617447853088379,0.9599852561950684,0.2236025184392929,-0.3166414499282837,-0.08573299646377563,0.0014960808912292123,0.5450984239578247,1.4760887622833252,-0.1016821563243866,-0.2910127417745186,-0.08873324127183989,-0.0069256704819663185,0.4968229524775026,1.4733738562206975,-0.09176194532278532
47.140752,1785483578.253,-0.05244183540344238,0.07298408448696136,0.359000027179718,-0.05415546847426048,0.07511912331120227,0.35736041970385557,0.643799371292293,-0.17324517320579386,-0.20436601654164793,0.7167586837753984,0.6461217531513629,-0.1681435305626758,-0.19282880428112642,0.7190768286310155,29.025949724771646,29.31292968313128,23.49233627319336,1,0.465249019954986,-0.02070252982980233,0.7207771910438414,0.13833752084120549,0.10378647751105581,0.9552790836602196,0.239860312962873,0.46378815174102783,-0.01912303827702999,0.7208698987960815,0.13904155790805817,0.09949714690446854,0.9574346542358398,0.23256556689739227,-0.31117865443229675,-0.08292102813720703,-0.003911206964403391,0.5320658087730408,1.477237582206726,-0.09659028053283691,-0.30150789560315433,-0.08750464293720202,-0.0034765724739199955,0.5165922354023637,1.4744856374024042,-0.09582436713528568
47.252297,1785483578.32,-0.05244183540344238,0.07337232679128647,0.359000027179718,-0.054062520855168786,0.07502232594479177,0.35742763276895706,0.647288316388644,-0.1674524745980541,-0.1969992969560821,0.7170556332785847,0.646325096023276,-0.1680239935434708,-0.1935522227112496,0.7187275874263779,29.066902416505467,29.266371095876224,22.424936294555664,1,0.4653936320142444,-0.020866179141689905,0.7206712054422569,0.1393158771960657,0.1041774657767564,0.9543347630670939,0.24286478128188377,0.46418464183807373,-0.019546838477253914,0.7208393812179565,0.13884195685386658,0.1006593182682991,0.9568594098091125,0.23454351723194122,-0.3146938979625702,-0.08331313729286194,-0.0014389114221557975,0.53919917345047,1.4761598110198975,-0.09997003525495529,-0.30412861384011924,-0.08626251349005942,-0.0035940715217223354,0.5207855670492685,1.4752314144443754,-0.09603192603609213
47.359019,1785483578.387,-0.05336692929267883,0.07279805839061737,0.36000001430511475,-0.05391262817998044,0.07474374951653112,0.35770417691560225,0.6560331680315524,-0.13621967172897637,-0.1725417493593829,0.7220069447065857,0.6498476679521414,-0.1563195701477642,-0.18474323083718563,0.720508250546668,29.21553416023763,29.10672029896883,82.46898651123047,1,0.4655389663996778,-0.021005328292207248,0.7205702091592604,0.13988540811152522,0.10384762920681338,0.9541630324711446,0.2433529329411619,0.46487128734588623,-0.020289786159992218,0.7207343578338623,0.1390957236289978,0.10266229510307312,0.9554346203804016,0.2392854392528534,-0.3155708312988281,-0.08339354395866394,-0.0006906677735969424,0.5406931042671204,1.4752881526947021,-0.10192049294710159,-0.31014577753290923,-0.08458281030667929,-0.002366019608258498,0.5312727000423817,1.475760166736259,-0.09827480073895273
47.454677,1785483578.554,-0.05468693748116493,0.07260987162590027,0.36100003123283386,-0.05399235205122476,0.07464110160858951,0.3580158005456661,0.6665725438128663,-0.11276936875418142,-0.12291405918838258,0.7265371617195245,0.6547454719150946,-0.14466545653184784,-0.16817551454920035,0.7225629861812907,27.97443494017448,28.840463223981395,17.91977882385254,1,0.4659568413295377,-0.021229335389285876,0.7201549534539042,0.14272409242818998,0.10077950693954416,0.9575764711214183,0.22917379077072336,0.46522337198257446,-0.020645475015044212,0.7206036448478699,0.1397368162870407,0.10291650891304016,0.9551910161972046,0.23977461457252502,-0.3018178641796112,-0.08652862161397934,-0.003337169997394085,0.5113165974617004,1.4648288488388062,-0.09633173793554306,-0.31131236089824876,-0.0843391198475799,-0.0018452477962788664,0.5327490489806893,1.4744930699233716,-0.09942414188687866
47.562093,1785483578.62,-0.0554681159555912,0.07221946120262146,0.36100003123283386,-0.05415463640136176,0.07449734728278323,0.35825483195975255,0.6736831156605889,-0.10448456465435349,-0.12269319461173277,0.7212353398293785,0.6620189005062527,-0.12995454105312804,-0.151525735483848,0.722414523745365,26.30713809846441,28.06984504437608,30.256271362304688,1,0.4661102274167109,-0.021109320785996644,0.7196874353279928,0.1403642118248763,0.09621381660259419,0.9628700709948282,0.209575799929186,0.46541884541511536,-0.020799387246370316,0.7204681634902954,0.14053091406822205,0.10234630107879639,0.9558525681495667,0.23690101504325867,-0.2807009220123291,-0.08519912511110306,-0.013609505258500576,0.46731501817703247,1.4634758234024048,-0.08356183767318726,-0.3087393161252371,-0.08493249504261546,-0.0022493621338867662,0.5269408478663127,1.4718740660094545,-0.09858609798419746
47.653484,1785483578.687,-0.05585870519280434,0.0737810879945755,0.36100003123283386,-0.05457099132196412,0.07433760859792932,0.35865770053444496,0.6934701055010422,-0.03973909435477914,-0.051258800579029755,0.7175601386082108,0.6787476523353632,-0.08345333551821195,-0.09989594049941498,0.7227433613059722,26.271890987426033,26.624226410741024,66.43891334533691,1,0.4663251662316176,-0.020865409175871232,0.7193288019741905,0.14016532315115968,0.08815592105539849,0.9680613433723945,0.18825368850792865,0.46562451124191284,-0.0208660326898098,0.7201012969017029,0.1403336375951767,0.10024619847536087,0.9583799242973328,0.22751939296722412,-0.25778132677078247,-0.08533691614866257,-0.022027429193258286,0.4210609793663025,1.4592223167419434,-0.0770590677857399,-0.2990968664882993,-0.08502421501118516,-0.006155864353684133,0.5064355192990616,1.4689859103768899,-0.09341925186928969
47.731198,1785483578.854,-0.0554681159555912,0.07456190139055252,0.36100003123283386,-0.054617492067655794,0.07435832130148937,0.35878144535395373,0.7031647576056174,-0.011059824690390671,-0.011180750359338066,0.7108530050303321,0.685691983866275,-0.0655768558402582,-0.07798599889719521,0.7207248873291701,26.086679217539363,26.513053738565937,20.092487335205078,1,0.4665632635305828,-0.02024025805971571,0.7187245417580604,0.13969119263180893,0.06765315867385563,0.9804528363319482,0.12092004197481517,0.4658411145210266,-0.020781025290489197,0.7195739150047302,0.13998067378997803,0.09531357884407043,0.9626008868217468,0.21147167682647705,-0.18292884528636932,-0.0873655304312706,-0.04180311784148216,0.27280479669570923,1.4468027353286743,-0.04442253336310387,-0.28217768255668435,-0.0851523026771035,-0.012655104409257248,0.4714737908291786,1.464987621147443,-0.08671958933736829
47.918367,1785483578.921,-0.05531446263194084,0.07785928249359131,0.36000001430511475,-0.05466240164106486,0.0751875035267635,0.3589523194763224,0.7113178840717581,0.013533246730146192,0.022621327563221036,0.7023759638341103,0.7039318330582847,-0.01506894972694147,-0.01347383454778607,0.7099798285471983,24.717748135006065,25.76768108452255,102.01787948608398,1,0.46653192632464624,-0.020170484555595447,0.7185389780272746,0.13795019594817345,0.057685767247417585,0.9842972524290191,0.09381372264024784,0.46585190296173096,-0.020092740654945374,0.7179265022277832,0.13822390139102936,0.07962405681610107,0.9741411209106445,0.1600102186203003,-0.1525685042142868,-0.08626051992177963,-0.049330536276102066,0.21295525133609772,1.4469983577728271,-0.03422906622290611,-0.22565214236121975,-0.08641285558103166,-0.02925539585866585,0.358325302276087,1.4546307323912482,-0.06263002509070344
48.044151,1785483579.087,-0.05516081303358078,0.07997246831655502,0.359000027179718,-0.05469314424229485,0.07640524584125347,0.35896054799773935,0.7125690686319696,0.029796798701460778,0.038440801663917674,0.6999141218632093,0.7107407529281227,0.011988700019745429,0.02148678460834516,0.7030235922685643,25.2255901948129,25.4168255373242,66.73216819763184,1,0.46528783109245303,-0.020105014813785297,0.7182837403692615,0.13065275518033484,0.026615724169536514,0.9909461426354033,0.015722696547782987,0.46588221192359924,-0.019969843327999115,0.7175679802894592,0.13738374412059784,0.07207057625055313,0.9783051013946533,0.13729770481586456,-0.06451639533042908,-0.08282331377267838,-0.06349850445985794,0.04117142781615257,1.4563709497451782,-0.01014785561710596,-0.2005186317599781,-0.08636050429698512,-0.03615887242462472,0.3083325623771017,1.4520059587599732,-0.05286293280048353
48.120863,1785483579.254,-0.05516081303358078,0.07958422601222992,0.359000027179718,-0.05470406788033522,0.07658995397454826,0.3589618461479906,0.7100949723163572,0.016753447273943012,0.034810821862228516,0.7030452751969445,0.7105992429055058,0.01312877053809032,0.024674633601366583,0.7030416159964633,24.85070468500283,25.351941351982884,24.46746826171875,1,0.46346113629020086,-0.020061825098975104,0.7182729533725922,0.12607438319025258,0.011109101805980558,0.9916031251324946,-0.026553342308116356,0.46497535705566406,-0.019608326256275177,0.7159166932106018,0.13273943960666656,0.0562528632581234,0.984911322593689,0.09573660790920258,-0.016344260424375534,-0.0828501284122467,-0.06423168629407883,-0.05169377103447914,1.4646695852279663,0.004989937879145145,-0.15374744960892275,-0.08514407930688458,-0.045560822995337175,0.21645585704305617,1.4535070791597853,-0.03817321695067284
48.199971,1785483579.288,-0.05477239191532135,0.07958422601222992,0.359000027179718,-0.05470895589614548,0.07694765190998015,0.35896485859590926,0.712481893769592,0.03238883908741523,0.041030731570734065,0.6997406614023768,0.7114413286508297,0.02116745799447761,0.03150234765494542,0.7017198705336919,25.144337382040415,25.301679210134637,25.1619815826416,1,0.4631840466357982,-0.020045883168502712,0.7182712458005154,0.1246926058597512,0.010805714428554552,0.991693998019874,-0.029631146973270652,0.4637325406074524,-0.01948310248553753,0.7148000001907349,0.1280936598777771,0.04045744240283966,0.9894706606864929,0.05388009548187256,-0.012672063894569874,-0.08198783546686172,-0.06520512700080872,-0.0586819127202034,1.46770179271698,0.00781156774610281,-0.10649448736905605,-0.08435520713666167,-0.05198155315536846,0.12423920807490575,1.4573458649966327,-0.023329407148527645
48.277076,1785483579.388,-0.05516081303358078,0.08036071807146072,0.359000027179718,-0.05473012081207024,0.07726931896257248,0.3589666007133284,0.7111200423539978,0.01854392353355779,0.02741375865799998,0.7022911747264599,0.7113572096808506,0.02046695460644104,0.030410660218584178,0.7018740739970967,24.87107436251945,25.21974897464837,27.681350708007812,1,0.4626474850513097,-0.02003940973508895,0.7182671816947295,0.12572635619748807,0.007887670345387187,0.9912339272125809,-0.03982423328262506,0.46328669786453247,-0.019564608111977577,0.7149522304534912,0.12619613111019135,0.03226823732256889,0.9909860491752625,0.03130483254790306,-0.0009269459987990558,-0.08454369008541107,-0.06178221106529236,-0.08124592900276184,1.465286374092102,0.01331258937716484,-0.08106859983800258,-0.08371367047130865,-0.05556492807282468,0.07466759208085413,1.4601523214088468,-0.014890201962304898
48.371469,1785483579.454,-0.05500715970993042,0.0805240273475647,0.3580000102519989,-0.054741373215505366,0.07754594384118446,0.3588892916836395,0.7120247864393516,0.005820163801032491,0.023869904403187675,0.7017243453473078,0.7115409673534289,0.01681248475406246,0.028779212399705198,0.701853652172441,24.673671819486735,25.111023772852953,32.640933990478516,1,0.46216493216638604,-0.02000843506493256,0.718264987127228,0.1259793562740018,0.008225458134410826,0.9912480621035307,-0.0385852693040024,0.46281787753105164,-0.019696544855833054,0.7154354453086853,0.12521061301231384,0.023792622610926628,0.9918212294578552,0.006851460784673691,-0.002279982902109623,-0.08583579957485199,-0.06064768508076668,-0.07852024585008621,1.4648663997650146,0.01271146535873413,-0.053507874754149226,-0.08399915835733136,-0.0577026002734712,0.021048942080805946,1.4619179221266183,-0.0051912600612609265
48.496133,1785483579.521,-0.055703967809677124,0.08097387850284576,0.36000001430511475,-0.05484045381056424,0.07806516169117794,0.3589472431596132,0.7104253610619602,0.017260266187864193,0.01708844583797748,0.7033533070868083,0.7113580909626674,0.016917215136072528,0.027226259773116726,0.7020984297324385,23.99206933636569,24.55818319845342,25.485754013061523,1,0.4617500661678684,-0.01999226699352146,0.7183813065388255,0.12449803720935998,0.008575935723465098,0.9915690349792947,-0.03489327911954283,0.46245694160461426,-0.019792083650827408,0.7161656618118286,0.12500791251659393,0.018428441137075424,0.9919489026069641,-0.008409854955971241,-0.006609189324080944,-0.08499395847320557,-0.062392961233854294,-0.07013309001922607,1.468482255935669,0.009101868607103825,-0.03632351519133405,-0.08454663757458987,-0.058889507334154004,-0.01235418185352102,1.463293489203528,0.0006045293368378272
48.609976,1785483579.721,-0.05554923787713051,0.07958422601222992,0.359000027179718,-0.054859335372675504,0.07811500127292767,0.35894844927847125,0.7077030737521454,0.012356760018270508,0.02142691733659178,0.7060768776111191,0.7109965097810549,0.016462795241603746,0.026648414192451144,0.7024975455281098,24.522314155644658,24.554461093538915,16.260385513305664,1,0.46097092917374,-0.01984486127504829,0.7182950931162956,0.12564238056809449,0.009017737869198496,0.9914554266595675,-0.03389409323465727,0.4621809124946594,-0.01985596865415573,0.7168380618095398,0.12472312897443771,0.015011978335678577,0.9919233918190002,-0.017517486587166786,-0.007389455568045378,-0.08799710869789124,-0.05921337008476257,-0.0680687204003334,1.465986967086792,0.009349687956273556,-0.02610476247628328,-0.08470051601826392,-0.0600938840674565,-0.03222434725509259,1.4650779060827113,0.003526766170962231
48.652766,1785483579.755,-0.05500715970993042,0.0805240273475647,0.3580000102519989,-0.054866801918750624,0.0782489017115953,0.3588773177202962,0.7120984185685686,-0.0004544928058663753,0.01786817500326744,0.7018520955518233,0.7112257174891228,0.013250696321512635,0.024981811374714374,0.7023946945482402,24.85795444840673,24.615268803567467,31.592130661010742,1,0.4608961229946,-0.019816658140654083,0.7182933579458213,0.12571465584376323,0.009648767876687593,0.9914624474087729,-0.03324066730305492,0.4618411362171173,-0.019848914816975594,0.7172028422355652,0.12493320554494858,0.01338195614516735,0.9918318390846252,-0.021959025412797928,-0.0080037210136652,-0.0882035568356514,-0.059046030044555664,-0.06676957756280899,1.4658759832382202,0.010040389373898506,-0.021032918507372926,-0.08559391779721119,-0.059855005377776896,-0.04193817282931919,1.465324261614817,0.0051047790051671595
48.792297,1785483579.821,-0.05516081303358078,0.08074896037578583,0.359000027179718,-0.05489663363468078,0.07851429776108962,0.35889100932873236,0.714824058448272,0.014640558003422989,0.023455072992186937,0.6987575252373467,0.7113957890353617,0.013596682081176814,0.02444393518202915,0.7022347581912728,24.890355289154634,24.6504566440597,77.38733291625977,1,0.4606953446021813,-0.01980582195537144,0.7184002287031546,0.12457099269808333,0.009872256979326347,0.9917135123167657,-0.029814691155410775,0.4613936245441437,-0.019829725846648216,0.7176948189735413,0.12527523934841156,0.011630301363766193,0.9916796088218689,-0.027248362079262733,-0.012070005759596825,-0.08728305995464325,-0.060688089579343796,-0.05895893648266792,1.4686963558197021,0.006485279183834791,-0.014927983182315464,-0.08681674297631709,-0.059475382555780415,-0.053573153784329926,1.465582775746957,0.00741740589004453
48.950981,1785483579.988,-0.05516081303358078,0.07958422601222992,0.359000027179718,-0.054917854371253835,0.07862027911404446,0.35890020712474324,0.7130776532398011,0.012754016584299484,0.021697945720453173,0.7006331384273068,0.711454119337819,0.013858284370340212,0.025347340982243293,0.7021385164885124,24.51164733110632,24.692713816529885,85.74771881103516,1,0.46029716214129535,-0.019761704777456385,0.718380043929442,0.12518934433397785,0.009661903727133773,0.9916430742825796,-0.029635939482169634,0.4610659182071686,-0.019818086177110672,0.718024730682373,0.12494540214538574,0.010807203128933907,0.9916967153549194,-0.028451085090637207,-0.012231359258294106,-0.08885320276021957,-0.059054337441921234,-0.05850759148597717,1.4673621654510498,0.00594707578420639,-0.013588866286364389,-0.0870353009450063,-0.06004297860771798,-0.0560967149764367,1.4670416717122623,0.0069806519657888075
49.028312,1785483580.121,-0.05554923787713051,0.07997246831655502,0.359000027179718,-0.05496512226171359,0.07870686417983266,0.35890632871260475,0.7119640801551278,0.014124924973709386,0.032181610595280775,0.7013358532135967,0.7115384047360552,0.013901202094626567,0.026446304699968226,0.7020117150971987,24.51164733110632,24.64722316856766,23.310184478759766,1,0.4601381277190554,-0.019730123249955052,0.7183663935152484,0.12475405326076217,0.009441503148736678,0.9916754773800459,-0.03044719652712308,0.46075183153152466,-0.019795985892415047,0.718170702457428,0.12504704296588898,0.01033882424235344,0.9916749000549316,-0.02893630787730217,-0.011218437924981117,-0.08873007446527481,-0.059212587773799896,-0.060316313058137894,1.4683297872543335,0.00643540732562542,-0.013032967760521244,-0.08777980021585251,-0.05963760113667166,-0.05708399670006201,1.4671729171032333,0.006557394194914156
49.10626,1785483580.221,-0.05554923787713051,0.07958422601222992,0.359000027179718,-0.054993269389955156,0.07875175056452494,0.3589102154677291,0.7121038524538235,-0.0005183858918680695,0.017752522569638458,0.7018494728493458,0.7116310194077903,0.01185347144306977,0.025212010137489364,0.7020008133728939,24.894322714364584,24.694407844550984,23.41318130493164,1,0.46000812893119103,-0.019659426189881365,0.7183573481888441,0.12402787378931908,0.009182361707323308,0.9917442396782874,-0.031243140394532163,0.46054190397262573,-0.0197745393961668,0.7182393074035645,0.12494389712810516,0.010029167868196964,0.9916757941246033,-0.02945483662188053,-0.010110686533153057,-0.08825837820768356,-0.05976162850856781,-0.062115076929330826,1.469899296760559,0.006928394082933664,-0.01240896366835806,-0.08810664324024037,-0.05949098810606649,-0.0581955935957198,1.4675707647481966,0.0065154446574633455
49.246262,1785483580.288,-0.05492495745420456,0.07941658049821854,0.36000001430511475,-0.05499554251957117,0.07882220743058954,0.3590233754268237,0.7164978362658831,0.020547939135473446,0.02912153357850017,0.6966782392938857,0.7125867309980057,0.0127748044880251,0.025785321373324756,0.7009936321947176,25.389153150435202,24.87786589061202,72.58796691894531,1,0.45994072686673937,-0.019617311245524093,0.7183515912430993,0.12341639707979597,0.009417335936314428,0.991888007753616,-0.02894627420355786,0.4602620005607605,-0.01971416547894478,0.7183018922805786,0.12446519732475281,0.009586033411324024,0.9917122721672058,-0.03038656711578369,-0.01272484753280878,-0.0876925066113472,-0.06058003380894661,-0.05695207417011261,1.471274733543396,0.004872635938227177,-0.011209965828963084,-0.08818587338015611,-0.059631464168393045,-0.06024040578281923,1.4687855671174956,0.006730884427894147
49.325791,1785483580.455,-0.05492495745420456,0.07941658049821854,0.36000001430511475,-0.05499210808164921,0.07884883266556059,0.35908325724469575,0.7146234593696819,0.020831837579341265,0.029438469630486346,0.6985790738115417,0.7128617723076536,0.01384853257443942,0.02627226349086045,0.7006754454802827,24.50487951806266,24.802961083904403,72.4782943725586,1,0.459834893270947,-0.019614004904896138,0.7181819416826969,0.12368358267617485,0.00790168491843968,0.9918425738338073,-0.02980341394143062,0.46015122532844543,-0.019681116566061974,0.7183191776275635,0.12410415709018707,0.00953003205358982,0.9917730093002319,-0.029892411082983017,-0.011919341050088406,-0.08836406469345093,-0.05945343151688576,-0.05848550423979759,1.4702351093292236,0.002626358298584819,-0.011730946640967056,-0.0880162496550337,-0.059957211113537426,-0.059109552198705874,1.4696415914513627,0.006091834576735359
49.467466,1785483580.522,-0.05453544855117798,0.07941658049821854,0.36000001430511475,-0.05494227335158019,0.07892071129721523,0.3591773531813468,0.7180811966121265,0.024829256572501304,0.03309583598208676,0.6947284136486718,0.7142348604157077,0.01621934339159038,0.0264736531903419,0.6992171642298678,24.533469316380007,24.762046858062682,71.43855094909668,1,0.459794888068334,-0.01961918560767383,0.718092150603177,0.12411592446687858,0.007340346939785895,0.9917614306515221,-0.030832146739751595,0.46004268527030945,-0.019658168777823448,0.7182722091674805,0.12395811080932617,0.008971038274466991,0.9917973875999451,-0.0298626609146595,-0.010787954553961754,-0.08901557326316833,-0.05845925956964493,-0.060676153749227524,1.4690353870391846,0.002614598022773862,-0.01179574804484178,-0.08813590617897303,-0.05978351743861908,-0.05889494547858182,1.4698457022495588,0.004900059014809435
49.545408,1785483580.655,-0.05477239191532135,0.07958422601222992,0.359000027179718,-0.054935167047536725,0.07894847367880906,0.3591655673658866,0.714777939424139,0.014700583882075176,0.02346953383127384,0.6988029558665666,0.7143075841446411,0.016017336081411867,0.026074077179913883,0.6991625438176143,24.194487989916936,24.64434191725945,21.959304809570312,1,0.459687071224365,-0.019694055508143366,0.7179510683094834,0.12567497651675305,0.005119828772446579,0.9915311536106696,-0.03233510554102442,0.45994138717651367,-0.019642634317278862,0.7181969285011292,0.12402163445949554,0.00830300897359848,0.9917832612991333,-0.0302599910646677,-0.009525985457003117,-0.091163769364357,-0.05566522479057312,-0.06344058364629745,1.4651494026184082,-0.0005137504194863141,-0.011383061491887453,-0.08849618954988782,-0.059240694634092865,-0.0596243720576736,1.4695138700677584,0.00396414194913756
49.659989,1785483580.722,-0.05477239191532135,0.07997246831655502,0.359000027179718,-0.054928427076462866,0.0790042956186423,0.35915581862592383,0.716641405235775,0.008948406256339213,0.017777956800281033,0.697157777392731,0.7146395120035566,0.01502877275471125,0.024913951991708108,0.6988875437929628,24.512040913152145,24.62075712841048,25.209426879882812,1,0.4596454597030544,-0.01970478861015843,0.7179687779168777,0.12580641850784427,0.005088060212769445,0.9915287840140949,-0.031898701807921766,0.4598709046840668,-0.019658099859952927,0.7181308269500732,0.12447120994329453,0.007441516034305096,0.9917164444923401,-0.030823126435279846,-0.01007896475493908,-0.09137341380119324,-0.05550653487443924,-0.062411874532699585,1.4649134874343872,-0.001106809824705124,-0.010879803705645001,-0.08921913651611275,-0.05827140349306936,-0.060658567992799506,1.4683310993889844,0.002750634454509904
49.700919,1785483580.789,-0.05477239191532135,0.07997246831655502,0.359000027179718,-0.05491906383162333,0.07907359335166665,0.3591440648277304,0.7183770852315263,0.010930596517158317,0.019628872001076207,0.6952910130715056,0.7153029194877231,0.01430551681215435,0.023981257238031954,0.6982563890594632,24.83483566121254,24.675950115018246,27.9080867767334,1,0.4595617554581638,-0.019715038512552047,0.7179834675605257,0.12590134738604214,0.004866301226976163,0.9915669608681833,-0.030333676885306984,0.459792822599411,-0.019674258306622505,0.7180754542350769,0.12493091821670532,0.00663231685757637,0.9916529059410095,-0.031192468479275703,-0.012023070827126503,-0.09162919223308563,-0.05537399649620056,-0.058746110647916794,1.4647530317306519,-0.0034234013874083757,-0.01060440828020265,-0.08996003563034245,-0.05732012092412183,-0.06126153355232123,1.4671557826377983,0.0014240611330039866
49.814469,1785483580.889,-0.05438396334648132,0.07880774140357971,0.359000027179718,-0.05489056898686686,0.07905442157983608,0.3591371763633996,0.7166475522705896,0.014254798189608318,0.023027322709901495,0.6969094840522405,0.7154471340856691,0.01430008609156347,0.023879061088726058,0.6981122376150538,24.833494494873946,24.7046468454319,27.049541473388672,1,0.4594578463987341,-0.019729256903888024,0.7180011802693737,0.12602989997640202,0.004116141098345907,0.9915925089311561,-0.0290485443010771,0.45970267057418823,-0.019689369946718216,0.7180444002151489,0.12527567148208618,0.005948996637016535,0.9916269183158875,-0.030768344178795815,-0.01373344101011753,-0.09198837727308273,-0.05516286566853523,-0.05555488169193268,1.4645376205444336,-0.006578812375664711,-0.011263334865188964,-0.09057001597732335,-0.056629336033912625,-0.06007735976387502,1.4663079354822088,-0.0005585207253274065
49.856969,1785483580.955,-0.05438396334648132,0.07919598370790482,0.359000027179718,-0.054865228157890654,0.07906161577081346,0.3591308505887375,0.7165429828889684,0.016826791605517494,0.025484881007720356,0.6968741160330653,0.715556931990877,0.014552388203731233,0.0240394166980053,0.697988976648049,24.534363083592616,24.673104622041514,27.30560302734375,1,0.4594866812366637,-0.019771957025251245,0.7180114720453558,0.1260969180884252,0.003924512196517185,0.991587806888273,-0.028944544963181912,0.4596351981163025,-0.01970003917813301,0.7180337309837341,0.12547805905342102,0.005451592151075602,0.9916185140609741,-0.030301878228783607,-0.013997250236570835,-0.09198801219463348,-0.055164042860269547,-0.055235281586647034,1.4643826484680176,-0.007210858631879091,-0.011932744127426627,-0.090954425697237,-0.056231575692575524,-0.058851770663851895,1.4658281801340718,-0.00219001835398617
49.997438,1785483581.022,-0.05554923787713051,0.07997246831655502,0.359000027179718,-0.05490735110534468,0.07912666755141808,0.3591172063469131,0.7148246712167509,0.014839537037350145,0.02364906282030088,0.6987461623423077,0.7154195614263744,0.0143096466178031,0.023671646303642806,0.6981473614527545,24.507779563867793,24.72484341755782,30.04002571105957,1,0.4594759588996198,-0.019809989216432497,0.7180209549310972,0.1261669698601937,0.003722475007186004,0.9915718813016811,-0.029210325365577616,0.4595733880996704,-0.01973406784236431,0.7180253863334656,0.12573637068271637,0.004806472919881344,0.9916052222251892,-0.02977241761982441,-0.013822782784700394,-0.09209882467985153,-0.05504488945007324,-0.05574292317032814,1.4642237424850464,-0.007455455604940653,-0.012760749337499737,-0.0913888253372503,-0.05578193752252644,-0.05742155002152458,1.465220329863209,-0.004270560059195876
50.075022,1785483581.189,-0.056093480437994,0.08019523322582245,0.36000001430511475,-0.05500102958563791,0.07919400390823554,0.359180644405697,0.716623730253524,0.007401364394124177,0.016203649450764194,0.6972324510427685,0.7155426132364361,0.013623198713333406,0.022929620662626743,0.6980597464371204,25.905139355420776,25.011195407892707,57.642459869384766,1,0.4593782973374133,-0.019746969316551566,0.7180415281279723,0.12624650630967502,0.0039878218134150765,0.991572479781881,-0.028808579642126627,0.459533154964447,-0.01976708322763443,0.7180231213569641,0.12591148912906647,0.004362310748547316,0.9915919899940491,-0.029540250077843666,-0.014081639237701893,-0.09237559884786606,-0.05484569072723389,-0.054959896951913834,1.4641541242599487,-0.00715329684317112,-0.013195678917004275,-0.0916796314980533,-0.05547955261082057,-0.05673413894156191,1.4648122173659774,-0.005574804318378965
50.214543,1785483581.256,-0.060042623430490494,0.0797497034072876,0.3580000102519989,-0.056359168655019706,0.07924476180126326,0.3590434040193397,0.7167503033375285,-0.008643018867238053,-0.017364921410507567,0.6970600837767346,0.7158891796658502,0.00417860909242458,0.006913115729331283,0.6981671937969597,26.681811642043463,25.843493235151723,69.83399391174316,1,0.4592769875284821,-0.019606576681551312,0.7179465110348995,0.12626786058450326,0.0039752910984850905,0.9915989606128527,-0.02778715090838108,0.4594794511795044,-0.019758913666009903,0.7180293202400208,0.12602564692497253,0.004235052969306707,0.9915854930877686,-0.02928999811410904,-0.014976800419390202,-0.09263738989830017,-0.054458774626255035,-0.05268891900777817,1.463975191116333,-0.008023248054087162,-0.013500372661660763,-0.09191901529806742,-0.05526115171104382,-0.056123979559220036,1.4645858991468141,-0.006117646156556529
50.290724,1785483581.422,-0.06086273118853569,0.08007416874170303,0.35600000619888306,-0.05698596733015451,0.07928857499967086,0.3586584874296958,0.719168389662667,0.037910631494032704,0.027612420399479996,0.6932511561976744,0.7168732783571237,0.013151117368978681,0.012419681960905673,0.6969687958506083,25.80273676548168,25.835921120066725,27.238845825195312,1,0.45919775830198695,-0.017569573118578735,0.7181532318784448,0.13053277000588037,0.006229800251752593,0.9913757107538029,-0.009827800914116072,0.45942559838294983,-0.019717279821634293,0.7180074453353882,0.1260892003774643,0.004165277816355228,0.9915896058082581,-0.028883393853902817,-0.03137441352009773,-0.09702055901288986,-0.050495509058237076,-0.013074273243546486,1.456078052520752,-0.019022993743419647,-0.013900495853989274,-0.09211373237629002,-0.05504332326466143,-0.05519308032121515,1.4644203972705536,-0.006634062657083792
50.432391,1785483581.489,-0.06278862804174423,0.08122916519641876,0.35600000619888306,-0.05823754790814069,0.0795224379078982,0.3580140072429192,0.712281055679399,0.00916848342283156,0.009033266746890008,0.7017763438046665,0.7163174201192238,0.01559735361447624,0.0167913583738317,0.697398111897305,25.865394323703025,25.8794000821223,76.0049819946289,1,0.4591310177667426,-0.016629706657086556,0.7187310293235903,0.13316567739662485,0.003345650044503385,0.9908920448111481,-0.01971457631447974,0.45930054783821106,-0.018710939213633537,0.7180219888687134,0.12810365855693817,0.005112094804644585,0.991547167301178,-0.019939381629228592,-0.01751437596976757,-0.10011529177427292,-0.04793257266283035,-0.0355931855738163,1.451133131980896,-0.011267809197306633,-0.022088065853135486,-0.09441291552123625,-0.05291194130915857,-0.03545793536490181,1.4605115165569316,-0.01243900582682677
50.511611,1785483581.622,-0.06625524163246155,0.08199916779994965,0.35600000619888306,-0.059902270366961885,0.07975109445491271,0.3578818087863589,0.7113791015573263,0.0035495248692253806,0.012411357527220918,0.7026899265999373,0.7151718849993972,0.012768914707835564,0.015763292942402477,0.6986541693278621,28.152455424233185,26.546833090938385,22.951364517211914,1,0.4587780287261555,-0.014753277379996184,0.7196987782901195,0.13190446525297841,0.0033867922839448342,0.9909510327361783,-0.024612850372376597,0.4592437148094177,-0.017994849011301994,0.7182644009590149,0.12984459102153778,0.004505041986703873,0.9913250803947449,-0.019864564761519432,-0.0067956047132611275,-0.09909845888614655,-0.051183197647333145,-0.04822348430752754,1.4562413692474365,-0.0008365187095478177,-0.020515176507308525,-0.09637398952105287,-0.05119926423993019,-0.035504447891480634,1.457286290101233,-0.012036230114661612
50.650582,1785483581.689,-0.07106240093708038,0.08292058855295181,0.35500001907348633,-0.06443369292754554,0.08025751265631674,0.35735121879612497,0.7157913438134288,-0.0308301804737443,-0.021289584533618258,0.6973084006980758,0.715988188402473,-0.004102225446437581,0.0032730985575106343,0.6980926676597918,102.02729861224887,28.0298075716015,73.7299919128418,1,0.458431208336858,-0.01225682429763344,0.7198983406364774,0.13058827828672626,0.005428497823115295,0.991174043596725,-0.022164121584458567,0.459002822637558,-0.01630294881761074,0.7190086245536804,0.1309003382921219,0.003918382804840803,0.9911358952522278,-0.02234589494764805,-0.003119639353826642,-0.09825700521469116,-0.05289186164736748,-0.04482930526137352,1.4600369930267334,0.006911583710461855,-0.013357644323703982,-0.09779540811428304,-0.051190330708645725,-0.04214000923372902,1.4567411516525526,-0.006193303614020804
50.790149,1785483581.856,-0.07759205996990204,0.0833045020699501,0.35500001907348633,-0.06850254755681058,0.08053388050253713,0.35720409635207295,0.712282316806396,-0.017335364392145752,0.0006721205084629956,0.701678654770349,0.7150952217772188,-0.007340214612099443,0.0026367492519703247,0.6989835424344559,30.148268580517247,28.63706231682938,76.62391662597656,1,0.4576613559925192,-0.005461227757179659,0.7206975214833922,0.12710411418245582,0.007216218414546274,0.9918619525370772,-0.0015288750844067152,0.45877334475517273,-0.014642986468970776,0.7193715572357178,0.1307712346315384,0.004534057341516018,0.9911521077156067,-0.022268833592534065,-0.01079900749027729,-0.09562279284000397,-0.05859681963920593,-0.0021652579307556152,1.4701015949249268,0.003698640502989292,-0.00916512150569332,-0.09798448941981078,-0.051886593220277,-0.043241303936664185,1.4580908316536934,-0.0008267190274935962
50.822542,1785483581.923,-0.08243277668952942,0.08238416910171509,0.35600000619888306,-0.07315936975829149,0.0806181406600706,0.35713472161974824,0.7100899901944145,-0.04517747758215955,-0.035854126769751644,0.7017447420099338,0.7137939486208602,-0.018866518693435773,-0.009085510838016925,0.7000426464705157,29.419993140628225,28.805214433288437,24.209022521972656,1,0.45723720636239806,0.0006412951958737279,0.7209209395564287,0.1252174280076736,0.008822765259643857,0.9920896111721318,0.0009787444225826181,0.4585658013820648,-0.012902659364044666,0.7195895910263062,0.13008424639701843,0.005069919861853123,0.9913205504417419,-0.01832827553153038,0.0017777231987565756,-0.09440846741199493,-0.060759421437978745,-0.0007107882993295789,1.4748666286468506,0.019542807713150978,-0.009475688283988575,-0.09753576877109597,-0.05316152838280296,-0.03543685434552123,1.4603728766752277,3.309935348046964e-05
50.9623,1785483581.989,-0.09529087692499161,0.08323416113853455,0.3580000102519989,-0.08582811953067597,0.08090458525295108,0.3573301512447796,0.7174682025141425,-0.021917155708482402,-0.004136407528180642,0.6962340890817802,0.714881667725135,-0.026829159018079248,-0.01967717838267095,0.6984534386971036,29.82041601942212,29.15679922549734,74.49674606323242,1,0.4570997056420346,0.007626275791608731,0.7210278382362189,0.12497528258623633,0.01266146958528763,0.9919325515912616,0.017049311542712938,0.45790964365005493,-0.0058370535261929035,0.720245897769928,0.12761981785297394,0.007068508770316839,0.9917637705802917,-0.008235727436840534,0.000452394422609359,-0.09464661031961441,-0.06056191399693489,0.030688395723700523,1.4749352931976318,0.026902565732598305,-0.003604808201225685,-0.09590431239305602,-0.05712469589735604,-0.0173201568160639,1.4679343120094543,0.010211377308222871
51.055547,1785483582.156,-0.10021815448999405,0.08269017189741135,0.359000027179718,-0.09147122023663154,0.08098830243492386,0.3575058379392765,0.7165967893694943,-0.030679563806269496,-0.004665807559000251,0.6967969833960335,0.7153565134446779,-0.027857224825498128,-0.015672100922515676,0.6980282364990477,95.44478798151833,29.292540126809214,19.589662551879883,1,0.4566393276667671,0.02662879979959395,0.7207424831376414,0.12649892654151543,0.012532709734309132,0.9914233753717051,0.030342108317235193,0.457651823759079,-0.0012070368975400925,0.720456063747406,0.12677398324012756,0.00901790987700224,0.991890549659729,0.00046620232751592994,0.032292746007442474,-0.09734956920146942,-0.0563243106007576,0.04910621419548988,1.46819269657135,0.058836642652750015,-0.0022095263941146704,-0.09547183209152925,-0.058306307602487846,-0.0008100135402016682,1.4703419494400685,0.01595147866099714
51.133413,1785483582.223,-0.10624472796916962,0.08197962492704391,0.36100003123283386,-0.09850108774746646,0.08107080821421847,0.35815691116790555,0.7113600388011448,-0.07141531771702563,-0.061511633312890356,0.6964790496198651,0.7141040562710913,-0.04528081676234694,-0.03400170823862279,0.6977456042766335,91.3337485190268,29.431392797601376,24.72543716430664,1,0.45649995999112203,0.0350933406232795,0.7204823673897442,0.12302410468684523,0.011607390254382729,0.9919331700680019,0.028265248562983555,0.45747023820877075,0.008371617645025253,0.7204873561859131,0.1269277185201645,0.010221191681921482,0.9918011426925659,0.010738305747509003,0.05576186999678612,-0.09299544990062714,-0.060752689838409424,0.03968655318021774,1.4745177030563354,0.08031485974788666,0.00965582555121268,-0.09611762854193368,-0.05762425976972673,0.016356180586976233,1.4696028213785162,0.03069968808403383
51.273201,1785483582.323,-0.11420147120952606,0.08036071807146072,0.359000027179718,-0.10734788346029718,0.0808970505376793,0.3582280842494356,0.7254235782341819,-0.020088539718133416,0.0055458142349132595,0.687987155881838,0.7127929969608259,-0.059004905838605126,-0.04844560883779027,0.6972069904661866,29.231649344858088,29.726873863014305,27.908802032470703,1,0.45635847386722106,0.04563830948493522,0.7195099836580389,0.12297432096376414,0.015632566424952102,0.9908573152122707,0.053242089936454344,0.45722904801368713,0.022906646132469177,0.7202108502388,0.1254027634859085,0.011620396748185158,0.991753876209259,0.023736905306577682,0.05272332951426506,-0.09485050290822983,-0.05463337525725365,0.08918516337871552,1.4665992259979248,0.08631075918674469,0.030681900675219018,-0.09500718225626074,-0.05792725215484911,0.036692574739409775,1.4704012227814955,0.05508654470930335
51.365651,1785483582.456,-0.11808572709560394,0.07997246831655502,0.359000027179718,-0.1118747977050415,0.08079409634181488,0.35827543856311667,0.7296255370297289,-0.04560470003156409,-0.017737958582945638,0.6820939465164754,0.7193975274590212,-0.053868242389314126,-0.03665775313425213,0.6915356961740162,91.20040572602517,29.58940412990834,74.47957992553711,1,0.45659774592753744,0.058908944495843676,0.7194081914016189,0.1228794156195487,0.018800748381639382,0.9895603653180184,0.07292094670915066,0.45702841877937317,0.030732663348317146,0.7198961973190308,0.12474451959133148,0.012980526313185692,0.9915248155593872,0.033895477652549744,0.06282056123018265,-0.09482444077730179,-0.05170418322086334,0.12507709860801697,1.4591047763824463,0.10301092267036438,0.038261964993206984,-0.09495332082529792,-0.05679427694903098,0.05474477901215041,1.4690937160876256,0.06582455258927022
51.444776,1785483582.556,-0.1234782412648201,0.07941658049821854,0.36000001430511475,-0.11602528993672297,0.0806777543869797,0.35840394523525254,0.7279333815214751,0.003956618656310734,0.020175148593356604,0.6853395513282121,0.7223970554441204,-0.0369622811820086,-0.020030522011801857,0.6901992916856851,26.25163391874953,28.446245191152148,18.993377685546875,1,0.4567412311551162,0.0656995819125136,0.7193396840118538,0.11859601185342634,0.00859971430207035,0.9909604786975884,0.06211570289251673,0.4570239186286926,0.040437549352645874,0.7195952534675598,0.12438106536865234,0.014926263131201267,0.9909927845001221,0.04732723534107208,0.09061699360609055,-0.08676660805940628,-0.061613913625478745,0.09987276792526245,1.4697718620300293,0.11035386472940445,0.04670768324083609,-0.09490899328084665,-0.055043624619640116,0.07893165422850072,1.4656586443308037,0.07861318080414051
51.523271,1785483582.623,-0.125425785779953,0.07863792777061462,0.36000001430511475,-0.11906071002283503,0.0804816226219002,0.3585071518106419,0.7308913747989498,0.008583713992747748,0.03243802179586171,0.6816684625538745,0.7260089164027451,-0.019877180606313292,-0.00033549594290290495,0.6873978749147602,26.86712966216948,28.018382856962987,25.403738021850586,1,0.45690560062371294,0.07192566669274122,0.7191492105404569,0.11946417401662437,0.0024302667553442047,0.9920681314840025,0.039028546268898984,0.45707929134368896,0.049119189381599426,0.7194972038269043,0.12249808758497238,0.01275294367223978,0.9909996390342712,0.05245260149240494,0.1325862854719162,-0.08239646255970001,-0.06752967089414597,0.045054711401462555,1.4727370738983154,0.13865886628627777,0.06180811006989842,-0.0921088437102571,-0.05730297692131311,0.08613330698801067,1.4670731798975676,0.08952880229561332
51.648517,1785483582.69,-0.12659430503845215,0.07746995985507965,0.36000001430511475,-0.12163154496977147,0.08002570766622767,0.3586274100311996,0.7376000798865165,-0.01970323025124073,0.006600729727909266,0.6749180211226621,0.7308599886477156,-0.01980564419091734,0.002549552259305302,0.6822352330650483,25.035822205224196,26.80706427391667,29.466629028320312,1,0.457192368022334,0.07647932266156801,0.7189959326902402,0.11828327838211289,-0.005520875340742736,0.9928683561653955,0.013820756711450605,0.45712125301361084,0.059776004403829575,0.7192882895469666,0.12082865089178085,0.007902557030320168,0.9915667176246643,0.046189866960048676,0.17195329070091248,-0.07470241189002991,-0.07604741305112839,-0.011890377849340439,1.4830973148345947,0.16045917570590973,0.09497187923488737,-0.08755805207309869,-0.06209445689495621,0.06688556730158265,1.4697270484066638,0.11254913629218384
51.743118,1785483582.857,-0.1296800822019577,0.07612352818250656,0.36100003123283386,-0.12494847669825238,0.07917737386522566,0.3589780502840946,0.7413293844518223,-0.012864111326281536,0.013002737871440528,0.6708920831221021,0.7358043873255193,-0.014715992352038569,0.011127878546864369,0.676942769723304,25.587909310181864,26.215496921524178,70.99294662475586,1,0.45861367240895246,0.08336043065616272,0.7185201439904175,0.11410249176691604,-0.01808925633662773,0.9932938057806442,0.004562408965986474,0.45715340971946716,0.06548789888620377,0.7190253734588623,0.11946741491556168,0.0032275684643536806,0.9922127723693848,0.035086095333099365,0.19606523215770721,-0.06296581774950027,-0.08713942766189575,-0.031285740435123444,1.4941527843475342,0.15849481523036957,0.12144579757939118,-0.0831370201151283,-0.06689264180480327,0.039794522205526296,1.4743250830312293,0.1290253989332212
51.887878,1785483582.923,-0.13124243915081024,0.07573312520980835,0.36100003123283386,-0.1266010514549512,0.0787293152916947,0.35915267082767893,0.7431890797282653,0.0010295992504555196,0.033818973327247995,0.6682254176108003,0.7384120409626364,-0.00931540567592833,0.018913961581799834,0.6740201354824416,26.194091599729752,26.21035271945445,30.42435646057129,1,0.4591339844184541,0.08531437277621587,0.7182913901951422,0.11411381869787939,-0.021302509042839125,0.9932312695730782,0.003985553025457403,0.4576893448829651,0.07157491892576218,0.7187255024909973,0.11724666506052017,-0.0041768732480704784,0.9927880764007568,0.024648193269968033,0.20069022476673126,-0.06107794865965843,-0.0883881077170372,-0.0327293761074543,1.4937334060668945,0.15660375356674194,0.14710743208870183,-0.07620017642403533,-0.07385516447433088,0.015350021177478152,1.4811438295139066,0.13915993120090978
51.993534,1785483583.023,-0.13124243915081024,0.07495231181383133,0.36100003123283386,-0.1275081397939889,0.07822543406943096,0.35929313974492244,0.7434137944362451,-0.010010441028959307,0.007535488340393734,0.6687143917456702,0.7398818211988383,-0.009517881266769822,0.015602457932303433,0.6724885604247501,25.145044406011404,25.8848502493398,24.881601333618164,1,0.45980187652043114,0.08779441123724205,0.7180298625665346,0.11262717563453481,-0.02642987675714013,0.9932743048297246,-0.004768258405077288,0.4583110809326172,0.07715833187103271,0.7184879183769226,0.11577761918306351,-0.011224321089684963,0.9930793642997742,0.01621268130838871,0.2152966558933258,-0.05543903633952141,-0.09346797317266464,-0.051442164927721024,1.499674677848816,0.1600871980190277,0.1690501281088718,-0.07000751837395042,-0.07980606276667392,-0.004338973612951243,1.4862993870081207,0.1463033508085063
52.037368,1785483583.123,-0.13163304328918457,0.07456190139055252,0.36100003123283386,-0.12817772207564188,0.07777889923171623,0.35941294331031226,0.7434310340515768,0.0030381938110965617,0.027525574749415017,0.6682390363650449,0.7408587296420851,-0.0061471196297202026,0.018804097385816666,0.6713694672495006,25.776301436136443,25.85865675424567,27.284860610961914,1,0.46055533830418094,0.08915633590622489,0.7178190547957483,0.11475567439520344,-0.02819363350490445,0.9929916143416728,-0.0019768841675198894,0.4587233066558838,0.08001233637332916,0.7183163166046143,0.11479499191045761,-0.015372639521956444,0.9932143092155457,0.010544962249696255,0.21515226364135742,-0.05622841790318489,-0.09171665459871292,-0.04634706303477287,1.4933735132217407,0.1567373275756836,0.1815829374651336,-0.06605947025413743,-0.08350832579356907,-0.017103939476886793,1.489924090825949,0.1500387733668288
52.115724,1785483583.224,-0.13163304328918457,0.07495231181383133,0.36100003123283386,-0.12849659493389035,0.07761415616503331,0.35948422280101294,0.7438242137469331,0.003789142075794695,0.02009427422986841,0.6680624234225879,0.7414041924425268,-0.004341695504537312,0.019038698277124233,0.670774553092694,26.49145138862653,25.994305531854728,26.465177536010742,1,0.4612233779036415,0.09016185196985703,0.7176391782098547,0.11496585281649051,-0.03028216015749389,0.9928872632888714,-0.006381681683399981,0.45936647057533264,0.08313305675983429,0.7181249856948853,0.11472298949956894,-0.019785555079579353,0.9931808710098267,0.006239365786314011,0.22196269035339355,-0.05380580201745033,-0.09350802004337311,-0.05610790103673935,1.4942021369934082,0.15897810459136963,0.1931274297762164,-0.06267860846278174,-0.08633076479380543,-0.02716065348989976,1.491110347187862,0.15234240604002952
52.195203,1785483583.29,-0.13163304328918457,0.07573312520980835,0.36100003123283386,-0.12874258240415784,0.07751343194015461,0.35955097504055583,0.7448583374318959,0.004405923303537218,0.028561941547652174,0.6665964750079794,0.7420456119608331,-0.0027449072410436906,0.020777417457106446,0.6700216967962486,26.110802845502445,26.015458625344014,22.194862365722656,1,0.4614696352197528,0.09064059849420537,0.7175322379337377,0.1160959335550931,-0.03126908439124373,0.992715969618753,-0.00767998940127088,0.4600110650062561,0.08552981168031693,0.7179383039474487,0.11475379765033722,-0.02340005524456501,0.9931164979934692,0.0018975066486746073,0.22454974055290222,-0.05410204082727432,-0.09268828481435776,-0.05944664776325226,1.4920156002044678,0.1595362424850464,0.20304387047284428,-0.05962726757387039,-0.08879883403557917,-0.03711561447152047,1.4921736137019894,0.15462442272312987
52.271666,1785483583.357,-0.13046126067638397,0.07495231181383133,0.36100003123283386,-0.12887023330960312,0.07730753537977765,0.35964128980754523,0.7435145515268041,0.009076742456566709,0.0330658607844163,0.6678400806067709,0.7424154871899646,7.041007365598058e-05,0.023704539489851312,0.6695202269016846,25.163556959386504,25.76409517458088,21.69036865234375,1,0.4616200454209553,0.09100986046127034,0.7174321266423862,0.11604027541626456,-0.032561860811699504,0.9926613794204315,-0.009887644255493688,0.4605161249637604,0.08727459609508514,0.7177882194519043,0.11518658697605133,-0.02610531821846962,0.9929998517036438,-0.0014015076449140906,0.22765639424324036,-0.05319363251328468,-0.09328312426805496,-0.06414400041103363,1.492761254310608,0.15987296402454376,0.21043973726586057,-0.05772717200902576,-0.09013608650108029,-0.0447952617495324,1.4921192728601917,0.15631359746236642
52.349979,1785483583.457,-0.12889891862869263,0.07612352818250656,0.36100003123283386,-0.12887304022385582,0.07722584687801515,0.359698320937951,0.7399602436935496,0.0021822284561461816,0.026802439025316285,0.6721128661871024,0.7420437631110613,0.00039124244182751466,0.024175220361314816,0.6699152627592603,26.298702661921418,25.876724815931254,22.626876831054688,1,0.4619284686565203,0.09120188455144287,0.7172964693853192,0.11603858444594067,-0.0337149098241261,0.9925759775112759,-0.013830424536815723,0.4608154594898224,0.08827883005142212,0.7176838517189026,0.11539968848228455,-0.02785390429198742,0.9929216504096985,-0.003703359281644225,0.232269287109375,-0.05173957347869873,-0.0942549929022789,-0.07262138277292252,1.4940261840820312,0.16183246672153473,0.21510544859005415,-0.05649860550016434,-0.09098868322020347,-0.05003877412736932,1.4922932498332546,0.157278185751135
52.489982,1785483583.524,-0.12460242956876755,0.07690434157848358,0.36100003123283386,-0.1277986574939578,0.07711491976712803,0.35982732099090464,0.7377951928919405,0.02449437582144456,0.047247889433671274,0.6729234100867094,0.7411812795298247,0.006320958923389209,0.02993632215596345,0.6706073165188366,26.095527555154803,25.86261750257554,28.595447540283203,1,0.46205092238635265,0.09120632471644433,0.7172108212165584,0.11594548143126991,-0.03325227045802148,0.992593499692266,-0.014459467961070489,0.4612191617488861,0.08927568793296814,0.7175232172012329,0.1155729740858078,-0.02978244610130787,0.9928255081176758,-0.007307262625545263,0.23296001553535461,-0.0512678436934948,-0.09453076124191284,-0.07406870275735855,1.4943311214447021,0.16340292990207672,0.22113932783237217,-0.05477237758136627,-0.09216401100746335,-0.05807993066709163,1.4929471440203161,0.15914279092677358
52.568409,1785483583.691,-0.12225888669490814,0.07807555794715881,0.36100003123283386,-0.12674197363698458,0.0772136015263432,0.3598745735363867,0.7380616273338687,0.009684200294409176,0.03374298820069013,0.6738194574730144,0.7406482963631293,0.006898183566912243,0.03058972491359921,0.6711607742468131,26.10333899095792,25.90751119683693,68.46094131469727,1,0.46221973335010796,0.0895950949886304,0.717016551248503,0.11621926775035954,-0.033264989057162464,0.9924046339184021,-0.022793965953285308,0.46155884861946106,0.09006068110466003,0.7173932194709778,0.11571057140827179,-0.03120342083275318,0.9927399754524231,-0.010236706584692001,0.23861490190029144,-0.050427258014678955,-0.09444345533847809,-0.09170389175415039,1.496570348739624,0.16833896934986115,0.22598001221933,-0.053337267692392706,-0.09313286644348179,-0.06462750009302769,1.4935138966153765,0.16088736039640217
52.724797,1785483583.757,-0.11497832089662552,0.08113720268011093,0.359000027179718,-0.12210970846050141,0.07799832970850602,0.3596936238453769,0.7376351840387918,-0.0037051355594961122,0.021436769873426947,0.6748489254165982,0.7395352845929188,0.006572351049129527,0.032114996842507716,0.6723191162101246,25.223082438364084,25.602237990294984,27.657508850097656,1,0.4620741922703336,0.08800986161797196,0.716945177557984,0.11618321784158452,-0.03261949390515552,0.992407631845467,-0.023759645709032422,0.46177926659584045,0.08989676833152771,0.7172433137893677,0.11585734039545059,-0.03191573917865753,0.9926462173461914,-0.014556122943758965,0.23617684841156006,-0.05133088678121567,-0.09339120984077454,-0.09319949150085449,1.4967052936553955,0.16714757680892944,0.23032516872847372,-0.0523365422217174,-0.09358327769271615,-0.07393907813343062,1.4945650105009052,0.16344996868805067
52.801683,1785483583.924,-0.11000992357730865,0.082846999168396,0.3580000102519989,-0.11836973862183872,0.07881016451450237,0.3595239388240729,0.7356645388598747,0.02341102270901227,0.038086094192785774,0.6758691143327561,0.7388007846689466,0.009855331661963096,0.033279972665199505,0.6730295063589599,25.555014959524264,25.593917647961366,67.76928901672363,1,0.4609084699087414,0.08105948015162606,0.717214877101078,0.1149018851935937,-0.031145856782789177,0.9925776454111679,-0.024841703126922545,0.4618965685367584,0.08912284672260284,0.7171111106872559,0.11598130315542221,-0.03220585733652115,0.9925599694252014,-0.018327442929148674,0.2216789275407791,-0.05548182874917984,-0.09034250676631927,-0.09198356419801712,1.4995466470718384,0.15549306571483612,0.2327214828733894,-0.05192474676949889,-0.09350428457139463,-0.08182641866114232,1.4954414778555003,0.16496417616740142
52.927438,1785483583.991,-0.10294248908758163,0.08407234400510788,0.35500001907348633,-0.11162404714098413,0.07992235737198075,0.35855718499478995,0.7414490018169635,0.020133614060289812,0.06655341099206417,0.6673969274538362,0.7396773711599168,0.012885819949396304,0.04309062007094153,0.6714570281857867,24.761682264667897,25.353084290066015,25.173425674438477,1,0.4596999277204214,0.07544748125405214,0.7174682370159307,0.1164466080690126,-0.030545924908637948,0.9923304101174938,-0.028062271767344958,0.4615078866481781,0.08581671118736267,0.717150866985321,0.11555490642786026,-0.03177406266331673,0.9925706386566162,-0.02099827490746975,0.21315613389015198,-0.06168864294886589,-0.08449216932058334,-0.0971531793475151,1.4972463846206665,0.148050919175148,0.22819941943428693,-0.053381458075624486,-0.09220894275710186,-0.08598588652848878,1.4971225857012829,0.16108566172418692
52.974463,1785483584.091,-0.0947585254907608,0.08469416201114655,0.35600000619888306,-0.10477655190136918,0.08058756271911563,0.3583175766004745,0.7332933860494042,0.0020603631006596047,0.026655627492838913,0.6793865191502226,0.7382664836674209,0.010440047180655427,0.039378506849821165,0.6732777567293353,25.723081157219085,25.428517584048457,30.019044876098633,1,0.4580490843990985,0.06532571791090673,0.718915816709506,0.11183084641203835,-0.03350046469635885,0.9924756081533452,-0.0369289571548213,0.4610377252101898,0.0829991027712822,0.7172362804412842,0.11581514775753021,-0.03144288808107376,0.992508590221405,-0.02291041798889637,0.19885501265525818,-0.06261595338582993,-0.0874568521976471,-0.10925570875406265,1.5114197731018066,0.12638573348522186,0.2241226723126249,-0.05563272934937242,-0.09011742990758481,-0.08901223024057958,1.497156135208436,0.15755324650968072
53.113816,1785483584.158,-0.081817127764225,0.08368842303752899,0.35500001907348633,-0.08968901609652692,0.08122462625346119,0.3576033444611962,0.7256079352377861,0.034886417989304516,0.05803288701469483,0.6847687538027504,0.7329732567059565,0.016931536987471213,0.04332802290727247,0.6786650207871723,26.4659795370361,25.673490055601086,26.202917098999023,1,0.457068047137119,0.05505274907988121,0.7192720545818744,0.11265455356124315,-0.03064717283009112,0.9926163674346747,-0.03290059969408568,0.4597156047821045,0.07469260692596436,0.7180127501487732,0.1140369176864624,-0.032431043684482574,0.992508590221405,-0.02950434386730194,0.17048299312591553,-0.07003234326839447,-0.08144748955965042,-0.0961855947971344,1.5074501037597656,0.10449088364839554,0.2122832435250925,-0.058904823956053835,-0.08887032807784745,-0.09849750749121748,1.5038394911161157,0.14294942790799572
53.227563,1785483584.324,-0.07375108450651169,0.08292058855295181,0.35500001907348633,-0.08463055488266127,0.0812729048683065,0.3574981946652822,0.7245661486399672,-0.014256900447221804,0.011833599309245426,0.68895616911533,0.7318135639211678,0.019835624898323922,0.045707699497165626,0.6796810000673614,26.050995340848907,25.715828919330786,21.610498428344727,1,0.45614963732794994,0.03241952661216578,0.7203353612190925,0.11457117977004525,-0.02413710757689014,0.9922674951310722,-0.04118328435457302,0.4587332308292389,0.06660963594913483,0.7185345888137817,0.11348150670528412,-0.03169875591993332,0.9925534129142761,-0.030901603400707245,0.1265244036912918,-0.0796298086643219,-0.07384245842695236,-0.10495666414499283,1.5037345886230469,0.07331885397434235,0.19516550422585358,-0.06346169720452441,-0.08583014349369213,-0.09755076899251944,1.5053180730998166,0.12720026972297377
53.315368,1785483584.358,-0.06453274190425873,0.07869749516248703,0.35500001907348633,-0.07229951075265593,0.08088903057927775,0.3571441609412626,0.7250379434776036,0.016150155954997542,0.041932883613195485,0.6872414322872848,0.728809494870391,0.013061620630140769,0.041210947826970705,0.6833504020870131,27.13931243556091,26.01449725575317,66.86067581176758,1,0.456089516597995,0.024831667566284066,0.7204901811131468,0.11499853194734855,-0.023110276358730104,0.9920730210479449,-0.045081855389743325,0.45798298716545105,0.05253757908940315,0.7192837595939636,0.11402879655361176,-0.028602534905076027,0.9924458861351013,-0.03507872298359871,0.1126796305179596,-0.08174913376569748,-0.07177446782588959,-0.10996851325035095,1.5022368431091309,0.06138601154088974,0.16705605468440513,-0.07008271334160249,-0.08092096530701035,-0.1005835595016014,1.5046696203717347,0.10513529130811305
53.457599,1785483584.524,-0.05953947454690933,0.07869749516248703,0.35500001907348633,-0.06700005788216612,0.0806158279287206,0.3570331984538921,0.724960905029945,0.010087515737585765,0.03619815714891994,0.6877642194992619,0.728061275915164,0.012480460943377712,0.040231518534060255,0.6842166627055117,26.143728391230894,26.037677648791778,29.24942970275879,1,0.45669542722260653,0.0063358430056742075,0.7210135172158174,0.11327618669198608,-0.01737143405483151,0.992690382673088,-0.037848949202840466,0.45720288157463074,0.03804456442594528,0.719918429851532,0.11462382972240448,-0.025738809257745743,0.9922585487365723,-0.04027343541383743,0.05877121910452843,-0.08178359270095825,-0.07403088361024857,-0.0846695601940155,1.5025445222854614,0.02004387229681015,0.13868752153783395,-0.0761691695299396,-0.07614870892467528,-0.10547973157390449,1.5034004329322248,0.08231115723456096
53.550114,1785483584.658,-0.05032113566994667,0.0763939842581749,0.35500001907348633,-0.056603171865641955,0.07945048785448888,0.35680670138802784,0.7233568993211984,0.0032152414473470836,0.03043501724286006,0.689795743791076,0.7262678329630046,0.008388237643965553,0.0359519349688945,0.686419791850761,26.162775546923417,26.207335141963107,62.71076202392578,1,0.45788232080079816,-0.008964925215530162,0.721320657566655,0.11353546013547813,-0.014191520705704183,0.9928652332112453,-0.03356975889493891,0.45725736021995544,0.02503134310245514,0.7203559279441833,0.11396241188049316,-0.022310178726911545,0.9924575090408325,-0.039280351251363754,0.016013190150260925,-0.0804547369480133,-0.07621555030345917,-0.06727660447359085,1.4997905492782593,-0.015477201901376247,0.10596099535971135,-0.078468365821062,-0.07528106701074981,-0.09695776694582893,1.5030499289632688,0.0568120821663428
53.627287,1785483584.758,-0.04545555263757706,0.07506918162107468,0.35600000619888306,-0.053727547022118086,0.07908315851058556,0.35677558876471827,0.7174222013037641,-0.006715351227367315,0.01222560368664315,0.6964989761290764,0.7251130579990482,0.006346586857099764,0.032745984537699474,0.6878215425902208,26.78196396977172,26.274336580386773,22.722482681274414,1,0.4588914095591922,-0.01720537043029727,0.7215086872249191,0.11357027344797131,-0.012496183464037542,0.9929546934126373,-0.03141043166849936,0.45774880051612854,0.013345266692340374,0.7206623554229736,0.11362943053245544,-0.0195207167416811,0.9926308393478394,-0.03729986026883125,-0.006787940859794617,-0.07815668731927872,-0.07890687882900238,-0.05818586051464081,1.4988758563995361,-0.034437574446201324,0.07502794292480033,-0.07915150713604296,-0.075602126533036,-0.08675042094264115,1.501929028289594,0.03195179827613707
53.767232,1785483584.791,-0.036773841828107834,0.07273326069116592,0.3540000021457672,-0.04384608304296677,0.07730129505180726,0.3564432016513541,0.7157207253689766,0.02217071073915817,0.05034538634449415,0.696216665224591,0.7227559707049906,0.011344265939575625,0.03837843566704798,0.6899436282163415,25.494000385755434,25.62722752677072,78.53579521179199,1,0.459449357067491,-0.021517936495012595,0.7215532063444517,0.11432288844276664,-0.010204142481252659,0.9929977512761808,-0.027957442922647967,0.4585880935192108,-0.0025720465928316116,0.7210782170295715,0.11341432482004166,-0.01585509069263935,0.9928321838378906,-0.034205418080091476,-0.02124321646988392,-0.07741424441337585,-0.07971789687871933,-0.04848780483007431,1.497002124786377,-0.04383954778313637,0.03234427213691697,-0.07863256683580752,-0.077325577587286,-0.07184820933413405,1.500336179049718,-0.002683740738618168
53.845589,1785483584.958,-0.032177653163671494,0.07273326069116592,0.3540000021457672,-0.03945945467942507,0.07675049248371957,0.35627821528596937,0.7109586419878027,0.021759505514298113,0.031209904638006394,0.7022038700798501,0.7201616291384251,0.013659898853045905,0.03678644142741934,0.6926957433152893,26.285123621521347,25.769013742696792,67.63863563537598,1,0.4621463300932696,-0.0363360207202494,0.7220437433255162,0.11400332843674986,-0.008071172815032484,0.9928010303121242,-0.0358358966110409,0.45896509289741516,-0.00907105952501297,0.7212243676185608,0.11363285034894943,-0.013916853815317154,0.9929085373878479,-0.03203926607966423,-0.047872986644506454,-0.0701269656419754,-0.08711286634206772,-0.058573104441165924,1.495678186416626,-0.06654977053403854,0.013915504204601269,-0.07821362914100752,-0.07814782630778792,-0.06381457045539929,1.4991895977885552,-0.016837220690032666
54.001273,1785483585.025,-0.019538139924407005,0.07311609387397766,0.3540000021457672,-0.027955944070576923,0.07578352053604817,0.355799828978439,0.7073754762507044,-0.0011468154826764618,0.008622548767634788,0.7067844594118404,0.7157559064247759,0.007317376414323076,0.02648822199999647,0.6978096534985292,25.449566193988566,25.71923507845052,79.07938957214355,1,0.46298328971020014,-0.04291472590375595,0.7222879554049451,0.1167518419112374,-0.004379116609469091,0.992469893584286,-0.03678778434277255,0.46097642183303833,-0.02454455755650997,0.7216936945915222,0.11385363340377808,-0.010587156750261784,0.9928528070449829,-0.03418319299817085,-0.06242961063981056,-0.07034745067358017,-0.08669858425855637,-0.05761027708649635,1.4892303943634033,-0.07344576716423035,-0.021275092695002454,-0.07360804422463094,-0.08325332892924193,-0.06082938581101781,1.4971897338730626,-0.04515014589085648
54.094206,1785483585.192,-0.014558938331902027,0.07273326069116592,0.3540000021457672,-0.02259667552456701,0.07559857185991363,0.35572670860002636,0.7131820860536177,0.0035195303505017738,0.023034595198007577,0.7005914162066119,0.7152359781213604,0.006546733616539611,0.025787492019692153,0.6983764322591858,26.84073776414597,25.985853392053855,23.350000381469727,1,0.4644620125486642,-0.06016792205158525,0.7229975691411452,0.1193120992117022,0.003878729379434461,0.9925096002255429,-0.025966746046265626,0.4615935683250427,-0.029500484466552734,0.7218548655509949,0.11464148014783859,-0.008905739523470402,0.9927549362182617,-0.034865912050008774,-0.11599551886320114,-0.06482411175966263,-0.09352928400039673,-0.024818910285830498,1.4855834245681763,-0.10908784717321396,-0.032427971232595935,-0.07272444298344308,-0.08418677831414091,-0.05995700834770816,1.495032752865945,-0.05281825805638051
54.233041,1785483585.258,-0.007686310913413763,0.0725548043847084,0.35500001907348633,-0.014357018927191902,0.07521896022605512,0.3555773616288277,0.709139489611364,-0.013324739153783018,0.00682144056574714,0.7049092874610362,0.7125062764742954,0.001760599296161667,0.023226170381339173,0.7012790110107889,25.895030761034246,25.911116270280296,77.15368270874023,1,0.4647524150628693,-0.06820641180617867,0.7231038740532011,0.11924222199732741,0.004779048974080567,0.9925379026955886,-0.02503926709561853,0.46317940950393677,-0.043771617114543915,0.7223539352416992,0.11660781502723694,-0.0029308092780411243,0.992702305316925,-0.030597323551774025,-0.1362689733505249,-0.061686716973781586,-0.09675509482622147,-0.018323104828596115,1.4856317043304443,-0.12731318175792694,-0.07158430575535767,-0.069022697914869,-0.08856400577714031,-0.04349273608675168,1.490605185048071,-0.07918387865968875
54.374691,1785483585.425,-0.001924848067574203,0.07332263886928558,0.35500001907348633,-0.008291490986404332,0.07502190445841514,0.35550938281560207,0.7109706337677204,-0.008005974322941001,0.01198900712868747,0.7030739121906989,0.7116039994214549,-0.002913695761602517,0.017978249370634258,0.7023446738845296,27.405785460145577,26.53916200910115,72.35288619995117,1,0.46534183439696664,-0.08056505408552074,0.723322584259129,0.11757262833121801,0.009412482893965502,0.9928089787409998,-0.020455169623182685,0.46407249569892883,-0.055165454745292664,0.7226843237876892,0.11771871894598007,0.0006761003169231117,0.9926533699035645,-0.02794714644551277,-0.17000678181648254,-0.05351397022604942,-0.10563530027866364,-0.002788322512060404,1.4907160997390747,-0.15115320682525635,-0.10189288487580238,-0.06558538505906296,-0.09240171568912871,-0.03169927720282045,1.4882748158965005,-0.10173529475308234
54.532671,1785483585.559,0.005740884691476822,0.07426460832357407,0.3540000021457672,-0.001418208531521342,0.07495952759789826,0.35537497776383464,0.7071016979047582,-0.0026811975324410645,-0.0026811975324410645,0.7071016979047583,0.7095812061653997,0.0021952583374906733,0.017885792126165936,0.7043932077594927,26.578760301519882,26.527643327665935,75.06370544433594,1,0.46565208937852737,-0.08966289936583749,0.723420747468992,0.1178348271008937,0.011729034207995093,0.9928696974922625,-0.013680171061553179,0.46495693922042847,-0.06957418471574783,0.7230312824249268,0.1174800843000412,0.005658968351781368,0.9927769899368286,-0.023671912029385567,-0.1988503634929657,-0.04810873046517372,-0.11116573959589005,0.01687578484416008,1.492848515510559,-0.1745341718196869,-0.1406860061613339,-0.05871036788624894,-0.09993812818765199,-0.015233534446020262,1.4896652070945435,-0.1298804120431096
54.611638,1785483585.725,0.008398203179240227,0.07329131662845612,0.3530000150203705,0.0015926645048909963,0.07485693477163337,0.35515916826109517,0.6991078334280112,-0.015358922529761766,-0.005580099940219536,0.714829492412683,0.7069150464150655,-0.0023969770686671056,0.011748588302739303,0.7071968200761445,25.769416139007205,26.35934780951106,62.892913818359375,1,0.46576235270058136,-0.09997273750958928,0.7236182464912934,0.1215458762366847,0.014125773254956455,0.99233099805726,-0.017500079842342836,0.4652232527732849,-0.07498489320278168,0.7231166958808899,0.11744772642850876,0.007309995125979185,0.9928310513496399,-0.02095630392432213,-0.21912266314029694,-0.047929547727108,-0.11067583411931992,0.015132422558963299,1.4836422204971313,-0.19011245667934418,-0.156448552656326,-0.055837341084287485,-0.10298062126232393,-0.006531906029562448,1.4905278836752838,-0.14198157947957982
54.754373,1785483585.792,0.011453671380877495,0.07252780348062515,0.3530000150203705,0.004594166459468978,0.0746704960883873,0.35499404063394624,0.6950465382392694,-0.012163488863870656,-0.0022321328929012004,0.7188583843866708,0.7038734112121511,-0.004931780967189058,0.008120855088345568,0.7102618884874057,24.852943036451435,25.970106933749722,77.27718353271484,1,0.46592375472514486,-0.10448892024647784,0.7239400658240731,0.12246410759970078,0.01897450127115273,0.9922362610378225,-0.010474394159200496,0.4656408727169037,-0.0866411104798317,0.723339855670929,0.11927658319473267,0.010494481772184372,0.9926185011863708,-0.01927419938147068,-0.23702289164066315,-0.04459816962480545,-0.11455301195383072,0.032376937568187714,1.4856258630752563,-0.19757166504859924,-0.18581508244123035,-0.05213212170275234,-0.10658573911389221,0.003619120047772885,1.487301544222192,-0.16453373083284845
54.860073,1785483585.959,0.020066147670149803,0.07304695248603821,0.3500000238418579,0.012094014523361951,0.07437074597418523,0.3539814584890794,0.687677495034249,-0.03581756391295504,-0.01656228264842664,0.7249430706836472,0.697231198187672,-0.013991640495648579,0.00011769663357250309,0.7167097574454572,26.118552355612593,25.91671398662716,75.20389556884766,1,0.4665803019461271,-0.11437658895384804,0.7247645148394365,0.1236460813034886,0.028690064000648136,0.9918974031319452,-0.005297968104213236,0.46583372354507446,-0.09391549229621887,0.7235646843910217,0.12046892940998077,0.013966728001832962,0.9924957156181335,-0.01563447341322899,-0.26417234539985657,-0.03753562271595001,-0.1229688748717308,0.047157201915979385,1.487639307975769,-0.2045113891363144,-0.20678518927938883,-0.0490469198990419,-0.10984811292011112,0.015395741041713566,1.4866153360357104,-0.17806309275384913
54.937472,1785483586.026,0.0239211767911911,0.07287606596946716,0.35100001096725464,0.01679908650234394,0.07427493751093218,0.3536627859691334,0.6861609898560784,-0.03184436961864396,-0.023121157324564493,0.7263845016293304,0.693524569365016,-0.020107046423725794,-0.007840493634250252,0.7201096479222832,25.263453691500928,25.733986177184654,23.05293083190918,1,0.4666797778602948,-0.12024044252818894,0.7256998589859431,0.12206879595486997,0.0346083633831213,0.9919100392343405,0.003993031955726703,0.46618664264678955,-0.10090567171573639,0.7239570021629333,0.12144264578819275,0.019035300239920616,0.9923427700996399,-0.012047752737998962,-0.28644606471061707,-0.02934158965945244,-0.13345381617546082,0.06821635365486145,1.498334288597107,-0.21358242630958557,-0.22652063925912003,-0.0450882126899131,-0.11436002592661898,0.026318515976612913,1.4869674799858967,-0.18715865924367117
55.078182,1785483586.126,0.032655879855155945,0.07287606596946716,0.35100001096725464,0.024951651406895703,0.0741593967459449,0.35334982992531755,0.6866833335649061,-0.010804575275708947,-0.0008552897142027666,0.726875869070369,0.6894213393753703,-0.02350078539382805,-0.012907114605818741,0.7238641697806958,26.568874776173026,26.195172669850063,77.36706733703613,1,0.4668352074255364,-0.12729799663565086,0.7261749880626144,0.12309913561504769,0.040913306537014825,0.9914626115746994,0.01321340260920972,0.46653321385383606,-0.11093588173389435,0.7248250246047974,0.12157616019248962,0.027202708646655083,0.9922025203704834,-0.0036723394878208637,-0.31169354915618896,-0.023000266402959824,-0.140260711312294,0.09087131917476654,1.5029163360595703,-0.2248465120792389,-0.2577839299105547,-0.03687320968539563,-0.12432063306973572,0.04817676987078204,1.492897579275472,-0.2009440148361202
55.155235,1785483586.259,0.035971034318208694,0.07228992879390717,0.3500000238418579,0.02929704467333305,0.07400035767329619,0.3529679020419815,0.6855929890214889,-0.015055270009017652,0.005627822138251622,0.7278076118504921,0.6881744828582187,-0.020675967021269597,-0.00670571546568905,0.7252195660009815,24.88309965287408,25.771383943117478,69.49663162231445,1,0.4670285184324998,-0.13952673229087506,0.7266394962990639,0.12408885922085901,0.04721532707064991,0.990975825729403,0.018427716266683176,0.46669140458106995,-0.11652065813541412,0.7252485752105713,0.12193692475557327,0.03194989264011383,0.9920212030410767,0.0021478873677551746,-0.3435852825641632,-0.013457232154905796,-0.1502283811569214,0.1072205975651741,1.5067387819290161,-0.2430001199245453,-0.2763234506031658,-0.032102338298422524,-0.12980202905782537,0.06285944024872893,1.4963430297335232,-0.2091640804498171
55.267808,1785483586.359,0.040251269936561584,0.07363525032997131,0.35100001096725464,0.0328438422601386,0.0739739505440736,0.35287727815028863,0.673982082390664,-0.038179568591762754,-0.04172557491360015,0.7365795609142443,0.684176735031284,-0.02577356173902872,-0.016897927335308024,0.7286647918000342,26.50538427948765,25.934024211094346,27.212858200073242,1,0.46727800876679026,-0.14604465393836247,0.7272096394068709,0.12186138984472185,0.04818059645490449,0.9913067195392795,0.011807607151098253,0.46692797541618347,-0.12436279654502869,0.7256894707679749,0.12246251851320267,0.03723279386758804,0.9917440414428711,0.007770305499434471,-0.3496588468551636,-0.007363335229456425,-0.15839144587516785,0.0944398045539856,1.5098220109939575,-0.24754999577999115,-0.2994547933630991,-0.02569030495748106,-0.13682642826657912,0.07811525196994465,1.4999181289135533,-0.22080029268422738
55.328235,1785483586.426,0.044175583869218826,0.07321567088365555,0.3490000069141388,0.03659851678429608,0.07393666155196388,0.3524861097641189,0.6749267440839962,-0.04344110456836904,-0.03648647434218304,0.7357006848876335,0.6815522189227782,-0.030900418428288893,-0.022581231531648288,0.7307679693342535,25.887056951324695,25.92568640466051,24.803638458251953,1,0.46732626298174523,-0.1513648325085334,0.7273434624064207,0.12512812176162125,0.05484215034984791,0.9903816296744583,0.021897928960923123,0.46716341376304626,-0.13177676498889923,0.7262213826179504,0.12220172584056854,0.0410102978348732,0.9916154146194458,0.009153369814157486,-0.3719087839126587,-0.0036935543175786734,-0.1610744446516037,0.11906331032514572,1.5101450681686401,-0.25502926111221313,-0.3167199635335359,-0.01938768044558857,-0.14424239095968053,0.08372927679684944,1.5033240739610043,-0.22999951367728774
55.407236,1785483586.493,0.047331660985946655,0.07228992879390717,0.3500000238418579,0.04075293555996377,0.07378845529373038,0.3523049312471011,0.6705173821233765,-0.018873081525396074,-0.020867094802372053,0.7413601091363483,0.6779349698518946,-0.026927774126033067,-0.022015817295105287,0.7342985601384199,27.133201473717623,26.306314402008802,26.662588119506836,1,0.4673917196579339,-0.1569969754828763,0.7279279663369173,0.12529297467457703,0.05916634865766603,0.9899282162820249,0.029036878144935954,0.4673086404800415,-0.13846011459827423,0.7265854477882385,0.12307227402925491,0.04578760266304016,0.9912480711936951,0.013561771251261234,-0.3907667398452759,0.0033441204577684402,-0.16899855434894562,0.1358547955751419,1.5168769359588623,-0.2637297213077545,-0.3356993816310946,-0.013990498354493685,-0.15003059401757843,0.0958806674648062,1.5056698138690103,-0.23860724125893806
55.483952,1785483586.593,0.052403900772333145,0.07135769724845886,0.35100001096725464,0.04460335761907947,0.07358236980157488,0.352218485894755,0.6643699636665508,-0.0017366100214550374,-0.0019536420841377113,0.7473993034823799,0.6742942954506788,-0.019995584776611352,-0.016495119668180607,0.7380076495126906,27.810825871805918,26.68632225976919,21.022319793701172,1,0.4676242478634759,-0.16322834454979424,0.7281971111699536,0.12772025851068122,0.06375673708841824,0.9894370913449871,0.02523601221617349,0.46741610765457153,-0.1447834074497223,0.7270179390907288,0.12367970496416092,0.05042269080877304,0.9908600449562073,0.018901728093624115,-0.39997684955596924,0.005117132794111967,-0.17093802988529205,0.1312757134437561,1.5106345415115356,-0.26429465413093567,-0.35463704414915204,-0.008029136557691241,-0.15655350605717763,0.10962777900356457,1.5095239431557104,-0.2472468609290823
55.563621,1785483586.659,0.055662788450717926,0.07077588886022568,0.3500000238418579,0.04822254647399286,0.07332651227210146,0.3520963387696656,0.6626255690997009,-0.025703287205887878,-0.017845276112856048,0.7482968945028203,0.6713142577321345,-0.021462486883869526,-0.016842425661489104,0.7406705487057995,28.643371935917028,27.226521348251264,21.28005027770996,1,0.46794274403270736,-0.16900352460197807,0.7283242614562966,0.12888216528376917,0.06773995870309055,0.9892167468886829,0.015840238055105118,0.46757131814956665,-0.15108691155910492,0.7274196147918701,0.1250108927488327,0.05501490831375122,0.9904040694236755,0.0211060531437397,-0.4019910395145416,0.006132599897682667,-0.17233233153820038,0.1138918325304985,1.5025923252105713,-0.25963294506073,-0.37022939489682083,-0.0035081862806209856,-0.16149969493924546,0.11707253875823495,1.5099058779302788,-0.25310959245933434
55.700166,1785483586.726,0.06493630260229111,0.07135769724845886,0.35100001096725464,0.05682120270486442,0.07295508293376532,0.35194506798987724,0.6527501805776772,-0.03588323120833529,-0.03053421756962904,0.7561066439539265,0.6633937252811883,-0.02535999362376378,-0.014292210505943294,0.7477040649212786,26.211963817813526,26.841462830869673,83.68992805480957,1,0.4683353872013736,-0.17443175646671602,0.7285050370953764,0.12802448825674725,0.07185671512291646,0.9890257659830232,0.016564332767615757,0.4678494334220886,-0.160411536693573,0.7278910279273987,0.12704789638519287,0.061655476689338684,0.9898079037666321,0.018379071727395058,-0.41283613443374634,0.012763798236846924,-0.17966459691524506,0.11622681468725204,1.5061312913894653,-0.26180192828178406,-0.38679953535915185,0.0015213678405618506,-0.1671501812117207,0.11541320600724443,1.5060903748043941,-0.2565128394207365
55.85489,1785483586.893,0.07235749065876007,0.07270301878452301,0.35200002789497375,0.06560973044168444,0.07288858090219821,0.35195450853483945,0.6559250878837444,-0.007423539922848522,0.0023529014853944175,0.7547858199478287,0.6598231127745727,-0.019515605435438958,-0.011358194474447551,0.7510816150134701,27.747149538168117,27.16616854429634,83.42957496643066,1,0.4689133988377738,-0.1873289182673563,0.7287264328695435,0.12336029676740075,0.08242950411261951,0.9888030167337589,0.016006502785566815,0.4681532382965088,-0.16770946979522705,0.7282167077064514,0.12756164371967316,0.06697756052017212,0.9894130229949951,0.0174370389431715,-0.43505793809890747,0.030149122700095177,-0.19926759600639343,0.11460968106985092,1.5181406736373901,-0.26199716329574585,-0.400382903299433,0.007386508959105035,-0.17367810295448644,0.1158377173004403,1.5061117211136672,-0.25927216769815176
55.996181,1785483587.06,0.07708892226219177,0.07249646633863449,0.35100001096725464,0.06945191238697036,0.07286724515445536,0.3519025170398966,0.646703106408585,-0.05185270391760138,-0.049648577604311,0.7593559165501964,0.6589483040247952,-0.016736697442812767,-0.008206866834694479,0.7519572214682902,27.736940187017254,27.281289947263613,28.61309051513672,1,0.4690342737563702,-0.20051152645778292,0.7287070355016975,0.12549388595372676,0.08647799106040911,0.9882749357618061,0.009246242230588304,0.4686099588871002,-0.17686937749385834,0.7284822463989258,0.1255955696105957,0.07421702146530151,0.9891598224639893,0.016747839748859406,-0.4547805190086365,0.038080185651779175,-0.20703059434890747,0.1069650873541832,1.5110268592834473,-0.2743414044380188,-0.41663019927819683,0.01805210562610972,-0.18566788835941125,0.11526233206990338,1.5117479950792303,-0.2605489864352242
56.089866,1785483587.193,0.0820259302854538,0.07287606596946716,0.35100001096725464,0.07610239443578999,0.0728950907491745,0.3517980084949479,0.6467543013297652,-0.016467882906103393,-0.008249755705793563,0.7624759826216383,0.6536602719690695,-0.01811578227753469,-0.009995972962628991,0.7565052199465152,29.567531177266478,28.458926633268113,69.13185119628906,1,0.4690394901915543,-0.2112185845222387,0.7288497511477787,0.12550847811658752,0.09115959415912228,0.9878668178136495,0.007529978508342444,0.46891841292381287,-0.18651439249515533,0.728593647480011,0.12558938562870026,0.07923813164234161,0.988818347454071,0.01367280911654234,-0.4734903573989868,0.04804978147149086,-0.2177971601486206,0.1069660484790802,1.512036919593811,-0.28347522020339966,-0.4322531317771919,0.026253777100542372,-0.1944157660956768,0.11186454732605079,1.5114526827594994,-0.2661971173550963
56.223692,1785483587.293,0.08430454879999161,0.07249646633863449,0.35100001096725464,0.07829269328891464,0.0728769312816813,0.35176212779618077,0.6383857770665774,-0.03292488742843988,-0.017114094530678765,0.7688216042719674,0.6503603561900494,-0.021351601444990882,-0.011551368837467107,0.7592378297279893,28.396277619107043,28.44722367592056,21.00229263305664,1,0.4690499387148276,-0.2162506081156114,0.7289356419939932,0.12545948966397386,0.09432621285243273,0.9875848088503726,0.006223130253012181,0.4691305160522461,-0.19804707169532776,0.7287399172782898,0.12558230757713318,0.08482486754655838,0.9883912801742554,0.010793768800795078,-0.4815187454223633,0.05270073190331459,-0.22291187942028046,0.10560936480760574,1.512135624885559,-0.28515028953552246,-0.4515752014985273,0.036466449597514036,-0.20537077209785556,0.10956934189752837,1.5117264321863475,-0.2742929247122658
56.323381,1785483587.36,0.0856872946023941,0.07194166630506516,0.35200002789497375,0.08153801468490347,0.07278779949783248,0.35179784707903694,0.6228420053929332,-0.06713540242718605,-0.0719560939016155,0.7761333613558116,0.6358745966235129,-0.047926580390063284,-0.04641180566664344,0.7689034299284674,28.61950593323215,28.454097508678448,78.15861701965332,1,0.46908249027458104,-0.21953602920860762,0.7289881559488918,0.12413949086634399,0.0989908889534015,0.9872737184738751,0.008988632956560253,0.46917885541915894,-0.2065533995628357,0.7288452386856079,0.12554210424423218,0.08927514404058456,0.988025426864624,0.008652309887111187,-0.48938611149787903,0.05854390934109688,-0.22952941060066223,0.110422283411026,1.5177503824234009,-0.28296366333961487,-0.46560551258401417,0.04407313011703908,-0.2135892921172657,0.10771388736447157,1.5119181631082972,-0.2793802377504754
56.463846,1785483587.527,0.0856872946023941,0.07232234627008438,0.35200002789497375,0.08257909690456103,0.07275007982283578,0.3518180826949432,0.6233658270537276,-0.05446912743030565,-0.05648780050983299,0.7779828328518339,0.6294642216550497,-0.05460304210704219,-0.055647843469296146,0.7731084134622231,28.59040877510612,28.411477663932164,68.83573532104492,1,0.46922394668697115,-0.2244037694247845,0.7289325618108486,0.12850037602016595,0.12165195381163123,0.9829540626939471,0.0498975563525168,0.46917349100112915,-0.21331274509429932,0.7289305329322815,0.12480657547712326,0.09434618800878525,0.9876458048820496,0.008824918419122696,-0.5362594723701477,0.07457160204648972,-0.2426256686449051,0.1940213143825531,1.5409786701202393,-0.27648457884788513,-0.47801192039256724,0.051622535569965045,-0.2219046814072982,0.10912689961737594,1.5149608500048666,-0.2812497186146328
56.606736,1785483587.66,0.08530644327402115,0.07270301878452301,0.35200002789497375,0.08303068738671876,0.07273670507329703,0.3517761210113687,0.6295386557038362,-0.03197513032625939,-0.028059417611710335,0.7758036743265124,0.6288788794234419,-0.0498716858748061,-0.047951499697242314,0.7744190232941764,26.446730714310284,27.191728969876205,65.62972068786621,1,0.4692830040475174,-0.22596528808146993,0.7289015503974872,0.12981770186904065,0.13056420228676893,0.9810654015265091,0.060091857104685856,0.46921730041503906,-0.2191452831029892,0.7286971211433411,0.12658677995204926,0.10967551916837692,0.985376238822937,0.031317338347435,-0.5480986833572388,0.07832518965005875,-0.24497434496879578,0.2143077850341797,1.5454511642456055,-0.2682263255119324,-0.5095837634593006,0.06397045413140151,-0.2329491965538239,0.15544525945934692,1.5289816768268356,-0.27793790260938883
56.681455,1785483587.794,0.08530644327402115,0.07232234627008438,0.35200002789497375,0.08315504136283197,0.07271796973908037,0.3517873305498613,0.626331941029092,-0.03619591698206576,-0.03344843059371228,0.7779970165311532,0.6282352443598295,-0.046281454029450705,-0.04414388161755044,0.7753901098626427,27.62347525032091,27.276633418826542,68.15767288208008,1,0.46930420511673626,-0.22664266522984797,0.7289642112456669,0.12798955838696477,0.13072435295831966,0.9817904654009737,0.05115954002215019,0.4692491888999939,-0.22189147770404816,0.728682279586792,0.12781572341918945,0.11831013858318329,0.983771562576294,0.043121106922626495,-0.540298581123352,0.07745754718780518,-0.24581097066402435,0.19491977989673615,1.5421758890151978,-0.2618459463119507,-0.5253559989218697,0.06984881152570738,-0.23787288069836623,0.17955010248581169,1.535726096619696,-0.27396091243328935
56.776011,1785483587.86,0.08530644327402115,0.07232234627008438,0.35200002789497375,0.08331076277191911,0.0726926726551616,0.3518018535754169,0.6272520414374956,-0.05785401286672049,-0.05997406555460463,0.7743454662930258,0.6279556204141642,-0.049880817452610506,-0.04906668234701815,0.7750974800139517,26.529320349544758,27.058596571851446,24.225234985351562,1,0.469332592942861,-0.22682914432829068,0.7289473003795081,0.12797461012386038,0.1311635285222273,0.9819975260971041,0.045820155918680765,0.4692740738391876,-0.22351953387260437,0.728775143623352,0.12787394225597382,0.12258878350257874,0.9831147789955139,0.04588666930794716,-0.5355656147003174,0.07552024722099304,-0.24424824118614197,0.1840542107820511,1.5376368761062622,-0.2574442923069,-0.5304947449883969,0.07246541777518802,-0.24060222851739543,0.18483577465573764,1.537944180224509,-0.26979457423402575
56.869918,1785483587.96,0.08416388928890228,0.07232234627008438,0.35200002789497375,0.08337210065425436,0.0726768340220409,0.3518107542708304,0.623515680535226,-0.053005543826707135,-0.054657404038496865,0.7780945807767213,0.6270535589347572,-0.05051845092869118,-0.05020730085113997,0.7757131862255943,27.22837782801485,27.090281286153377,21.374225616455078,1,0.4693708946199939,-0.22706265679378485,0.7289253926085233,0.1287201893582277,0.13195236611222466,0.9814963145374902,0.05181380586572966,0.46929413080215454,-0.22441577911376953,0.7288203239440918,0.1278993785381317,0.12491241097450256,0.9828197956085205,0.04586851969361305,-0.5417511463165283,0.07740002125501633,-0.24538519978523254,0.1967320740222931,1.5409855842590332,-0.26078036427497864,-0.5318689407516515,0.07329322824469439,-0.2415895790508105,0.18462402256903754,1.5378609008084643,-0.2664476462779762
56.991622,1785483588.027,0.08073621988296509,0.07346436381340027,0.35200002789497375,0.08291146699264718,0.07271749720051089,0.3518302080141946,0.6348927506158535,-0.06970648030939264,-0.07280298174603911,0.7659973418147076,0.6277109086500628,-0.06005623262066266,-0.062106099161682665,0.7736375744055124,26.66147288289357,27.030533367352085,79.87308502197266,1,0.4693947887831763,-0.2271546201963994,0.7289119856087881,0.12901474341181005,0.13318068786840323,0.9812324000968945,0.05292520535030329,0.4693344533443451,-0.22579191625118256,0.7288736701011658,0.12832510471343994,0.12858998775482178,0.982140064239502,0.048970453441143036,-0.5429289937019348,0.07755596935749054,-0.2452964037656784,0.19900427758693695,1.5410170555114746,-0.25929319858551025,-0.5370244996494377,0.07543570387823634,-0.24356901116353777,0.19094088562281014,1.5394910578511447,-0.26349100628146266
57.134054,1785483588.194,0.07578515261411667,0.07346436381340027,0.35200002789497375,0.08089591777314015,0.07274976380611585,0.35184393804633946,0.6341134589345558,-0.04569911461776849,-0.03311478618762581,0.7711777506236506,0.6276578312288867,-0.07547255973232142,-0.0808601415133588,0.7705914463183076,24.99554153304742,25.513074126589586,67.83437728881836,1,0.46933266183534145,-0.22646375708231822,0.7288831264178891,0.130221618429458,0.13327029758707123,0.9801145389937357,0.06824110438557703,0.4693652391433716,-0.22650283575057983,0.728891134262085,0.12868526577949524,0.13098642230033875,0.9816710352897644,0.051036249846220016,-0.5563473105430603,0.08161765336990356,-0.24721205234527588,0.23061351478099823,1.5510801076889038,-0.2691068947315216,-0.5401048722858502,0.07654176208133283,-0.24446883305668005,0.19514768246399977,1.5402871755611316,-0.2613009947335958
57.212047,1785483588.327,0.07273833453655243,0.0738450363278389,0.35200002789497375,0.07894968093364928,0.07283058142368781,0.3518503506804829,0.6304214221433607,-0.09505087653181377,-0.10385120156488474,0.7633800425127749,0.6285550935835755,-0.08138194048366229,-0.0877988058749132,0.7684964826075625,25.91466110255563,25.59021860570269,71.20084762573242,1,0.4692793978198821,-0.2234405069553125,0.7288637538099904,0.13176472207984774,0.13435542877732815,0.9777659588688979,0.09252246457193654,0.4693508744239807,-0.22648480534553528,0.728856086730957,0.1290600746870041,0.131625235080719,0.9812823534011841,0.055706318467855453,-0.5735536813735962,0.0861072912812233,-0.2472708374261856,0.2791547477245331,1.566629409790039,-0.27833041548728943,-0.5445065711781887,0.07791732076303413,-0.2452121262927727,0.2047589321122725,1.543212060167758,-0.26341639348320667
57.305226,1785483588.394,0.06950757652521133,0.0736730620265007,0.3530000150203705,0.07593904473039989,0.07289938354409042,0.35196614831117057,0.6370691046829821,-0.09920301104416722,-0.1065460551456561,0.7569343806375116,0.631686202907531,-0.08781130337408868,-0.09456252978006197,0.7644080350294626,78.10047182297106,25.672390083554006,25.46548843383789,1,0.4691534833301253,-0.2205213463076551,0.728855377967455,0.13218909694371148,0.13345425856026194,0.9769072367612628,0.10182462513955498,0.4692963659763336,-0.22519473731517792,0.7286816835403442,0.12997789680957794,0.1328514814376831,0.9800211787223816,0.07081522047519684,-0.5771201848983765,0.08580136299133301,-0.24477970600128174,0.29726073145866394,1.5722664594650269,-0.2815121114253998,-0.5564016470357019,0.08127117104451445,-0.2460548101688591,0.23522479304690724,1.5528016990115783,-0.26952383435422156
57.383187,1785483588.494,0.06416050344705582,0.07290955632925034,0.3530000150203705,0.07238427687398286,0.07289994319199224,0.3520295058349244,0.6401761871570032,-0.042528283101806154,-0.028423378910310892,0.766523258658767,0.6330989914773109,-0.09075828190869943,-0.09766268377834114,0.762502853406205,25.394796882477195,25.617391732514168,22.995710372924805,1,0.4690428942388718,-0.2160054959789743,0.7286835335686211,0.1321559160971868,0.12962482400874156,0.976341626396378,0.11175530147107869,0.4692319631576538,-0.2235594093799591,0.7286227941513062,0.13062544167041779,0.1331251859664917,0.9790669083595276,0.08150248229503632,-0.5784238576889038,0.0846804603934288,-0.24083884060382843,0.3161996304988861,1.578936219215393,-0.2882075011730194,-0.5635267444385813,0.08282907071499494,-0.2456157807304575,0.25655899526413667,1.5594956301315193,-0.27364660259727086
57.47659,1785483588.561,0.06110503897070885,0.0736730620265007,0.3530000150203705,0.06901644464628924,0.07294258078561333,0.3520823741903996,0.6440381956953387,-0.05688409536684616,-0.04509633623998343,0.7615414122931978,0.6340415949520593,-0.09274105715812675,-0.09974848851256249,0.7612099521336416,24.865505676156697,25.452198667916846,35.2630615234375,1,0.46903342647339286,-0.2106733157825432,0.7285905821361951,0.13213566464317603,0.12786263704781672,0.9760449516770761,0.11630805854358835,0.46914538741111755,-0.22044260799884796,0.7285282611846924,0.1311456263065338,0.13175293803215027,0.9780709147453308,0.09391099214553833,-0.5732066035270691,0.08020757138729095,-0.23463797569274902,0.3240441083908081,1.5798251628875732,-0.28593772649765015,-0.5696272471523822,0.08358718093786428,-0.24365874210629074,0.28098250342065306,1.5674567457672566,-0.2796094361242072
57.60379,1785483588.627,0.054000843316316605,0.07349893450737,0.3540000021457672,0.06113659165876286,0.0730264817032979,0.35234827619322096,0.6550615425923652,-0.040271549541522456,-0.03504967827458648,0.7536870025195364,0.6451460455926581,-0.06669727399583078,-0.06520205226097615,0.758344740786562,25.183225768701526,25.02347539747803,27.281999588012695,1,0.4689613046765326,-0.2056216459823392,0.7285133079876617,0.1321202504240117,0.126674554968192,0.9758320704076948,0.11937154985732072,0.46910709142684937,-0.21592667698860168,0.728483259677887,0.13153067231178284,0.1300644874572754,0.9772875905036926,0.10340182483196259,-0.567121148109436,0.0752505213022232,-0.2283124178647995,0.32895299792289734,1.5793569087982178,-0.2820782959461212,-0.5704844657542276,0.08170743350967616,-0.23933114961110316,0.29910763296175014,1.572474910853262,-0.2818149913973602
57.743244,1785483588.828,0.047489579766988754,0.07388176769018173,0.3540000021457672,0.054941520476007866,0.07309368444031662,0.3525031705543971,0.6484866971510247,-0.049300308532432814,-0.04633365155692039,0.7582134764894145,0.6468575240155591,-0.057782107969928484,-0.05607856069429376,0.7583480511305271,23.927977939001394,24.787823075565672,71.73895835876465,1,0.46881616862267084,-0.19380192903686266,0.7281191809409405,0.12788499015442767,0.11127403314012653,0.982428793486077,0.0780844707443362,0.4690556526184082,-0.21109196543693542,0.7284694910049438,0.1318146139383316,0.1284833699464798,0.9766373038291931,0.11088985204696655,-0.5070762038230896,0.05174625664949417,-0.21264266967773438,0.24210600554943085,1.5518819093704224,-0.26417574286460876,-0.5689085353190807,0.07868194285622108,-0.23416747638903385,0.3130920135952169,1.5756995329283525,-0.28193836527756166
57.883407,1785483588.928,0.0440424382686615,0.07388176769018173,0.3540000021457672,0.05084544293692898,0.07314803474516131,0.3526184975677432,0.6621580662019931,-0.039233205849750735,-0.03323081281734153,0.7475982637766667,0.6527802259252,-0.0507227229780224,-0.04738094639994373,0.7543608075271311,24.452014237235097,24.70138275347966,23.18096160888672,1,0.46870027151425725,-0.18450940605250304,0.7278905564370419,0.12817586212028342,0.1084030308153667,0.9836241786859947,0.06559882913640583,0.46912795305252075,-0.2001902312040329,0.7279139161109924,0.12916159629821777,0.11918408423662186,0.9801719784736633,0.09151656180620193,-0.4776671826839447,0.03688647225499153,-0.1984935998916626,0.2141299992799759,1.5374959707260132,-0.24429470300674438,-0.5310910884550947,0.06211136076677003,-0.22025011483510926,0.2707429096659667,1.5605404765411097,-0.2688941527430631
57.976571,1785483589.094,0.03561609610915184,0.07349893450737,0.3540000021457672,0.04321624833301104,0.07319667988473978,0.3527470316404649,0.657730991421832,-0.05233816034814791,-0.04866748629852784,0.7498547430482841,0.6543642060056583,-0.05059923849929289,-0.04706820088025878,0.7530151309421157,24.608580985752713,24.995267736087087,65.57440757751465,1,0.4685499191780218,-0.17235970539641735,0.727621677431016,0.12740772850747076,0.09903341419623864,0.9853797826040626,0.05464739357346803,0.4690210521221161,-0.19368349015712738,0.7278287410736084,0.1284947544336319,0.11485721915960312,0.9817075729370117,0.08091501891613007,-0.44358333945274353,0.022312309592962265,-0.1845400631427765,0.18816863000392914,1.5275503396987915,-0.23197408020496368,-0.5092133113851611,0.05178154845797446,-0.21134123060909923,0.24755930759289593,1.5511035209647694,-0.25882043266530497
58.069849,1785483589.161,0.032168954610824585,0.07311609387397766,0.3540000021457672,0.038952116205345035,0.07318995652142274,0.3528280592745636,0.65710112580335,-0.07983430695997172,-0.07953418754528684,0.7453314074367872,0.6553968539843558,-0.06012486473522094,-0.05764457474778126,0.7506777387335578,22.88416960551451,24.234352396909138,19.727706909179688,1,0.468517274407382,-0.16692162703075267,0.7275317693735617,0.1273791731411281,0.09790767569271908,0.9854523553244913,0.05542822995319789,0.468951940536499,-0.18483690917491913,0.7276713848114014,0.12773250043392181,0.10847657173871994,0.9833583831787109,0.07016811519861221,-0.4335096478462219,0.0174291729927063,-0.17926068603992462,0.18779809772968292,1.526063323020935,-0.2243623584508896,-0.4823370529794776,0.0397136409996002,-0.20036656699095468,0.22323818004078627,1.5414582577045386,-0.24782658421314271
58.148355,1785483589.261,0.02649836800992489,0.07332263886928558,0.35500001907348633,0.03469168851829095,0.07319599749971889,0.35299322089727225,0.6625579687325396,-0.04853678977972146,-0.04381504618840096,0.7461510301771341,0.6571321567219006,-0.057357302649040265,-0.05434117989582535,0.7496229082694708,22.682542402035217,23.83471964112112,23.065805435180664,1,0.4685170029867462,-0.16052537403493924,0.7274127194794289,0.1277004406150129,0.09742293439721735,0.9845417622119966,0.06984903564590743,0.4688621461391449,-0.17744243144989014,0.7275964617729187,0.12744134664535522,0.10418987274169922,0.9842715859413147,0.064129538834095,-0.4352514147758484,0.015730813145637512,-0.17517712712287903,0.215733602643013,1.5324352979660034,-0.22482971847057343,-0.46234145393203147,0.03058792551311175,-0.191723651246906,0.20872510418666984,1.5351538780022562,-0.23821774897701145
58.22732,1785483589.328,0.022657394409179688,0.07370655983686447,0.35500001907348633,0.03056739292803632,0.07322144027211278,0.3531251904844086,0.665487967633421,-0.06558649391785022,-0.06226734219119181,0.7409095456580026,0.6590535201278841,-0.05923520744030223,-0.05614991136819389,0.7476542217227782,24.655952816588393,24.023354806680384,20.7822322845459,1,0.4684974876704949,-0.15413465923740813,0.7271674826036046,0.12748800431824853,0.09490455871822323,0.9850908344629027,0.06584816889353443,0.4688250422477722,-0.17284554243087769,0.7275553941726685,0.127528116106987,0.10235331207513809,0.9843510985374451,0.06567506492137909,-0.4183051586151123,0.008875626139342785,-0.16832561790943146,0.20516782999038696,1.5274616479873657,-0.21421585977077484,-0.45500002668077544,0.02656161864391191,-0.18723914942289688,0.21062443670580416,1.5344171428124316,-0.23458959146410419
58.344015,1785483589.395,0.018869420513510704,0.0735291838645935,0.35600000619888306,0.02580834692634727,0.07323987421608766,0.35347215035617613,0.664313675519385,-0.07319610553226621,-0.07072924209771642,0.740491083649977,0.6605944852851279,-0.06324099524638457,-0.06033286148913254,0.7456376119507767,70.15155011919074,24.202331318273778,28.347015380859375,1,0.46844923901646857,-0.14794820836530873,0.7269719784479906,0.12739074687990817,0.09252494101973845,0.9851283118593326,0.06879638124098571,0.4687974452972412,-0.166385218501091,0.7274345755577087,0.12750382721424103,0.09979359805583954,0.9846135377883911,0.06572874635457993,-0.40876394510269165,0.004380933009088039,-0.16295650601387024,0.2093004733324051,1.5270615816116333,-0.20934998989105225,-0.4423805669343498,0.020479366798892378,-0.18073430248905947,0.20874794633854565,1.5320251481420915,-0.2275830634129804
58.446106,1785483589.495,0.009239934384822845,0.07429917901754379,0.35600000619888306,0.01705960827064604,0.07332101096312756,0.35379840401630075,0.6742047565424346,-0.03650085477837812,-0.0293600977224043,0.7370574051712222,0.6647235717310667,-0.05690145186950703,-0.05286565418478398,0.7430410625045232,25.155791001516,24.539711476271815,83.12010765075684,1,0.4684097054996874,-0.14080949070452484,0.726454352298015,0.12735731097959024,0.09079669526191776,0.9848503343557586,0.07487252091997942,0.4687241315841675,-0.15772010385990143,0.7272328734397888,0.12746037542819977,0.09638845175504684,0.9848615527153015,0.06716275960206985,-0.40032094717025757,-0.00023320707259699702,-0.1561896950006485,0.21954970061779022,1.5270698070526123,-0.2039795219898224,-0.42662911640932927,0.01293624760852622,-0.1724036789016035,0.2090068880034555,1.5296994243721467,-0.21903979025813508
58.57334,1785483589.628,0.006543678231537342,0.07468418031930923,0.35600000619888306,0.012898824920210595,0.07345393461999518,0.35397194158961104,0.682773510534828,-0.058515910484374004,-0.05182517802177493,0.7264367642507799,0.6704011499861541,-0.0574091111906367,-0.05254429883375617,0.7379062194544862,23.291813748760987,24.13438346201545,28.215408325195312,1,0.46826654999832473,-0.12768640512173945,0.7259702037280203,0.1269375940763183,0.08480297845256561,0.9860853098121927,0.06581081847448358,0.46864861249923706,-0.14977964758872986,0.7268741130828857,0.12744472920894623,0.09376408159732819,0.9848640561103821,0.07077322900295258,-0.36358368396759033,-0.013089995831251144,-0.14385007321834564,0.19570448994636536,1.5172982215881348,-0.18181012570858002,-0.41430214042034286,0.006765528165977536,-0.16480578859667586,0.2139468676928527,1.528467293510523,-0.21198316348169774
58.71234,1785483589.728,-0.004241346847265959,0.07506918162107468,0.35600000619888306,0.003914573755709604,0.07375749729314368,0.3542040101869364,0.6982834960144475,-0.03970731614098589,-0.020304698073907924,0.7144306876631549,0.6825528952630128,-0.054684219731948286,-0.04512121610129563,0.727389343569128,23.339972891631877,23.910169077908172,88.58513832092285,1,0.4680569400083043,-0.12144545691201958,0.7257125047383013,0.12643561344828347,0.07724958955337499,0.9866939245559526,0.06694502080187427,0.4686015248298645,-0.13937857747077942,0.7264600396156311,0.1271318793296814,0.08957990258932114,0.9854586124420166,0.06844077259302139,-0.3521776497364044,-0.0168899092823267,-0.13949263095855713,0.19683510065078735,1.517581582069397,-0.18568092584609985,-0.3905374172745794,-0.0025379947103457683,-0.15498636664681265,0.20539926963187793,1.5232339243396409,-0.19784531314825626
58.870577,1785483589.895,-0.013174072839319706,0.07549091428518295,0.3580000102519989,-0.005305309838139666,0.07405611489937644,0.3550146845999644,0.6974160896476046,-0.01978119876328038,-8.932089525734301e-05,0.7163933933935388,0.6873666580228124,-0.0658983426702649,-0.05740883964613355,0.7210330859276479,23.119804754525497,23.592404549063218,68.23205947875977,1,0.4675796988474366,-0.10796969305760082,0.7253700526568583,0.1235140958791709,0.06041995045990722,0.9885660906621901,0.061893312227152296,0.46840164065361023,-0.12999574840068817,0.7260780334472656,0.12674687802791595,0.0831519216299057,0.9861254096031189,0.06765822321176529,-0.31866100430488586,-0.024306688457727432,-0.1329757571220398,0.18213853240013123,1.518608808517456,-0.18692223727703094,-0.3705249376198548,-0.010025486088096506,-0.14690258957221025,0.20093136161951589,1.5202850798549936,-0.19149911173046988
58.948378,1785483590.062,-0.015885476022958755,0.0758780837059021,0.3580000102519989,-0.008784894388625286,0.07416628595321435,0.35522626463030443,0.6961758122861912,-0.0023128157915979753,0.027510848783600623,0.7173402557155021,0.6883850446584806,-0.06834014512579792,-0.06008505849188198,0.7196147862577267,24.61424562325026,23.839464121275256,70.27482986450195,1,0.4671085774421074,-0.09414013109065464,0.7241598241287762,0.12380023888976144,0.054786639501182934,0.9876044841590266,0.07943115164712422,0.46823689341545105,-0.12237470597028732,0.7258343696594238,0.12558867037296295,0.07534632086753845,0.987033486366272,0.06569117307662964,-0.3078754246234894,-0.030949605628848076,-0.1209566593170166,0.2152528315782547,1.519938349723816,-0.18607522547245026,-0.3526888628191295,-0.014936829664145227,-0.14211270003853863,0.19446853905465483,1.5197086101420143,-0.18992512243271642
59.08833,1785483590.129,-0.02136780507862568,0.0772547647356987,0.359000027179718,-0.014783512665635065,0.07461926442465187,0.3561745420271698,0.6923796278926638,-0.016015841102739077,0.002875130496618336,0.7213498993814415,0.6919493877367803,-0.03990969620043362,-0.02779874766614195,0.7203058312884036,25.376842515000433,24.042794684409852,65.93823432922363,1,0.46693468631889806,-0.08892090273820405,0.7238446333699231,0.1238570270225724,0.05355605151102145,0.9873502226766924,0.08325096986801325,0.4679100215435028,-0.10910408198833466,0.7250518202781677,0.12482400983572006,0.06570617109537125,0.9873694777488708,0.0721336156129837,-0.3005797266960144,-0.03400520235300064,-0.11657291650772095,0.22150857746601105,1.5189580917358398,-0.18117372691631317,-0.33169103008333994,-0.022439806934739213,-0.13219930004196306,0.20420724424082676,1.5198162566907236,-0.18812121566038287
59.230328,1785483590.295,-0.02525205910205841,0.0772547647356987,0.359000027179718,-0.019213155435944495,0.07497448122744765,0.356466785824876,0.6945458294530866,-0.011502274279545225,0.00748919736659477,0.7193175240452065,0.6935990778338149,-0.023651728214641177,-0.007594931790877786,0.7199327968578971,26.930000314711,25.168150992053974,66.21527671813965,1,0.4662395963495574,-0.0799235230434747,0.7224263068026276,0.1224754737302367,0.045877117045704414,0.9905661650083791,0.040911137929927364,0.4675554037094116,-0.09962496906518936,0.724483847618103,0.12441621720790863,0.06000619754195213,0.987389326095581,0.07734476774930954,-0.23406052589416504,-0.04790203273296356,-0.10622597485780716,0.12572583556175232,1.4983023405075073,-0.13632629811763763,-0.3171134924902486,-0.027858929275240755,-0.12487679613594319,0.2123139827530105,1.5194141557776282,-0.18486590389517552
59.371068,1785483590.429,-0.026028910651803017,0.07609003782272339,0.359000027179718,-0.02073181041021276,0.07504382421029523,0.3565879777671645,0.6986979317552959,-0.0056031321289224,0.023344862854541504,0.7150138617184427,0.6954180638538657,-0.01758197760556833,0.00281503915317282,0.7183847618677501,25.971446878448404,25.34727257777555,77.48818397521973,1,0.4656957506425722,-0.07327975156055845,0.7219909868913277,0.1203846795694865,0.041034720561321625,0.9917578739891404,0.015491933834956007,0.466987282037735,-0.09026558697223663,0.7233065366744995,0.12286431342363358,0.053516995161771774,0.9891432523727417,0.06029835715889931,-0.19000683724880219,-0.054080065339803696,-0.10152550786733627,0.06606106460094452,1.4921290874481201,-0.10474243015050888,-0.27819803278037347,-0.03725034563396925,-0.11613741263948242,0.17174235275563363,1.5095220247264756,-0.16212223205987206
59.46605,1785483590.596,-0.027194185182452202,0.07453706115484238,0.359000027179718,-0.022811357840501045,0.075045894864517,0.3567965905085628,0.7039361325411558,0.011771313348427357,0.03142548289780101,0.7094700814760927,0.6982638848512988,-0.010520940129648252,0.009455803371799217,0.715700666978699,24.501267536362487,24.978397023173724,19.83475685119629,1,0.46553955685446796,-0.0685232463924048,0.7215735408479023,0.11798081045390046,0.03429304237668861,0.9924232978422335,0.0007165955185036338,0.46636122465133667,-0.08217866718769073,0.7223635315895081,0.12084667384624481,0.047793805599212646,0.990739107131958,0.03934332728385925,-0.16229037940502167,-0.055768486112356186,-0.09987442195415497,0.031367335468530655,1.49199378490448,-0.09200382977724075,-0.23687511612625203,-0.045136109640614354,-0.10929036054612203,0.122224462555264,1.5013724074282666,-0.13523640618802163
59.607415,1785483590.629,-0.026805762201547623,0.07531354576349258,0.359000027179718,-0.02374749613537442,0.07507975322854868,0.3570210873967168,0.70589511310644,0.008280044675317334,0.027603228415079308,0.7077298862798476,0.7029566277016587,-8.57362314508122e-05,0.019571752334497556,0.7109633736910554,25.23754128143533,25.0050594326969,76.77841186523438,1,0.46557956090204444,-0.0678824343754858,0.7214984798300732,0.1181582529834905,0.0319550282742876,0.9924684949334387,-0.004877497763617821,0.4659494161605835,-0.07570575177669525,0.7217503190040588,0.11891566216945648,0.041528016328811646,0.9918071627616882,0.021285755559802055,-0.15462258458137512,-0.0568518303334713,-0.0986158698797226,0.01911056973040104,1.489961862564087,-0.08952586352825165,-0.2019277270194861,-0.050118048014131916,-0.1048779563557325,0.07965255838920146,1.496977969437144,-0.11497939045870537
59.747829,1785483590.796,-0.027659442275762558,0.0743553563952446,0.36000001430511475,-0.024330920573781653,0.07502857784717885,0.35741941993309706,0.705558596932427,0.004553553700842308,0.014358494341330097,0.7084914714262189,0.7043333768924692,0.003095857036040444,0.0188687758464768,0.7096117805973339,24.494078712536556,24.881159824120225,69.8239803314209,1,0.46552623858330705,-0.06647817911717535,0.7211623262424325,0.11871425604747955,0.023414191754460724,0.9924820993371187,-0.018384328406676087,0.4657798707485199,-0.07247854024171829,0.7215424180030823,0.1183682382106781,0.037638355046510696,0.9921997785568237,0.010580133646726608,-0.13688120245933533,-0.05995776504278183,-0.09443246573209763,-0.009645172394812107,1.4845391511917114,-0.09004533290863037,-0.1825557738289374,-0.052875643546360734,-0.10231307077440674,0.05486002530218687,1.4941048035115585,-0.10455591357415742
59.903943,1785483590.929,-0.029606977477669716,0.07279805839061737,0.36000001430511475,-0.02541253998484389,0.0746525232784393,0.3577492635254823,0.7017874160600625,-0.0036568924739282084,0.006072323634059664,0.7123511610735664,0.7039251787050115,0.002438963834637994,0.015987675328845766,0.7100899861835192,25.991451252259065,25.1345811450756,105.99279403686523,1,0.4656010951707055,-0.06560268783377868,0.7205651051240783,0.12148377648661524,0.021281399325579337,0.9921675860017425,-0.019805943066925135,0.4656284749507904,-0.06965011358261108,0.721240758895874,0.11831536889076233,0.031017571687698364,0.9924870133399963,-0.0029897543136030436,-0.13375501334667206,-0.0636388510465622,-0.08882143348455429,-0.012098320759832859,1.4767552614212036,-0.09121422469615936,-0.1611545236596324,-0.056194085495695476,-0.09861998192696732,0.024635548501578293,1.4896227310262231,-0.09775684689995087
60.054846,1785483591.096,-0.03146686777472496,0.07104286551475525,0.359000027179718,-0.026310590158588526,0.07417513004710038,0.35783223613570353,0.7050902728146274,-0.027933141170670937,-0.018347859188358427,0.7083295863295119,0.7043483753845011,-0.005014063329715343,0.007564640189603132,0.7097964507384784,24.3487878310609,24.960400664948473,33.770084381103516,1,0.466162158271238,-0.06397916371984569,0.7200704992063917,0.1229930778555076,0.022243105937120606,0.9920060375247256,-0.01737724237017472,0.46560847759246826,-0.06798984110355377,0.7209236025810242,0.1195436418056488,0.02706526778638363,0.9924107193946838,-0.009888711385428905,-0.13255634903907776,-0.06451153010129929,-0.08658380061388016,-0.007479356601834297,1.4729366302490234,-0.08792446553707123,-0.1499341414735004,-0.0592428322637941,-0.09460692640595648,0.009592670423558458,1.4843533735482715,-0.09507757480108947
60.091063,1785483591.163,-0.032064083963632584,0.06948883831501007,0.3570000231266022,-0.027320289611503866,0.07327023679027171,0.3577015130846258,0.7101795067411492,-0.04037986418622482,-0.03017797149851364,0.7022135179626172,0.7067096591039104,-0.017964857118668028,-0.006252382673687052,0.7072479263658835,24.27320013470906,24.76708174931618,27.0993709564209,1,0.46687598252790813,-0.0626308935823975,0.7199459640088963,0.12344792759516017,0.02323955328633047,0.9920596952279838,-0.006171988307816151,0.46580109000205994,-0.06661277264356613,0.7206224799156189,0.12070732563734055,0.025419488549232483,0.9922842979431152,-0.012472188100218773,-0.14203041791915894,-0.06253805011510849,-0.08831656724214554,0.016908396035432816,1.474395751953125,-0.0947258472442627,-0.1439579150885076,-0.061054775763202604,-0.09184735286356355,0.003721607267656417,1.48042715552766,-0.09261761782864147
60.215573,1785483591.263,-0.03322286903858185,0.0664002001285553,0.3570000231266022,-0.028349334376753445,0.07160093414426547,0.3576160739444674,0.7094306758889478,0.0040358651772512254,0.01371508873639532,0.7046302038949044,0.7077168596996468,-0.010401250509504302,0.0006132319180515823,0.7064193403576403,25.69379195402936,25.049758531246425,72.70216941833496,1,0.468231057339606,-0.06111424637845534,0.720141497779571,0.12364844488314436,0.022318184345039776,0.9919891318159056,0.013058448784097218,0.46624183654785156,-0.06498120725154877,0.7203413248062134,0.12182827293872833,0.02451999858021736,0.9921990036964417,-0.009892003610730171,-0.16035200655460358,-0.0575939305126667,-0.09319281578063965,0.05967142805457115,1.4794670343399048,-0.11357521265745163,-0.14316858532218824,-0.06166222110449092,-0.0904011374222081,0.00912173452582678,1.477957235449852,-0.09348095678774662
60.355732,1785483591.43,-0.035341329872608185,0.05758201330900192,0.35500001907348633,-0.030404844568915842,0.06520876174797458,0.35696353428369576,0.7121273257913915,0.008445735221585841,-0.001303804272009937,0.7019983201633666,0.7099060297054415,0.00040887618194704176,0.0047452614059137225,0.7042803023671145,23.95791070901965,24.687342458251855,73.24337959289551,1,0.4733162499809951,-0.05839061629946571,0.7205166360019958,0.12642073092524717,0.01802072835988787,0.9918124785811205,-0.0010293067958088897,0.4671519696712494,-0.06315763294696808,0.7201721668243408,0.12257933616638184,0.02349090203642845,0.9921802878379822,0.0008698517922312021,-0.1368371993303299,-0.05202458053827286,-0.09872735291719437,0.027805909514427185,1.469539999961853,-0.09981030970811844,-0.1512200298211453,-0.059756018444436065,-0.09170885965321837,0.03280725594356144,1.478664665307976,-0.10289629902189674
60.496252,1785483591.563,-0.036462198942899704,0.05161891132593155,0.35100001096725464,-0.031633312995264604,0.059028545392619744,0.3552671414018076,0.7084702205501737,-0.013370046338610237,0.015340584567520498,0.7054472729549802,0.7097344394256221,-0.0027453868876808943,0.007183085299030915,0.7044273501430943,23.27538414556255,24.220290446653927,82.49711990356445,1,0.4803167651825515,-0.056468461833190896,0.7212400939584807,0.12929837402134778,0.015260991477397607,0.9914647641906218,-0.006830372097992482,0.4700464904308319,-0.06094447150826454,0.7203342318534851,0.12437418848276138,0.020929936319589615,0.9920146465301514,-2.982676051033195e-05,-0.12426629662513733,-0.0407252237200737,-0.1102704331278801,0.014484323561191559,1.462504506111145,-0.09317236393690109,-0.144480824782631,-0.05613341658201477,-0.09499707760302346,0.030463838672079618,1.4743892212380623,-0.10145032868267648
60.626763,1785483591.697,-0.03656608238816261,0.04491385444998741,0.35200002789497375,-0.032084769739753854,0.05421338264026865,0.35495599676721445,0.715604934552431,-0.028247361049946063,-0.027528385058351444,0.6973907457473205,0.7114118452721745,-0.009453155797633814,-0.0019449991877210993,0.7027090729669462,23.012326990876844,23.938482898416233,25.658607482910156,1,0.4895862641724853,-0.05461188808758904,0.7237775980846005,0.1253658432153498,0.015534390530432903,0.9919680361875955,-0.006442301442622725,0.4742511212825775,-0.059160441160202026,0.7207061052322388,0.12636597454547882,0.01861935295164585,0.9918048977851868,-0.0028309784829616547,-0.11725973337888718,-0.01496057491749525,-0.14220280945301056,0.012562538497149944,1.4765511751174927,-0.08555228263139725,-0.13620277043945145,-0.049823644175151435,-0.1012512670843862,0.023920076355975962,1.4695223115464382,-0.09806041687621657
60.667578,1785483591.763,-0.03749438002705574,0.03973802551627159,0.3500000238418579,-0.03284294578990656,0.04797661251285973,0.35406506609553795,0.7124165122638889,-0.0306060324532974,-0.020563565031689792,0.7007875024744744,0.7118065865464048,-0.01644160547712273,-0.008095604428387757,0.7021363956863576,24.83921336165544,24.216054800104402,23.251056671142578,1,0.4968083040314297,-0.053923304181158885,0.724238498964722,0.1268293010185349,0.014652002691763541,0.9918036882322337,0.005009114613252932,0.4771162271499634,-0.05833278223872185,0.7214027643203735,0.12623924016952515,0.018025783821940422,0.9918298125267029,-0.003523960942402482,-0.1265694946050644,0.0007688025361858308,-0.15847183763980865,0.038127485662698746,1.4768062829971313,-0.09579456597566605,-0.13260359701565347,-0.043351439468069436,-0.10903195746754031,0.02176214630211403,1.4708577956249385,-0.0956838708041252
60.747506,1785483591.863,-0.03798127546906471,0.03225972130894661,0.35100001096725464,-0.03334150492193625,0.041797702650179805,0.3538417523314913,0.7163516071235302,-0.021824015611929523,-0.011784750847960941,0.6972985063525932,0.7128052129588639,-0.017618106799696415,-0.008901964246207181,0.7010842215625898,27.64855825368774,25.410727350045526,25.937318801879883,1,0.5061627465750012,-0.05277156141679897,0.7255674631550936,0.12603050161320453,0.01520549518787722,0.9918068306272633,0.014293925294289541,0.48245665431022644,-0.05716117098927498,0.7222512364387512,0.1264052540063858,0.0171215683221817,0.9918301701545715,-0.001210864633321762,-0.13113552331924438,0.023969251662492752,-0.185026153922081,0.05731220170855522,1.4839946031570435,-0.09832940250635147,-0.13096835452282757,-0.031394869883984766,-0.12242998397640503,0.02619715716571989,1.4724698357028028,-0.09571386816883252
60.872236,1785483591.93,-0.040374595671892166,0.028925571590662003,0.35200002789497375,-0.03440012803358413,0.03700856197733688,0.35374797502193833,0.7091687560861174,-0.01918457386734504,-0.009727344984842352,0.704710583343505,0.7121279703335268,-0.017910568166365496,-0.009056063011775552,0.701762747044424,24.328249351123382,25.166114351445966,74.89132881164551,1,0.5154301794820005,-0.05200899260451702,0.7258949232715166,0.12574214737326797,0.01395327038482992,0.9918378579577798,0.015870795230556813,0.49357089400291443,-0.055105164647102356,0.7239480018615723,0.12622623145580292,0.016261009499430656,0.9918497204780579,0.006057805847376585,-0.12860813736915588,0.04520367830991745,-0.2077818661928177,0.060037534683942795,1.4863580465316772,-0.09810950607061386,-0.13104667965393607,-0.005453565768941002,-0.15175935691893405,0.04077640659912646,1.4778698692163945,-0.09693939716255288
61.02848,1785483592.097,-0.04545443132519722,0.01793685369193554,0.3530000150203705,-0.03900556338154609,0.024429882423992674,0.35354244698409526,0.7095091291614691,-0.0409273866131826,-0.04051379682242227,0.7023392178488829,0.71143608354863,-0.027192127484122065,-0.02000796467677956,0.7019394336959328,23.35716107268497,23.694173150058106,71.85077667236328,1,0.530262440781023,-0.04807286767905014,0.7262039637697788,0.12393349707040452,0.015506559379679435,0.9919980777084981,0.018434986920231086,0.5081869959831238,-0.052816152572631836,0.7257803678512573,0.12617038190364838,0.015009293332695961,0.9918190240859985,0.012280954979360104,-0.1185530349612236,0.0800628513097763,-0.245981827378273,0.061873599886894226,1.493148684501648,-0.08454430103302002,-0.12854740046530186,0.02822526527842225,-0.18989672911538166,0.05275900946331968,1.483748616522469,-0.09629965794848422
61.106522,1785483592.23,-0.04621829837560654,0.015264568850398064,0.3530000150203705,-0.04014849219823752,0.021577417439226962,0.35351002389101227,0.7143315304067223,-0.022028364469817423,-0.012513044759004974,0.699348725269757,0.7120170315519907,-0.02616616518178338,-0.01851868470997793,0.7014300655775909,23.8677136480727,23.72769402557119,64.9411678314209,1,0.5414686248541821,-0.04347131801546384,0.7263252698909772,0.12644984403873913,0.017455225032243456,0.991360279744511,0.03017528469687541,0.5157918930053711,-0.05123574286699295,0.7260589599609375,0.12541410326957703,0.015186775475740433,0.9918836355209351,0.014402487315237522,-0.11799819022417068,0.10264512896537781,-0.2696145474910736,0.08504009246826172,1.4911795854568481,-0.07904326170682907,-0.1251103363374339,0.04605219005906715,-0.20918412122330002,0.055893525106565214,1.4869812999005085,-0.09225698983105478
61.2,1785483592.297,-0.04698216915130615,0.012210529297590256,0.3530000150203705,-0.041158457951750015,0.018696585951400863,0.35348242462287066,0.71222580751826,-0.033300320909157466,-0.023593689379099222,0.7007630309553952,0.7120586943994544,-0.027451397501020443,-0.01943295633607391,0.701313907400549,27.024388691400624,24.862102847365186,28.107643127441406,1,0.5457446078626568,-0.04175008527692585,0.7263709725189391,0.12617287363996185,0.01645418612624841,0.9914620186891595,0.02850844108634794,0.5263349413871765,-0.04810129851102829,0.7263165712356567,0.12587898969650269,0.016130680218338966,0.9916950464248657,0.020859938114881516,-0.11193400621414185,0.1122618168592453,-0.2805863916873932,0.0804443508386612,1.492388367652893,-0.07509970664978027,-0.1221978379912718,0.06922752744255677,-0.23393048830698587,0.06782935165981342,1.488700539818685,-0.08684583487862627
61.328852,1785483592.364,-0.04774603620171547,0.009156489744782448,0.3530000150203705,-0.04234747003063648,0.015196613143023223,0.35344806572523,0.7110428786917883,-0.03440309265290672,-0.015651209033285426,0.702132104046957,0.7118499870764962,-0.028905752628144682,-0.018641964749991635,0.70148879571555,23.8852241629978,24.579645465445946,42.50836372375488,1,0.5500634541991156,-0.04022822581572994,0.7264093256373974,0.12587329962382962,0.016548411885284088,0.9914527316046631,0.030059000308339266,0.5330287218093872,-0.04596409574151039,0.7264254093170166,0.12599608302116394,0.016247328370809555,0.9916194677352905,0.02349138632416725,-0.10933874547481537,0.12232442200183868,-0.2919236421585083,0.08278904110193253,1.4942870140075684,-0.07206924259662628,-0.11866810429694727,0.08402699580750506,-0.24997512428657745,0.07216766094963964,1.4899687838108693,-0.08280634089015813
61.368834,1785483592.464,-0.04774603620171547,0.0045754313468933105,0.3530000150203705,-0.04309011155617663,0.011204390602800039,0.3534182303874101,0.7129988937561672,-0.03220238746204681,-0.013088213873736085,0.7003029932834941,0.7120587413195215,-0.02949815077987906,-0.01764418824847881,0.7012780408882617,25.70919733128025,24.945163065732217,22.746562957763672,1,0.5553105889791082,-0.03843631201361592,0.7264571413206331,0.12428567102862738,0.016872336794815826,0.9916354908694336,0.03045405516813403,0.5362755656242371,-0.044898971915245056,0.7264713644981384,0.12598328292369843,0.016308480873703957,0.9915897846221924,0.02473951317369938,-0.10482896119356155,0.13597214221954346,-0.30789345502853394,0.08210097253322601,1.4994711875915527,-0.06663746386766434,-0.11689552576254875,0.09130350238525022,-0.2579452801977299,0.07418572534510273,1.490789247548242,-0.08076629215660662
61.492939,1785483592.564,-0.047498274594545364,0.0011428659781813622,0.3540000021457672,-0.043410797330257725,0.008207434764124999,0.3534629840311276,0.7115159665337031,-0.047415831600034694,-0.03736340406468155,0.7000719565287462,0.711999578229738,-0.03267116680619668,-0.02113546729408189,0.7011009110552188,26.06185549954903,25.21635879371009,75.26278495788574,1,0.5612971648264653,-0.037312766520696074,0.726497288357475,0.12317850896881591,0.01653540948954846,0.9917875089492773,0.03018562991590191,0.5452175736427307,-0.04193031042814255,0.7265740036964417,0.12520383298397064,0.016580650582909584,0.9916133284568787,0.027423882856965065,-0.10107138752937317,0.15102455019950867,-0.3255760967731476,0.08053754270076752,1.5040113925933838,-0.06335368007421494,-0.11124162355596444,0.11223334329327136,-0.2813481904608493,0.07789451199957627,1.4948572486929959,-0.07414610202012457
61.6484,1785483592.697,-0.04903033748269081,-0.0038340063765645027,0.3540000021457672,-0.04454325629194522,0.0021661944994868162,0.35355303918183556,0.7156497739736666,-0.03896781218433,-0.028661071173492345,0.6967822139120622,0.713044887214812,-0.040465050871778915,-0.02953757255900254,0.699326175887963,25.717937170420306,25.578655962890974,76.5538215637207,1,0.5689842701978554,-0.03654130107517187,0.7263711538459704,0.12328550179029703,0.017348469542471174,0.9913530535924334,0.04145888066273185,0.5543909668922424,-0.03934471309185028,0.7266143560409546,0.12405215948820114,0.016558516770601273,0.9917135238647461,0.029002539813518524,-0.10851431638002396,0.169596329331398,-0.34596407413482666,0.1044900193810463,1.5079443454742432,-0.06754548102617264,-0.10544933436549815,0.1343261313502195,-0.30653628659431015,0.07939984482069136,1.500070833808645,-0.06799946372782784
61.787656,1785483592.831,-0.049796368926763535,-0.004599679261445999,0.3540000021457672,-0.04581056445703818,-0.00035969325457158166,0.35360378604552223,0.7163142091722916,-0.026869292331716994,-0.01678102775331339,0.6970583849111993,0.7140712965233844,-0.03347552229374763,-0.02296932609898536,0.69889482967549,27.998679630073998,26.363864272347293,70.96004486083984,1,0.574850771977296,-0.035111234818219324,0.7262845138403159,0.12340163554743493,0.016617273714767396,0.9911276706856869,0.04649562301627322,0.5620171427726746,-0.03787180781364441,0.7265379428863525,0.12364927679300308,0.01698922924697399,0.9915452003479004,0.035502851009368896,-0.10929261147975922,0.18340349197387695,-0.36153316497802734,0.11485737562179565,1.5104268789291382,-0.0689404308795929,-0.10704833847742502,0.15272662478070226,-0.32710466506017677,0.09248951261064188,1.5041784692524738,-0.06776262036105578
61.882123,1785483592.998,-0.049413349479436874,-0.0038340063765645027,0.3540000021457672,-0.04598434123222625,-0.0007039855133121713,0.353621387293462,0.7182255416934071,-0.01950793688357038,-0.009645174490741112,0.6954699722251146,0.7149290370512157,-0.030670077786520467,-0.0202928287835859,0.6982292026330255,28.358754972970445,26.923251596352124,24.80340003967285,1,0.5786364857408476,-0.03320417020665971,0.72620594690793,0.12396079886474923,0.014329676543409352,0.9914883387253781,0.03713832099818631,0.5664403438568115,-0.036916788667440414,0.7264844179153442,0.12356032431125641,0.016875645145773888,0.9914155006408691,0.03928608074784279,-0.09656816720962524,0.19062907993793488,-0.37068015336990356,0.09389519691467285,1.5087358951568604,-0.06208353862166405,-0.10782014032633191,0.16327635790746609,-0.3389439604268657,0.10018184787692266,1.5063272973402786,-0.0681676703188121
61.960649,1785483593.065,-0.048891834914684296,-0.003059666370972991,0.3530000150203705,-0.04613715388628503,-0.0008395316963373357,0.3535773722661929,0.7111848116166164,-0.07660183619165042,-0.08400248804288939,0.6937520482279742,0.7156009654135581,-0.02844507166641554,-0.018170194409930743,0.6976933282124614,26.703819148831418,26.88100816572674,25.41828155517578,1,0.5791524831539695,-0.03294266701822587,0.7261792121602497,0.1241560265667648,0.012749523941376654,0.9916170382522573,0.03344219122967819,0.569753110408783,-0.03593853488564491,0.7264413833618164,0.12366402894258499,0.016183659434318542,0.9914369583129883,0.038704220205545425,-0.09275471419095993,0.19134140014648438,-0.37169650197029114,0.0860423743724823,1.5079151391983032,-0.06194545701146126,-0.10477085393253834,0.17068892041074052,-0.3475440582390951,0.09847818227432535,1.5069800273485723,-0.06651887127383078
62.038601,1785483593.132,-0.048509903252124786,-0.0034414210822433233,0.3530000150203705,-0.046340260374041736,-0.0010733079766850214,0.35352770435974645,0.7158377438422554,-0.05296020640796853,-0.05137103377326089,0.6943576584996535,0.7158065406000764,-0.036098976264419436,-0.028532129224434294,0.696781011472566,28.092801605021435,27.261065408889987,28.047561645507812,1,0.5793554902463025,-0.032713148047699585,0.7262451530976715,0.12430940663773045,0.011496352517400454,0.9917076649403297,0.03051086034135613,0.5729892253875732,-0.03493316099047661,0.7263674736022949,0.12382430583238602,0.01500051748007536,0.9915046691894531,0.036892522126436234,-0.08973478525876999,0.19148235023021698,-0.37218597531318665,0.07982173562049866,1.5074180364608765,-0.06183124706149101,-0.1006384985558314,0.17779124551381048,-0.3558490541268909,0.09420154930197486,1.5073016123136949,-0.06494607568952514
62.180281,1785483593.232,-0.046961572021245956,-5.579241133091273e-06,0.3500000238418579,-0.046492208866594505,-0.0009968367582986382,0.35294530752262837,0.7147529046324091,-0.03537289517462414,-0.01562669051411297,0.6983071316763673,0.7160702807708792,-0.03313657767739282,-0.022537010841300227,0.6968768925419204,27.530127552993743,27.772148082778923,80.82461357116699,1,0.579705728444019,-0.03240795546759561,0.726319478792446,0.12587285630039538,0.012406677441961486,0.9910241270087037,0.0432813826981995,0.576615035533905,-0.033684927970170975,0.7263009548187256,0.12408797442913055,0.01300325058400631,0.9916285276412964,0.03325534984469414,-0.1008402556180954,0.19134138524532318,-0.370699018239975,0.10789868980646133,1.5057321786880493,-0.06959481537342072,-0.0944284702150064,0.185588687140072,-0.36515194431440373,0.08601183143829168,1.5073679196830625,-0.0631720806460935
62.273694,1785483593.366,-0.046715978533029556,0.003031140426173806,0.35100001096725464,-0.04651757458508688,-6.511052180000918e-05,0.3527429154068714,0.7178985071274523,-0.028615576444878593,-0.018385292349474284,0.6953163763885668,0.7164967375303216,-0.032088975354121495,-0.0215749478491946,0.6965179426220351,27.827304544331728,27.785365741185114,23.810625076293945,1,0.5795913924037218,-0.0321805572394636,0.7271932593241826,0.12391672353957653,0.011442008430767677,0.9915374952414233,0.036974607511791414,0.5778791904449463,-0.03315674513578415,0.7262952923774719,0.12480299174785614,0.012755433097481728,0.9913957715034485,0.03736311197280884,-0.09459444135427475,0.1935294270515442,-0.3764266073703766,0.09375493228435516,1.5117157697677612,-0.06566225737333298,-0.0970541566237132,0.18794441602400572,-0.36742254583607725,0.0949747561613288,1.5066980673881947,-0.06580225613147389
62.351952,1785483593.466,-0.04720500111579895,0.010185020975768566,0.3490000069141388,-0.046553132398741884,0.00297011225170424,0.3522784222978822,0.7117513628743919,-0.06647373322442342,-0.055727044985240094,0.6970550456706177,0.7154628054836772,-0.040747342114596324,-0.030172429269782287,0.6968086197744559,27.477936727421923,27.725358818583196,28.04708480834961,1,0.5781940001126575,-0.03214486796471213,0.7274980388157596,0.12401548591598971,0.010703790259053448,0.9915822041758456,0.035641555646220686,0.5784671902656555,-0.032821182161569595,0.7266044020652771,0.1244981586933136,0.012304306961596012,0.9914448857307434,0.037228427827358246,-0.09364575892686844,0.1902225762605667,-0.37326693534851074,0.09107804298400879,1.5114614963531494,-0.0663805902004242,-0.09620825698389225,0.1898650485970807,-0.3705181552283782,0.09455529384000537,1.5084236552365278,-0.06575411202638758
62.476373,1785483593.533,-0.048575837165117264,0.018435485661029816,0.34800001978874207,-0.04680994031916391,0.010369293957707035,0.35149777494462053,0.7170264771281095,-0.02291195302036952,-0.0034503703696088725,0.696660726932671,0.7157149810620949,-0.03435057420515146,-0.02164107730181319,0.6972114225314144,28.119289807431525,27.855321925403153,72.49665260314941,1,0.5736416749065245,-0.03209910306395063,0.7281986318835845,0.12363970593896599,0.013245101940016088,0.9910959819929623,0.0476082436908806,0.5783559083938599,-0.03254390507936478,0.7269712090492249,0.12429877370595932,0.011648047715425491,0.991502046585083,0.036577336490154266,-0.10517296940088272,0.1810731738805771,-0.36296603083610535,0.1169116199016571,1.5137763023376465,-0.07108543068170547,-0.09515888501126232,0.19001140851090872,-0.37164294092035965,0.09313135883252771,1.5096676815521954,-0.0660106624855198
62.571535,1785483593.667,-0.048952363431453705,0.022951656952500343,0.34800001978874207,-0.04702358037474078,0.015537481400906758,0.3510624159206972,0.7153901527251325,-0.034859053613184345,-0.005922138481570382,0.6978299965184284,0.7156391768277921,-0.03449867080098019,-0.017090495516343864,0.6974082916521795,26.12178440635466,27.254022703423413,27.206897735595703,1,0.5625432895255571,-0.03173214442950912,0.7293790966049853,0.12242952700819414,0.011948603186279168,0.9917115328690396,0.037100907980622176,0.5767323970794678,-0.03240036219358444,0.7273803949356079,0.12405376881361008,0.012204475700855255,0.9913787245750427,0.04037163779139519,-0.09686364978551865,0.15621359646320343,-0.3378608524799347,0.09419776499271393,1.5136526823043823,-0.06686370074748993,-0.09860272499286422,0.18693749645347285,-0.36865805056359996,0.1013094267825893,1.511080636240312,-0.06775587679899717
62.71043,1785483593.767,-0.04730992764234543,0.034143686294555664,0.34700000286102295,-0.04710201379919652,0.025762244111735787,0.35032331658856336,0.7183402247122747,-0.035512385364997186,-0.015392346774019731,0.6946144741558405,0.7166536128229418,-0.03209310504749012,-0.011931135161634673,0.6965883144655747,25.99207000028234,26.66662477205465,84.5799446105957,1,0.5547910575058485,-0.031424369745879005,0.7300387864633336,0.11921385516197613,0.011712851973819922,0.9922198926889391,0.03391976397926555,0.5694407820701599,-0.032057520002126694,0.7282960414886475,0.12304840236902237,0.012077207677066326,0.9915730357170105,0.03868047147989273,-0.09447218477725983,0.1419948786497116,-0.3241025507450104,0.08685167133808136,1.519896388053894,-0.0651218518614769,-0.09769544057830737,0.17122077125059304,-0.3525908330190565,0.09759925983331909,1.5124224806452804,-0.0672904261393894
62.837722,1785483593.901,-0.04655904322862625,0.03939741104841232,0.34700000286102295,-0.04703722382219985,0.031925212224374847,0.34999135017444194,0.7222137807147173,-0.008402397886838582,0.02951324048146381,0.6909888734934803,0.7186830885286409,-0.02424664366592525,0.0018068885566718852,0.6949125511081341,25.47932236825114,26.30193403226263,21.47984504699707,1,0.5394546840038258,-0.031331744345573724,0.7311603927250213,0.11742153682077594,0.009710056994673429,0.9926184189322812,0.028750163133205168,0.5644099116325378,-0.03182879090309143,0.7289344668388367,0.1217278242111206,0.011948061175644398,0.9917999505996704,0.037046823650598526,-0.09224120527505875,0.1089041531085968,-0.29016217589378357,0.07624529302120209,1.5218836069107056,-0.06759915500879288,-0.09658696062404389,0.16117001439930467,-0.3427942067333817,0.09390314483571738,1.5149927574031026,-0.06654465293007719
62.914126,1785483594.001,-0.045057278126478195,0.05065539851784706,0.34700000286102295,-0.04673064080164729,0.042658805871238305,0.3496551243097821,0.7243515988404914,-0.02199490956429231,-0.00192670965679149,0.6890771168747233,0.7206283617460757,-0.021544207604301573,0.002113966108001578,0.6929835081105206,27.382085379327606,26.81585915227488,59.623003005981445,1,0.5302108223133559,-0.031443946395324295,0.7316660866981058,0.11366183705137901,0.005069935388777274,0.9934095097446142,0.013886270277683096,0.5560991764068604,-0.03165922686457634,0.7294008731842041,0.11986549943685532,0.0111900195479393,0.9921368956565857,0.03422602638602257,-0.07951097190380096,0.09139446914196014,-0.2736784517765045,0.04436483979225159,1.5278453826904297,-0.0662018284201622,-0.0950924553807295,0.14396191782519388,-0.32469444982432505,0.0878305947406934,1.5173625205487673,-0.06690729598326364
63.070175,1785483594.135,-0.04405755177140236,0.06096276268362999,0.34800001978874207,-0.04628815239443098,0.05300188404776409,0.3494210298792551,0.7285585991522708,0.0018547145615562827,0.020878064030846327,0.6846627155596394,0.7234808613568208,-0.012538996041048717,0.010856361339229657,0.6901451704149986,28.532565961929652,27.063220600588096,74.16319847106934,1,0.5141116203926748,-0.03192983334145812,0.7321837998377302,0.11539826760791637,0.0020795997714954826,0.9932424713456244,0.012178185953532624,0.5413658618927002,-0.031434692442417145,0.7307829260826111,0.11630048602819443,0.007673368323594332,0.9929260015487671,0.02265527844429016,-0.08204007148742676,0.053093526512384415,-0.23334451019763947,0.04248536378145218,1.522314190864563,-0.07504239678382874,-0.08621829333841796,0.11402310816132302,-0.29564035901486857,0.06307538470520202,1.5233328542714937,-0.06650550997438442
63.164362,1785483594.268,-0.0430513396859169,0.06528966128826141,0.3490000069141388,-0.045920904400054655,0.057819529700756295,0.34938277831325015,0.7313583914078517,0.014159337683127202,0.02270021373639123,0.6814683534618586,0.7256245185893377,-0.005510522356095839,0.013975893692860075,0.6879268613456236,26.712306864259965,26.99510972181233,27.601957321166992,1,0.4985983884648528,-0.032618579145232425,0.7325477430727895,0.11586728468563497,-0.0035768279791039696,0.9932582235652655,0.00028277404256053925,0.5323330163955688,-0.03160741552710533,0.7309207320213318,0.11551495641469955,0.005766020156443119,0.9931055903434753,0.019090335816144943,-0.0743146538734436,0.01714600995182991,-0.1969788819551468,0.018506495282053947,1.5191096067428589,-0.08031922578811646,-0.08478140174501748,0.09404631458920004,-0.27421721857468,0.05599446550816516,1.5229825359258502,-0.06944134605290651
63.290989,1785483594.335,-0.04154091700911522,0.07548024505376816,0.3490000069141388,-0.045047478217485365,0.06772636689364042,0.3494466757971679,0.7304334516384192,0.0008804928314571961,0.019970708023575198,0.6826912686427123,0.7272745176462538,-0.0014056348284467556,0.01780377819525827,0.686114294891975,26.518488971164484,26.85951880622732,67.20471382141113,1,0.4913728633052994,-0.033181060208301465,0.7326109887734913,0.11876470734063632,-0.007577243529732166,0.992873156542808,-0.006358041168842946,0.5210033655166626,-0.03189665824174881,0.7313398122787476,0.11525996029376984,0.0025715974625200033,0.9932514429092407,0.012654402293264866,-0.07025157660245895,-0.002666373737156391,-0.17635498940944672,0.005762861110270023,1.5114458799362183,-0.08515998721122742,-0.0811818857881827,0.0683693167593266,-0.2476550898871936,0.04310234944583392,1.5216506355798196,-0.07318224928849622
63.370036,1785483594.501,-0.04154091700911522,0.07887711375951767,0.3490000069141388,-0.044852028257187815,0.07056371290205996,0.34943542986287923,0.7233937090376925,-0.02225306635162665,-0.021218141099125152,0.6897507761872673,0.7276088723352927,-0.001164448913509099,0.018032417316955075,0.6857541869237102,25.033216624167412,26.551245842622254,24.471759796142578,1,0.47651465148366456,-0.03451498843729008,0.7325271407952816,0.11907297401050669,-0.010751249150175094,0.9927596934375411,-0.011585706184933112,0.5129815340042114,-0.03218008577823639,0.7318721413612366,0.11621683090925217,-0.00015928258653730154,0.9931955337524414,0.007502548396587372,-0.0704001858830452,-0.03625665605068207,-0.14305150508880615,-0.003751210868358612,1.5102771520614624,-0.09228072315454483,-0.07821977222137934,0.049118661304030996,-0.2283329952161078,0.032983343333981216,1.5188851468004037,-0.07642821711242521
63.448575,1785483594.535,-0.04014519602060318,0.08023865520954132,0.3500000238418579,-0.044072322172107166,0.0745699780233548,0.34949564590184634,0.7303971205335413,0.0008184853108173479,0.01986616662098207,0.6827332655011727,0.7281876589950212,-0.00075386005251717,0.018412153716162068,0.6851300296862664,24.115472057816927,25.638514196423728,19.890308380126953,1,0.4722591236652704,-0.034814993975765894,0.7325474780802621,0.11908842191028865,-0.011282370408252067,0.9927488355351377,-0.01184927966233755,0.5006359219551086,-0.032933950424194336,0.7321357131004333,0.11693596094846725,-0.0037822583690285683,0.9931318163871765,0.0009645120589993894,-0.07161566615104675,-0.045604608952999115,-0.13413982093334198,-0.0038565057329833508,1.5106428861618042,-0.09457409381866455,-0.07553061381636277,0.020337722943718328,-0.19900493312887094,0.020350325870320176,1.515924857409682,-0.08187989501628612
63.587644,1785483594.635,-0.04090256989002228,0.08402375131845474,0.3500000238418579,-0.04384326978371464,0.07766450285819225,0.3495280971767277,0.7291737652991064,-0.001625806414049216,-0.0015258090177853656,0.6843249583785974,0.7283797263524631,-0.0009052437675386907,0.014951629846255062,0.685009929517356,25.62974586122935,25.63695082726214,83.31775665283203,1,0.4662515347177682,-0.03599415225752622,0.7324617560138201,0.11912114557137907,-0.012200146782866551,0.9927287060559261,-0.012289233855927766,0.487337201833725,-0.03378881514072418,0.732552707195282,0.11796090006828308,-0.007290519308298826,0.9929786920547485,-0.005037203896790743,-0.07515082508325577,-0.05874589458107948,-0.121505007147789,-0.0036556844133883715,1.5109846591949463,-0.09994890540838242,-0.0736962288884378,-0.010560105475643757,-0.16861237511735933,0.009007988100489861,1.5134499422437475,-0.08782787908532541
63.742015,1785483594.768,-0.04078570380806923,0.09359684586524963,0.3490000069141388,-0.04327982697422285,0.08657945910694372,0.34947986982476187,0.7326927409709936,0.009493824359558617,0.037324526980422934,0.6794689796547965,0.7293969953739522,-0.0004917928388727109,0.018601071324377202,0.6838375402278233,27.133260229079088,26.0027276428928,71.74801826477051,1,0.4576886116364159,-0.03662605464307617,0.7323799544573887,0.1234411370281799,-0.011195490330162212,0.9922731385606514,-0.0055646362371715935,0.4766402244567871,-0.03491821512579918,0.732600748538971,0.1188792735338211,-0.00949146319180727,0.992833137512207,-0.007748510222882032,-0.0867205262184143,-0.08151940256357193,-0.09912020713090897,0.013010824099183083,1.5039993524551392,-0.10854487866163254,-0.07553476030757979,-0.03528186141902418,-0.14430169648469338,0.004740955802210361,1.5115962810097037,-0.09436689449872751
63.868581,1785483594.935,-0.04104536399245262,0.0967157855629921,0.34800001978874207,-0.04318937426611829,0.08969076179723891,0.349358075469102,0.7302185437502337,-0.003199853977537698,0.01604662252812034,0.6830176756155368,0.7295426769112118,-0.0009693467755336287,0.018150627260692873,0.6836937162663523,27.805730150814654,26.495216773235306,67.18039512634277,1,0.44823926830182814,-0.03721178803498309,0.732500120977788,0.1191785879609213,-0.013996481597119845,0.9926971259444061,-0.012368460545213986,0.4714999198913574,-0.03542162850499153,0.732631266117096,0.12011004239320755,-0.009956909343600273,0.9926849007606506,-0.007145419251173735,-0.08187288045883179,-0.09792321920394897,-0.08552876859903336,-0.0017693579429760575,1.5140376091003418,-0.11017945408821106,-0.07856610418250423,-0.04781219124820478,-0.13205804403688026,0.006982082126106139,1.5095375133714166,-0.09820913140290355
63.946039,1785483595.002,-0.04104536399245262,0.0993502140045166,0.34800001978874207,-0.043103879060902586,0.09253620997826498,0.3492637934638308,0.7283762124252041,-0.009039859735883877,0.010596266018038134,0.68503583355584,0.729352662085647,-0.002328331644319003,0.016878723899416328,0.683925713699859,25.567929224429356,26.282153111005886,70.08242607116699,1,0.4435726933488216,-0.03735502142318412,0.7326866883321915,0.11914662206546164,-0.01411206414116205,0.9927075312846024,-0.011691425357756297,0.46196722984313965,-0.03617238625884056,0.7327112555503845,0.11973844468593597,-0.011614744551479816,0.992694079875946,-0.00928553193807602,-0.08408196270465851,-0.10782237350940704,-0.07713582366704941,0.0001250979257747531,1.5157370567321777,-0.11250638216733932,-0.07992026167040638,-0.0683331282704966,-0.11300419227285993,0.0033982744016739395,1.5113803475733687,-0.10311110053210973
64.086663,1785483595.168,-0.04142189025878906,0.10537178069353104,0.34800001978874207,-0.04285083747969744,0.09948316540623144,0.3490644166739381,0.7324902444161595,-0.005118885845462564,-0.0047572494971148465,0.6807416598241055,0.7305205960977575,-0.004507382058046767,0.00940795260877735,0.6828109786841968,24.961679386490978,25.82545515450856,63.31443786621094,1,0.434022282339026,-0.03768806651549154,0.7329983759486419,0.12048018774852597,-0.012676879492209404,0.992627922837656,-0.0036915971368108825,0.4546867609024048,-0.03665900230407715,0.7328253984451294,0.11964211612939835,-0.012327809818089008,0.9926969408988953,-0.009309119544923306,-0.0971960574388504,-0.12880587577819824,-0.059189703315496445,0.018995027989149094,1.5178676843643188,-0.12145117670297623,-0.08266287992829058,-0.0839724806512023,-0.09887452338765554,0.0041596208617849,1.5130916826162972,-0.1072366178310057
64.212984,1785483595.269,-0.04104536399245262,0.1046190932393074,0.34800001978874207,-0.04269814360336995,0.10108579759177126,0.34896742510044737,0.7324425675163485,0.009801447952809737,0.00910900002376237,0.6806973211543106,0.7306342805792604,-0.0019499563278431939,0.006972930684658104,0.6827306379168969,25.766751056709214,25.650056859764792,68.69268417358398,1,0.4288852972162983,-0.03788655031845265,0.7331393436330726,0.12262298750779918,-0.014243103529292235,0.9923470692396835,-0.0028339209457804667,0.44620779156684875,-0.03715129569172859,0.7329984307289124,0.1199646145105362,-0.012463112361729145,0.992675244808197,-0.007005112711340189,-0.10073304176330566,-0.1419655829668045,-0.047599151730537415,0.02239381894469261,1.5154428482055664,-0.12791649997234344,-0.08861436127089084,-0.10233216457440757,-0.08262364108991072,0.010234860623545424,1.5150475030921298,-0.11305762502830412
64.292103,1785483595.402,-0.04066884145140648,0.1046190932393074,0.34800001978874207,-0.04252676395191024,0.1016071671063286,0.34890558089554197,0.7323407711744632,-0.0074633893002337675,-0.006938762420320614,0.6808620611194458,0.7310641962384015,-0.003289003822697257,0.0035944495751062994,0.6822912892338625,24.92409823282769,25.444934710860235,65.37151336669922,1,0.4264818426378928,-0.03811950216399656,0.7332867652009609,0.12612685555762088,-0.014374985871058177,0.9919059364604871,-0.0028265354762007527,0.43910396099090576,-0.037503041326999664,0.7331344485282898,0.12103763222694397,-0.013187027536332607,0.9925462007522583,-0.005288578104227781,-0.10256923735141754,-0.15084874629974365,-0.03942962735891342,0.023704003542661667,1.5091841220855713,-0.13001693785190582,-0.09357708319210663,-0.11856241668222743,-0.06828108151370793,0.015214069208004088,1.5152094008695334,-0.1191424853711584
64.384618,1785483595.502,-0.040292318910360336,0.10499542951583862,0.34800001978874207,-0.04238062028964412,0.10193770892850718,0.34886685703398873,0.733993367075698,-0.0038740140402489165,-0.003584477754015912,0.6791361281976732,0.7315455913023452,-0.0033844614033061615,0.002423257329716308,0.6817798186299047,26.481009539211996,25.69480887016197,28.475522994995117,1,0.4257002799234267,-0.03837786142992355,0.7333800893727835,0.1274865235978441,-0.014534103143447935,0.9917336318574198,0.0005912610622311018,0.4339265823364258,-0.037781573832035065,0.7332491278648376,0.12311544269323349,-0.013675305992364883,0.9922888875007629,-0.004268267657607794,-0.10818754881620407,-0.15348555147647858,-0.03703532740473747,0.03222624957561493,1.5076534748077393,-0.13542315363883972,-0.09725946233543327,-0.13178396125522646,-0.05646644810859729,0.01869077510942169,1.5127419889547131,-0.1235956850651532
64.523555,1785483595.569,-0.03916274383664131,0.10499542951583862,0.34800001978874207,-0.04189066723744893,0.10262813815886328,0.34878056532825574,0.7339483249303599,-0.0024824883828524426,0.006827371902660921,0.6791664601379037,0.7320156410704672,-0.003838969599752982,0.0019596993593121045,0.6812741908505167,24.94265900160676,25.496093888096453,71.28429412841797,1,0.4252048683746764,-0.0385978942737322,0.7334385068641516,0.12822128303530664,-0.015107749721516643,0.9916292328431434,0.0015884099127080726,0.4296264350414276,-0.03811278194189072,0.7333363890647888,0.12538433074951172,-0.014124594628810883,0.992006242275238,-0.0017197594279423356,-0.11045487225055695,-0.15509997308254242,-0.035614315420389175,0.035084690898656845,1.5067265033721924,-0.13868750631809235,-0.10296070188073052,-0.143105695134671,-0.046329746427271654,0.025752260489373905,1.5100872953498428,-0.12976611692659296
64.648746,1785483595.735,-0.039050206542015076,0.10319264978170395,0.34700000286102295,-0.04156366873461987,0.1027094177646186,0.34863482533736184,0.7296926790475363,-0.017933314964338195,-0.016793972196138117,0.6833337053421953,0.73162321869419,-0.006450955762837543,-0.0018301418677252911,0.6816762439883345,24.119510299959906,25.222150504816245,72.82805442810059,1,0.42417051347788615,-0.039334533898798554,0.7335685289841416,0.12821327056165982,-0.01570546094254755,0.9916195319588728,0.0023237009555796555,0.42810460925102234,-0.038287244737148285,0.7333775162696838,0.1263524889945984,-0.014464398846030235,0.9918798208236694,-0.0005772365257143974,-0.11383339017629623,-0.15695232152938843,-0.03434760496020317,0.03754374757409096,1.5076351165771484,-0.1430787295103073,-0.10553795785799244,-0.1472305316863495,-0.04264466993327258,0.028961684352943804,1.508931518988729,-0.13283418233512573
64.791388,1785483595.835,-0.038712598383426666,0.10006836801767349,0.3440000116825104,-0.04128845745173442,0.1021686395858528,0.34772822162518163,0.7281069646679588,-0.011040284073679052,-0.010391139054193565,0.6852958371088654,0.7308664885948649,-0.007448417852834563,-0.003690717615274308,0.6824698348820891,23.652140475395623,24.70232180499133,74.15509223937988,1,0.424049564785825,-0.03982531163010192,0.73378704980144,0.1289408605148757,-0.014542696206611826,0.991522654500522,0.006752043317709883,0.4262615740299225,-0.03878479823470116,0.7334707975387573,0.1272195279598236,-0.015044818632304668,0.9917601346969604,0.0007874608272686601,-0.1209356039762497,-0.1571650356054306,-0.03442635387182236,0.047948144376277924,1.5078763961791992,-0.14716556668281555,-0.10942486782851144,-0.15178578742829815,-0.03875676256773758,0.032982893832685066,1.508324077971161,-0.13763435484452494
64.931985,1785483596.002,-0.037894584238529205,0.08971238881349564,0.3400000035762787,-0.04083183542785601,0.09649612073559846,0.34475937087698044,0.723123255408447,-0.022704035357101394,-0.02166423910664374,0.6900057572295493,0.727302605922448,-0.01322402505562308,-0.014203297601975478,0.6860424993518799,23.29155843370564,24.067652864459898,72.32785224914551,1,0.42698570569801064,-0.0403840209836503,0.7370898389092644,0.1298496007856324,-0.01222478344531206,0.9914213434068799,0.00856479321552411,0.42522239685058594,-0.03927762806415558,0.7336158156394958,0.1280066967010498,-0.014810508117079735,0.9916562438011169,0.0035860915668308735,-0.12361166626214981,-0.1494300812482834,-0.048240501433610916,0.051828477531671524,1.5126097202301025,-0.14464011788368225,-0.11481833129924693,-0.15430631669323258,-0.03672735900837252,0.03999500658992042,1.5081143126384016,-0.14210028656019943
65.061441,1785483596.136,-0.037894584238529205,0.0878739058971405,0.3400000035762787,-0.040626737357754024,0.09433429053530829,0.3441924222422752,0.7211209177041267,-0.02649319117380231,-0.02541728596959517,0.6918357423875457,0.7259878502992769,-0.016096058350134987,-0.016630595612250148,0.6873179623820445,23.887574832179542,24.03649606317842,23.39935302734375,1,0.43337615243344313,-0.040910380051532275,0.7395919538186555,0.13255609492196727,-0.006636836036468339,0.9909627537827512,0.019433340468635353,0.4258299767971039,-0.03965555503964424,0.7348083257675171,0.12863370776176453,-0.013915594667196274,0.9915804266929626,0.0053000301122665405,-0.13632746040821075,-0.13561265170574188,-0.06466227769851685,0.0757669135928154,1.513105869293213,-0.1442733108997345,-0.11784235948761915,-0.15262939435506276,-0.04068657275844499,0.044064541921567654,1.5096602833091874,-0.14297373303002067
65.19805,1785483596.202,-0.03785783797502518,0.08160140365362167,0.34300002455711365,-0.0402290524234924,0.08918607358115158,0.34396326158218726,0.7213389175186776,-0.019683618731670727,-0.018884254118944333,0.6920448729475424,0.7237730033650179,-0.015372120061553357,-0.01755037076618425,0.6896436195679363,23.940397783345873,24.195055086967297,110.95786094665527,1,0.43662010209047036,-0.04121315831677971,0.7404395262149481,0.13215356813846008,-0.004325180471740348,0.9909553476958,0.022895984697247695,0.42976152896881104,-0.04027537629008293,0.7372902631759644,0.13064634799957275,-0.010095632635056973,0.9912965297698975,0.012684578076004982,-0.13989000022411346,-0.12720942497253418,-0.07383611053228378,0.08277349919080734,1.515681266784668,-0.14252907037734985,-0.12748609056236196,-0.1437517432173068,-0.05319438911296713,0.06060378013753793,1.51145785619837,-0.1436517231128412
65.327854,1785483596.369,-0.03826244920492172,0.07794611155986786,0.3400000035762787,-0.04010104442569878,0.08517683540622782,0.3433874880039821,0.716879648638795,-0.029244887647194427,-0.00855621809964024,0.6965307581477304,0.722211134987464,-0.01856336151994062,-0.015482285722168228,0.691250155108855,24.246784328442224,24.20776582811446,24.634838104248047,1,0.4443436607767315,-0.04179743622762381,0.7407765327691708,0.13329976628398393,-0.001118823283316607,0.9908167288454562,0.02263029790095061,0.4325641095638275,-0.04064081981778145,0.738580584526062,0.13125309348106384,-0.0077204336412250996,0.9911753535270691,0.016868002712726593,-0.1379200518131256,-0.11163157969713211,-0.08795163780450821,0.0812511071562767,1.5114600658416748,-0.13444317877292633,-0.13256561298146297,-0.13697751656894525,-0.061647186376173724,0.06968250858837509,1.5131873850675648,-0.14319198373360206
65.431057,1785483596.469,-0.037894584238529205,0.07095988839864731,0.3400000035762787,-0.03981221251068728,0.07793750559579316,0.3427952861648039,0.7173832345204849,-0.03140026602580304,-0.030433891013480464,0.6953050383825903,0.7202601104091911,-0.023591878022737617,-0.019950164886615482,0.6930157195660839,22.743425197205383,24.24982386776502,73.25315475463867,1,0.4503585436234349,-0.04198014128488062,0.7416350548782426,0.1295925914013792,0.0011915722605252096,0.9912988955446271,0.02303996747883113,0.4373847544193268,-0.041098952293395996,0.7395106554031372,0.13209326565265656,-0.005018724128603935,0.9910381436347961,0.01922573521733284,-0.13580365478992462,-0.09401753544807434,-0.10673552751541138,0.07993275672197342,1.5197747945785522,-0.12737014889717102,-0.13475830422288332,-0.1265981308623384,-0.07241880762848109,0.07441997675264414,1.5124800305713706,-0.1396092577188766
65.510147,1785483596.636,-0.03851670026779175,0.06671842932701111,0.33900001645088196,-0.03973616260854487,0.07457617309294536,0.3424505532989651,0.7201874459962231,-0.024716432531225945,-0.013833156392195164,0.6932011139464476,0.7202507976078543,-0.02376403500798143,-0.019014089951490433,0.6930458307851696,24.433319071433793,24.284453330804414,26.41439437866211,1,0.46121896347539343,-0.042396322423678974,0.7425140461431178,0.12902875828744018,0.004684991070181466,0.9911957595393182,0.02933592788285483,0.4418398439884186,-0.04139835387468338,0.7402915358543396,0.13123954832553864,-0.002880604239180684,0.9911336898803711,0.020540433004498482,-0.1400180459022522,-0.06850150227546692,-0.1319482922554016,0.09236626327037811,1.522228479385376,-0.12350085377693176,-0.13511779480722522,-0.11539369410642829,-0.08421999454999787,0.07631583392220208,1.5149886999134403,-0.13540022530866672
65.631897,1785483596.702,-0.038149915635585785,0.0656185895204544,0.33900001645088196,-0.039670227266684906,0.07220978973105087,0.34218362092633337,0.7210224310002402,-0.017439666524954923,-0.026689812651539146,0.6921778427013018,0.7203725051629699,-0.022804748262810356,-0.020178660242702276,0.6929186236007127,25.61279168074184,24.620250923266184,24.636030197143555,1,0.46626157248964684,-0.042502513808225305,0.7430268559657687,0.12826552248029166,0.004637665162512345,0.9913113250852726,0.028780280790484895,0.4484347999095917,-0.04171011224389076,0.7412407994270325,0.1305755227804184,-0.0002759273920673877,0.9911584854125977,0.023555641993880272,-0.13778647780418396,-0.05638936534523964,-0.14469678699970245,0.0905311107635498,1.5240660905838013,-0.12139273434877396,-0.13680298772117336,-0.09944897099332498,-0.10063347388929814,0.08183558700002791,1.517478460073839,-0.13130802917766024
65.712636,1785483596.769,-0.03879901021718979,0.06354553997516632,0.3320000171661377,-0.03956104637557369,0.06901559786891774,0.33915061966170884,0.7235885719543215,-0.027369874933477565,-0.016072209106013056,0.6895013796778684,0.7207067571987209,-0.025039913987689715,-0.021266375048789473,0.6924612004494383,24.03592500246343,24.491218776629143,64.92042541503906,1,0.4698116375983358,-0.042595880983755795,0.7434242274435,0.12975087806621022,0.004488929373240973,0.9911128849806277,0.0289794475362599,0.45326030254364014,-0.04191959649324417,0.7418019771575928,0.12995252013206482,0.0010585199343040586,0.991205096244812,0.024974361062049866,-0.13730491697788239,-0.05000050365924835,-0.15121281147003174,0.09121642261743546,1.5212249755859375,-0.1212761253118515,-0.13706951226283448,-0.08777982463526363,-0.11257455192538506,0.08419207696709752,1.5192637079420388,-0.12862098371142502
65.790221,1785483596.903,-0.03902393579483032,0.0619797483086586,0.32200002670288086,-0.03951555740684391,0.06721544433092715,0.3316611214815559,0.723000291899154,-0.014707864648764751,-0.014047699097544341,0.6905482740411973,0.7211834887146078,-0.02293680759823902,-0.01979705246336311,0.6920811767245163,24.073588880278244,24.380707386557923,65.46211242675781,1,0.4746070129820619,-0.0427537414386936,0.7479696297671815,0.12888754550449302,0.004241708057115492,0.991153989879675,0.03136521755363132,0.4589468240737915,-0.042151231318712234,0.7424286603927612,0.1298869103193283,0.002239688066765666,0.9911761283874512,0.02635015733540058,-0.1387457698583603,-0.03509966656565666,-0.17605823278427124,0.09608124196529388,1.533584713935852,-0.12176722288131714,-0.13715046601238556,-0.07478752806219395,-0.1258621070047007,0.08660775489363758,1.5199381878847755,-0.1260950859600663
65.967864,1785483597.003,-0.04065530002117157,0.057339511811733246,0.30300000309944153,-0.03969248720076475,0.06371112473173005,0.31350642165980924,0.7210842393591473,-0.028574904780708933,-0.03765914780128114,0.6912327995339157,0.7214958096219396,-0.023109196133457383,-0.02120882720898167,0.691707992870161,22.71820522426224,23.573117869869595,63.54069709777832,1,0.4773168129614927,-0.04282202085091423,0.7592015723078503,0.1293969436896333,0.003308512808284036,0.9911645985520968,0.02895208600153153,0.466286838054657,-0.042427219450473785,0.7451112270355225,0.12942130863666534,0.00319243548437953,0.9911690950393677,0.028702393174171448,-0.13547950983047485,-0.02182435244321823,-0.2150551974773407,0.09082815051078796,1.557391881942749,-0.11858068406581879,-0.13789795509621777,-0.05619144910292391,-0.14938163475258873,0.09104665495816701,1.526332390484742,-0.12406722485103526
66.056825,1785483597.136,-0.04087146371603012,0.05343683436512947,0.2840000092983246,-0.0398669641460019,0.06005579079441699,0.293467825445689,0.7239984533311339,-0.0008199241153326966,-0.011136922845359862,0.6897111977111199,0.722091657143746,-0.017202784075792368,-0.017940095455029274,0.691350747362368,23.84094301123886,23.546211967209064,70.63937187194824,1,0.48259580093317256,-0.04255880492974644,0.7864292888119111,0.13023783790158594,0.0029801696064959316,0.9910199212064398,0.03014531372897782,0.47085028886795044,-0.042599376291036606,0.7509618401527405,0.12941209971904755,0.003240332007408142,0.9911669492721558,0.028811218217015266,-0.1346910148859024,0.011897758580744267,-0.3125491142272949,0.09337020665407181,1.6194425821304321,-0.11230959743261337,-0.13690756966281153,-0.04211782710051415,-0.17627499693863005,0.09095719932108197,1.5390515628317103,-0.1218204282061115
66.150269,1785483597.269,-0.0413614846765995,0.050851207226514816,0.2750000059604645,-0.03998235210369491,0.05788346455798543,0.2838450927642008,0.7225695141961926,0.015035796679216765,-0.0065851223741786365,0.6911033628451079,0.7222842567571569,-0.009423287551790468,-0.015201296492137606,0.6913650082824815,23.78396767585967,23.592052535984408,22.204160690307617,1,0.48810369667756454,-0.042300005738408544,0.8164826565494131,0.13224932715239,0.0014603168561006519,0.9909285436263651,0.023845426583545454,0.47600507736206055,-0.04261954501271248,0.7657726407051086,0.1297564059495926,0.0031529346015304327,0.9911050796508789,0.02939513884484768,-0.1258394569158554,0.052431005984544754,-0.42731088399887085,0.08003466576337814,1.6874384880065918,-0.10325039178133011,-0.1359998645182317,-0.019997941977820875,-0.23208005962920403,0.09194537090256144,1.5719724891447298,-0.11792564556254674
66.266226,1785483597.336,-0.040598612278699875,0.0483974888920784,0.2680000066757202,-0.040007731106535244,0.05557723231553642,0.27577219481457915,0.7221771479330439,0.01514523307162586,-0.006556549913713216,0.6915112439951571,0.722303417550598,-0.003281974387874172,-0.013041153236490676,0.6914455365110879,23.30365455983264,23.537132806018732,20.783424377441406,1,0.4913740637598204,-0.04212732129605488,0.8309140738064043,0.13595971432012396,0.00036376134507299827,0.9905757590560279,0.016567719524676963,0.47989630699157715,-0.04261438921093941,0.7800036668777466,0.13042108714580536,0.0025453779380768538,0.9910622239112854,0.027919776737689972,-0.1170385330915451,0.0721336156129837,-0.48357871174812317,0.06466622650623322,1.7145264148712158,-0.09841907769441605,-0.1332463941017241,-0.0003697050951774975,-0.2849874688165921,0.08871757490747374,1.6032637748362943,-0.11394865134515449
66.307566,1785483597.403,-0.03968968987464905,0.047030624002218246,0.26200002431869507,-0.03997721784907753,0.05320167617264221,0.26807440058276305,0.7189541571373755,0.026296539082400584,-0.005853034711003249,0.6945352071362872,0.721293530368436,0.006298085435704665,-0.010714293985963522,0.6925180005406826,24.42675017643334,23.803607976123573,19.143104553222656,1,0.4948435473937463,-0.04208842252431318,0.843020518100581,0.13888357302490087,-0.0003609412239222321,0.9902497027143035,0.010805051573386515,0.48363956809043884,-0.04258674010634422,0.7943103313446045,0.13188378512859344,0.0016672550700604916,0.9909529685974121,0.024820854887366295,-0.11009079217910767,0.09217943251132965,-0.5355169773101807,0.05234768986701965,1.7390881776809692,-0.09490663558244705,-0.1288540663311631,0.01927867596118253,-0.33880533308376715,0.08219967169735368,1.6334159502857581,-0.10974013585617816
66.448606,1785483597.503,-0.03740885853767395,0.0460335798561573,0.2580000162124634,-0.03955052529528705,0.05097002465221993,0.2620416581204686,0.7176184307887221,0.001026521792535879,-0.009040382482031675,0.6963770570100082,0.7201186081892593,0.006471892500125585,-0.009928847922474964,0.693749755117768,25.605290270753763,24.49986924856623,75.5763053894043,1,0.4984166770828908,-0.04213297613222165,0.8545641867499213,0.14414526150130688,5.316149018989425e-07,0.9895536881505053,0.002375258758517783,0.4896511137485504,-0.04249473288655281,0.8177865743637085,0.13509497046470642,0.00028997211484238505,0.9906659722328186,0.018173320218920708,-0.10051748901605606,0.1097065731883049,-0.5832535624504089,0.03389362618327141,1.7567673921585083,-0.08941658586263657,-0.12006237000446725,0.053436933725711684,-0.43097514054171693,0.06821229072736128,1.6829296234818307,-0.1027897632668039
66.60343,1785483597.636,-0.03742189332842827,0.04533056914806366,0.26200002431869507,-0.03912799960473477,0.04958294797642891,0.26178306707608084,0.7196826971205682,0.011963483443302007,-0.008347467535318296,0.6941498471619174,0.7197387408512628,0.007246789912017185,-0.010348004129061991,0.6941300654519692,24.453510831594087,24.449170489085308,80.30056953430176,1,0.5017727987155226,-0.04277117117534563,0.8636102282687232,0.1437295291307086,0.001595500704718059,0.9896146339637047,0.001467337128636712,0.4950837790966034,-0.042393509298563004,0.8391088843345642,0.1401793658733368,-0.00022155622718855739,0.9900846481323242,0.009058940224349499,-0.09990034997463226,0.13296350836753845,-0.6338815093040466,0.03152407333254814,1.784744381904602,-0.08553516119718552,-0.10893092503403062,0.0854843080761488,-0.5177016343374823,0.04866670753103175,1.7249826538836337,-0.09517329847469334
66.74333,1785483597.803,-0.037993188947439194,0.04539109766483307,0.2639999985694885,-0.03907898633338971,0.049217857153873536,0.26188994400672877,0.7173625189695096,0.021228656906111372,-0.009244951977944057,0.6963152241381829,0.7193919895604772,0.009343094378582098,-0.010182767402570996,0.6944668337593065,25.503005958718724,24.695338128294377,28.672218322753906,1,0.5038547531634814,-0.043401773715149326,0.8639961153574904,0.14456945585923867,0.002098284454066788,0.9894917451011666,0.0011644790945529743,0.49880775809288025,-0.04263794422149658,0.8521459698677063,0.14200890064239502,0.000592068477999419,0.989852249622345,0.005054630804806948,-0.10053042322397232,0.1376791149377823,-0.6400784850120544,0.031113039702177048,1.7844828367233276,-0.08527082949876785,-0.10421965451336178,0.11025431402559414,-0.5783112493692288,0.03972337061229091,1.7561605326535297,-0.09014504989055472
66.837447,1785483597.97,-0.036990221589803696,0.044703274965286255,0.26500001549720764,-0.0389151301110137,0.04861646272592748,0.26226858219144505,0.7177294331291016,0.00554184152021946,-0.024353501940339244,0.6958740229064346,0.7191318413927678,0.010950328689504615,-0.011404636437767039,0.6946937593388622,25.16453646834847,24.827000729344313,23.11539649963379,1,0.5050226665462941,-0.04359783888393756,0.8633972567457026,0.14742336482750198,0.002317145662111035,0.9890686651751516,-0.00203909478982202,0.5009307861328125,-0.042962029576301575,0.8570717573165894,0.14305217564105988,0.001177468104287982,0.989708423614502,0.003449543146416545,-0.09747090190649033,0.13521282374858856,-0.6345083713531494,0.024187523871660233,1.7749907970428467,-0.08436344563961029,-0.10270888224860554,0.12148502340271028,-0.6036044479161258,0.03619736901530961,1.7677587993931527,-0.0881490065450855
66.962424,1785483598.003,-0.03655420243740082,0.04487196356058121,0.26600000262260437,-0.0386556786863557,0.048259564514963854,0.262703688945648,0.7183226684010815,0.008328214190985214,-0.01140793864705996,0.695566706970197,0.7189811235673833,0.010460468613236048,-0.011405260544514004,0.6948572821681345,25.207162619314744,24.92488802286087,27.20785140991211,1,0.5053043769931206,-0.04371846924973207,0.8632664977254323,0.14793750277369647,0.002683233995970513,0.9889928031144264,-0.0007286400174683596,0.5030778050422668,-0.04330197721719742,0.8603803515434265,0.14532817900180817,0.0017537869280204177,0.989381730556488,0.0005744946538470685,-0.09912120550870895,0.13515016436576843,-0.6339042782783508,0.02729722484946251,1.7736693620681763,-0.08422048389911652,-0.09997622053860405,0.1286468206710753,-0.6197249548055004,0.029931822073225395,1.7715317549861909,-0.08617406508215147
67.0569,1785483598.17,-0.036467745900154114,0.04651781916618347,0.27400001883506775,-0.03840351998026442,0.048014698369079956,0.2662490972471372,0.717124274095249,0.00908555255097257,-0.010337153330146785,0.6968094226538809,0.718575010288265,0.009952607317524518,-0.011412271659248041,0.6952845893965857,27.430434747809898,25.83231455750631,30.23362159729004,1,0.5060182559956449,-0.044290024886324914,0.8611291686151388,0.14739120800827846,0.0033326902382827357,0.9890726547561839,-9.26886771657949e-05,0.5041212439537048,-0.04349963739514351,0.8617333769798279,0.1465517282485962,0.002185378922149539,0.9892005920410156,-3.7667370634153485e-05,-0.10078855603933334,0.13437619805335999,-0.6275521516799927,0.028741387650370598,1.769344687461853,-0.08420035988092422,-0.09957560273308388,0.13169398829347126,-0.6263669252361832,0.028697378910137166,1.7725333500229188,-0.08525869478936146
67.181339,1785483598.237,-0.03677303344011307,0.04858317971229553,0.2880000174045563,-0.03821024292295921,0.04802638008862718,0.27833837743371515,0.7176094856855837,0.015029859834847979,-0.004484628450767763,0.6962690697389015,0.718389620425148,0.010597050809927865,-0.011228394962615912,0.6954696103541168,28.60112022389386,27.360271082208307,65.93775749206543,1,0.5062032220272319,-0.04448211037612918,0.8572946678609822,0.14722847399156747,0.0035794457899326216,0.9890960228142108,-0.00014719735579300157,0.5048989653587341,-0.043824147433042526,0.861485481262207,0.14689332246780396,0.0026549010071903467,0.989148736000061,-6.074124394217506e-05,-0.10103531181812286,0.12887611985206604,-0.6111240386962891,0.028536207973957062,1.758742332458496,-0.08431147783994675,-0.10007229619164362,0.13279235130686093,-0.6268506543881207,0.02871541903292768,1.7712275608175367,-0.08482529408298378
67.274295,1785483598.403,-0.035751741379499435,0.05008305609226227,0.29500001668930054,-0.038025835689073036,0.04830425576051661,0.28506561119012996,0.7204042874295493,0.013510781257197754,-0.015544817799212199,0.6932484980744874,0.718616900547278,0.01092390745497024,-0.01171259488791724,0.6952217154366874,28.32154666016723,27.577182844041733,21.591663360595703,1,0.506170886653975,-0.044764990391672504,0.8391606568285388,0.1475625820854322,0.0037624293615320962,0.9890452758652086,-0.000755501352034562,0.5053532719612122,-0.044047415256500244,0.8600467443466187,0.14700624346733093,0.0029727700166404247,0.9891310930252075,-9.131815750151873e-05,-0.10104933381080627,0.10149195790290833,-0.5330165028572083,0.027105314657092094,1.7072545289993286,-0.08577045798301697,-0.10040348198268469,0.1314455371308714,-0.6214410134835916,0.028653802288450974,1.7669338907848626,-0.08464859115706472
67.431409,1785483598.47,-0.03723421320319176,0.05262964963912964,0.3100000023841858,-0.037916617440104,0.04931828282767946,0.3003331826248501,0.7210584327932497,-0.004593317966893308,-0.01398834177843707,0.6927178099501177,0.7190220212060316,0.008297016653066732,-0.011120993579663776,0.6948487720628517,26.489924605789557,27.160157590036913,87.32748031616211,1,0.5057460158627887,-0.0450383387686116,0.8290700533248336,0.14812797760806046,0.0034464617783439345,0.9889620205274349,-0.0005883071052097496,0.5059880018234253,-0.04446922987699509,0.8482987284660339,0.14732031524181366,0.0034291758202016354,0.9890827536582947,-0.0004612692282535136,-0.10206645727157593,0.08644502609968185,-0.49062520265579224,0.02784702554345131,1.6788324117660522,-0.08796180039644241,-0.10077132340298008,0.11438594919532857,-0.5710783092613538,0.02777191151573206,1.732944537361728,-0.08528752823355396
67.510517,1785483598.603,-0.037747230380773544,0.05448738485574722,0.3230000138282776,-0.03789941226378268,0.050455717016952645,0.31369048124195903,0.7194866381063997,0.019225525528603744,0.00916445882923892,0.6941796377371399,0.7191606668201969,0.010771286095494468,-0.006529499594094606,0.6947296454950154,28.891763897970034,27.76180796100681,22.781848907470703,1,0.5042059462899926,-0.04519568465338584,0.8061699225106214,0.14584728202893696,0.0030835104454809237,0.9893019348720059,0.0008625233966008806,0.5060298442840576,-0.044675398617982864,0.8417953252792358,0.14759844541549683,0.0034337991382926702,0.989041268825531,-0.0004999336088076234,-0.10419562458992004,0.059054646641016006,-0.40517786145210266,0.03086686320602894,1.625722050666809,-0.09174409508705139,-0.101216724578139,0.10477703432948753,-0.5434092227999944,0.02779775875728162,1.714335377369375,-0.08620720833498474
67.636027,1785483598.704,-0.03936605527997017,0.05845823138952255,0.3400000035762787,-0.038077753202035866,0.052884448866712175,0.33128114367235406,0.717086589610599,-0.02669324590990369,-0.025907960761835224,0.6959907120016738,0.7189911276814104,0.001234813770080439,-0.009651656348192404,0.6949511343109697,24.78049710997899,26.55082413533378,78.34935188293457,1,0.5024829591430603,-0.04521642403213265,0.7861354094720205,0.14447263344900899,0.0022318856848681356,0.9894978029962467,-0.004095697278748343,0.505703866481781,-0.04492885246872902,0.8275377750396729,0.14688125252723694,0.0032550243195146322,0.9891487956047058,6.162507634144276e-05,-0.09919058531522751,0.03618670254945755,-0.3332682251930237,0.019605396315455437,1.5784575939178467,-0.09167377650737762,-0.1024366186193197,0.08605322042499189,-0.486800792611791,0.029054605189472994,1.678047333951407,-0.08847461628301731
67.766586,1785483598.837,-0.039915792644023895,0.059833724051713943,0.34800001978874207,-0.03826297481155898,0.0541942594597485,0.33981391636686464,0.7197663424703433,-0.02648888854933422,-0.016070083742638158,0.6935246956228667,0.719241541388983,-0.0057515428458604695,-0.011269857237609242,0.6946448842488772,26.700266024835035,26.577970061035323,18.80049705505371,1,0.49881720861401857,-0.04494447710498931,0.7597525987358318,0.1397910787153125,0.0036783124378999173,0.9901633157120543,0.0046403175892756245,0.5049257278442383,-0.04508921504020691,0.8109698295593262,0.1458957940340042,0.0029464398976415396,0.9892942905426025,-0.0016020511975511909,-0.10831418633460999,0.011976105161011219,-0.24770307540893555,0.038088832050561905,1.5284144878387451,-0.09716756641864777,-0.10110733880795808,0.06563234526683415,-0.42392667604480005,0.025185074011449152,1.637264339510264,-0.08978470195596011
67.806866,1785483598.904,-0.04172062128782272,0.06138114631175995,0.3570000231266022,-0.03887360253591958,0.05590404168350498,0.3498868039677294,0.723931232949699,-0.04445568623565859,-0.014269386303253292,0.6882903795170858,0.7209841117589971,-0.019082160959392858,-0.012304883754842932,0.6925795055876182,28.216847599209387,27.130440707006336,27.18353271484375,1,0.496841267409154,-0.04466481009412402,0.7469552078192635,0.13589627582182354,0.004080905906895057,0.9906575175583996,0.010641021086678588,0.5035339593887329,-0.045113321393728256,0.7937853336334229,0.1437871754169464,0.003029024926945567,0.9896038770675659,0.0005311918212100863,-0.11428701877593994,0.0033282642252743244,-0.21040275692939758,0.05068257451057434,1.5090763568878174,-0.10232691466808319,-0.10358577512804668,0.047179939002481616,-0.3633228524551453,0.029622685064957275,1.5998308755204285,-0.09232366744677252
67.930252,1785483599.004,-0.043683428317308426,0.06429118663072586,0.367000013589859,-0.03992682440904771,0.05849395054965846,0.36035499787515035,0.7241696714277467,-0.04807201322371931,-0.017686639808493464,0.6877169121819913,0.7226757889735016,-0.03063157813511769,-0.011423617857603268,0.6904135799703845,26.245035213405792,27.008760595943134,66.15209579467773,1,0.49426240046747977,-0.043747096971178304,0.7318484000286081,0.12704482980458295,0.002722817774859663,0.9916734275520156,0.020880866134501342,0.5017939209938049,-0.0450248196721077,0.7779702544212341,0.14105001091957092,0.00315385521389544,0.9899894595146179,0.003982151858508587,-0.12326012551784515,-0.0012138737365603447,-0.1733449250459671,0.0716632530093193,1.4971908330917358,-0.11412963271141052,-0.1072659333185404,0.03209932751818565,-0.31073327733689665,0.036865188309210435,1.5686203965626735,-0.09576378295169088
68.086363,1785483599.137,-0.043356724083423615,0.0645906925201416,0.3710000216960907,-0.04052304323175623,0.060012877380545476,0.36700863846612175,0.7286495158024563,-0.020666634293902225,0.01863388574641457,0.6843212342531813,0.7251567269580732,-0.03108769501920995,-0.007193705091449651,0.6878441154599668,27.473961944163577,27.067070693694074,75.11496543884277,1,0.49036178185048973,-0.042167379461217985,0.7161500039372435,0.11814037431109739,0.0009794947851078607,0.9925863966675857,0.028533098290544564,0.498426228761673,-0.044438909739255905,0.7540915608406067,0.13367538154125214,0.0025466610677540302,0.9909401535987854,0.012728272937238216,-0.12823493778705597,-0.008253809064626694,-0.13256840407848358,0.08638858795166016,1.4836900234222412,-0.1239352747797966,-0.11561015195139128,0.014719671956016287,-0.23905650210760912,0.05501946805829098,1.5313553718682387,-0.10534530061953298
68.166696,1785483599.271,-0.04376579448580742,0.06499180197715759,0.37800002098083496,-0.04088766639837304,0.060725994013738,0.37206596475161663,0.7289261034569524,-0.030399181249364183,-0.018946112266704677,0.6836546425706548,0.7263958266573682,-0.030864417878181852,-0.011014928438955325,0.6864948376173592,26.04853122976098,26.754375403183154,69.17738914489746,1,0.48807355318707385,-0.04127281833951556,0.7061718149936337,0.11491975554443719,-0.002929714430918114,0.9930223993433995,0.026294124081968923,0.4959814250469208,-0.043710652738809586,0.7411065101623535,0.12827889621257782,0.0017747038509696722,0.9915711879730225,0.018111534416675568,-0.12446126341819763,-0.015129739418625832,-0.10416385531425476,0.08131899684667587,1.4681363105773926,-0.1296876221895218,-0.11995181400613594,0.006819068403747417,-0.20243492631334617,0.06580731843064319,1.5149632585376602,-0.11173839147091515
68.30886,1785483599.371,-0.042651377618312836,0.06598348170518875,0.3790000081062317,-0.0411082880740079,0.061718928243440434,0.37511955636418115,0.7301441269342134,-0.035236321739251154,0.004644410265185126,0.6823682180370447,0.7278918815861509,-0.030929872082518295,-0.0005412261950625432,0.684993765525014,26.102454226220875,26.55966810834846,75.8047103881836,1,0.48699661207328293,-0.04072464474364749,0.6985869431245442,0.1176967944025003,-0.004394048818604094,0.9926128164991891,0.02911964017467647,0.4917844235897064,-0.04236091300845146,0.7212872505187988,0.12064845114946365,-0.0010216376977041364,0.9924340844154358,0.022747904062271118,-0.12717941403388977,-0.02373669482767582,-0.07774483412504196,0.08877162635326385,1.4459123611450195,-0.1370731145143509,-0.12252008805470238,-0.005681554145359134,-0.1464656297015316,0.07464175288703491,1.4882937762186643,-0.12196106375602915
68.401623,1785483599.504,-0.04153047874569893,0.06533567607402802,0.3800000250339508,-0.0411448833326821,0.061930575408287364,0.3762187322686035,0.7333224247578404,-0.023211245180906385,0.02560236409602061,0.6790021932196745,0.7293102751694912,-0.028994836163858683,0.006020811832789354,0.6835419312909093,26.43925135585196,26.53863007213202,28.502941131591797,1,0.48550282371856185,-0.0403943168119559,0.6940079408959804,0.1104765400567283,-0.007505431636920023,0.9936079514789656,0.021950884966468003,0.48995736241340637,-0.04170399531722069,0.712033748626709,0.11942263692617416,-0.0024808028247207403,0.9925165176391602,0.025358470156788826,-0.11834780126810074,-0.02198156714439392,-0.07134921848773956,0.07142501324415207,1.4499166011810303,-0.13443328440189362,-0.12442811968375064,-0.013075367073502509,-0.11832316968702306,0.08042810058014488,1.470938162931856,-0.1281495966824657
68.526353,1785483599.571,-0.04133575037121773,0.06609266251325607,0.38200002908706665,-0.04123227154790305,0.06255672641955169,0.3788427400274355,0.7298895547908612,-0.038319233574970996,0.0014617526023599052,0.6824886353813923,0.7285874554424522,-0.032495632632999316,0.002283151908043147,0.6841777114529813,26.626888105777887,26.32881310793712,64.73970413208008,1,0.4851838764276466,-0.04033929085197422,0.6923594664713036,0.10736730384900312,-0.01033055431348636,0.9940337835313893,0.016198114397767516,0.48821303248405457,-0.041169729083776474,0.7046612501144409,0.11576277017593384,-0.0045023467391729355,0.992977499961853,0.02396645024418831,-0.1119077056646347,-0.020603112876415253,-0.0699801966547966,0.058450907468795776,1.4517523050308228,-0.13352611660957336,-0.12193816024519186,-0.016722588013747642,-0.09908639285427809,0.0767412649363331,1.4623296231792753,-0.13072282709164615
68.60475,1785483599.737,-0.042464226484298706,0.06591964513063431,0.38100001215934753,-0.04126724239312224,0.06265436062078705,0.37896011071209795,0.7229031518818833,-0.05540293357669322,-0.015193972110456828,0.6885569629027377,0.7278137393416269,-0.035774075417880226,-0.00021667265389017123,0.6848410979245588,25.5740260894347,26.233313286814166,22.21989631652832,1,0.48424112526625973,-0.0402081816346991,0.688424298461844,0.10741226064039004,-0.00869799466743125,0.9939516143434893,0.021145673242008025,0.4872024953365326,-0.04088152199983597,0.7004231810569763,0.11287129670381546,-0.006467843893915415,0.993360161781311,0.021302632987499237,-0.1171150803565979,-0.02376847341656685,-0.05784305930137634,0.06911981105804443,1.4441454410552979,-0.13616809248924255,-0.11848868226991718,-0.01805712986209906,-0.08907645557082305,0.07045122310683229,1.4586920834680226,-0.13168687654151404
68.682912,1785483599.771,-0.04109331592917442,0.06505455821752548,0.3760000169277191,-0.041249286654792994,0.06285124457231824,0.3783873055061714,0.7266989268380389,-0.02305084689847608,0.016306753486024252,0.6863755662758193,0.727513466162377,-0.03196672662942511,0.004729988842007867,0.6853319722197104,25.394008859930466,25.991509777277155,31.024694442749023,1,0.4840944417844268,-0.040155891694613595,0.6882483863053199,0.10676522314547249,-0.007151230264574135,0.9939429893888057,0.02504757228246424,0.48642945289611816,-0.04070182889699936,0.6971753835678101,0.11139224469661713,-0.007067363243550062,0.9935239553451538,0.021260134875774384,-0.12105229496955872,-0.023027677088975906,-0.058125145733356476,0.0772099494934082,1.4461177587509155,-0.13712793588638306,-0.11811642898845871,-0.01960493985161495,-0.08061182224223315,0.07009042494954955,1.4547499433741742,-0.13290128380883742
68.822366,1785483599.871,-0.03966076672077179,0.06592191755771637,0.37400001287460327,-0.04104063659822724,0.06323603931805052,0.37717500581403013,0.7252950977171904,-0.00017180679352924805,0.009396345496898464,0.6883739538950758,0.7262013001190358,-0.023429304144637713,0.0017805230293540834,0.6870804677404694,26.17858938672455,26.261844742551308,74.22375679016113,1,0.4837998833917982,-0.04018363348032631,0.6891078318405699,0.10611423703319363,-0.007421420508421449,0.9941480891613612,0.01882200927942462,0.4852311909198761,-0.04041929170489311,0.6925173997879028,0.10897782444953918,-0.007122400216758251,0.9937471151351929,0.023234209045767784,-0.11429325491189957,-0.023404764011502266,-0.06013285368680954,0.06328900903463364,1.4478139877319336,-0.1304841786623001,-0.11964806841853624,-0.02139065018308624,-0.06887984991518796,0.07380472638314,1.4502465058964475,-0.13510633763298313
68.977953,1785483600.004,-0.04047007858753204,0.06632637977600098,0.37400001287460327,-0.040929509866538455,0.06364300535047034,0.37649909701313367,0.7176986263932579,-0.055954844111326084,-0.03493721273625173,0.6932222791139433,0.7229434770226859,-0.030521565113342385,-0.009662949708090268,0.6901650458378199,24.679177186996917,25.893888291752507,71.29287719726562,1,0.48322472598603217,-0.04049824195030862,0.6909266441832097,0.11427959544497958,-0.005761845329616513,0.993321814362444,0.0147901424953128,0.48456236720085144,-0.04030733183026314,0.6909161806106567,0.10763148963451385,-0.007257841061800718,0.9939389824867249,0.021168900653719902,-0.11155667155981064,-0.03336786851286888,-0.05272627994418144,0.05632712319493294,1.4328445196151733,-0.12462123483419418,-0.11713901422718168,-0.022334426163047698,-0.0647809031962882,0.06887751036150384,1.4491067276178011,-0.13294058057227376
69.103113,1785483600.171,-0.039766814559698105,0.06650372594594955,0.3750000298023224,-0.040813328581897054,0.06391559205705792,0.37625392011208314,0.72386572052706,-0.04386585722847758,-0.03218057539862034,0.6877925674085644,0.7230861745878315,-0.038199978437403706,-0.019618550465917595,0.6894216839097347,25.322419418211336,25.62589493272974,68.86696815490723,1,0.48261539933440784,-0.04066630556754397,0.6919409557097199,0.11701514987626344,0.00043703340171254363,0.9927562194463836,0.027246145631363072,0.48393455147743225,-0.04039493948221207,0.6909173130989075,0.11073705554008484,-0.006541755981743336,0.9936621189117432,0.018168076872825623,-0.12554846704006195,-0.03593488410115242,-0.05126127228140831,0.08356624841690063,1.4320043325424194,-0.12683477997779846,-0.11452335002057183,-0.027504288027045232,-0.059132160099275605,0.06299692987410344,1.441486923698298,-0.12904247346902176
69.243227,1785483600.304,-0.04057828709483147,0.06650372594594955,0.3750000298023224,-0.0407053195136106,0.06415645732519645,0.3761370795099464,0.7185444438940768,-0.027315278700194175,0.011813686072964262,0.6948440073281571,0.7215751554776386,-0.03614374068021627,-0.01193260311875741,0.6912890408431722,24.982613229485523,25.394692634238055,69.67377662658691,1,0.4822071091664364,-0.04084137613368157,0.6923089970081165,0.11829169979675828,0.0014740411706943637,0.9921830358583591,0.03972057800071661,0.48339006304740906,-0.04050595685839653,0.6913256645202637,0.11330008506774902,-0.0036927461624145508,0.9933127164840698,0.021893015131354332,-0.14000503718852997,-0.03644392639398575,-0.050357405096292496,0.11176569759845734,1.4335907697677612,-0.13987228274345398,-0.11903823933483106,-0.03095674259609196,-0.055908535916384935,0.07142028716407695,1.4376037077940542,-0.12813839829086118
69.337597,1785483600.438,-0.040984027087688446,0.06731482595205307,0.3750000298023224,-0.04072415098300628,0.06437933351559699,0.37608698601652535,0.7196955588106771,-0.03401335331388238,-0.004123870405459557,0.6934438608261025,0.7211635922279384,-0.03567229830997522,-0.010203810176592118,0.6917705129853832,26.274882406889695,25.59858289826775,24.566650390625,1,0.4818462192436174,-0.04100403711344321,0.692484498674704,0.1145171265284208,0.0029123769068323097,0.9928855225789441,0.032491304153010346,0.48296481370925903,-0.04062071442604065,0.6916213631629944,0.11495313048362732,-0.0019242968410253525,0.9929731488227844,0.028044329956173897,-0.13174813985824585,-0.03403007611632347,-0.054601721465587616,0.09414049983024597,1.4400503635406494,-0.12787942588329315,-0.1262487090960496,-0.03284383420086655,-0.05399900725704241,0.08529509377334818,1.436223658406812,-0.13217367809296623
69.570548,1785483600.504,-0.04150013253092766,0.06749432533979416,0.3760000169277191,-0.04086649518972704,0.06500109622759014,0.37606728592007216,0.721736971566653,-0.03218856595225536,-0.0023508643983567103,0.6914145742839924,0.7219233854346857,-0.032414871020487984,-0.0047357378498932515,0.6911971314221902,26.599343053650642,25.652226578360242,115.74006080627441,1,0.4815119235265328,-0.04097635528050166,0.6925599313695173,0.11367317135734914,0.0033282319433693393,0.9930336450286764,0.030846601543034396,0.482326865196228,-0.04084203392267227,0.6921096444129944,0.11470438539981842,0.0008328984258696437,0.9929286241531372,0.03057721070945263,-0.1297832578420639,-0.034059274941682816,-0.05506006255745888,0.09010744839906693,1.441583514213562,-0.12489531189203262,-0.12938080729165838,-0.03351947030761511,-0.05434194598582899,0.09033285673834367,1.4384030924581936,-0.12972795866522477
69.64783,1785483600.771,-0.04150013253092766,0.06708769500255585,0.3760000169277191,-0.04090047386900632,0.06509521537365641,0.3760639089644236,0.7246787367422174,-0.019364556938781054,0.01938022654583601,0.6885420461143248,0.7224813955228396,-0.02997326763440892,-0.00022062728039311412,0.6907403185527029,25.32217818509144,25.588195055737348,67.17562675476074,1,0.48057896358541363,-0.0407643462439492,0.6925903501131565,0.11227673892778355,0.001568966789897777,0.9933655918074359,0.024824851500410236,0.4820460081100464,-0.04088851809501648,0.6922628283500671,0.11435074359178543,0.0016914557199925184,0.9929655194282532,0.03066909685730934,-0.1228896975517273,-0.03529069945216179,-0.05466208606958389,0.07663878798484802,1.443324327468872,-0.12117445468902588,-0.12951920328435415,-0.03370513454223221,-0.054588649981876305,0.09025534997755412,1.4394968394998648,-0.12806600989077038
69.768672,1785483600.838,-0.04190695285797119,0.06749432533979416,0.3760000169277191,-0.04096410950473903,0.06521730587741924,0.3760608857799635,0.7241772367417859,-0.02913679544466849,0.009669272294636032,0.6889302447342104,0.7227842681085368,-0.029826799798536172,0.0015137928413933993,0.6904281079300135,25.388893683652768,25.551516672070207,26.388168334960938,1,0.48043770765612803,-0.040713606644200345,0.6925955543186029,0.11094088988917318,0.00019842865231771293,0.9936254276032342,0.020014724503683436,0.4815400540828705,-0.04084222391247749,0.6923706531524658,0.11362798511981964,0.001645674230530858,0.9931085109710693,0.028661128133535385,-0.11744825541973114,-0.034687697887420654,-0.05579954758286476,0.06585460156202316,1.4451007843017578,-0.11821288615465164,-0.1272393091469691,-0.034250438475270095,-0.05461362048158546,0.08557262650756059,1.4408131126124066,-0.12569600233682002
69.803308,1785483600.905,-0.04150013253092766,0.06708769500255585,0.3760000169277191,-0.04098678269622541,0.0653036962981852,0.37605816780354734,0.7282085222671537,-0.03209829230197168,0.0076093508068152795,0.684561279586484,0.72368679903641,-0.03020274960473289,0.002522080031185762,0.6894627255545182,25.694314313860797,25.577743617237832,23.446083068847656,1,0.48025442299529997,-0.04061844874076458,0.6926002805769401,0.10985737579314982,-0.00041446942766063563,0.9937707668719995,0.018730939900986187,0.4812382757663727,-0.04080341011285782,0.6924205422401428,0.11288628727197647,0.0012481814483180642,0.9932584166526794,0.026322176679968834,-0.11580163240432739,-0.03404447063803673,-0.05677443742752075,0.06282316148281097,1.4472486972808838,-0.11767624318599701,-0.12458592889886022,-0.03436895843447855,-0.05493477781686846,0.08022905124610431,1.4419750716402207,-0.12366807645483992
69.881663,1785483600.971,-0.04150013253092766,0.06749432533979416,0.3760000169277191,-0.04101826889485008,0.06545856981471472,0.37605447874128856,0.7231388616777457,-0.04259377615604719,-0.012176799186911415,0.689280554292477,0.7235835678485302,-0.033077429295879264,-0.0008867507244166612,0.6894431939499588,26.003099240253995,25.692168658876064,23.18429946899414,1,0.48012478648873447,-0.04058464837535849,0.6926044799259519,0.10889639800877056,-0.0017878345495330925,0.9938803911694704,0.018443052815618824,0.48096954822540283,-0.040751345455646515,0.6924632787704468,0.11205408722162247,0.0007910886197350919,0.9934053421020508,0.02427053451538086,-0.11545351892709732,-0.0332779698073864,-0.057757455855607986,0.062219176441431046,1.4493844509124756,-0.11999741196632385,-0.12220537966141216,-0.0342810451955431,-0.055433093481616916,0.07551206439268546,1.4434042241888403,-0.12204428821088263
69.960106,1785483601.071,-0.04150013253092766,0.06749432533979416,0.3760000169277191,-0.04103825925707611,0.0655524447257028,0.37605216294195637,0.7240345719446669,-0.019495444438343917,0.009665884726671648,0.6894203630206357,0.7236803409934112,-0.030639042300164235,0.00100831534129153,0.6894541293275147,25.04780120292918,25.553581047143076,23.922443389892578,1,0.4798924055413456,-0.04053779380116398,0.6926102275499905,0.10916436420086296,-0.0011380183018851605,0.993760486173046,0.022846063645128454,0.48067745566368103,-0.040690358728170395,0.6925070881843567,0.11096129566431046,-0.00010026450036093593,0.9935752153396606,0.022268354892730713,-0.12028282880783081,-0.033589918166399,-0.05719837546348572,0.07194186002016068,1.4499156475067139,-0.12365604192018509,-0.11988340880940235,-0.033936115717390795,-0.0562321566177142,0.0709406511923846,1.4454608241590985,-0.121340365698441
70.101988,1785483601.138,-0.040984027087688446,0.06731482595205307,0.3750000298023224,-0.04105140335784125,0.06573086700123322,0.3759460748474962,0.7266332859069475,-0.01800771868324183,0.020755690199024967,0.6864757761234257,0.7244395023222491,-0.02693856279525461,0.006123785429749836,0.6887845966349919,24.959696284572164,25.31084867290875,77.34227180480957,1,0.4797515482610726,-0.040508035441000755,0.6926138315120951,0.10962065037029622,-0.0016027838166257956,0.9937744625429334,0.019825783564192265,0.4802279770374298,-0.040602948516607285,0.6925641298294067,0.1099347174167633,-0.0006892190431244671,0.9936816692352295,0.02259776182472706,-0.11700442433357239,-0.03477602079510689,-0.05607762560248375,0.06544549763202667,1.4481611251831055,-0.12127286195755005,-0.12011088298231284,-0.033738987923591875,-0.05678201261868831,0.07151088898716776,1.4479979921292232,-0.12265921648700404
70.194394,1785483601.305,-0.040984027087688446,0.06772036850452423,0.3750000298023224,-0.041048025025161305,0.0658380669238721,0.3758896758730992,0.7237410940832933,-0.025572186435447643,0.0037948038433219763,0.6895871891790181,0.7243395101648737,-0.026742216069774737,0.005789092807434321,0.6889002934374866,25.25935540833736,25.30185212529789,24.13034439086914,1,0.4794840177456037,-0.04048881044353534,0.6927731966017875,0.1087743410486237,-0.0034364265274259647,0.9939652635742029,0.013761849803886669,0.4800603687763214,-0.04056995362043381,0.6925772428512573,0.10982434451580048,-0.001002950593829155,0.9937148690223694,0.02164420671761036,-0.11038295179605484,-0.03503037616610527,-0.056609757244586945,0.05215926468372345,1.4489554166793823,-0.11809715628623962,-0.11904256654203228,-0.034095651587508304,-0.056539488694457525,0.06942501164774662,1.4480540935864534,-0.12218244735946139
70.271809,1785483601.371,-0.04087473452091217,0.06753978133201599,0.37400001287460327,-0.041039107377053324,0.06591357965441927,0.3757257473676709,0.7203766644787527,-0.031033459175008736,0.008384262667309482,0.692837708143563,0.7237944076146982,-0.027335212370209142,0.006147678088468206,0.6894466242752112,24.683850275351364,25.173962808942164,20.338058471679688,1,0.4793232975224395,-0.040494168726114964,0.6928579284175683,0.10914522292618299,-0.003270454132912383,0.993923991635385,0.01384641808344169,0.4799487292766571,-0.04055355489253998,0.6926071643829346,0.10961835831403732,-0.0014671901008114219,0.9937684535980225,0.02014797553420067,-0.11055301129817963,-0.03574259579181671,-0.05604470521211624,0.052414439618587494,1.4483891725540161,-0.11794579774141312,-0.1173972372717197,-0.03427326412216728,-0.05655268862034593,0.06614452532773965,1.4482253449741098,-0.12140624109521114
70.348982,1785483601.438,-0.04087473452091217,0.06713531166315079,0.37400001287460327,-0.04102778562891597,0.06600247196480351,0.37555288938280074,0.7203753790638537,-0.031044254131206643,0.00837158208592304,0.6928387143754487,0.7232205779418281,-0.02796010055600544,0.006522324680044325,0.6900200632584202,24.684878399672485,25.044425172827435,28.535842895507812,1,0.47921025721839916,-0.04050782258113518,0.6931039111984454,0.1084718800055298,-0.002486523600521847,0.9939993133174918,0.013893652248584786,0.47977739572525024,-0.040536217391490936,0.6926706433296204,0.10948411375284195,-0.00195722165517509,0.993815541267395,0.01844141073524952,-0.11049240082502365,-0.0351615808904171,-0.057318031787872314,0.05216464027762413,1.450395941734314,-0.11621732264757156,-0.11554244833152551,-0.034671473789941475,-0.056414813899468515,0.06242367970588494,1.4482697422482644,-0.12046845959483013
70.42784,1785483601.538,-0.039851170033216476,0.06758090853691101,0.3720000088214874,-0.04093515212368685,0.0660795138090277,0.3751181712812983,0.7222487376471898,-0.04084524364058166,0.008549464504364094,0.6903733292180914,0.7230961692838058,-0.029705990023612752,0.006797015956371315,0.6900748399252734,24.062673776370335,24.823637409854797,26.42822265625,1,0.4790771646431692,-0.04052511997918367,0.6933633036788659,0.10776438514306563,-0.0016621489714813765,0.9940772522424801,0.01394600765718586,0.47958123683929443,-0.04052611067891121,0.6928169131278992,0.10913088917732239,-0.002139449119567871,0.9938817620277405,0.01687958464026451,-0.11043565720319748,-0.0345824770629406,-0.05861768499016762,0.05191774293780327,1.4524977207183838,-0.11444409936666489,-0.11380573239703173,-0.0348400493242811,-0.05672514897738653,0.05889560586212885,1.4490009422515169,-0.119006491786494
70.541131,1785483601.605,-0.039851170033216476,0.06758090853691101,0.3720000088214874,-0.04086177119912617,0.06614907670433978,0.3748076873786653,0.7175401256676258,-0.045737217660571095,-0.005916895961250397,0.6949886799939556,0.7221796949290646,-0.03242083353044152,0.004644961602573881,0.6909296651013511,24.676715243532374,24.797980266743874,23.82373809814453,1,0.47896237419098425,-0.04066450933807652,0.6940154235285285,0.10631933001628951,-0.0014052517930527983,0.9942189532832265,0.014929777784380064,0.4794445037841797,-0.040525078773498535,0.6929629445075989,0.10875767469406128,-0.002013107296079397,0.9939360618591309,0.016086982563138008,-0.11167233437299728,-0.03283774107694626,-0.062084347009658813,0.053726740181446075,1.457362174987793,-0.11499304324388504,-0.11289243828922312,-0.03477027154675615,-0.0572377789727277,0.05700461341398803,1.4499485692160379,-0.11777008184563227
70.632543,1785483601.672,-0.03913054242730141,0.06783401966094971,0.36900001764297485,-0.040520387017960034,0.06637253198386242,0.37327848501916905,0.7180206813709735,-0.05949991562699619,0.009585686107669937,0.6934076548364522,0.7209484392354052,-0.042134086899621045,0.005584628194370991,0.691684088737842,24.352145197325353,24.624102761354052,77.47626304626465,1,0.4788585988480375,-0.04077492929183507,0.694481194003286,0.10584084681836735,0.0002912495107283891,0.9942171144950745,0.01816478911469359,0.47924819588661194,-0.040581509470939636,0.6933940052986145,0.10775996744632721,-0.0017650083173066378,0.9940527677536011,0.015614772215485573,-0.11530156433582306,-0.03198883682489395,-0.06394371390342712,0.06043418496847153,1.4601695537567139,-0.11514873057603836,-0.11239278599539118,-0.03397891492962316,-0.059222151203748616,0.0556623030555108,1.4529845149156293,-0.11663285453542961
70.724121,1785483601.838,-0.038435935974121094,0.06761770695447922,0.3700000047683716,-0.040355431968922655,0.06642722846944224,0.37302323379557334,0.7202609208192633,-0.050016176049552,0.009803048310350764,0.6918283662280639,0.7208283538612619,-0.04356030910037705,0.006347827845562103,0.6917143115639477,23.76577189524594,24.437305259235455,21.90685272216797,1,0.47852616991314306,-0.041288435774871686,0.696775078583914,0.09819365928449048,0.0024692295690990993,0.9948756303366207,0.02396640031310839,0.4790659546852112,-0.040672481060028076,0.6939023733139038,0.10685946047306061,-0.0007955338805913925,0.9941316843032837,0.016808874905109406,-0.12180277705192566,-0.022583726793527603,-0.07969065755605698,0.07094014436006546,1.4833670854568481,-0.11630894243717194,-0.11375571433472399,-0.03304648444910109,-0.061434086806152234,0.05789822439849864,1.4563511295299691,-0.11593745236177627
70.850349,1785483601.905,-0.03833205625414848,0.06783401966094971,0.36900001764297485,-0.040143229093345466,0.06653982196236993,0.3724761648027883,0.7203786285755738,-0.054397913994751065,0.014984651904567575,0.6912821122030384,0.7203123107714793,-0.04750912635157848,0.007327118992446759,0.6919822043894135,24.695816134095885,24.430001583147696,75.16050338745117,1,0.4784448445592694,-0.04153614870123031,0.6971579276141112,0.09664065179855993,0.0026290528496988237,0.9950171282072404,0.024384156234718755,0.478816956281662,-0.04096351936459541,0.6952396631240845,0.1027916818857193,0.0007619381067343056,0.9944983720779419,0.020155712962150574,-0.12263096868991852,-0.020781636238098145,-0.08262244611978531,0.07150614261627197,1.4877363443374634,-0.11661761999130249,-0.11752623325450091,-0.028144099244552787,-0.06998801183632841,0.06400914560308288,1.4690096988231114,-0.11611151514083198
70.990237,1785483602.038,-0.038731299340724945,0.06743495911359787,0.36900001764297485,-0.03996528923949462,0.06664536739967251,0.37200442319700244,0.7212840504588026,-0.04127741329612829,0.027557520427215956,0.6908589412993275,0.7205021492038683,-0.04725891142409425,0.011850134693620472,0.6917389844380314,24.605058283013012,24.358967820436565,63.27629089355469,1,0.47827715623389033,-0.041855043022857655,0.697978548520794,0.09311722220881093,0.003439379125082867,0.9953013294955814,0.026317619643063932,0.4786275327205658,-0.04126446694135666,0.6962161064147949,0.09955314546823502,0.0017311815172433853,0.9947802424430847,0.02232629619538784,-0.1250034123659134,-0.0166277177631855,-0.08917152136564255,0.07475417852401733,1.4977092742919922,-0.11686971783638,-0.12015534238405454,-0.02427897388956262,-0.076562742397536,0.06784673999371978,1.4787815301141236,-0.11637386393521214
71.116266,1785483602.172,-0.038435935974121094,0.06801784783601761,0.3700000047683716,-0.03989128916064982,0.06671445224917526,0.37189506229792957,0.723010507081214,-0.03492039773974327,0.02398957647045584,0.6895367087346633,0.7210177536228635,-0.044811437492438204,0.014259562702206996,0.6913190283089587,24.93034199626321,24.478940594045703,73.92001152038574,1,0.4781198623880054,-0.04212248191906134,0.698686189583296,0.09019126689632459,0.0026731141712849574,0.9956564108020027,0.022949977453949052,0.47846364974975586,-0.04154248535633087,0.6970388889312744,0.09653516113758087,0.002540262881666422,0.9950322508811951,0.024194883182644844,-0.12164963781833649,-0.013732940889894962,-0.09437283873558044,0.0668889731168747,1.5048781633377075,-0.11486085504293442,-0.12242694305945344,-0.02069395070198494,-0.08247024943058594,0.07108329866146644,1.4876502949983614,-0.11660619799352265
71.274179,1785483602.338,-0.03833205625414848,0.06743495911359787,0.36900001764297485,-0.03973393667774082,0.06684339573712435,0.37142871869209515,0.7202634599856071,-0.05009952169676241,0.009879099924113673,0.6918186102729578,0.7206996219503047,-0.04539674038747581,0.01692924792217351,0.6915523056484373,23.985240323551118,24.244421057263825,67.99793243408203,1,0.4779150723036254,-0.042345461953224556,0.6992314478045971,0.08865380045411633,0.0013354205937674397,0.9958900829488905,0.01848412835196243,0.4782869815826416,-0.041845373809337616,0.697894275188446,0.09322553873062134,0.0026043658144772053,0.9953631162643433,0.023548012599349022,-0.11724202334880829,-0.012673885561525822,-0.09716174006462097,0.057139210402965546,1.5084642171859741,-0.11319315433502197,-0.12202141426414441,-0.017062405676347432,-0.08867947891587039,0.06889511987973605,1.4966381273173903,-0.1156956448174953
71.335441,1785483602.439,-0.03913054242730141,0.06783401966094971,0.36900001764297485,-0.03970156629654384,0.06688564475398123,0.37131196768173924,0.715515048940101,-0.0614494118636988,-0.001349539443181705,0.6958881830187532,0.7197106809010333,-0.04857388623693001,0.013314979505051994,0.6924448170746842,24.004245371605375,24.20080795800022,23.761272430419922,1,0.4778241042432608,-0.04247032295056057,0.6995498603990009,0.08804368671629947,0.0017412000487863977,0.9959511004362245,0.018074373894154047,0.4781859815120697,-0.04197927191853523,0.698253333568573,0.09198383241891861,0.002251990372315049,0.9955109357833862,0.02218013070523739,-0.11699162423610687,-0.012080932036042213,-0.0985894724726677,0.056058961898088455,1.510388970375061,-0.11208692193031311,-0.12072619564343334,-0.01587314328336209,-0.09097787750882175,0.06570927873836799,1.4998429976717764,-0.11501746812241317
71.475479,1785483602.505,-0.038731299340724945,0.0666368380188942,0.36900001764297485,-0.03960101942182028,0.06688109964733965,0.371063201538114,0.7177301727843155,-0.059869787582892575,0.0010005124393601369,0.6937420317269486,0.7194007505115688,-0.05239494208832618,0.009059550981037964,0.6925570407865149,23.661096238600056,24.111724387571343,73.01902770996094,1,0.4777609562055601,-0.04251904828705995,0.6997250212125982,0.08823332529950784,0.0036985183960732246,0.995835132217036,0.02266253980788175,0.4780172109603882,-0.042210113257169724,0.6988561749458313,0.09013435244560242,0.002002663677558303,0.9957215785980225,0.02025899849832058,-0.12197861075401306,-0.011847572401165962,-0.0989793986082077,0.06572721153497696,1.5113896131515503,-0.11284511536359787,-0.1189763245867687,-0.014096302255267115,-0.09454398215294788,0.0611875486016786,1.504784408095655,-0.11364433204975977
71.601288,1785483602.672,-0.03803560882806778,0.06881812959909439,0.3700000047683716,-0.039415240008448205,0.0670858655504799,0.3709269437653739,0.7299352342645481,-0.041871850068540745,0.008430504586558163,0.6821804955753373,0.7219125795966675,-0.049573269021967105,0.008407350219179262,0.6901550803122823,26.87886914631497,25.085366052753727,68.35269927978516,1,0.4777683300151446,-0.042670002805756294,0.7000981055786927,0.08839639949871095,0.004752848729821957,0.9956722550951241,0.028288644690155205,0.4779145419597626,-0.042335834354162216,0.6992108225822449,0.08935418725013733,0.0027013595681637526,0.9957696795463562,0.02124488167464733,-0.12840133905410767,-0.011176697909832,-0.10013776272535324,0.07781726121902466,1.5132310390472412,-0.11675683408975601,-0.12020578753820947,-0.013175453008997032,-0.09636001276286853,0.06304659646986582,1.5074893056180947,-0.11331704291448667
71.725493,1785483602.805,-0.039046186953783035,0.0691901221871376,0.3720000088214874,-0.039350431641751206,0.06740405522951867,0.37110545481896645,0.7406502171651301,-0.0733810310722713,-0.02848030618141148,0.6672640798453254,0.7276672888573268,-0.05814402714241437,-0.005151610837745421,0.6834420602658768,25.606254632259443,25.012442646538783,66.29037857055664,1,0.4774618006051582,-0.04294924366226117,0.7003026418070677,0.0908876636003063,0.0011177988654356118,0.9954867281288419,0.027282911323890394,0.47785183787345886,-0.04247233271598816,0.6995673775672913,0.0889526829123497,0.003547842148691416,0.9957372546195984,0.024128250777721405,-0.12869788706302643,-0.014378526248037815,-0.09702811390161514,0.0771355852484703,1.5084309577941895,-0.12455794215202332,-0.12356194291926782,-0.012356974726403945,-0.09790667784890882,0.06909534369981699,1.5098406028746645,-0.11472566964271619
71.803865,1785483602.905,-0.039046186953783035,0.0691901221871376,0.3720000088214874,-0.03933230046583816,0.06751936549174652,0.37118342525870524,0.7472800388441169,-0.06605112181558762,-0.012219660905155277,0.6611054928976164,0.7337253520817769,-0.060561568128869585,-0.007307676328554845,0.6767022994234035,26.86331253238239,25.528472447144928,23.76413345336914,1,0.4769844471254314,-0.04304711709776631,0.7000352391535095,0.09399595601636462,-0.005533892227689225,0.9945826851471272,0.04403883167061276,0.477692574262619,-0.0426662378013134,0.6998695135116577,0.08973802626132965,0.002551413606852293,0.9956375956535339,0.0254252590239048,-0.1485157012939453,-0.01628890633583069,-0.09259184449911118,0.1157534122467041,1.50677490234375,-0.15704761445522308,-0.12566515706191375,-0.0131848734874671,-0.09754629314775873,0.07238792455026277,1.5092633391177592,-0.11875207996393165
71.930232,1785483602.972,-0.03913054242730141,0.06943025439977646,0.36900001764297485,-0.03930124460226946,0.06771737476431221,0.371003625330077,0.7733786164442872,-0.07060890990882736,-0.002092317294243123,0.6299964441777011,0.7538976220531256,-0.07040935387820317,-0.012882064107423081,0.6530811211277117,26.60217237462715,25.41964675412511,74.13291931152344,1,0.47681142708250224,-0.043074545615615224,0.6999184185272203,0.09371679869463749,-0.014080903306897019,0.994319826836207,0.04844555464545796,0.47742709517478943,-0.04279329627752304,0.6998763084411621,0.09106878936290741,-0.00024372601183131337,0.9953349828720093,0.031853094696998596,-0.15421369671821594,-0.01514990720897913,-0.09306406229734421,0.12679697573184967,1.5097213983535767,-0.17953138053417206,-0.1335234526959836,-0.014252395425566564,-0.09584194776852485,0.08730133545542486,1.5084075657111775,-0.13192191118667498
72.023673,1785483603.139,-0.03753356635570526,0.07022836804389954,0.36900001764297485,-0.03915102980582792,0.06792545749232248,0.3708141267097434,0.7824974057469477,-0.10164197496807492,-0.03384696332783151,0.6133686509737599,0.7650200267274492,-0.08221859545691275,-0.020793626378874715,0.638398062629455,25.370908634652604,25.41104980206688,21.557331085205078,1,0.4765147155602277,-0.04312171065213804,0.7001883501410994,0.09029308967878272,-0.043375582374409284,0.9929534967762976,0.06331721763993876,0.4771568477153778,-0.04290726035833359,0.6998493075370789,0.09200915694236755,-0.0059149423614144325,0.9949896335601807,0.03866525739431381,-0.17229607701301575,-0.006872393190860748,-0.10072144120931625,0.16224448382854462,1.5280704498291016,-0.25431451201438904,-0.1419963023822584,-0.014619950522806222,-0.09470420901737435,0.1034752027278431,1.5089455933165665,-0.1514184638933877
72.149187,1785483603.206,-0.034738849848508835,0.07182459533214569,0.36900001764297485,-0.038229601726411974,0.06854539349908223,0.37055823894596346,0.7982013362718876,-0.07715011805976357,-0.013576862182063882,0.5972756104767939,0.7849831207101824,-0.0753519716656745,-0.013539125852362041,0.6147684707573677,26.521066924172885,25.845889723156976,68.26210021972656,1,0.4762031926802008,-0.04334764374000455,0.7004727726459131,0.08700593407917033,-0.05966249743389619,0.9912355432916385,0.07951384502268624,0.4768170118331909,-0.042996130883693695,0.6998949646949768,0.09075133502483368,-0.023419957607984543,0.9943335652351379,0.05016499012708664,-0.19046974182128906,0.001429386087693274,-0.10774174332618713,0.19717006385326385,1.5464389324188232,-0.3025928735733032,-0.15619352689063296,-0.010989792535912752,-0.09752329699751172,0.13101209656366192,1.5179067169592233,-0.19963133090713145
72.272982,1785483603.339,-0.03354111313819885,0.07222365587949753,0.36900001764297485,-0.0375641250784099,0.06891766106179521,0.37046460981602575,0.8054433209771811,-0.05349157563330999,0.004579916913735075,0.5902361666236481,0.792745538455581,-0.06725323560362916,-0.006816038197879705,0.6057929144376801,26.485934452357082,25.978202697863367,68.54748725891113,1,0.47527582934667273,-0.04473142456147588,0.7008568467579067,0.08672882377725168,-0.0915877231575834,0.9892695673825161,0.07372600046003869,0.4764839708805084,-0.04314336180686951,0.7000146508216858,0.0884484127163887,-0.04032287746667862,0.9932153224945068,0.06382986158132553,-0.1900443583726883,0.00232770387083292,-0.11053811758756638,0.18987730145454407,1.5520379543304443,-0.36614418029785156,-0.17225394538313393,-0.0051707090437608984,-0.10231083878905418,0.16201103287726423,1.531275743302758,-0.2478748852366927
72.402294,1785483603.472,-0.031061239540576935,0.0728238895535469,0.3680000305175781,-0.03581271356342222,0.06954945985842317,0.3700883181351415,0.8165999305087968,-0.08809990447363136,-0.02655009452734406,0.5698228258023319,0.8058424829272964,-0.07780441505119101,-0.015357376977041438,0.5867951232589592,26.319781828806953,26.125307819914937,22.62282371520996,1,0.4742518537002941,-0.04709425527593734,0.7013133532406368,0.08578065167795057,-0.11573075002812291,0.9869868343167615,0.0714497178511701,0.4759826064109802,-0.04379252716898918,0.7003289461135864,0.08753257244825363,-0.06130910664796829,0.9919575452804565,0.06781928986310959,-0.19468100368976593,0.004152585752308369,-0.11393130570650101,0.18854014575481415,1.5595676898956299,-0.41879501938819885,-0.17953928680432502,-0.0021000652854453023,-0.10567961848231558,0.17342257389856286,1.5397780763407058,-0.2963073410705103
72.463941,1785483603.539,-0.030182668939232826,0.07341978698968887,0.367000013589859,-0.034761997216679545,0.07003170336049884,0.3696962858400308,0.825285533800444,-0.07560647809755672,-0.008671012140168324,0.5595643499347193,0.8139657790932937,-0.0769100388892385,-0.012605240425474593,0.5756610672061462,27.192180278006838,26.445064331819715,23.578643798828125,1,0.47377613807504854,-0.04835944142114901,0.7015615786140408,0.08569482843866488,-0.12550263918908905,0.9850340529787471,0.08132280373735282,0.47551554441452026,-0.04468948766589165,0.7005839347839355,0.08696751296520233,-0.07606827467679977,0.9909207820892334,0.06874854862689972,-0.20830565690994263,0.008048842661082745,-0.11677651107311249,0.21003319323062897,1.5692905187606812,-0.4504361152648926,-0.18364265544173225,-0.0004056236143850044,-0.10791551070560856,0.1775194585807848,1.5451410616140904,-0.32950149888958696
72.586543,1785483603.639,-0.02780018374323845,0.07302288711071014,0.367000013589859,-0.033126645683268285,0.07032174447632045,0.36933412139425165,0.8299578062007337,-0.10005292454633909,-0.03230006341701978,0.5478285846133317,0.8232344881375055,-0.08253351409782847,-0.016996602305074448,0.5614127822749728,26.656537672177596,26.455264184943214,70.54710388183594,1,0.47305579611225307,-0.049936902743225216,0.7021496197582442,0.08422159353502909,-0.1393864392117965,0.983355590507274,0.08056007922269633,0.47469562292099,-0.04640906676650047,0.700997531414032,0.08608770370483398,-0.09922611713409424,0.9885249137878418,0.07457658648490906,-0.2115943282842636,0.01036257017403841,-0.12085147202014923,0.20947061479091644,1.5769046545028687,-0.4809426963329315,-0.19519871925488835,0.0035557674099409614,-0.11206709842213995,0.1927540855062734,1.5564565071052399,-0.3861664984713908
72.711677,1785483603.772,-0.02700602263212204,0.07302288711071014,0.367000013589859,-0.032249654741729895,0.07046617063860061,0.3691989662320488,0.8321752303874466,-0.09290935917036881,-0.02737965695002157,0.5459877208266235,0.8260475126942954,-0.08574832980016953,-0.020209914189439227,0.556672516006049,27.204331104279678,26.61493433787935,74.50318336486816,1,0.4726251253961458,-0.05239083591280751,0.7026922736733694,0.08280917189881487,-0.15499488794797725,0.9803356340035857,0.08978457808674271,0.473929762840271,-0.048063021153211594,0.701522171497345,0.0850982815027237,-0.1180502325296402,0.9863277673721313,0.07733004540205002,-0.22653980553150177,0.017506428062915802,-0.1278476119041443,0.22881120443344116,1.5923751592636108,-0.5249833464622498,-0.2028810095084606,0.00674512599956635,-0.11618271718100927,0.20058679591976664,1.5660376706017256,-0.4305747346085733
72.841188,1785483603.906,-0.026608942076563835,0.07183220237493515,0.367000013589859,-0.031034981078833797,0.07064078554526372,0.36898190043395424,0.8405926905516093,-0.07359817562221174,-0.00515222627533069,0.5366196900046588,0.8326215988384548,-0.0798464196114979,-0.01291979333892249,0.5479040986915498,29.159351849480025,27.415478640722366,29.842615127563477,1,0.472267376770035,-0.054778242124634204,0.7030684843114126,0.08204887663661435,-0.1658481190653397,0.9785696760861109,0.0903535958879474,0.47339582443237305,-0.04983048513531685,0.7019650340080261,0.08394574373960495,-0.1331687569618225,0.9840906858444214,0.08237006515264511,-0.23261207342147827,0.0204875897616148,-0.13176263868808746,0.23080267012119293,1.5989855527877808,-0.5522211790084839,-0.21256951793096374,0.011151966004270833,-0.12095933513632987,0.21214499590528732,1.5768231355836544,-0.46923600192341214
72.9469,1785483603.972,-0.02700602263212204,0.07222909480333328,0.367000013589859,-0.03023780996130209,0.07085432933093488,0.36876763863681167,0.8418400379157062,-0.12141620000523679,-0.03337744945650254,0.5248327379329053,0.8369408500929106,-0.10556033038174287,-0.026284746813867062,0.5363731370793883,25.482583010299248,26.65082659286103,77.32653617858887,1,0.47215203956183716,-0.05552930169861332,0.7032197814583157,0.08161740077439003,-0.17173544142048106,0.9778770094417357,0.087189979104439,0.4728725850582123,-0.05214562639594078,0.7024636268615723,0.0829259604215622,-0.14848381280899048,0.9816663265228271,0.08606480807065964,-0.23129987716674805,0.02063971944153309,-0.13295532763004303,0.2249816358089447,1.599483609199524,-0.5630663633346558,-0.2219606163922035,0.015526234197149621,-0.12602102431736842,0.22088724245412858,1.5872075356264026,-0.5081194496749786
73.091715,1785483604.139,-0.02653643861413002,0.07321973145008087,0.3660000264644623,-0.02981912101191099,0.0710777876452284,0.3684889065442353,0.852087719922063,-0.10273621823686237,-0.012037558352246371,0.513075904919851,0.8447919447357122,-0.10095935425110958,-0.018847517506726707,0.5251462177172052,24.902631251437025,25.853138568369626,66.53976440429688,1,0.47183391215278686,-0.056725695550069205,0.7035409763080177,0.071746776388004,-0.17930189413994396,0.9743056233171347,0.115895570270688,0.4725390374660492,-0.05373068153858185,0.7028156518936157,0.08229383081197739,-0.1593867838382721,0.9799637794494629,0.08657164871692657,-0.25726309418678284,0.04342847689986229,-0.15246495604515076,0.2723800837993622,1.6448137760162354,-0.5961993932723999,-0.22633660293497526,0.01792216310462939,-0.12926959238219082,0.22280575524510457,1.5929596003837507,-0.5338653132426727
73.171329,1785483604.273,-0.02614043839275837,0.07321973145008087,0.3660000264644623,-0.029581953337530317,0.07120792775640926,0.3683286322693899,0.8575408524252663,-0.09720373592225905,-0.015827337190696858,0.5049005996648799,0.84841284743128,-0.09991370241811451,-0.018002885221048974,0.5195082179392063,25.960812945507598,25.87326998571899,23.076772689819336,1,0.4715000843039543,-0.05735442843615999,0.7039591109774657,0.06967958313222036,-0.19385772325009223,0.9724373332097725,0.10922257921637277,0.47225436568260193,-0.05471458286046982,0.7030064463615417,0.07838901877403259,-0.1661471128463745,0.9782292246818542,0.09652901440858841,-0.25193727016448975,0.0446912907063961,-0.15670858323574066,0.258755624294281,1.6485652923583984,-0.6208361983299255,-0.23697221960571385,0.026584043489552636,-0.13724614738513496,0.23985439534933115,1.6107922513837623,-0.5553019990885981
73.248931,1785483604.339,-0.025744440034031868,0.07321973145008087,0.3660000264644623,-0.029209241234781635,0.07136457242158349,0.36813971934674605,0.8628365543538532,-0.08920390595355922,-0.010422879317980418,0.4974405564689327,0.8534865033194821,-0.0962180616439158,-0.01538207229534668,0.5119240813996467,25.050563949481244,25.636762469420322,25.542020797729492,1,0.47130564732321395,-0.05771058612003757,0.7041995475784235,0.0696868166286741,-0.20055054693703808,0.9711285318357293,0.10877775676119425,0.4719988703727722,-0.05561124160885811,0.7033071517944336,0.07526438683271408,-0.17566628754138947,0.976378321647644,0.10080692917108536,-0.2524844706058502,0.04533850774168968,-0.1580272614955902,0.25822702050209045,1.65071439743042,-0.6348206996917725,-0.24211869594477226,0.0328110991553177,-0.1439388797439579,0.24635456272931797,1.6237824001749397,-0.5778392050439735
73.327886,1785483604.439,-0.025348439812660217,0.07321973145008087,0.3660000264644623,-0.028930104251179572,0.07145674930476922,0.3680299009353072,0.86297854154986,-0.10503556021108335,-0.019024916022012762,0.49383562091649064,0.8559670431346139,-0.09848851908352438,-0.016318901930930024,0.5073008240835895,25.7564295826459,25.659460695866436,24.37758445739746,1,0.47107181571488993,-0.058270140651204554,0.7044828961347278,0.07033659964395099,-0.21004559908963175,0.9694273710228901,0.10556600478019364,0.4717632234096527,-0.056327857077121735,0.7036013007164001,0.0732768177986145,-0.18422669172286987,0.9746688604354858,0.1034972071647644,-0.2512943148612976,0.04457809031009674,-0.15852542221546173,0.25324586033821106,1.650238275527954,-0.6534570455551147,-0.2456834831084907,0.03711925415323413,-0.14878354965645782,0.2504375292529804,1.6330443140310993,-0.5974351368665141
73.405918,1785483604.506,-0.024884263053536415,0.07301967591047287,0.36500000953674316,-0.028614529865059513,0.07152028732202226,0.3677854145210016,0.8635001260361965,-0.10790456872324712,-0.01261547438704707,0.49250886914868086,0.8578586646488646,-0.10081881651782997,-0.015404307988836349,0.5036633647767086,26.631937230310022,25.888779158015915,20.438194274902344,1,0.470934360644626,-0.05868913142418832,0.7046475764275274,0.06917378590331336,-0.21475512775888522,0.9681580833337067,0.10846726750808729,0.4715781807899475,-0.0568544939160347,0.7038372159004211,0.07246042042970657,-0.19123604893684387,0.9733218550682068,0.10403282940387726,-0.2544069290161133,0.04771164059638977,-0.16167274117469788,0.25778502225875854,1.6568068265914917,-0.665107011795044,-0.24720401664591182,0.0391405825711682,-0.15142333866184784,0.2511986095226186,1.637703877596747,-0.6126170707790091
73.546636,1785483604.573,-0.023304594680666924,0.0734144076704979,0.36500000953674316,-0.027614707982590612,0.07172448362486845,0.36748272465571946,0.8637838353844934,-0.10708550907921864,-0.01306327382890146,0.49217835217588574,0.8611271519608984,-0.09897745100625055,-0.013572172148265498,0.4984769688673639,27.113078108328562,26.336636023691128,83.73141288757324,1,0.47084012160878563,-0.05916278802492951,0.7050142011099739,0.06673127056222412,-0.21853013830272883,0.9673188410196266,0.10993532640142452,0.47124436497688293,-0.05780874565243721,0.7042530179023743,0.07070332765579224,-0.20351843535900116,0.9707106947898865,0.10631107538938522,-0.25570863485336304,0.051575690507888794,-0.1665511280298233,0.25848034024238586,1.664718747138977,-0.6729761362075806,-0.2509617962738453,0.04361209698414392,-0.15676993177267373,0.25463480956139556,1.6476699453064472,-0.6400012285326845
73.732613,1785483604.739,-0.024952439591288567,0.07361554354429245,0.3660000264644623,-0.02715130852478372,0.07195614291327498,0.367307279246433,0.8674061401939482,-0.07564690331432523,0.005319140454610319,0.4917884105157561,0.8637899389137416,-0.08976902691212395,-0.005873265999289429,0.4957559560763204,25.914666114973542,26.205449113777497,92.12589263916016,1,0.4705366144690184,-0.060663186792155155,0.7054679073897989,0.06663793193602421,-0.22482660290964168,0.9660814168550385,0.10816228852405779,0.4710327982902527,-0.058518461883068085,0.7046413421630859,0.06861373037099838,-0.21135415136814117,0.9689783453941345,0.10817846655845642,-0.257381796836853,0.052183348685503006,-0.1686699241399765,0.2554062306880951,1.6668753623962402,-0.6874352693557739,-0.2534382356882131,0.047766692612635844,-0.16187219310751022,0.2566410886059281,1.6565643580737637,-0.6572043320642754
73.856285,1785483604.906,-0.025744440034031868,0.07361554354429245,0.3660000264644623,-0.027040207043863982,0.07203351727984056,0.36724768133431746,0.862779679371227,-0.07149526035515844,0.006939858434638126,0.500451287315497,0.8636015475594224,-0.0856546120316483,-0.0029857410468360477,0.4968367335866779,25.521228446253698,26.058312137223957,26.06964111328125,1,0.47019046216892724,-0.06135894472847739,0.7057310962440978,0.0679602476685486,-0.23018606272085573,0.9659278981993016,0.0968456335937735,0.4707946181297302,-0.05946442112326622,0.7050004005432129,0.0679439902305603,-0.21741366386413574,0.967811644077301,0.10703060030937195,-0.24945269525051117,0.04612678661942482,-0.16526970267295837,0.23606207966804504,1.6565426588058472,-0.6930872201919556,-0.254260251762853,0.04896966201980343,-0.16431522095102974,0.25420104657613035,1.6597535470948217,-0.6701493893558891
73.950707,1785483605.073,-0.02606901526451111,0.07420387119054794,0.36500000953674316,-0.026881684129303276,0.07228577102272708,0.36691248372965457,0.8394579496398368,-0.05793749752432252,0.0034954140462251045,0.540315999437131,0.8552362860079502,-0.0703970975760624,0.001353893488445602,0.513432868757558,25.78771031815081,25.988417023346933,63.10772895812988,1,0.46988148885658765,-0.0616806818557113,0.7061441002612409,0.07416795391892402,-0.22593023352340724,0.9678733839860549,0.08170530437445203,0.47058507800102234,-0.060111090540885925,0.7052432298660278,0.06796850264072418,-0.22181105613708496,0.9671930074691772,0.10352738201618195,-0.23917898535728455,0.032127734273672104,-0.1536426693201065,0.21349583566188812,1.6313177347183228,-0.6783406734466553,-0.25260693409345547,0.04799197468860325,-0.16464307005706952,0.24796309008521977,1.6586493226122434,-0.6780377041700569
74.062153,1785483605.14,-0.02606901526451111,0.07499333471059799,0.36500000953674316,-0.026835849893327116,0.07249998491462481,0.3668116085853133,0.8291719464832518,-0.04009644654421974,0.006297565823325219,0.5575181600669192,0.8466617779086352,-0.06005809924779345,0.0030458964350482615,0.5287225936710463,25.910779487370775,25.975006634992283,26.90720558166504,1,0.4696971681026938,-0.061764404260395485,0.7063235474395583,0.07764889179815579,-0.21414605163894712,0.9707478799024427,0.07589908981588891,0.47038930654525757,-0.060520995408296585,0.7054479718208313,0.0696198046207428,-0.22290092706680298,0.9674396514892578,0.09761565923690796,-0.23515816032886505,0.024371987208724022,-0.14649580419063568,0.20484045147895813,1.6173911094665527,-0.6520556211471558,-0.24896796424945522,0.04369276831426043,-0.16166201456815782,0.23862245936500362,1.6512424622929909,-0.6781198094936102
74.168038,1785483605.206,-0.029148276895284653,0.0763624832034111,0.36400002241134644,-0.027259307955896924,0.07328790914788084,0.3663328012259819,0.8004742294640657,-0.008691434067992396,0.03670641211664249,0.5981789918137175,0.8190704040497099,-0.02787683286011995,0.023900280814576638,0.5725166652391165,25.706420235165623,26.243641076929592,84.4416618347168,1,0.4693760854894484,-0.06183372968841167,0.7064751037267472,0.08444879833979294,-0.1984373835065657,0.9742803480801969,0.06533612041408325,0.47002318501472473,-0.06114741042256355,0.7058510184288025,0.0736963078379631,-0.2182910442352295,0.9692667126655579,0.08625497668981552,-0.2276056706905365,0.010605105198919773,-0.13325311243534088,0.1891230046749115,1.5923351049423218,-0.6157854795455933,-0.2417633489537405,0.03361306186959452,-0.15374985040784722,0.22099827283697787,1.6335821065842442,-0.6645220427973071
74.261709,1785483605.373,-0.0330866277217865,0.07557518035173416,0.36400002241134644,-0.02845166062740248,0.0733993255593778,0.3661954222179292,0.7783937721855337,-0.011374647209255817,0.035570826973162696,0.6266645586692181,0.8033521287440517,-0.021317689907601918,0.02856511472856938,0.5944366640441585,25.405281065146436,26.059402628680196,27.692079544067383,1,0.4681937878626901,-0.06120071833393707,0.7071945577083519,0.0944949785681436,-0.15315004392831355,0.9834377357782544,0.021586637475575484,0.4697563648223877,-0.06140781566500664,0.7060522437095642,0.07793156802654266,-0.21012148261070251,0.9714690446853638,0.07761175185441971,-0.18291693925857544,-0.022855306044220924,-0.10383201390504837,0.10307545214891434,1.5327945947647095,-0.48730093240737915,-0.23596563860311953,0.024191111669154237,-0.14535682905678887,0.20794498135792353,1.6166910469418607,-0.6445639414162171
74.404299,1785483605.44,-0.03613888472318649,0.076198048889637,0.367000013589859,-0.03122195196435343,0.07375870560884318,0.36625769507237793,0.7453792863870311,0.0013002858485430843,0.04697388300719905,0.6649823178078486,0.7674796551220358,-0.004305461119133257,0.04563318443534978,0.6394326035295682,24.283343071410297,25.36021358025171,73.47607612609863,1,0.46802396985306793,-0.059412540006977405,0.7074014658854839,0.09646344150770973,-0.12774194389895296,0.9870526364695174,0.010192794512813361,0.46912693977355957,-0.061235133558511734,0.7058636546134949,0.08384955674409866,-0.1831074357032776,0.9781793355941772,0.05105056241154671,-0.16490773856639862,-0.03085867129266262,-0.09649322926998138,0.07516524940729141,1.518905520439148,-0.4194597005844116,-0.21110919660348723,0.002751376370484985,-0.1259003178249968,0.15880739504489813,1.5773806092061868,-0.5708769479771093
74.498551,1785483605.606,-0.038124293088912964,0.07659494131803513,0.367000013589859,-0.03257122191762247,0.0739504456009148,0.366323782617215,0.7224522154877606,-0.018936100860183092,0.0281422734717398,0.6905883237246926,0.7496943698354508,-0.010242426071371814,0.03856718647022035,0.6605800607594587,26.13816963372804,25.539603972360798,27.709245681762695,1,0.4674781601865065,-0.05525793666160433,0.7073101346456544,0.09755884727428348,-0.07415958670951203,0.992233874623758,-0.021320531576674195,0.4686194062232971,-0.06043883040547371,0.7062375545501709,0.08794710785150528,-0.16027821600437164,0.982557475566864,0.034015197306871414,-0.11504294723272324,-0.04373942315578461,-0.08327454328536987,-0.005078299902379513,1.4978268146514893,-0.2643924355506897,-0.19218923767752907,-0.011012244434039522,-0.11385820233405818,0.12455507268053988,1.5534344756051968,-0.5088700768376816
74.610605,1785483605.673,-0.03762441501021385,0.07599043101072311,0.3660000264644623,-0.03328636939570945,0.07403492947447833,0.3663101319564768,0.7109858519228769,-0.026533778199484187,0.021456027580457036,0.7023779010336446,0.7330316455534669,-0.017408023554195205,0.031064127432339397,0.6792617958637011,25.991332887468776,25.632704899379593,18.39137077331543,1,0.4671872225341604,-0.0532344570507132,0.7072120365551371,0.0983570393627286,-0.04560666789160045,0.9939789762519815,-0.01586566798741316,0.46817854046821594,-0.05897247791290283,0.7060969471931458,0.08858932554721832,-0.13675430417060852,0.9864574670791626,0.01875828206539154,-0.11338477581739426,-0.04471225664019585,-0.0821680948138237,-0.00013581468374468386,1.4980835914611816,-0.2050796002149582,-0.1712825877350236,-0.01988128961686855,-0.10557027864374591,0.08942441326501885,1.538364799486742,-0.44261663970684484
74.670716,1785483605.74,-0.038101520389318466,0.07536755502223969,0.3630000054836273,-0.03408383111930252,0.0741494870355766,0.3657434915879134,0.6962539108491732,-0.02771624407225165,0.029038337626005484,0.7166722238162135,0.7148809730626436,-0.02257515841242297,0.03006101877878309,0.6982348399540399,26.331218561959787,25.832416466370802,22.73869514465332,1,0.4670587944515982,-0.052161948471401404,0.7072330385029841,0.09846015663080877,-0.019432332601497716,0.9949113100070822,-0.008914439179952466,0.46794578433036804,-0.057858534157276154,0.7061487436294556,0.08951252698898315,-0.11937830597162247,0.9887328743934631,0.011984732933342457,-0.11580944061279297,-0.04430804401636124,-0.08277660608291626,0.008885785937309265,1.5000241994857788,-0.15461766719818115,-0.16028202085553397,-0.024599157814477912,-0.10112404893580783,0.07240795916354487,1.5307113699618855,-0.3974846048626606
74.733591,1785483605.84,-0.03967253491282463,0.07418984174728394,0.3630000054836273,-0.03487349989142348,0.07415317768766541,0.365471932435761,0.6783075095163085,-0.033125898415369975,0.024048422710107605,0.7336370156644999,0.7003112528569856,-0.026853753285146303,0.027636923964324375,0.712796763103039,26.101839446356962,25.88275959382532,24.3072509765625,1,0.466885756799176,-0.050966364114911754,0.7080836108916766,0.09541991177073696,0.007158697519203581,0.9953780076996167,-0.00814955676312069,0.4676128923892975,-0.05588147044181824,0.7064040899276733,0.09170365333557129,-0.0849817618727684,0.9921432137489319,0.0045195636339485645,-0.11052729934453964,-0.041215721517801285,-0.08832312375307083,0.003469499060884118,1.5085358619689941,-0.09602724760770798,-0.14498783654906458,-0.03137700725281997,-0.09481479735131601,0.050562663089953885,1.5201580520351525,-0.3139626705710922
74.85883,1785483605.907,-0.04034658893942833,0.07398546487092972,0.3620000183582306,-0.035906119973778516,0.0741435044264777,0.3649384937587258,0.670073544626523,-0.03977418059776208,0.016677209379934006,0.7410407074086561,0.6839169654533841,-0.03365760458917204,0.01980240891667601,0.7285139769554531,25.421119738099144,25.700037778333595,72.63064384460449,1,0.46687866507409503,-0.049782030107079635,0.7084914170755904,0.09393527437906175,0.028195430169692285,0.9951595151146579,-0.00622265390612267,0.4672548770904541,-0.05356626957654953,0.707123339176178,0.09286849945783615,-0.04182181507349014,0.9947985410690308,-0.0015265482943505049,-0.10748923569917679,-0.039512138813734055,-0.0912199467420578,0.002445496618747711,1.5129835605621338,-0.05074932053685188,-0.1288410152257707,-0.035987058307316716,-0.091772691532717,0.028496750354043587,1.5147123702799434,-0.2118470627739229
74.982875,1785483606.04,-0.043600063771009445,0.07301213592290878,0.3630000054836273,-0.03793421041775571,0.07392787836828618,0.36471061526976967,0.6413963626969202,-0.03417268446645713,0.03165790918751059,0.7657941696966568,0.6645684774436826,-0.03316615323912281,0.025529566580879466,0.74605427838576,28.022627105847167,26.187379220990564,61.42568588256836,1,0.4668913659010373,-0.04823339049246786,0.7092921679403726,0.09428174343174371,0.05206620969909021,0.9941825806955549,0.0010290308876827535,0.46707531809806824,-0.051788330078125,0.7077440023422241,0.0931665375828743,-0.00901931244879961,0.9956026673316956,-0.0037465624045580626,-0.1095554307103157,-0.039394132792949677,-0.09310540556907654,0.012796799652278423,1.5148801803588867,-0.004425744526088238,-0.11883645081407726,-0.03763880125122745,-0.0915133062325243,0.016290210389774653,1.513902320927376,-0.13636326255009926
75.0767,1785483606.207,-0.04450784996151924,0.0724259689450264,0.36400002241134644,-0.03852146969586121,0.07385780311635616,0.36468385283237514,0.6284396757476637,-0.0267455942016288,0.030478127171623955,0.7768007021759722,0.6592195354702545,-0.032202979303263234,0.0262794977303306,0.7508008791799707,29.583179266055744,26.95984728876138,24.178266525268555,1,0.46721021544154356,-0.04519087348125598,0.7096349022736714,0.09043176192216341,0.07728698080118757,0.9928754072475444,-0.006873479272768021,0.4670155942440033,-0.05056473985314369,0.7082743048667908,0.09357187151908875,0.011994858272373676,0.9955379962921143,-0.0021225051023066044,-0.09053254872560501,-0.03524116799235344,-0.09861983358860016,-0.01139205601066351,1.5233790874481201,0.06434167176485062,-0.11564470566521012,-0.03824249568871624,-0.09206042389704702,0.015088834590111393,1.5142386067858724,-0.09098994722778579
75.217246,1785483606.24,-0.04529552161693573,0.07006406038999557,0.36400002241134644,-0.04006013414021149,0.07312355281374452,0.36458903594463304,0.6156158724082942,-0.03324527854870932,0.023646140760978488,0.7869896499448424,0.6363058708972233,-0.031568175426200794,0.02611442918289872,0.7703481846220175,29.611652678170824,27.97310652143721,70.84965705871582,1,0.46731394977233776,-0.04430983285352959,0.7096753017230018,0.0905217227760601,0.08419170899416202,0.9922883806232756,-0.009019064382393185,0.46711790561676025,-0.047757841646671295,0.7089625597000122,0.09173490107059479,0.04605761915445328,0.9947074055671692,-0.004528048913925886,-0.08528447896242142,-0.03522318974137306,-0.09867015480995178,-0.017860382795333862,1.523376703262329,0.08322197198867798,-0.10254361608587831,-0.03667671667600053,-0.09548222745468264,0.0012736746896592952,1.5190072238828571,-0.009952958827750257
75.294583,1785483606.407,-0.0466047078371048,0.06907235085964203,0.36500000953674316,-0.0409883115295748,0.07259947096400995,0.3646228131042171,0.6103530586072067,-0.025736157414580556,0.02254788518582692,0.791390160997726,0.6278086523977094,-0.029644372476146263,0.024938812614234963,0.7774030889959593,28.23067633984012,28.023178026195627,66.62869453430176,1,0.4684117431830364,-0.04200012869711054,0.70981750188258,0.09065280818414363,0.11385428195605346,0.9892632411644825,-0.013323307747823674,0.4671858251094818,-0.04656880348920822,0.7091969847679138,0.0912306010723114,0.059174951165914536,0.9940516352653503,-0.006053594406694174,-0.07173747569322586,-0.032783012837171555,-0.10122157633304596,-0.03428630158305168,1.524505853652954,0.15592096745967865,-0.09660819927377769,-0.03617686874275718,-0.09657832770992664,-0.005306526203879962,1.5205098878414576,0.02208990075306319
75.424407,1785483606.473,-0.048579294234514236,0.068677619099617,0.36500000953674316,-0.04262878933490816,0.07199279386377658,0.3646597242524826,0.5966907674256787,-0.0210551020893855,0.028032144963249853,0.8017050639691128,0.6152850384902797,-0.026159097251702464,0.026201053428774178,0.7874347768801004,29.407118298706326,28.479907528721284,24.443387985229492,1,0.4691955899746998,-0.040606584244495175,0.7097667185343245,0.09265648203758986,0.12467012301797248,0.9877445240854685,-0.015260796252907194,0.4676833748817444,-0.044703491032123566,0.7094273567199707,0.09078776836395264,0.08159030973911285,0.9924814105033875,-0.009011857211589813,-0.06490877270698547,-0.03317951411008835,-0.10026008635759354,-0.0415719710290432,1.5207899808883667,0.18446248769760132,-0.08642342059857243,-0.03478706099642747,-0.09847966849833963,-0.01717403447799474,1.5221462758009237,0.07689506105570038
75.509012,1785483606.574,-0.05069238692522049,0.06767833232879639,0.3660000264644623,-0.04406842900233149,0.07148466253835266,0.36478056908449275,0.5875106000969631,-0.020274552072626302,0.018477058844369863,0.8087514053208331,0.6065917072601985,-0.024302376980250093,0.02376278006591437,0.7942866141638083,29.78435332908156,28.798416375375247,21.31962776184082,1,0.470101612594004,-0.03814439013216126,0.7097115475151282,0.09398804340422107,0.1399992981204986,0.9854639514079044,-0.02066989836291979,0.4680909216403961,-0.0435979999601841,0.7095054984092712,0.09117668122053146,0.09328940510749817,0.9913974404335022,-0.010722641833126545,-0.051202524453401566,-0.03220219165086746,-0.1005796566605568,-0.05789007991552353,1.5196576118469238,0.2286687195301056,-0.08059295270537391,-0.034351433537893536,-0.09896195776415577,-0.023785876219456447,1.5217787198796207,0.10604583399959633
75.626245,1785483606.64,-0.05321337655186653,0.06587877124547958,0.367000013589859,-0.04679144011706056,0.07020947923184245,0.3650820200816575,0.5744533008929272,-0.009449359050784556,0.045632823365692445,0.8172097406042251,0.5908163848163895,-0.019375349288478887,0.031198516221182665,0.8059697561683304,28.097327756534497,28.059695720982052,68.50957870483398,1,0.4708601936837636,-0.035983640801285174,0.70953048271914,0.09677216059801926,0.15093345141458409,0.9835574500057153,-0.02165605493915608,0.46877503395080566,-0.04173566773533821,0.7095437049865723,0.09191732108592987,0.10939556360244751,0.9896376729011536,-0.014180026948451996,-0.043461281806230545,-0.03344491124153137,-0.09835362434387207,-0.06389980018138885,1.5144457817077637,0.2586628198623657,-0.0704856215929763,-0.03361233558862867,-0.09951798235700743,-0.035514314603940854,1.5210492708271761,0.14821584454104023
75.669113,1785483606.774,-0.05480169504880905,0.06429118663072586,0.367000013589859,-0.04822390204530315,0.06935086763259898,0.36523644858781934,0.5561172975655198,-0.014511017006630185,0.0390141727708319,0.8300607664845172,0.5792485614025478,-0.017740449960716158,0.03383837059253916,0.8142550860902942,27.35516605053292,27.905992116560313,26.22509002685547,1,0.4727660364692085,-0.03189588647468681,0.7090782925852739,0.09473902048748907,0.16894494064665677,0.9805089490596106,-0.032929103252087935,0.469489723443985,-0.03976895287632942,0.7095174789428711,0.09342286735773087,0.12372852116823196,0.9877654910087585,-0.016815105453133583,-0.01957657001912594,-0.025264067575335503,-0.1050129383802414,-0.09339289367198944,1.5230538845062256,0.31780320405960083,-0.06119195140736419,-0.03355479846288209,-0.09911709819225145,-0.04527609052508144,1.5187783309190102,0.1861985591221761
75.746611,1785483606.84,-0.05559585988521576,0.06270360946655273,0.367000013589859,-0.049770028224402046,0.06798285861285504,0.36540507413534773,0.5461729364536118,-0.02032744686326485,0.03146751375850772,0.836834340815145,0.5658333877863828,-0.018802029926025948,0.03287527168530615,0.8236493655970745,27.530844903468566,27.80677421775487,23.340225219726562,1,0.4740503119272805,-0.029745041136011067,0.7088464055075933,0.09373533542341157,0.1824044904514562,0.9780150906872079,-0.03779908919931349,0.47036826610565186,-0.03765958547592163,0.7093456983566284,0.09343907237052917,0.1360195428133011,0.9860624074935913,-0.021184489130973816,-0.00801095925271511,-0.0199623741209507,-0.10949576646089554,-0.10707715898752213,1.5282498598098755,0.3560865819454193,-0.04991418341735031,-0.031308018663314494,-0.10071477526631632,-0.05831574661283612,1.5199370059411457,0.22186341771365609
75.888542,1785483606.94,-0.05813632905483246,0.058894701302051544,0.3680000305175781,-0.05215033157543787,0.0653175039156254,0.3658199393942039,0.5189648324640764,-0.011062381684327452,0.008778357227303172,0.8546789261596387,0.5404343879736133,-0.015343987760526045,0.023143463625578616,0.840927829499418,28.568442759965656,29.12493829953676,83.38022232055664,1,0.47609839099087736,-0.0274224661482004,0.7085926462532377,0.09319447227633267,0.19852065880378425,0.974895224319742,-0.03851804724810896,0.47208210825920105,-0.03398739546537399,0.7090442776679993,0.093129001557827,0.1577984094619751,0.9826436638832092,-0.028951376676559448,-0.0004092970921192318,-0.013860419392585754,-0.11496496945619583,-0.11235666275024414,1.5315676927566528,0.39630675315856934,-0.030280053857124768,-0.025991946055172754,-0.10482882314989149,-0.0811633569246619,1.523832068437024,0.28475488826904227
76.029808,1785483607.074,-0.061887506395578384,0.055463213473558426,0.36900001764297485,-0.05485867951415539,0.06242178221560951,0.36634784498222345,0.4934000905378972,0.008088724947460671,0.02858665879250762,0.8692949592198266,0.5200266211718945,-0.004468247204477173,0.023149528257229796,0.8538245998921152,27.3588191133245,28.299747225942408,72.60012626647949,1,0.4800901682344419,-0.02384536284315252,0.7079683783774173,0.10146084209447047,0.22894076191156035,0.9673954445932684,-0.03791937284591962,0.4737255275249481,-0.03132564574480057,0.708835244178772,0.09293646365404129,0.17450964450836182,0.9797092080116272,-0.03285050019621849,0.012070518918335438,-0.012367459014058113,-0.11331266164779663,-0.1224503442645073,1.517091155052185,0.47240087389945984,-0.018047684388831087,-0.021023988671615517,-0.10897939142690237,-0.09393733888464433,1.526999883952155,0.3304364912949962
76.1228,1785483607.207,-0.06308525055646896,0.055862270295619965,0.36900001764297485,-0.05677966015291284,0.061152261616594386,0.3666027857616983,0.48343889355723624,0.007452550710891131,0.042316014556028486,0.874322966984255,0.5041915269993803,0.0007370916711560748,0.031527237595907906,0.8630158712836473,25.21391375495276,27.07736989166901,20.841360092163086,1,0.48442656370691206,-0.019775573199521133,0.7071744515025781,0.10844356655610725,0.25118067825119106,0.9606229657043149,-0.04849512869669917,0.47633716464042664,-0.028309360146522522,0.7084601521492004,0.09623751789331436,0.19691762328147888,0.9750548005104065,-0.03506995365023613,0.03657342493534088,-0.00580317247658968,-0.11541367322206497,-0.15516342222690582,1.5111150741577148,0.5432716012001038,-0.0057139955095068355,-0.017479089500095617,-0.11075347958528911,-0.10561371861318164,1.5229421603803284,0.3885723235048606
76.263229,1785483607.307,-0.06445718556642532,0.0540129579603672,0.3700000047683716,-0.05896643743535447,0.05956658259596401,0.36714721422395863,0.45523414574273074,0.01619166301970159,-0.015326812853135802,0.8900925746271044,0.47718207140365265,0.010171503090125388,0.013335235855974369,0.8786444006197687,26.5989439271455,26.788803263896256,25.477170944213867,1,0.48632589988170866,-0.016890903743070274,0.7067915635979279,0.10573211399460042,0.26733567957210114,0.9558789060399161,-0.060397611590929955,0.479295015335083,-0.025192497298121452,0.7078974843025208,0.09958745539188385,0.21737869083881378,0.9701241850852966,-0.041084688156843185,0.055893104523420334,0.006658909842371941,-0.1262349784374237,-0.18239347636699677,1.5277155637741089,0.5942859053611755,0.01076061542060396,-0.012217539751284838,-0.11343817517828779,-0.12537687087835608,1.5205348743900111,0.4468748350696744
76.340599,1785483607.441,-0.06508146971464157,0.05227074772119522,0.36900001764297485,-0.05998390260214367,0.058052904534724524,0.3672749888608251,0.44864372175253087,0.028601883426328245,0.025339175669513492,0.8928934255401896,0.4646490466121507,0.01832442443568957,0.01864657939481157,0.8851089108287145,25.884553727022993,26.527482492321546,65.26732444763184,1,0.4886984679095889,-0.013606610299138752,0.7059742009460377,0.12377242619979945,0.2979601425622662,0.9447517523966414,-0.05782963168103531,0.48215770721435547,-0.021878689527511597,0.7073667645454407,0.10154490172863007,0.23795560002326965,0.9647054672241211,-0.049083128571510315,0.06999599188566208,-0.004505001939833164,-0.10900112986564636,-0.19839410483837128,1.4948457479476929,0.6772584319114685,0.029242808446292023,-0.004487501985582976,-0.11867790639025576,-0.1487257812262021,1.5234754384996931,0.5072411376711391
76.468986,1785483607.541,-0.06587996333837509,0.051073573529720306,0.36900001764297485,-0.06111181114697954,0.056364067267732666,0.36742421336705305,0.42037948962385724,0.01494137289465959,-0.0014427530010837377,0.907224205223486,0.44191750611525393,0.019476038789835885,0.013462903470087075,0.8967431917400246,26.417770521255754,26.639788844537975,62.27874755859375,1,0.49096637308438223,-0.01207669925237643,0.7057812241356685,0.12534440663837174,0.30992831070649657,0.939932565463229,-0.06899271214269434,0.4844016432762146,-0.01911141350865364,0.7068145275115967,0.1088479533791542,0.2588775157928467,0.9583176970481873,-0.05255237966775894,0.08607915788888931,0.004865727853029966,-0.11593908816576004,-0.22562061250209808,1.5038036108016968,0.7180779576301575,0.04325782188897472,-0.00449354644005662,-0.11534974576207774,-0.16580673841033894,1.5136296879188604,0.565710082665947
76.560584,1785483607.674,-0.065701425075531,0.049343258142471313,0.3680000305175781,-0.06147286057988356,0.055301096409020756,0.3674678331811043,0.4059866294799764,0.02103813143620792,0.011719915628970743,0.9135616548907967,0.42926634697316113,0.020033037979902527,0.012847761505452547,0.9028643396268967,27.31007499849963,26.786636850291128,20.304441452026367,1,0.49349672394445065,-0.010380689536287327,0.7055559160965811,0.12858680347388418,0.3342515060301946,0.9310971843879604,-0.06927768698309762,0.4866351783275604,-0.016772206872701645,0.706367015838623,0.11404352635145187,0.27665114402770996,0.9523839950561523,-0.05850593000650406,0.09346094727516174,0.010778873227536678,-0.1204572468996048,-0.23471803963184357,1.5043306350708008,0.7776682376861572,0.057984073138207054,-0.0012749123225476347,-0.11555217608368253,-0.18637674769074042,1.510250499998268,0.6181093926602186
76.684699,1785483607.741,-0.06609959155321121,0.04695539548993111,0.3680000305175781,-0.062140347436542794,0.05283208068593481,0.3675431735904256,0.3855442631782583,0.024246340184290508,-0.03675445022084807,0.9216381320816566,0.40406323356803,0.022647295807828458,-0.008372381266396669,0.9144123284946843,27.768122882642896,27.270543570779658,67.6722526550293,1,0.49509025427051473,-0.009836533965722392,0.7054893557694532,0.12874284870704858,0.34732280331445636,0.9261509361034491,-0.07096895630686939,0.4894331097602844,-0.014225875027477741,0.7059763073921204,0.11961325258016586,0.3004738390445709,0.9441479444503784,-0.06318836659193039,0.09730255603790283,0.016809683293104172,-0.12611715495586395,-0.24100053310394287,1.5093107223510742,0.8090587854385376,0.0725121952456508,0.0036612019501844843,-0.1175604714453781,-0.20617301996418014,1.507826256111821,0.6834503315775227
76.84142,1785483607.908,-0.06649775803089142,0.044169556349515915,0.3680000305175781,-0.06266357958779901,0.05030123739812386,0.3675868779679994,0.36919300453073073,0.03435625283542427,-0.015799338573119256,0.9285830895495202,0.3861924534917096,0.029087534948930616,-0.012464066016154242,0.921875236263017,28.227152632873455,27.715703596180994,77.12531089782715,1,0.49879207145131543,-0.008829322512340452,0.7053736186861185,0.1437819122828712,0.37470602223131566,0.9138935544346949,-0.06099778493179033,0.4923781752586365,-0.01197804044932127,0.7056947350502014,0.12414583563804626,0.3250567615032196,0.9350863099098206,-0.06737598776817322,0.0993197038769722,0.009405422955751419,-0.11530443280935287,-0.24311484396457672,1.4780082702636719,0.8759161829948425,0.08544538253735345,0.01052075779254786,-0.12202393709813361,-0.2243426895204214,1.5086007067506848,0.7489806452695772
76.918151,1785483608.041,-0.06671413034200668,0.04325573891401291,0.367000013589859,-0.06294097712401414,0.04923604933227243,0.3675406561007352,0.36538062872264765,0.02803531012589828,-0.012271922976013901,0.9303549953898556,0.37986396118923177,0.028768085867695487,-0.012406116351458695,0.924511685433023,28.42464986082723,27.86322357993542,21.154165267944336,1,0.5025870166990031,-0.008038362597542177,0.7053051729802524,0.15015143211428916,0.392122559797958,0.9052568391505312,-0.0648421213619217,0.4945884346961975,-0.010925325565040112,0.7055587768554688,0.13093164563179016,0.34231847524642944,0.9281109571456909,-0.06546085327863693,0.10896112024784088,0.016277212649583817,-0.11953763663768768,-0.2619551122188568,1.4751266241073608,0.9254848957061768,0.09021673460990871,0.010137132647519434,-0.11971234749594119,-0.23079849664641477,1.498079967842801,0.7926337685218726
76.995747,1785483608.108,-0.06671413034200668,0.04285884276032448,0.367000013589859,-0.06316575999851115,0.04840038023198472,0.36750449159262416,0.3633696513346614,0.02724424450967894,-0.01465419232515095,0.9311313023829244,0.37529922660313264,0.028346163839169644,-0.013030342217595758,0.9263785380115334,28.42464986082723,27.973249312269445,21.85654640197754,1,0.504184187525604,-0.007619731859148032,0.7053733232733591,0.14951209862089437,0.3983760806891083,0.9025810551518566,-0.06549862274676006,0.49733588099479675,-0.009977604262530804,0.7054415941238403,0.1374679058790207,0.35966500639915466,0.920569896697998,-0.0655345767736435,0.11047949641942978,0.02190500870347023,-0.12554965913295746,-0.264057993888855,1.479416012763977,0.9401592016220093,0.09666291767766995,0.01224868436720467,-0.11965200084478508,-0.24151327956637939,1.490186312932183,0.8383212681337857
77.106688,1785483608.174,-0.06649775803089142,0.04297562688589096,0.3680000305175781,-0.06332343686586392,0.04783714050253398,0.36753154156624424,0.3596456339037913,0.024062345918114427,-0.022692565824853156,0.9325025838994452,0.3711634453207183,0.027211495207661224,-0.015592562553207408,0.928037770448618,28.478141464735277,28.071451802481473,20.48635482788086,1,0.5054371942822848,-0.0072805691721942005,0.7054266465219672,0.14936739116895462,0.4029439876909184,0.9005850800863304,-0.0653608351003822,0.4991903007030487,-0.009360683150589466,0.7054154872894287,0.14068803191184998,0.3702591061592102,0.9158638119697571,-0.0656399130821228,0.11122463643550873,0.025606932118535042,-0.1295272409915924,-0.26476722955703735,1.481325626373291,0.9507163763046265,0.1004072039043211,0.014865536219204778,-0.12125012054150085,-0.24762290998823833,1.4872675615865993,0.8659193464024708
77.183032,1785483608.241,-0.06631705164909363,0.04365263506770134,0.367000013589859,-0.06350522352147839,0.04746500364066271,0.3674845487338244,0.3621229665652059,0.01776734646983494,-0.038693785864204876,0.9311573816605498,0.3682416940404336,0.024130970326155358,-0.02313425081396035,0.9291289240361785,27.579324854769474,27.93217476295694,60.05573272705078,1,0.5062816391380343,-0.00704268367643244,0.7053854527674545,0.15006386008768424,0.4073220870989616,0.8986457450097292,-0.06328807338542475,0.5013384222984314,-0.00866246409714222,0.7054177522659302,0.1436377614736557,0.38157859444618225,0.9107469320297241,-0.06562093645334244,0.1105300560593605,0.02643725834786892,-0.13033564388751984,-0.26272064447402954,1.4791184663772583,0.9600398540496826,0.10412730274230667,0.01855947426466751,-0.12409628272141024,-0.25351887162582437,1.4852241300667428,0.895081040994948
77.277831,1785483608.408,-0.06472872197628021,0.04365263506770134,0.367000013589859,-0.06369369760192874,0.04715817827721166,0.36744572956329286,0.36422467551867466,0.015153552763768847,-0.04558643566271703,0.9300713050436084,0.3668807933074609,0.021763353761778872,-0.028880696549870025,0.9295648150085729,26.68423705406266,27.759508731403535,25.937557220458984,1,0.507155201136683,-0.006564003148138436,0.7054953665723535,0.1538901343866078,0.4123787664827247,0.8963355590927843,-0.05333052595356738,0.5033633708953857,-0.008007523603737354,0.7054032683372498,0.14626726508140564,0.3921716809272766,0.9058806896209717,-0.06471118330955505,0.10500290989875793,0.020319601520895958,-0.12432432174682617,-0.24963369965553284,1.4627348184585571,0.9679105877876282,0.10674926649817441,0.021785457126392186,-0.12665077336532465,-0.2572871422329192,1.482723799729262,0.9216823175711877
77.371675,1785483608.441,-0.06472872197628021,0.04404953122138977,0.367000013589859,-0.06380279460655572,0.04695582271711831,0.36741461088922545,0.36020666747840197,0.01692328912391944,-0.04140733028888857,0.9317994376407828,0.36493623105017964,0.02034734756769812,-0.032547507909997844,0.9302409324700229,96.67556384388973,27.427911436444724,28.55396270751953,1,0.5072992988750377,-0.0064857104149127175,0.7055135304059836,0.1550011285470617,0.41314117550470625,0.8959522583530747,-0.05058230919750847,0.504669189453125,-0.007511704694479704,0.7054229378700256,0.1489371508359909,0.3991430103778839,0.9026637077331543,-0.060835327953100204,0.10333224385976791,0.0182358231395483,-0.12217963486909866,-0.24591605365276337,1.4578138589859009,0.9685811400413513,0.10614865562254984,0.021281280316533754,-0.12584986733557094,-0.25465519821776234,1.4758495890702665,0.9375802097109218
77.481745,1785483608.541,-0.06512580811977386,0.044843319803476334,0.367000013589859,-0.06389778251864767,0.04675423007851029,0.36738736454885307,0.35729101701488736,0.0001715899271132746,-0.08325181354718965,0.930275354536746,0.3623629612663315,0.013229409370052994,-0.0504648461773155,0.9305758251374869,106.21625570844387,27.217313976350816,24.959802627563477,1,0.5076026086950844,-0.0063215966035452525,0.7055600168257244,0.15637567642345224,0.4154448409355906,0.8948304348548811,-0.04723054965310245,0.505574643611908,-0.007159458938986063,0.7054439187049866,0.15105198323726654,0.4039655327796936,0.9003934264183044,-0.05733060464262962,0.1016119197010994,0.016199719160795212,-0.12011157721281052,-0.24178995192050934,1.452271819114685,0.9727189540863037,0.10518005291668726,0.020233879995815,-0.12458685959292803,-0.2516498790228693,1.4696471014942531,0.9482414197989898
77.606812,1785483608.641,-0.06353748589754105,0.04722469300031662,0.367000013589859,-0.06382718993964812,0.04676365853064339,0.3673475069841282,0.36144048576550314,-0.003897981491450692,-0.07116376356273785,0.9296673059463134,0.3628940228991318,0.006224879980283202,-0.062257669416701904,0.9297274663104861,58.833678875304045,56.349615431719,66.59746170043945,1,0.507904803169635,-0.006178645974711185,0.7056006874388933,0.16334852662137958,0.4198397914699945,0.8922802544344121,-0.029795232764940248,0.5066353678703308,-0.006720500998198986,0.7054948806762695,0.15385185182094574,0.40995946526527405,0.8975247740745544,-0.0520780086517334,0.09018228203058243,0.0014600977301597595,-0.10435869544744492,-0.21771597862243652,1.420335292816162,0.975003182888031,0.10331848574378213,0.01812914127328839,-0.12225084574309143,-0.2465060351081123,1.4605823628134569,0.961011409933823
77.684286,1785483608.808,-0.0639345645904541,0.04762158542871475,0.367000013589859,-0.06383286757993768,0.04685000456961851,0.36733298052890245,0.357792348297732,-0.006147908146397952,-0.07722034854371014,0.930582536100805,0.3617017401877208,0.003301472794427834,-0.06579555091650514,0.9299633847104711,54.791582873510634,55.51562640422537,69.41843032836914,1,0.5078908806393965,-0.006284580663650739,0.7056604442790692,0.16639507671123954,0.4206521341605069,0.8916808669003803,-0.01642230423107243,0.5070727467536926,-0.006536463741213083,0.705482542514801,0.1571236252784729,0.41333189606666565,0.8958211541175842,-0.04442277550697327,0.07918700575828552,-0.008486775681376457,-0.0941510796546936,-0.19520336389541626,1.3994499444961548,0.9675657749176025,0.0988009242956789,0.012396623031849165,-0.11609733649237979,-0.23660516990911576,1.4467413954413872,0.96582317557121
77.776184,1785483608.875,-0.06353748589754105,0.04722469300031662,0.367000013589859,-0.06381466848213252,0.046876294572939445,0.3673193957967594,0.3593826887080013,-0.007461251762135354,-0.08102841557413736,0.9296358473341564,0.3611821894145993,0.0008379888377023875,-0.06928440448180923,0.9299174130641847,55.23863015603233,55.384111186189294,22.383451461791992,1,0.5077613664977251,-0.0062762803827968155,0.7056823463183911,0.16663484615062413,0.42224936501149923,0.8909511054344629,-0.012017883376546867,0.5074057579040527,-0.0064364271238446236,0.7054671049118042,0.1608658879995346,0.41627463698387146,0.8942887187004089,-0.03294386342167854,0.07547114044427872,-0.011138183064758778,-0.09162436425685883,-0.18727992475032806,1.394445538520813,0.9675953388214111,0.09076882955792483,0.0038446839695892732,-0.1071103832071128,-0.21965069453576366,1.4273750733648052,0.966536790622907
77.926762,1785483608.941,-0.0631403997540474,0.04682779684662819,0.367000013589859,-0.06375082212115912,0.0468729020048637,0.36730023474013573,0.36521389616340505,-0.002860968102528447,-0.08920928644072859,0.9266349486844311,0.362354229224196,-0.00022244958062958429,-0.07499988822644002,0.9290179652975201,55.382098596344846,55.383115163240596,32.31024742126465,1,0.5077219924886331,-0.006303650162448924,0.7057027459368049,0.16720948898488663,0.42313651628222865,0.8904686735993824,-0.007875069530419205,0.5075240731239319,-0.006381344050168991,0.7054948210716248,0.1628190129995346,0.4183017611503601,0.8932250738143921,-0.025741400197148323,0.07194627076387405,-0.013864436186850071,-0.08885116130113602,-0.17998884618282318,1.3888572454452515,0.9663658142089844,0.08550792742734743,-0.001307966510470636,-0.10178426702640506,-0.20851842875931473,1.4160506063319562,0.9669008196010154
78.025512,1785483609.041,-0.0631403997540474,0.04722469300031662,0.367000013589859,-0.06365512925884183,0.046883716049956614,0.3671603454261972,0.3594486382531949,-0.008520786994854727,-0.10485024250818811,0.9272165331209783,0.36184871585807843,-0.004007054220090187,-0.08412174407814466,0.9284250010214007,54.37498390421291,55.28038295222392,71.86460494995117,1,0.5077272590795686,-0.006399422608693788,0.705731445793113,0.1704008164272165,0.4223405736523808,0.8902717577794261,-0.002863373577937079,0.5075996518135071,-0.00634913332760334,0.7055419087409973,0.16459031403064728,0.4202611744403839,0.8921610713005066,-0.01842033863067627,0.06849804520606995,-0.019633065909147263,-0.0821433961391449,-0.17339004576206207,1.3766939640045166,0.9625105261802673,0.07995426651455784,-0.006450010937719952,-0.09648754244137113,-0.19683532232205117,1.4049146531152419,0.9666817240720406
78.162498,1785483609.208,-0.062346234917640686,0.04722469300031662,0.367000013589859,-0.06355207443947328,0.046945986715800664,0.36714529087501874,0.36525072925976754,-0.005226507708887663,-0.09519693050841502,0.9260141104832867,0.3627485457270629,-0.004438306956088726,-0.0878892930672415,0.9277226235079131,54.53306906871064,54.9453345088128,72.81732559204102,1,0.5077114449357397,-0.006543069448466734,0.7059412372262843,0.17384398195048725,0.42349462584906306,0.889039509239142,0.006270791687375467,0.507664144039154,-0.006374875083565712,0.7056134939193726,0.16759371757507324,0.42132383584976196,0.8912310004234314,-0.010293429717421532,0.06142321974039078,-0.027538418769836426,-0.07355286180973053,-0.15932413935661316,1.3601412773132324,0.959361732006073,0.07397749198327379,-0.01332769907570772,-0.0890036445880342,-0.1846038931491374,1.3901918321220403,0.9645055920546567
78.242665,1785483609.342,-0.06155207380652428,0.04682779684662819,0.367000013589859,-0.06331136329711418,0.0469375446749285,0.367135885459922,0.3629640850383487,-0.007258327384005065,-0.08074114610436868,0.9282700345166885,0.3627958095638837,-0.005033246566646503,-0.08638173883467168,0.9278426925873717,54.72662852525782,54.88341660385509,65.77181816101074,1,0.5076183059332404,-0.006697810037154054,0.7059638372588227,0.17614165583144942,0.4227799539440459,0.8888996692699226,0.009413054543988934,0.5076770782470703,-0.00642007403075695,0.7056754231452942,0.1692601889371872,0.4218922555446625,0.8906875848770142,-0.00579508813098073,0.05911794677376747,-0.03167093172669411,-0.06866586953401566,-0.15526694059371948,1.3518270254135132,0.9563820958137512,0.07057527012158024,-0.017178827122888735,-0.08481623712936733,-0.17775310067347938,1.3820481317688535,0.9631116037335841
78.322379,1785483609.442,-0.06155207380652428,0.04682779684662819,0.367000013589859,-0.06318560595501999,0.04693244404748369,0.36713002073402623,0.360975785052931,-0.012036132493670672,-0.09318547404906523,0.9278297697025387,0.3625263382350288,-0.006078864607043859,-0.08739813171175143,0.9278465757140488,54.019335069943516,54.717165814374205,24.98936653137207,1,0.5076315597030547,-0.007058861449405052,0.7059777935896135,0.17469755817823462,0.4227410556725566,0.8892100240311303,0.008734768341038316,0.5076571106910706,-0.006515264045447111,0.7057489156723022,0.17159733176231384,0.42217957973480225,0.8901227116584778,-0.0005517356912605464,0.058159418404102325,-0.029935846105217934,-0.07093744724988937,-0.15460292994976044,1.3554017543792725,0.9547085165977478,0.06663507667203504,-0.02216269379005128,-0.07926178996614343,-0.17002013790837764,1.371655093293252,0.9607973230809069
78.399359,1785483609.509,-0.06115499511361122,0.04643090441823006,0.367000013589859,-0.06303270105019296,0.04690336479407418,0.3671245155188019,0.35884675068981436,-0.009427616362744693,-0.06641403325755879,0.9309829782308283,0.3618825382403758,-0.006676474849934726,-0.08365772734528934,0.9284383866771679,54.36736954840104,54.65330306273163,20.861148834228516,1,0.5076395204545469,-0.007247488364147406,0.7059865105040428,0.17462041308600834,0.42312282944413315,0.889028502292922,0.010154045876747947,0.5076475143432617,-0.006701651494950056,0.7058154344558716,0.17264746129512787,0.42236608266830444,0.8898273706436157,0.0026477049104869366,0.05637439340353012,-0.030559558421373367,-0.07036621868610382,-0.15160273015499115,1.3540009260177612,0.9537071585655212,0.06372028862418477,-0.024835897354257883,-0.07639887653211798,-0.1647181736850925,1.3660655700407345,0.9587033811567464
78.556385,1785483609.576,-0.06138435751199722,0.04709601774811745,0.3660000264644623,-0.06283525345660382,0.04689542368749601,0.3670076770590445,0.3609784959666207,-0.012888005970210021,-0.07449309716950278,0.9295048161391544,0.36032709534870844,-0.009625054258473688,-0.0846605908846821,0.9289264379051447,53.553375663259146,54.25753428607351,70.31488418579102,1,0.5076835139140148,-0.00747677868375631,0.7059946419564639,0.17161955962231357,0.42367899770307677,0.8893719407898779,0.007770752602259258,0.5076424479484558,-0.006986216641962528,0.7058976292610168,0.1736675500869751,0.42275547981262207,0.8894235491752625,0.006568734999746084,0.056648146361112595,-0.026294680312275887,-0.07568972557783127,-0.1529185026884079,1.3627771139144897,0.9540181756019592,0.05988788572894326,-0.02782199571801242,-0.07325113597474088,-0.15787584349678968,1.359771407853553,0.9560968325751389
78.619006,1785483609.743,-0.06098836287856102,0.04551275819540024,0.3660000264644623,-0.06272051993731949,0.04677915416553356,0.36694686446217556,0.35571419785526714,-0.0013346895929528069,-0.08745504981736434,0.9304930103495225,0.35954324547361427,-0.008211784975503575,-0.08513758919943813,0.929200092621134,53.37005245757623,54.072002259048205,23.203134536743164,1,0.5076960480133047,-0.007772998834798267,0.7061697737821576,0.1700909748712676,0.4254618773113066,0.8887883531757528,0.010320585313544255,0.5076546669006348,-0.007121452130377293,0.7059208750724792,0.17311139404773712,0.4230075478553772,0.8894097208976746,0.006894225254654884,0.05303807929158211,-0.025898203253746033,-0.07699865102767944,-0.14634962379932404,1.363674283027649,0.9536837339401245,0.059009913785292994,-0.027408097980995454,-0.07391194460427886,-0.15653240781942349,1.360585954196067,0.9555335161651285
78.744772,1785483609.81,-0.06059236451983452,0.04630438983440399,0.3660000264644623,-0.062494193697131134,0.046752790835692545,0.36685073067064533,0.3618136491325316,-0.031494152425645364,-0.10116294851284419,0.926210051506989,0.3598142080956415,-0.014242380978189487,-0.09369938378110947,0.9281978860758189,53.3255527097151,53.84854673742431,66.81442260742188,1,0.5078708047632179,-0.00794485475656438,0.7062607785473612,0.17137889669755657,0.4261133583167066,0.8882368038759599,0.009594783530958391,0.507673978805542,-0.0074284691363573074,0.706032395362854,0.1716955155134201,0.4241599142551422,0.889121413230896,0.008495954796671867,0.05413711443543434,-0.026309166103601456,-0.07635144889354706,-0.14952515065670013,1.3621442317962646,0.9567704200744629,0.05621174056796719,-0.02670065338432225,-0.07535793548890138,-0.15176119602598653,1.3620330184650642,0.954666781690562
78.838734,1785483609.943,-0.06138435751199722,0.04670020192861557,0.3660000264644623,-0.06243857698125282,0.0467502365734152,0.36681034098340914,0.36188004153763526,-0.0333883652055407,-0.08559171476711046,0.9276864292253317,0.3603026098808658,-0.01864052786277366,-0.09184077327976302,0.9281162817219666,51.8761033899679,53.3149757526695,18.033504486083984,1,0.5079110154320644,-0.00828433641223459,0.7064048131895363,0.1728681350361397,0.4265918697721071,0.8875453997848614,0.019978684996646175,0.5077547430992126,-0.007639775052666664,0.7061259746551514,0.1715662181377411,0.4249604046344757,0.8887596130371094,0.008945797570049763,0.04409494996070862,-0.0328974723815918,-0.06938458979129791,-0.12975452840328217,1.3478890657424927,0.9481149911880493,0.05536214620151798,-0.026540362060125777,-0.07576451224330516,-0.15084553343079332,1.362078561436324,0.9555282405643084
78.917023,1785483610.01,-0.06188850849866867,0.04658130556344986,0.3620000183582306,-0.062389916283828284,0.04673988564014559,0.3658059772727126,0.3716518585821142,-0.0570470232137045,-0.08193507511794224,0.9229881779418047,0.3641514993467305,-0.031434882956731997,-0.08855944309468211,0.9265866169418725,50.55243541336473,52.25603618606979,19.898176193237305,1,0.5079150316036389,-0.00836777882697046,0.7064653618615674,0.16848528289577439,0.42641816497246726,0.8884304395300251,0.02171663292343461,0.5078054070472717,-0.007859342731535435,0.706206202507019,0.1719905287027359,0.42551442980766296,0.8883661031723022,0.012743758037686348,0.03985929861664772,-0.029456324875354767,-0.07439135015010834,-0.12077540159225464,1.3550505638122559,0.9417027831077576,0.05148734139430416,-0.028726602422113175,-0.07357014439344894,-0.1435923594127893,1.3571987938672154,0.9529788217389282
78.995872,1785483610.11,-0.06331774592399597,0.045418787747621536,0.359000027179718,-0.06248294603100862,0.04663725899498917,0.36445095572092173,0.378412494837236,-0.047573323813048074,-0.07745697121269673,0.9211629498753156,0.3677935108174135,-0.03553413285787903,-0.08574579043674581,0.9252637019925819,49.752686348335565,51.503430616498676,19.632339477539062,1,0.5079319442392574,-0.008441331686221402,0.7079718651785674,0.15730964426666336,0.4235283351310186,0.8916597662567626,0.02864064246449525,0.5078417062759399,-0.008033995516598225,0.7062775492668152,0.17075982689857483,0.4258320927619934,0.8884019255638123,0.015819266438484192,0.026555150747299194,-0.021394671872258186,-0.08925586193799973,-0.09214730560779572,1.3736505508422852,0.9174657464027405,0.04748845204912189,-0.028977565122744815,-0.07385244166964436,-0.13574561566527696,1.3564600175513148,0.9491009911615267
79.122601,1785483610.177,-0.06042996793985367,0.04916388913989067,0.3580000102519989,-0.062267642539533534,0.046995633611375265,0.36273144090279885,0.416776033279276,-0.037279021938580736,-0.04575382827839568,0.9070912852658027,0.39371260269317476,-0.03376745164019338,-0.06130872009736092,0.9165649930748594,51.442257874576505,51.48963962414645,67.30461120605469,1,0.5080873726268463,-0.0083023321000663,0.7100043215764569,0.1526773105062552,0.4201818895211562,0.8940038487842641,0.029898778134400294,0.507861316204071,-0.008216720074415207,0.7069175839424133,0.16516852378845215,0.42497575283050537,0.8897610902786255,0.02098073996603489,0.022692987695336342,-0.01627092808485031,-0.10037210583686829,-0.08309851586818695,1.3861664533615112,0.904265820980072,0.038916046017625036,-0.02587231770762148,-0.0801600545190215,-0.11789168770865213,1.3634997128393,0.9361460401781809
79.214885,1785483610.311,-0.05794360116124153,0.04979872331023216,0.3570000231266022,-0.06144554927548145,0.047428575639423494,0.36162518518888787,0.42953972721723865,-0.03612719245115904,-0.07562461853331219,0.8991503577152312,0.40875301230953687,-0.03475979573763317,-0.0672976192702141,0.9094964331808668,49.96217023432723,50.98542919669847,25.647878646850586,1,0.507552502333336,-0.008627153507825646,0.7125839190163894,0.138895582552258,0.3936316689777861,0.9086002599486296,0.014411590700343833,0.5079609751701355,-0.00826867762953043,0.7083318829536438,0.15926140546798706,0.42281562089920044,0.8917587399482727,0.025079865008592606,0.026106614619493484,0.0036062675062566996,-0.13112199306488037,-0.09100078791379929,1.4332141876220703,0.84421306848526,0.03131457694048244,-0.021373526952055757,-0.08963031002196413,-0.10158905123397985,1.3741204181116466,0.9212082742889048
79.293848,1785483610.411,-0.05601229518651962,0.051729124039411545,0.3570000231266022,-0.0605672698115548,0.04804867039208804,0.3611158795275749,0.4490734243112749,-0.04402312027046434,-0.08706646198053435,0.8881522705354021,0.42288849844224174,-0.03799016084381118,-0.07418953803392009,0.9023402783931576,49.0925629776169,50.47346553611906,27.829885482788086,1,0.50690646527177,-0.00986197938369024,0.7142433666079551,0.14310052062809003,0.37892361933701296,0.9140457035099899,0.021437901003500726,0.5078461766242981,-0.008407113142311573,0.7097797393798828,0.152340367436409,0.41292041540145874,0.8976854085922241,0.021214056760072708,0.015856213867664337,-0.005224290769547224,-0.12447285652160645,-0.07457709312438965,1.4197587966918945,0.8026427030563354,0.0295235567011982,-0.012782983119359588,-0.10389921794965079,-0.09794775226304311,1.3944427654462814,0.8947296223953954
79.409423,1785483610.477,-0.0556260347366333,0.052501287311315536,0.3570000231266022,-0.05986888947357423,0.04866805735989135,0.3607387409553178,0.4578793051960707,-0.03532426928311927,-0.06832808856889047,0.8856805350606386,0.4352235138459097,-0.03706271099806338,-0.07214872951357748,0.8966612567066059,49.448773660386806,50.24061169800182,20.411014556884766,1,0.5059790803114517,-0.011181185813590636,0.7150075929003392,0.14622753658632767,0.36506594413555665,0.9189177341841974,0.03057060316856303,0.5074625611305237,-0.009014813229441643,0.7115940451622009,0.14850783348083496,0.3991377651691437,0.9045363664627075,0.021176613867282867,0.002552912337705493,-0.014504914171993732,-0.11548922210931778,-0.05205875635147095,1.4054089784622192,0.7598001956939697,0.023926635428042138,-0.009687653008695302,-0.11232399871142036,-0.08837725246258997,1.4048099334016724,0.8570191056067118
79.497689,1785483610.544,-0.05523977056145668,0.05288737267255783,0.3570000231266022,-0.058909719371862956,0.04934737670518448,0.36023335260714745,0.4981126330994248,-0.05847569892389803,-0.10086982390780878,0.859237846004776,0.45344272623256116,-0.03957776685037066,-0.05824876637602234,0.8884989451955426,48.807370367981946,49.58926650890055,73.67181777954102,1,0.505052157395645,-0.012230464999743328,0.7155736732228323,0.1461661065185813,0.3522540443883147,0.9239282487145277,0.030152093535605152,0.5070528388023376,-0.009609878994524479,0.7124881744384766,0.14773344993591309,0.3899855315685272,0.9085841178894043,0.023685691878199577,-0.0017173240194097161,-0.01641266979277134,-0.11494901776313782,-0.04741452634334564,1.4062988758087158,0.727570116519928,0.018134350853557277,-0.010993152502197434,-0.11318153340047159,-0.07853495305184063,1.4049722746130806,0.8306727792815195
79.636331,1785483610.677,-0.05749136209487915,0.05473663657903671,0.359000027179718,-0.05861931473566237,0.05071802531316998,0.3600989411457426,0.5239197737390069,-0.042633286291248094,-0.06899653946980754,0.8478973706330665,0.48825563044214365,-0.041352204508374034,-0.0611196246753392,0.8695750835916287,47.97219830094758,49.02162615562396,26.60679817199707,1,0.5040361252611283,-0.013671147380271505,0.7163320509114899,0.1358510974392051,0.3327883259306228,0.9328460587788198,0.024385242866944407,0.5062286853790283,-0.010693792253732681,0.7137261629104614,0.14693233370780945,0.3746378719806671,0.9150769114494324,0.02629820816218853,-0.006293489597737789,-0.005743592977523804,-0.1307838261127472,-0.04364810511469841,1.4338372945785522,0.6790561676025391,0.010004884050720279,-0.013212532381675053,-0.1139049661809635,-0.06579084555909769,1.405515531068705,0.7884512052434827
79.76485,1785483610.844,-0.05749136209487915,0.05512487515807152,0.359000027179718,-0.05854979711520461,0.05117666171824094,0.3600382953837802,0.5425611934744274,-0.034737714353630454,-0.0799161772473548,0.8354843189140415,0.5098755441989049,-0.03877313271587558,-0.06854477303912854,0.8566359715166544,47.95851366754333,48.782413871867035,72.85189628601074,1,0.5019810239231565,-0.014110128976977688,0.7165352286021862,0.13818926329299683,0.29579821437136344,0.9446373261900999,0.032672095948539384,0.505206823348999,-0.01210755668580532,0.7149316072463989,0.14170494675636292,0.35519692301750183,0.923644483089447,0.025215262547135353,-0.021305616945028305,-0.016112608835101128,-0.11974149942398071,-0.014206618070602417,1.4220404624938965,0.5857052206993103,0.0023681306814967123,-0.009712921184490617,-0.12181339892298569,-0.05541567916945995,1.4187859482571155,0.7371931737375679
79.808505,1785483610.911,-0.05662575364112854,0.0554342195391655,0.35600000619888306,-0.05844478984358233,0.05158379429461213,0.3595352204767358,0.5590468682596003,-0.04479994995582212,-0.09224778025265254,0.8227696582954109,0.5305640874264884,-0.041296881965473396,-0.07842802292170328,0.8429978421643916,48.87410023573708,48.80013005509363,22.242307662963867,1,0.5012933142542358,-0.014215543817613358,0.7166267356115867,0.1460373394918201,0.27219087633779177,0.9502784458649187,0.03944740342748129,0.5043191909790039,-0.012667556293308735,0.7153284549713135,0.14052407443523407,0.33926326036453247,0.9297398924827576,0.027151338756084442,-0.03060278855264187,-0.028093883767724037,-0.10523323714733124,0.004702920094132423,1.400447964668274,0.5272281169891357,-0.004047457825933462,-0.011447259041459523,-0.12125166083033763,-0.044248034255047995,1.419667921615283,0.6961399368309195
79.933752,1785483610.978,-0.05678481608629227,0.05713425949215889,0.3570000231266022,-0.058336998042962614,0.05252270548504924,0.3592918467669426,0.5692459297370639,-0.01118346369521325,-0.05436969263490446,0.820291373927795,0.5497708347314463,-0.02654331085122482,-0.06666091111138724,0.832228216811677,49.656162742418346,49.059858324990415,65.44160842895508,1,0.5006835046559148,-0.014374327678033021,0.7173818002070467,0.15176521570532392,0.24942708388251944,0.9550418917553525,0.05146293928776975,0.5028802156448364,-0.013406128622591496,0.7158684730529785,0.14264918863773346,0.3079785108566284,0.9400588870048523,0.03301237151026726,-0.04680929705500603,-0.03806276246905327,-0.094235859811306,0.038001399487257004,1.3834222555160522,0.4630536735057831,-0.01649020563685236,-0.019247211349709095,-0.11374579010864587,-0.02131163427360198,1.4106622378081495,0.616994781653005
80.073314,1785483611.144,-0.05253593996167183,0.06292547285556793,0.3570000231266022,-0.05682627479588981,0.05634301826151655,0.358682096074585,0.5927321374650093,-0.03144034686160339,-0.06667080247183241,0.8020194024480612,0.5773248033548412,-0.03560602067683542,-0.07494580465675862,0.8122877624876579,49.51046091221898,49.165450133006374,66.88666343688965,1,0.4976839927243304,-0.015131572323894607,0.7181919924727926,0.15601341032711322,0.21343700948249003,0.9631864542377924,0.048747442539118516,0.5016021728515625,-0.013954496011137962,0.7166281938552856,0.14729326963424683,0.2746647596359253,0.9491865038871765,0.04369162768125534,-0.051833607256412506,-0.04744402691721916,-0.08595740795135498,0.044760312885046005,1.3788572549819946,0.3829773962497711,-0.03375792758820775,-0.029963306296720667,-0.10263401182797782,0.012469078417203043,1.3951481746937804,0.5293202715401698
80.212293,1785483611.278,-0.05025086551904678,0.0654008761048317,0.36000001430511475,-0.05522247536829196,0.058993853151152166,0.3587933285545001,0.6042106058658063,-0.01605726980644704,-0.05638709949581512,0.7946648368061136,0.5905930558559367,-0.03182782773408287,-0.07181701408353008,0.8031370669098783,48.77065420609869,49.040237649443235,22.360563278198242,1,0.49354965061127726,-0.016814042346032777,0.7186665472624051,0.15517393582030076,0.19451252700569174,0.9671343117530278,0.05231777432091981,0.49975723028182983,-0.014516651630401611,0.7173391580581665,0.15115384757518768,0.2460542470216751,0.9562819004058838,0.04620315507054329,-0.06423114985227585,-0.05525229871273041,-0.07951992005109787,0.062461189925670624,1.3825011253356934,0.3310260474681854,-0.04222745343547009,-0.03815407797708752,-0.094819798300431,0.02759942382431289,1.3875149176445458,0.4607499990385043
80.35253,1785483611.411,-0.04713480919599533,0.06812615692615509,0.36000001430511475,-0.052892516917884894,0.06181984072815689,0.35902386357074034,0.6323862632643296,-0.04128080048320503,-0.09579797097054528,0.7675977190586033,0.6125170143876965,-0.036531402334128674,-0.08536943316317863,0.7849843460926351,48.008607123328176,48.6408975179699,60.43219566345215,1,0.48957712092128075,-0.019226049050971403,0.718502105786755,0.15618227682488273,0.17821357716874742,0.9702515784495133,0.04958721442814283,0.4968361258506775,-0.015622846782207489,0.7179403305053711,0.1528184711933136,0.22197239100933075,0.9617499709129333,0.04911059886217117,-0.07052946835756302,-0.06387364119291306,-0.071004718542099,0.0642286092042923,1.3827245235443115,0.2910400629043579,-0.05253748929591491,-0.046165623449986426,-0.08765068977811238,0.04393421677782411,1.3851656601341023,0.3999666730774173
80.478979,1785483611.545,-0.04609397426247597,0.06909620761871338,0.36100003123283386,-0.051807406385164984,0.0630209092876385,0.3592331615795781,0.6430595003154419,-0.047855537530093084,-0.09029140747057782,0.7589675805452708,0.6236087771880412,-0.0406052064938314,-0.08715418449422399,0.7758011719150572,48.03641638162688,48.519507512864486,76.25389099121094,1,0.48534345807526225,-0.02272764438344153,0.7181585060294225,0.16257554870320215,0.15193011555920788,0.9726738077770918,0.06627287993162465,0.4938604235649109,-0.017128542065620422,0.7181746959686279,0.15411610901355743,0.20409643650054932,0.9654839038848877,0.04933232441544533,-0.10381698608398438,-0.08016343414783478,-0.050758883357048035,0.11659508943557739,1.3683617115020752,0.20184293389320374,-0.059905401676756106,-0.053417251183303115,-0.08083381625765526,0.05224497337937843,1.3841659902892172,0.3553601362534208
80.574777,1785483611.611,-0.04517107829451561,0.0710492879152298,0.3630000054836273,-0.05000804146609632,0.0653487047460895,0.360272133424052,0.6605483908720113,-0.051559954104875655,-0.09043781577255441,0.7435310322558092,0.6442463403356744,-0.04397238042709807,-0.08579330883012981,0.7587177280673247,48.79921533139585,48.58827529859134,19.12975311279297,1,0.48354420308319934,-0.024358074510173976,0.7178454396685643,0.16111991357925798,0.13829494983011628,0.9745231365458242,0.07224636071517206,0.49089527130126953,-0.019115179777145386,0.7180922627449036,0.15649351477622986,0.18614010512828827,0.9684032797813416,0.05528760328888893,-0.1181013360619545,-0.08168493956327438,-0.04826012998819351,0.13803967833518982,1.373368740081787,0.15910951793193817,-0.0750066111166037,-0.06261524954271945,-0.07049118771218622,0.07437497725338035,1.378730898814319,0.30256557081261404
80.7116,1785483611.778,-0.04372017830610275,0.07163866609334946,0.36400002241134644,-0.048699712666564525,0.06670209762725864,0.36103567684131205,0.6740439688659973,-0.038837931391500054,-0.07389062270556779,0.7339594804870274,0.6595699504168818,-0.04143787442137063,-0.07976705265033453,0.7462490203557989,48.615881450292044,48.68406351347131,79.40292358398438,1,0.4800555296127983,-0.02706211003349676,0.7162888671566137,0.15821708025126233,0.11208884641078476,0.9779855301513157,0.0771216496304064,0.486667662858963,-0.022157534956932068,0.7178550958633423,0.1585921049118042,0.1589025855064392,0.9723036289215088,0.06499391794204712,-0.13666635751724243,-0.08411926031112671,-0.042723119258880615,0.1623811423778534,1.3828366994857788,0.0865277349948883,-0.09955047279520553,-0.07347609217623059,-0.05782957927935612,0.11063411732394048,1.3756769735909573,0.22086264406279013
80.852054,1785483611.912,-0.039781827479600906,0.07321327179670334,0.36400002241134644,-0.046325720631583876,0.06801110215993943,0.361356190373754,0.6880446860803217,-0.049207050569420006,-0.0819729575579342,0.7193424847456844,0.672379213473803,-0.047289620099516566,-0.08108178015087757,0.7342313191677118,48.81707930606458,48.73044787223112,72.11518287658691,1,0.47802762487356176,-0.0290274096543575,0.7151444945258646,0.1562458235621092,0.09183917481915684,0.9806753757751465,0.07367914179881442,0.4835422933101654,-0.024506989866495132,0.7170442938804626,0.1580245941877365,0.1370173692703247,0.9753301739692688,0.07060857117176056,-0.14186739921569824,-0.08461663872003555,-0.04094184190034866,0.1632736772298813,1.3895236253738403,0.04027888551354408,-0.11694143588836522,-0.07846307607626161,-0.05075099755860365,0.1348806602768189,1.3790317275965087,0.15791881292422735
81.008246,1785483612.045,-0.03731601685285568,0.0734047070145607,0.3630000054836273,-0.04340855497403674,0.06902912792319718,0.36164799822825233,0.7010443641375849,-0.06537527120383964,-0.08613069731152613,0.7048718865202271,0.6873732758437592,-0.05516691145649687,-0.08377232236333786,0.7193446945255266,47.212394584915586,48.16463280901006,79.20670509338379,1,0.47606942504226696,-0.03259135403291568,0.7146639856008901,0.15310387185440824,0.07511523007829024,0.9820190043636432,0.08096654680862646,0.4803940951824188,-0.027113299816846848,0.7159367799758911,0.15686377882957458,0.11133391410112381,0.9786592125892639,0.07228189706802368,-0.16264790296554565,-0.08254522830247879,-0.041573841124773026,0.18867971003055573,1.4018635749816895,-0.014253344386816025,-0.13113755464281768,-0.08196777902003671,-0.04516389791567762,0.15105143106431812,1.3850072074100273,0.09091901666705357
81.085798,1785483612.212,-0.03407984599471092,0.07555141299962997,0.3620000183582306,-0.041445250065949915,0.0699175737917536,0.361676751325876,0.7105158122173798,-0.09096828440629746,-0.09836984062846352,0.6908078070462019,0.6952678472777872,-0.06706175029576698,-0.08864160895186338,0.7101042228795745,45.365536833472405,47.280665887071805,66.11490249633789,1,0.4745490351070945,-0.0369693746411982,0.7142258492740741,0.14940593107727113,0.05515884056439866,0.9830235486289299,0.09110473592251367,0.4792158603668213,-0.028621697798371315,0.7155492305755615,0.15566064417362213,0.10156058520078659,0.9797435998916626,0.07455065846443176,-0.18860620260238647,-0.07724657654762268,-0.04476722702383995,0.22103533148765564,1.4185473918914795,-0.0798908993601799,-0.13967685430231577,-0.08212427242088778,-0.0441909473290073,0.16124869657572077,1.3895752830219477,0.06241730684589598
81.165348,1785483612.279,-0.03164216876029968,0.07690434157848358,0.36100003123283386,-0.039255865823889464,0.07094191884595077,0.361609181077585,0.7207424770406683,-0.08845739314595549,-0.08375348857169758,0.682415507252857,0.704112611263079,-0.07438002416209902,-0.08699183076693791,0.7008034418050115,45.11622226175834,46.65660039508104,30.239582061767578,1,0.47322105335588005,-0.039916448097879566,0.7141826905138863,0.1441537611512142,0.04469021816930272,0.9830214874573734,0.10436106909682367,0.47759440541267395,-0.03153194859623909,0.7149693965911865,0.15300659835338593,0.08571232110261917,0.9812431335449219,0.08002696186304092,-0.21223768591880798,-0.07012871652841568,-0.0501071959733963,0.25456759333610535,1.4388692378997803,-0.12288280576467514,-0.15650364914907702,-0.08044684397832966,-0.04438901980185961,0.18180932552951856,1.3995387912621795,0.013477514851974057
81.242969,1785483612.345,-0.028827965259552002,0.07824860513210297,0.36000001430511475,-0.03671191776554869,0.07208393477042088,0.36142538429796384,0.7267524509433532,-0.11169543944587333,-0.10295645322402373,0.6698917618498913,0.7127772966613943,-0.08826617082974711,-0.09295280047333235,0.6895776862220045,45.687400142079454,46.43372527142271,28.177976608276367,1,0.47168988854524463,-0.043203023238366646,0.7142840557760213,0.13779360047865127,0.03247600735716843,0.9838082727238975,0.1099068475268422,0.4760606586933136,-0.034447696059942245,0.7145101428031921,0.1492934376001358,0.07176578789949417,0.9822404980659485,0.08811770379543304,-0.22758983075618744,-0.06232434883713722,-0.058281704783439636,0.269621342420578,1.460731863975525,-0.16015742719173431,-0.1756705746765513,-0.07689845233801192,-0.04635537741778899,0.20683090045996794,1.4130645318608503,-0.03341679918568909
81.384449,1785483612.412,-0.022857658565044403,0.0789753794670105,0.3580000102519989,-0.030538484026099634,0.07371214393786152,0.36066428693806507,0.7522071236605806,-0.08859956843553544,-0.06721734809954232,0.649473931502857,0.7372010244524021,-0.08025458950239328,-0.06911863296347538,0.6673203615860912,46.32137378338297,46.48418258983143,74.97715950012207,1,0.46998321722512476,-0.04702179430934064,0.7145597014786874,0.13175888165500005,0.020347201459393748,0.9830855513157319,0.12557223933671832,0.47376886010169983,-0.0390465147793293,0.7142122983932495,0.14267003536224365,0.05145801231265068,0.9834458231925964,0.09915459901094437,-0.25484558939933777,-0.0525875985622406,-0.06580886244773865,0.30613112449645996,1.487610101699829,-0.20799383521080017,-0.20275699171220204,-0.06929512045082749,-0.05257714583413153,0.2395888827564355,1.4379327267938056,-0.0995377771063791
81.460978,1785483612.579,-0.020476242527365685,0.07914086431264877,0.3570000231266022,-0.027983771253494764,0.07426347031008222,0.36019180595864164,0.7612393419706787,-0.08913576797254687,-0.056606447511667206,0.6398165277672196,0.7460681807109371,-0.08349575749346151,-0.06458541867332679,0.6574492010079991,45.119210560249336,46.14179652107938,25.022506713867188,1,0.46755671469299215,-0.056286293182399305,0.7156997837286316,0.12148739997708435,-0.015375287362404573,0.9866446471169192,0.1074092756742232,0.4724506735801697,-0.04179631173610687,0.7141517400741577,0.13834255933761597,0.04093443974852562,0.9836287498474121,0.10798251628875732,-0.2590942978858948,-0.03951001167297363,-0.08835489302873611,0.27278462052345276,1.5197254419326782,-0.2796822786331177,-0.2206702506392922,-0.06354941446514087,-0.057127421367568,0.2624727670002057,1.4550167760239872,-0.13683581512083393
81.586288,1785483612.646,-0.017386149615049362,0.07875477522611618,0.3570000231266022,-0.023604698629476107,0.07494706840900879,0.35952946920429174,0.7687304706616198,-0.11887321214135273,-0.086986263567294,0.6223793159016153,0.7601777940250704,-0.10071441677496783,-0.07487315781838591,0.6374796765098938,45.44179412642046,45.84693964630013,66.63894653320312,1,0.4667364669535741,-0.06011995923392016,0.7164077033147755,0.11601893629990422,-0.028663826050089748,0.9869249509506753,0.10815328329281577,0.47023966908454895,-0.048599205911159515,0.7148115038871765,0.13033629953861237,0.014631576836109161,0.985543966293335,0.10724490880966187,-0.2687032222747803,-0.03070775605738163,-0.09969858080148697,0.27497225999832153,1.5392462015151978,-0.31305840611457825,-0.23867416856621665,-0.05228555403434517,-0.07175913965292954,0.2673044921524595,1.4853366038134974,-0.20376781047322914
81.725904,1785483612.812,-0.015068582259118557,0.07875477522611618,0.3570000231266022,-0.020687182329332185,0.07536288734777277,0.35921472497828055,0.7757261368772504,-0.11983181529686142,-0.09459011714196666,0.612325082245718,0.7686146267319279,-0.1106556758014024,-0.0852284851776691,0.6242779687775262,45.80505816702354,45.800962041840705,67.27480888366699,1,0.46572243895422827,-0.06669059040385482,0.7173995038783896,0.11029777947531526,-0.050056491654325304,0.9840157649859391,0.13054394564748006,0.46846646070480347,-0.05461212992668152,0.7156035304069519,0.12278378754854202,-0.007913331501185894,0.9865708947181702,0.10742124915122986,-0.30671945214271545,-0.012159375473856926,-0.1156424880027771,0.3226119577884674,1.5781500339508057,-0.38635504245758057,-0.25434040728057833,-0.041028365401355696,-0.08633505682222002,0.27130480319532074,1.5134614080542275,-0.26078505224954823
81.883284,1785483612.946,-0.013523535802960396,0.07798261195421219,0.3570000231266022,-0.018639364579141348,0.07567074512294603,0.358987298261939,0.7890031659479038,-0.10888572623445678,-0.07368232716382546,0.600157327215375,0.77794313799575,-0.11277391355697051,-0.083762174136955,0.6124299279511257,45.435525870076184,45.79670624108455,77.17680931091309,1,0.46510612513639676,-0.07106804292215942,0.717870434612411,0.10989876872151194,-0.06337329554914567,0.9809944181362377,0.1468197453692137,0.4670742452144623,-0.06088189780712128,0.7163922786712646,0.11564085632562637,-0.029718302190303802,0.9856731295585632,0.11913229525089264,-0.33329319953918457,-0.0018274546600878239,-0.1220959797501564,0.35752999782562256,1.5993890762329102,-0.43475794792175293,-0.2816667041350889,-0.025967343349533347,-0.1016245985678274,0.29807192271229227,1.5472096647192126,-0.3262953043150684
81.97811,1785483613.079,-0.011205967515707016,0.07836870104074478,0.3570000231266022,-0.017292875707087887,0.07578653496792545,0.3588922267229941,0.7972682258583278,-0.10364031118680099,-0.06786791282421095,0.590775768242658,0.7840490855694476,-0.10994871742188578,-0.07883157762378039,0.6057754479378819,45.861415075956835,45.80846265633368,22.87888526916504,1,0.4646495510693661,-0.07414063870573652,0.7182107626966074,0.10720223932820715,-0.07819574042788195,0.9798601244408771,0.14922212501054297,0.46628186106681824,-0.06500611454248428,0.7168440222740173,0.1126612052321434,-0.04336555302143097,0.9840983152389526,0.13029718399047852,-0.34204205870628357,0.00617557018995285,-0.13074806332588196,0.36213234066963196,1.615018606185913,-0.47042444348335266,-0.3028082630433023,-0.016081828847331933,-0.1100076876509194,0.3224206104426886,1.568577655528187,-0.370711840804381
82.099973,1785483613.146,-0.008838603273034096,0.07869749516248703,0.35500001907348633,-0.015139284205117967,0.0759927932301183,0.35833444681269117,0.8000992582328535,-0.13565310086557997,-0.08017161147345074,0.5788021474688396,0.7904344491410499,-0.11995065203979241,-0.07936731057854146,0.5954209038132965,44.81533304615423,45.50963499191229,70.98174095153809,1,0.46447922466287933,-0.07616070330996484,0.7183527267365282,0.10582897680501681,-0.08788044383730903,0.9798286758740863,0.1449586878879486,0.46554034948349,-0.06925428658723831,0.7174021005630493,0.10970465838909149,-0.059608910232782364,0.9823880195617676,0.13901609182357788,-0.3422062397003174,0.009058243595063686,-0.13567356765270233,0.3539299964904785,1.6197196245193481,-0.4897286891937256,-0.32119160479670883,-0.0056529347992253665,-0.11972563171237845,0.3410279104944493,1.5903379809274205,-0.41743307750550845
82.289235,1785483613.313,-0.00538172572851181,0.0798492431640625,0.35500001907348633,-0.011118622501199724,0.0768484601497903,0.3575943912509986,0.826735385821181,-0.12328061498990782,-0.07247550949472835,0.5441119299576996,0.8125414933962707,-0.11944748586778561,-0.071180692197165,0.5660759036450466,46.179713004254225,45.75925356351434,79.73909378051758,1,0.4636952781378316,-0.08138269288300717,0.7196066575036274,0.09579603608791114,-0.1072400987181854,0.977522521453108,0.1541830105709304,0.46490707993507385,-0.07347670197486877,0.7179703116416931,0.10723792761564255,-0.07691521942615509,0.980944812297821,0.14258794486522675,-0.3583405613899231,0.029659124091267586,-0.15870919823646545,0.3650891184806824,1.6598916053771973,-0.5366848707199097,-0.33406472553697625,0.003358804064990279,-0.12949460711684027,0.3489314960746776,1.60833657379134,-0.46171988601583885
82.366284,1785483613.479,-0.006898628082126379,0.08038998395204544,0.3540000021457672,-0.010782807626039774,0.07710246027047601,0.3572844334623789,0.8238590414383895,-0.14008057861598333,-0.07516406872806652,0.544044183965854,0.8161426238340554,-0.12585901180118078,-0.07242391770985672,0.5593080572039438,45.89943040539485,45.784441580469625,24.37758445739746,1,0.46290282697938007,-0.08542538294054469,0.7202972002280372,0.09293132634820911,-0.1356948728038763,0.9745316689700166,0.152442435864875,0.46444135904312134,-0.07668706774711609,0.7186077833175659,0.10238726437091827,-0.0893024429678917,0.9797350764274597,0.14717714488506317,-0.3646888732910156,0.039304591715335846,-0.17143628001213074,0.3608250617980957,1.6788914203643799,-0.597678542137146,-0.34400592046492634,0.014129041374622831,-0.14145816720762355,0.3555482126208134,1.6294488747760643,-0.4924187964039539
82.492993,1785483613.546,-0.008047673851251602,0.07962431758642197,0.3540000021457672,-0.010528086044159285,0.07735853319694025,0.35685048955669796,0.834390176036945,-0.12986728700640357,-0.06576692093788211,0.5316034556029359,0.8226324895252669,-0.13132035079523838,-0.0719961196524298,0.5484954980667299,45.54199125922976,45.63334387462988,69.57554817199707,1,0.4625230266678731,-0.08592989658803327,0.7207622605771387,0.08892808489047845,-0.14229960707757985,0.9729609771249879,0.15871217513243038,0.46375569701194763,-0.08076214045286179,0.7193790674209595,0.09783222526311874,-0.11105842143297195,0.9776312708854675,0.14943867921829224,-0.36955803632736206,0.047269150614738464,-0.17944222688674927,0.3689050078392029,1.6956285238265991,-0.612201452255249,-0.35369710179270575,0.02592526381514129,-0.15550454010694092,0.3580207393208014,1.6526156244943802,-0.5417391969558779
82.569283,1785483613.68,-0.011080410331487656,0.07978114485740662,0.3530000150203705,-0.01060136318060113,0.07745721709846579,0.356512158950774,0.8298793177479338,-0.1586562316792931,-0.07558473664891617,0.5295426948880179,0.8249280401312702,-0.13961185041565347,-0.07309138938266918,0.5428258547884484,47.43217719731292,46.12409473877588,30.04169464111328,1,0.4621400788311,-0.08631284788677504,0.7214133501829924,0.0843709718608586,-0.15402735619160818,0.9707368006989664,0.16379003761100044,0.46353447437286377,-0.08173204213380814,0.719626784324646,0.09606809914112091,-0.11699231714010239,0.9768539667129517,0.1511295884847641,-0.37267422676086426,0.0562794990837574,-0.18948274850845337,0.37407994270324707,1.7145906686782837,-0.6351473331451416,-0.35671067962348346,0.029980603030094404,-0.16005271248495806,0.3600887493663156,1.6607880753675017,-0.5551270255186931
82.696988,1785483613.746,-0.01260814443230629,0.07901763916015625,0.3530000150203705,-0.010905499396135866,0.07755904261736259,0.35624811614268165,0.841296324264568,-0.13087720138346082,-0.0558233869088463,0.5215126100210666,0.8300727477776335,-0.13693428758326576,-0.06777423527091657,0.5363160330573712,47.6893898011807,46.53360992060439,25.376558303833008,1,0.4619923045693634,-0.0862033673604931,0.7219210134518492,0.07889434262748184,-0.1587938768181287,0.9691817729737425,0.17101718721204448,0.46307364106178284,-0.08327923715114594,0.720207929611206,0.09189016371965408,-0.12972377240657806,0.9749860167503357,0.1553390622138977,-0.3758387863636017,0.06584280729293823,-0.1991107165813446,0.3820202946662903,1.7337563037872314,-0.6435789465904236,-0.36220054312328315,0.03902478901990937,-0.17017361638735357,0.3649003277465177,1.6792907872070795,-0.5826460089413463
82.790959,1785483613.913,-0.012226210907101631,0.07672710716724396,0.3530000150203705,-0.011419775601835554,0.07750306446009803,0.35579137964613683,0.8518588189246675,-0.15183695198422098,-0.06343929219855854,0.4972499862621997,0.8409915466401581,-0.14113780200056947,-0.06365760641160609,0.518421689816493,47.91603193102034,47.4021614041192,24.40047264099121,1,0.4617793726549711,-0.0850682410980019,0.7227556152741504,0.07436096335326697,-0.17876367749149183,0.9671472667233041,0.16474270608598815,0.4626471698284149,-0.08444058895111084,0.7208688855171204,0.08641703426837921,-0.14160877466201782,0.9728055596351624,0.16164255142211914,-0.36577409505844116,0.07040014863014221,-0.20895925164222717,0.3663175702095032,1.7445064783096313,-0.6737244129180908,-0.36778554038965294,0.05000703019814766,-0.18202352964544127,0.3719111350446755,1.7015949609018173,-0.6075986557580276
82.915149,1785483613.98,-0.009934608824551105,0.07443657517433167,0.3530000150203705,-0.01129552274794158,0.07693339762428315,0.3555227600105462,0.861489140108016,-0.1577184502596027,-0.0630270648491866,0.47852788949042113,0.8523309691177359,-0.14264584088983284,-0.05947536273620295,0.49964663952342425,48.27227925741746,47.79915901333938,65.69528579711914,1,0.46192247645669693,-0.08497628179462294,0.7230027196613849,0.07066963161135123,-0.18804196582646995,0.9649025868478249,0.1691420117842058,0.46224817633628845,-0.08471645414829254,0.7217385768890381,0.08074039965867996,-0.15906816720962524,0.9703676104545593,0.1629878431558609,-0.36696046590805054,0.07834193110466003,-0.2170225977897644,0.3704012632369995,1.7590091228485107,-0.6909266114234924,-0.36684306321025406,0.0595623933469839,-0.19464412537982373,0.36929025080170075,1.7217015385869052,-0.6385824729419279
83.056531,1785483614.113,-0.0064419894479215145,0.07266844063997269,0.3500000238418579,-0.010095774600601183,0.07597319962144351,0.35442754791987985,0.8651282682402358,-0.16980585253882519,-0.04342699566873916,0.46992887545074397,0.8594961322849177,-0.1571926831603138,-0.052113251383354826,0.4835711612352245,48.55952579092006,48.094184312422485,27.62317657470703,1,0.46277761356566066,-0.08516144759409917,0.7234048567224992,0.06611353575997693,-0.20951481243071146,0.9606353209054903,0.17003624316669605,0.46210145950317383,-0.08482382446527481,0.7223172187805176,0.07597937434911728,-0.17266811430454254,0.967947781085968,0.16580083966255188,-0.36426931619644165,0.08972851186990738,-0.23065489530563354,0.36675694584846497,1.7767736911773682,-0.7297254800796509,-0.36689807797203944,0.06836170110051545,-0.2051293970973813,0.3698108553232063,1.7391823429609385,-0.6631087888032625
83.133435,1785483614.247,-0.003422238165512681,0.07173728197813034,0.35100001096725464,-0.008771789097188733,0.07540206161389774,0.3542034704768445,0.8782693111175567,-0.15268713072837273,-0.037846575285240346,0.4515498798562655,0.8659303325647096,-0.15571329283390012,-0.04734934800537201,0.4729440440714543,48.339498220655706,48.137167822261674,65.29378890991211,1,0.46422217732223536,-0.0869593977703065,0.725045758225902,0.0498865094823545,-0.22531331155588172,0.9567828390841435,0.17695153755046947,0.46233928203582764,-0.08493009209632874,0.7226857542991638,0.07255218178033829,-0.1853853017091751,0.9656195640563965,0.16717429459095,-0.36268094182014465,0.11735016852617264,-0.26433923840522766,0.36217713356018066,1.8221863508224487,-0.7527165412902832,-0.3659940490559829,0.07570974305571072,-0.21390748790551972,0.3687606263197818,1.7521100076125686,-0.6860182684992293
83.26705,1785483614.313,-0.0019031595438718796,0.07211688160896301,0.35100001096725464,-0.007074545119302959,0.07497144407716641,0.35394076625375326,0.8869009621369294,-0.11274746408095436,-0.001556550483811642,0.4479869081284563,0.8760174852805289,-0.13624506803380826,-0.026526512465518855,0.46187334958369064,49.46988900275915,48.5545168720151,27.812480926513672,1,0.46508234991919944,-0.0889441305313696,0.7253803767844362,0.047335767931726426,-0.23792354969000853,0.9543717565062787,0.17414436528449703,0.46295323967933655,-0.08557315170764923,0.7235636711120605,0.06476128846406937,-0.19922538101673126,0.9628610610961914,0.1703346073627472,-0.36153972148895264,0.12448448687791824,-0.2744655907154083,0.3535604774951935,1.8306183815002441,-0.7774018049240112,-0.3648546755996531,0.0898676144182207,-0.23125076272069373,0.36649657981681744,1.7762092620424463,-0.7089558038778296
83.369258,1785483614.413,0.0033941648434847593,0.07321567088365555,0.3490000069141388,-0.0026598833843585186,0.07479943721105146,0.3530883461666144,0.8788718783109388,-0.16141827477742973,-0.011191449095685297,0.44877958236668825,0.8795934209940731,-0.1438315510181794,-0.014899793548230626,0.4532172711050054,47.55329195697037,48.240000682521824,77.39758491516113,1,0.4657326885523039,-0.09148911079186356,0.7257728941006505,0.04696186685566636,-0.2565573714079059,0.9539927225988456,0.14788773940438257,0.4641742408275604,-0.08747467398643494,0.7245979309082031,0.05480465665459633,-0.22137056291103363,0.9582724571228027,0.1723528951406479,-0.3444977402687073,0.11780587583780289,-0.27725449204444885,0.3065381944179535,1.8136848211288452,-0.8081592321395874,-0.362966708470605,0.10958305116321426,-0.255862715329165,0.359129070321184,1.8071970396486892,-0.7479380450299171
83.508191,1785483614.58,0.005282193422317505,0.07170595973730087,0.3490000069141388,2.721358286666563e-05,0.07433639323453439,0.3526034897658875,0.8714216639584986,-0.22454643781564695,-0.055161670378285656,0.43262035431678725,0.8769009279553277,-0.18697258610802425,-0.03821698823676051,0.4411637750374273,47.30053239428954,47.90947732739261,68.03178787231445,1,0.46600239169196267,-0.0981111786997095,0.7270487182234943,0.033119460089802565,-0.26563714442961495,0.9523883856686832,0.14593276433357708,0.4648821949958801,-0.08934111148118973,0.7250726819038391,0.05124831199645996,-0.23793578147888184,0.9564977884292603,0.16084806621074677,-0.3472629487514496,0.13783743977546692,-0.3046764135360718,0.2875787317752838,1.8454474210739136,-0.8277860879898071,-0.35431291950569715,0.11343592042872173,-0.26588557873768404,0.3344871782174144,1.8102369480512497,-0.7761552231726421
83.603398,1785483614.714,0.005282193422317505,0.07208338379859924,0.3490000069141388,0.0007088276646686971,0.07421500800485266,0.3523545718304242,0.8761447989126323,-0.2062789290808251,-0.04639708172211496,0.43320503870948035,0.876680907708454,-0.19389713785801002,-0.04114854611864751,0.4383392329489506,47.94492555955519,47.91585855564671,22.61638641357422,1,0.4667040309667765,-0.10214098822468683,0.7277738423792138,0.016875585702321668,-0.2662080501247701,0.9442212494695359,0.19311841110096173,0.46540334820747375,-0.09344927221536636,0.7259519696235657,0.04283418878912926,-0.2510756552219391,0.9547201991081238,0.1537385880947113,-0.37935978174209595,0.18491840362548828,-0.34430626034736633,0.3493409752845764,1.9267551898956299,-0.8386496901512146,-0.35100959805374937,0.12486946826492093,-0.28406116736751225,0.31250782000545646,1.826735132080276,-0.8003473291005746
83.695451,1785483614.78,0.004526981618255377,0.07246081531047821,0.3490000069141388,0.0010267563826179024,0.07413932004253776,0.35214840692481747,0.8780076610650358,-0.206487358423375,-0.04587156662687805,0.42937316788271435,0.8771310582058406,-0.19793621376972342,-0.042662836673498926,0.4354793271513344,49.125054162781936,48.21522219200028,26.241302490234375,1,0.46688806217037,-0.1031632614304721,0.7281466662173629,0.013651941128282226,-0.2671600383175189,0.94252438846918,0.20021717101789796,0.4654245376586914,-0.0960899367928505,0.7272279858589172,0.034243881702423096,-0.25631049275398254,0.95149165391922,0.16672122478485107,-0.3840474486351013,0.19358490407466888,-0.35249727964401245,0.35759636759757996,1.9414197206497192,-0.8414071798324585,-0.360759230128139,0.1439437464954565,-0.3047793154470815,0.3251747529731346,1.861132029962976,-0.813519510851308
83.820964,1785483614.847,0.002638953272253275,0.07397053390741348,0.3490000069141388,0.0012893010689232394,0.07404691217808984,0.3517596544971673,0.868677608618319,-0.25786723492589303,-0.06039134950933298,0.41863658027133105,0.8732339782901504,-0.2268276916112434,-0.050589672056374574,0.4283133228830275,47.20397983220661,47.864948814582355,26.72576904296875,1,0.4670026189948272,-0.10364009226606916,0.7284556314676487,0.011583281474947358,-0.26899796301069856,0.9411330765557957,0.20438800282548397,0.4660622775554657,-0.09885983169078827,0.7275379300117493,0.025606246665120125,-0.2606745958328247,0.9480796456336975,0.1803828328847885,-0.3862689733505249,0.19908113777637482,-0.3579886257648468,0.3620641529560089,1.9509156942367554,-0.8450841307640076,-0.37029599892490045,0.16427229516535205,-0.32431997428044734,0.33845175240928527,1.8940106421761045,-0.824939789956071
83.899122,1785483615.014,0.0018837418174371123,0.07359310239553452,0.3490000069141388,0.001340081038792121,0.07402086981553208,0.3516302214703169,0.8698882439872587,-0.26774072348364353,-0.06242261519492676,0.40952749000945554,0.8722781416177847,-0.24121988830565524,-0.05474848738010324,0.42183694986478165,47.965952597734635,47.88379177919747,25.021791458129883,1,0.46714235318970426,-0.1040339136307796,0.7290384892400565,-0.004686768847721134,-0.2680415061047449,0.9354874695678383,0.23020638454315434,0.4664667844772339,-0.1007525846362114,0.7278808951377869,0.01975935697555542,-0.26404455304145813,0.9453667998313904,0.19018875062465668,-0.3948934078216553,0.2290419042110443,-0.38346895575523376,0.3894105851650238,2.0051515102386475,-0.8375431299209595,-0.3768371031489315,0.17852686403871731,-0.3381072783683885,0.34812129101384426,1.9173138300454615,-0.8331890989524304
83.994012,1785483615.081,0.0015061360318213701,0.07321567088365555,0.3490000069141388,0.0013539461388852282,0.07398819686795957,0.3515135391465223,0.8887582299602365,-0.21388786524174944,-0.027643163960660307,0.40447082127950673,0.878364658288322,-0.23152358921127297,-0.04508910186317823,0.4157394948786334,48.43916904561444,47.99980664787135,19.820690155029297,1,0.467181702349736,-0.10411009646683946,0.7292325760390813,-0.012816088833792129,-0.2702985201357179,0.9313638811755945,0.24358936495869074,0.4665334224700928,-0.10144448280334473,0.7283170819282532,0.013218620792031288,-0.26506537199020386,0.9429676532745361,0.2009417563676834,-0.39861685037612915,0.24447989463806152,-0.395870178937912,0.403471440076828,2.03312349319458,-0.838622510433197,-0.381730360617218,0.19175873877323055,-0.3504003214587797,0.3593106876819534,1.941117841377815,-0.8343690413533741
84.055099,1785483615.147,0.0011285303626209497,0.07170595973730087,0.3490000069141388,0.0013284863207729059,0.07371354925302147,0.3513547357024223,0.8934769707654517,-0.20965693355232143,-0.02291710258857093,0.39650684651614093,0.8849225729829104,-0.22232219966899236,-0.035722926878017744,0.40768707589880065,47.87143325402405,47.967938940654115,23.969411849975586,1,0.46723089248752236,-0.10413088367592463,0.7294075500613247,-0.012464894823921603,-0.28065686064620815,0.9314689915101332,0.2311749788025059,0.46673211455345154,-0.102002814412117,0.7284578084945679,0.006062769331037998,-0.2663704454898834,0.9401213526725769,0.21256022155284882,-0.389567494392395,0.23978032171726227,-0.396949827671051,0.38054701685905457,2.024665355682373,-0.8578547835350037,-0.386306601570294,0.20604617265380282,-0.3627225878872576,0.37127825562435024,1.9660513730201583,-0.8355217315795725
84.133226,1785483615.247,0.0007509246352128685,0.0713285282254219,0.3490000069141388,0.0012824727910969618,0.07351456049259375,0.35125491066495,0.896639249128586,-0.20238120969401333,-0.018381684474220828,0.39337261796012657,0.8888123985968532,-0.21589876383551965,-0.030118982532226304,0.4031043174738105,47.7295852067457,47.923170512612344,27.172327041625977,1,0.4676430026954036,-0.10409212619660697,0.7296454232285357,-0.012398681148734624,-0.292662405209772,0.9305892302000787,0.2195419639117506,0.4669094979763031,-0.10268934816122055,0.7287587523460388,-0.0003628213016781956,-0.27129706740379333,0.9372642040252686,0.2189374566078186,-0.3802180290222168,0.23667195439338684,-0.3994636833667755,0.35854920744895935,2.017806053161621,-0.8798105120658875,-0.3874280408893041,0.2176473517776301,-0.374492797245032,0.3744658160974316,1.986208721657694,-0.843202069033685
84.272697,1785483615.314,0.002631391864269972,0.07187684625387192,0.34800001978874207,0.0014423926737045444,0.07326502526145494,0.3508404666225859,0.8831572081821019,-0.2268287063371138,-0.02758977404433915,0.4096594780858968,0.8878806221921428,-0.21715654160858858,-0.027671368899149527,0.4046545842018075,47.612159876468546,47.953961001283055,83.90593528747559,1,0.4679415008488212,-0.1040226857090397,0.7297949364156933,-0.011683863501060147,-0.2997378327712781,0.9301117740084119,0.21192641833945786,0.4672471880912781,-0.10334697365760803,0.7291680574417114,-0.006003668066114187,-0.2813703119754791,0.9342159628868103,0.21916945278644562,-0.37448060512542725,0.23378638923168182,-0.39988207817077637,0.34512409567832947,2.011632204055786,-0.8929137587547302,-0.3840497427583477,0.22656150725563026,-0.38619259362191066,0.36700797789814954,2.0010139357098424,-0.8603552856646878
84.36664,1785483615.481,0.003771770279854536,0.07095109671354294,0.3490000069141388,0.001666305013386723,0.07309579214890136,0.35074319363738143,0.8946679677508491,-0.18608623731277407,-0.014663726180213114,0.4058646509587294,0.8898089739918249,-0.20882672364852498,-0.024176725287799402,0.4050270055788834,48.3602165956651,48.03561363089787,21.45552635192871,1,0.4683167113903976,-0.1042622071632706,0.7304161933416037,-0.014211699192554232,-0.2981132985692886,0.9308539297195912,0.21080192206854423,0.4675277769565582,-0.10362688452005386,0.7294131517410278,-0.008312596008181572,-0.2889212965965271,0.9325879812240601,0.2161831259727478,-0.3727303743362427,0.23654364049434662,-0.4051753282546997,0.34139034152030945,2.015714168548584,-0.8875930905342102,-0.3801310969974383,0.2295201736819681,-0.3917982094886564,0.3580463306338641,2.0053622227801897,-0.8736883068845062
84.443648,1785483615.548,0.0033941648434847593,0.07095109671354294,0.3490000069141388,0.0017828038129347715,0.07296093096084198,0.3506585868219937,0.8933105554227412,-0.18869270838723456,-0.0159907419217968,0.40759736204322283,0.8907585236349422,-0.2036179996483796,-0.022056125125404544,0.40571232435722615,47.653341956119405,47.96067109184294,20.39337158203125,1,0.46857122201674234,-0.1045977250061789,0.7305617577738538,-0.010425907701601863,-0.3002694544642628,0.9320032410229325,0.20273015041448958,0.46773913502693176,-0.10380148887634277,0.7296802997589111,-0.009909672662615776,-0.291427880525589,0.9321305155754089,0.2147192806005478,-0.369752436876297,0.22985903918743134,-0.4010559022426605,0.33136653900146484,2.0024476051330566,-0.8930529356002808,-0.3781255095517417,0.23142353693781206,-0.3954231432217622,0.35353257298199026,2.0081676000834245,-0.8774565039422487
84.521795,1785483615.614,0.003771770279854536,0.0713285282254219,0.3490000069141388,0.0019796317599987314,0.07285645088347384,0.3505476066299712,0.8935394400892213,-0.1880576878538171,-0.01616402435088945,0.4073822521427522,0.8916244271695873,-0.19892996478094122,-0.020279277620353107,0.40622838513077275,47.47830455681042,47.830564917177284,23.932456970214844,1,0.468773900534571,-0.10477219802977537,0.7306884293390827,-0.007997978388335745,-0.30111213774677115,0.9328436687464087,0.19766183881318586,0.4680223762989044,-0.10406949371099472,0.7299695014953613,-0.010080117732286453,-0.2944706976413727,0.9321121573448181,0.21059998869895935,-0.36785888671875,0.2255929708480835,-0.3983975052833557,0.32531285285949707,1.9938740730285645,-0.8952934145927429,-0.37524602610452074,0.23088551354457854,-0.39735972935681735,0.3459097039866452,2.0062004938199927,-0.8828201181587393
84.599241,1785483615.714,0.0033941648434847593,0.07246081531047821,0.3490000069141388,0.002047245554019357,0.07282659092097807,0.35047914617300613,0.8930815013781221,-0.18003836333801437,-0.014256156596566172,0.4120538576713759,0.8919884257096177,-0.19465311926035406,-0.01891408721350649,0.40756480327326144,48.35609399794671,47.94103740840228,22.9947566986084,1,0.46893123395921615,-0.10506725309258654,0.7308546522215315,-0.005730453390198011,-0.3019375241505857,0.9335269797861047,0.1932052572400428,0.46822482347488403,-0.10425188392400742,0.7301510572433472,-0.009513662196695805,-0.2962661385536194,0.9323331713676453,0.20710067451000214,-0.3665100634098053,0.2218213826417923,-0.39612284302711487,0.3200940787792206,1.9863135814666748,-0.8976951837539673,-0.3732441209656996,0.22945123878429025,-0.3976406549092095,0.34032797546967747,2.002860033785516,-0.8862003822951467
84.716035,1785483615.781,0.0041493759490549564,0.07208338379859924,0.3490000069141388,0.0021955678891116943,0.07278726485786946,0.35041539185240683,0.8902036784092243,-0.19603221204260984,-0.028136493693909144,0.4102646956672975,0.8916321299177964,-0.19493541417704202,-0.020791745817645733,0.4081176699234346,48.6045749164518,48.08325198361936,26.125192642211914,1,0.46897627293749233,-0.10516864182456626,0.7309572655148752,-0.003449000290158169,-0.30175457167899206,0.9344172853944327,0.18919994615201663,0.46841558814048767,-0.10446286201477051,0.7303269505500793,-0.008485309779644012,-0.29779577255249023,0.9326826930046082,0.20334374904632568,-0.3653072416782379,0.21763503551483154,-0.39295583963394165,0.31590384244918823,1.9785205125808716,-0.8979194164276123,-0.3714191994642265,0.22738355127279966,-0.39722906390823093,0.33484460494787016,1.99837594520711,-0.8893154741434062
84.802447,1785483615.848,0.0030165589414536953,0.07359310239553452,0.3490000069141388,0.002299397464636129,0.07286080604295163,0.35027312648727066,0.8784808849606182,-0.1128304941737673,0.003748903189037357,0.46424838186922296,0.888850288608577,-0.15128609224546316,-0.005475054748913136,0.43246700048563597,47.42230387148685,48.24777464359249,69.19193267822266,1,0.46903569917770727,-0.10539106768572672,0.7310527603348148,-0.0023478289085101067,-0.30090673012194985,0.9343991357166725,0.1906512067590125,0.4686450660228729,-0.10473768413066864,0.7305657267570496,-0.006422146689146757,-0.29940566420555115,0.9334258437156677,0.19756342470645905,-0.36734938621520996,0.21771827340126038,-0.3926558494567871,0.31956174969673157,1.9783620834350586,-0.8973322510719299,-0.36891630323176966,0.22339144126780427,-0.39547875426356716,0.32708819598858974,1.9902449469923391,-0.8928388754197194
84.934376,1785483616.015,0.0030079155694693327,0.0741349309682846,0.34800001978874207,0.0023329082484423763,0.07297363561584512,0.35010979244936935,0.8678317071980892,-0.13174922052359267,-0.024701262549075904,0.47843507239912625,0.8812017819484808,-0.1439137003124138,-0.012790380857820817,0.45012073103859906,48.53386276423575,48.3014980677884,25.214433670043945,1,0.4689258170474196,-0.1055470718391695,0.7312661902841987,0.020332555465799738,-0.2870589528914913,0.9463243786546409,0.1471526932032803,0.4688028395175934,-0.10500318557024002,0.7307571172714233,-0.004751255735754967,-0.30001890659332275,0.9338327646255493,0.19473694264888763,-0.3514803946018219,0.16908037662506104,-0.35083910822868347,0.2736303508281708,1.889690637588501,-0.8721643090248108,-0.3682746505965069,0.2210682281169414,-0.3943222319229543,0.3240060719778759,1.9853787955369973,-0.894678958763214
85.059011,1785483616.081,0.0015061360318213701,0.07548024505376816,0.3490000069141388,0.002275274524491435,0.07337747703267973,0.35000292138525874,0.8577138261410924,-0.09808446830792925,-0.009109893634826685,0.5046022585771104,0.8679278222508189,-0.1225462742053306,-0.016156677676949106,0.4810640994792547,47.91367083663179,48.16358265712701,64.95809555053711,1,0.4687568599600605,-0.10559770475521305,0.7315113140690331,0.03148861480711902,-0.26915186989239054,0.9516103015193036,0.14492609189962574,0.46970492601394653,-0.10531371086835861,0.7294278740882874,0.0007985045667737722,-0.29617124795913696,0.9374988079071045,0.18269632756710052,-0.3574940264225006,0.15437594056129456,-0.3343445956707001,0.28362709283828735,1.8635485172271729,-0.841831624507904,-0.36372340988368096,0.20973147675055848,-0.3825382277363853,0.31035425639941344,1.9594473047329548,-0.8885774887919266
85.134381,1785483616.215,0.0018837418174371123,0.0762351006269455,0.3490000069141388,0.002250854567818332,0.07368162325997804,0.3499577842096747,0.8488931328380461,-0.12241325310275683,-0.032792642974249754,0.513147237205825,0.8606850838425038,-0.12251877160116743,-0.02264041489211285,0.4936575216381053,47.80648601910672,48.095137054790776,25.39801597595215,1,0.46815109529143645,-0.10551228805273612,0.7316721643539436,0.05061686128769866,-0.2395427958786757,0.9610154171180814,0.12847782048808742,0.46953779458999634,-0.10528379678726196,0.7297371625900269,0.0064734360203146935,-0.29104992747306824,0.9404610991477966,0.1754448413848877,-0.3570733070373535,0.12098899483680725,-0.29987937211990356,0.277569055557251,1.804394245147705,-0.788419783115387,-0.3625398246941698,0.1992139245361892,-0.3733815157258522,0.30527609019276597,1.9412265351068563,-0.8796957745151747
85.180975,1785483616.281,0.0007509246352128685,0.0762351006269455,0.3490000069141388,0.0021118166693278122,0.07390860783395484,0.34991554184441653,0.8446322088710229,-0.11758984282285777,-0.03076133767794096,0.5213662826716129,0.8548234858458259,-0.12070052817726203,-0.025665426631973902,0.5040332096399203,48.42829458082967,48.161146018979444,22.614717483520508,1,0.4676948750167105,-0.10547641607641273,0.7317402684788651,0.055525769212362644,-0.22494236268984028,0.9638980900786501,0.1312184985572477,0.4693872034549713,-0.10523461550474167,0.7297857999801636,0.01775340922176838,-0.27714163064956665,0.9468106627464294,0.16256344318389893,-0.3626234531402588,0.11447270214557648,-0.29136621952056885,0.28792884945869446,1.7943419218063354,-0.7634849548339844,-0.3610583983847932,0.17861140144890747,-0.35346244348653294,0.29776748310942963,1.9041449845279261,-0.8549599808617984
85.259739,1785483616.348,-0.0003818924888037145,0.07661253213882446,0.3490000069141388,0.0017443545040085693,0.07422385495029596,0.3498584253990218,0.8350148519449799,-0.10264691098278182,-0.024204643258536353,0.5400258734002686,0.8463214634699459,-0.11278820841936549,-0.02502916211249801,0.5199926360589978,48.29359315901737,48.19411189373241,25.04873275756836,1,0.4673541177496194,-0.10526843013975874,0.7318040001497189,0.05927699461083082,-0.2133742308029958,0.9663861098564415,0.13059694565981034,0.46895402669906616,-0.10520884394645691,0.7302115559577942,0.027712315320968628,-0.263131320476532,0.9520245790481567,0.1537633091211319,-0.36429283022880554,0.1077837273478508,-0.2837594151496887,0.2910176217556,1.7835569381713867,-0.7423079013824463,-0.3614825225587951,0.16122981508164375,-0.33663456111549783,0.2951011993082154,1.874388354530375,-0.8301702489577013
85.335564,1785483616.448,-0.0026475267950445414,0.0773673951625824,0.3490000069141388,0.001079758399972188,0.07451689239955274,0.34982236941308237,0.8214082339130867,-0.08840725869247129,-0.00891812949936191,0.5633765497751028,0.8373231646354573,-0.10370073257763446,-0.01900464848643918,0.536446548468374,47.67092329598631,48.08604640463524,17.9593563079834,1,0.4668804363861002,-0.10471802925002732,0.7318902883100933,0.06513150218570281,-0.19691323542205807,0.9705681210975301,0.12239521006910864,0.4686644971370697,-0.10517680644989014,0.7304633259773254,0.033556994050741196,-0.25376811623573303,0.955105185508728,0.1491636484861374,-0.360201895236969,0.09373652189970016,-0.269953191280365,0.28262263536453247,1.7597545385360718,-0.7088823914527893,-0.3620164802110769,0.15107505881334457,-0.32658831275130984,0.2943253173109384,1.8571303854221672,-0.8134764029698123
85.475505,1785483616.515,-0.00878880824893713,0.07863587886095047,0.3530000150203705,-0.00280654134542511,0.07547383428387908,0.3504553686045785,0.7862826356624174,-0.0931366100993283,-0.027298283814053505,0.6101966833864104,0.8053918688291939,-0.09965441774796563,-0.021266499187386732,0.5839183767098322,45.91957110331532,47.182953725045415,74.1729736328125,1,0.46643932832932417,-0.10372186233522289,0.7319451319537287,0.06812959149052804,-0.180388423888681,0.9751110862331182,0.1094383150252222,0.46786507964134216,-0.10487201809883118,0.7310345768928528,0.047992199659347534,-0.22725333273410797,0.9630675315856934,0.13621191680431366,-0.34915754199028015,0.08001712709665298,-0.2580347955226898,0.2621268928050995,1.7365201711654663,-0.669920802116394,-0.3611662334246185,0.12420857561674707,-0.3000516731545359,0.2888419003426013,1.8115040559810651,-0.7644679380523054
85.553743,1785483616.682,-0.013753945007920265,0.08054465055465698,0.3530000150203705,-0.0058290361010919275,0.07613389811381788,0.35073967684975266,0.7540572219179357,-0.11771516704619911,-0.05424051076224001,0.6438934791663461,0.7900169414450916,-0.10537844679201025,-0.03158497243888408,0.6031343172938191,45.900326937418114,46.87656590180312,27.185678482055664,1,0.46499377244588763,-0.09789435246870432,0.7309991204723825,0.07380244068521256,-0.12468512829355696,0.9843029296826242,0.10076984246056896,0.4673091769218445,-0.10433012247085571,0.7313293814659119,0.055879127234220505,-0.20806846022605896,0.9684839844703674,0.12499558925628662,-0.33267560601234436,0.05427227169275284,-0.2294839322566986,0.2486805021762848,1.6978939771652222,-0.5470346212387085,-0.35624854895223546,0.10611174144545348,-0.28284557770849283,0.27790181855734003,1.7807974053102293,-0.7257499410824865
85.632337,1785483616.748,-0.015619239769876003,0.08031648397445679,0.35200002789497375,-0.008390707458736624,0.07655139885407733,0.3508167134311444,0.7483832962584923,-0.11157180788050092,-0.041031786787380606,0.6525262952866997,0.7724399837300207,-0.10811086843565006,-0.0356845751962128,0.6248000662246453,46.114969852757106,46.71626424443025,19.898653030395508,1,0.46399605077613904,-0.09336203799316033,0.7305752638542137,0.07704040053106265,-0.09887126442362576,0.986128194116669,0.10881376073587466,0.46662724018096924,-0.1020568460226059,0.7310540676116943,0.061326995491981506,-0.17944982647895813,0.974948525428772,0.11624173820018768,-0.33235323429107666,0.04486837983131409,-0.21622230112552643,0.26469072699546814,1.6879180669784546,-0.4939308166503906,-0.3481418127493874,0.08850637265617213,-0.2644945764813347,0.2678526022578767,1.7522869163711614,-0.6642897428160137
85.793462,1785483616.815,-0.020511871203780174,0.080088309943676,0.35100001096725464,-0.01327799356649363,0.07704479588788371,0.351006553110041,0.7273484094577439,-0.07648909476056122,-0.022879444151309734,0.6816085685181248,0.7466961933503209,-0.09022894290076516,-0.029510764942359255,0.6583560187707465,46.67364126328537,46.692495964842436,59.69572067260742,1,0.4633635432320094,-0.0895204953576185,0.7304617381172236,0.07816544319640106,-0.07067098852051151,0.9883389730273895,0.10991746570317606,0.46537941694259644,-0.09755079448223114,0.7308242321014404,0.06854534149169922,-0.13900768756866455,0.9815077781677246,0.1123431846499443,-0.3255239725112915,0.035814546048641205,-0.20607700943946838,0.26533350348472595,1.6764535903930664,-0.4315762519836426,-0.3400610035370342,0.06715401994941136,-0.24086177693069385,0.26643534347705167,1.7209798650100254,-0.578231078743492
85.879894,1785483616.949,-0.021842652931809425,0.07940379530191422,0.34800001978874207,-0.015304788636491966,0.07715219042430421,0.35055302005677946,0.7137406797483951,-0.09817934740456655,-0.03535041283558882,0.6925932472439115,0.7331939831084906,-0.09356370356015667,-0.03194965409755397,0.6727939031476581,47.39996551527467,46.847970134110305,27.67634391784668,1,0.4626114564247382,-0.08219065198678523,0.7301804671202008,0.08729244239348957,-0.031240567324144784,0.9918284563691266,0.0876377178541303,0.4648548662662506,-0.09535636007785797,0.7307315468788147,0.0710691437125206,-0.1205383911728859,0.9838671088218689,0.111468106508255,-0.28971442580223083,0.006863465532660484,-0.17905429005622864,0.22191119194030762,1.6290656328201294,-0.32702481746673584,-0.33612146485928357,0.05866103109244469,-0.23143531726881614,0.26613672755920953,1.7089132445888295,-0.5384876214377861
85.913495,1785483617.015,-0.02259569987654686,0.07940379530191422,0.34800001978874207,-0.016818330311086944,0.07725233321025646,0.3502407061328243,0.7072438930684877,-0.04554342779007846,0.003960808678458754,0.7054900310401785,0.7232988548280683,-0.0744435500469936,-0.017626885178322397,0.6862843560651197,47.21226954922785,46.91991937587326,26.180267333984375,1,0.4624460641496475,-0.07915098680856025,0.7308620903027799,0.08658517234836322,-0.01111009429687033,0.9921954700628304,0.08903776120791741,0.4644736647605896,-0.09174828976392746,0.7302700281143188,0.07449094206094742,-0.09623749554157257,0.987040102481842,0.10460052639245987,-0.28316187858581543,0.003743203589692712,-0.1773408204317093,0.2210908979177475,1.626751184463501,-0.2800919711589813,-0.3235451576648067,0.045144231962961266,-0.21724007724026914,0.2541516059640469,1.6872745417995119,-0.48118120162665795
86.038765,1785483617.082,-0.02410179376602173,0.07752205431461334,0.34800001978874207,-0.018915148344981075,0.07739639694084287,0.3497940914948928,0.6662394265537115,-0.05549286872649619,-0.02956120795931918,0.7430825680971607,0.6931224543419654,-0.057664488116416016,-0.018601375572705373,0.7182687929487436,46.5268052379262,46.84897097146903,71.97690010070801,1,0.4622926052510863,-0.07688110072471653,0.7313315748126394,0.09071956448619313,0.0021932654983302362,0.9938495758353912,0.06346787232688865,0.46358534693717957,-0.0857711210846901,0.7305010557174683,0.0795460119843483,-0.05630071461200714,0.9905208349227905,0.09680438041687012,-0.2513655126094818,-0.009880448691546917,-0.16835805773735046,0.16759629547595978,1.6023865938186646,-0.22930531203746796,-0.3046232071999238,0.025745423008407903,-0.19854522101029878,0.23866069058512454,1.6589157780095083,-0.3869590339360519
86.166788,1785483617.249,-0.025607891380786896,0.0763930156826973,0.34800001978874207,-0.02006895997107538,0.07728318969084816,0.3496740831697954,0.6511192984878014,-0.0685117331671269,-0.03556441366541532,0.7550397168598649,0.6755965857361628,-0.062292367773519625,-0.025807699381087117,0.7341817737532468,46.10378421604868,46.68708463468555,23.427248001098633,1,0.4620720321461773,-0.07373648539878569,0.7320029077356713,0.1033888822028874,0.0443394571726194,0.9925491950177896,0.046806485063642725,0.463062584400177,-0.08203625679016113,0.7306594252586365,0.0831577405333519,-0.03217054903507233,0.9925680160522461,0.08281703293323517,-0.22495390474796295,-0.032204970717430115,-0.14735819399356842,0.12870246171951294,1.5623499155044556,-0.12461000680923462,-0.28281364781470836,0.011156287002299297,-0.1861835329862516,0.20955909157994435,1.6357665117915159,-0.3223982591677698
86.344545,1785483617.316,-0.02945753186941147,0.0773673951625824,0.3490000069141388,-0.023447885584237185,0.07729448091003525,0.34959123275061255,0.6313297744511481,-0.06495585038278605,-0.045990797502342626,0.7714196652520663,0.6479859876424132,-0.06367453467787143,-0.036406040603588125,0.7581123357789482,47.49682988630994,46.898631627300375,109.73143577575684,1,0.46223921980486266,-0.07200556814409982,0.7321834536504314,0.10477083305708074,0.06886805929206738,0.9907456112493663,0.05199419909941105,0.4626249074935913,-0.07805503904819489,0.7309861183166504,0.09127312153577805,0.004023128654807806,0.9936780333518982,0.06524556875228882,-0.22426128387451172,-0.03506762906908989,-0.14411459863185883,0.13455229997634888,1.5574965476989746,-0.07424820214509964,-0.25570294531971394,-0.009082121362931569,-0.16799184085364285,0.17167297283050661,1.601366504851847,-0.22972279433439358
86.428577,1785483617.482,-0.03200879320502281,0.07564032077789307,0.34800001978874207,-0.026553482288198704,0.07706787611542744,0.34936100636347195,0.603778196898099,-0.0840812090244967,-0.08610292510425298,0.7880155617295579,0.6213078290003655,-0.07614493114726839,-0.06301801605433414,0.7773077001651315,45.923456833290764,46.63413900748536,69.52166557312012,1,0.4622142623280837,-0.06693726218852199,0.7323097244960985,0.11055664735389283,0.10608553019896075,0.9866215920887806,0.05568592310873872,0.46247854828834534,-0.07555395364761353,0.7314119338989258,0.09640048444271088,0.030699679628014565,0.9930900931358337,0.059468887746334076,-0.2131616473197937,-0.04619284346699715,-0.13192400336265564,0.1335906833410263,1.5393247604370117,0.010912231169641018,-0.24282726813500477,-0.019723432806048515,-0.1582140713952796,0.15647167502693834,1.5834013186981744,-0.16605439467061794
86.569243,1785483617.649,-0.032761842012405396,0.07488762587308884,0.34800001978874207,-0.02744662941541499,0.07684734525931526,0.3492899207910583,0.5926034773935785,-0.07107402859816754,-0.05997528387016759,0.8001078467085285,0.6111308269472061,-0.0743417380190993,-0.06193877831062723,0.785592773696723,45.82516033108313,46.45671992756213,28.238296508789062,1,0.4625469918104157,-0.062278462953314365,0.7326565985365834,0.11904640763584128,0.14184400043525525,0.979525286628419,0.07898382888312133,0.46236559748649597,-0.07104624807834625,0.73184734582901,0.10355526953935623,0.07016761600971222,0.9905030727386475,0.05706585943698883,-0.2250606268644333,-0.05838598683476448,-0.11550243198871613,0.1761135458946228,1.5178910493850708,0.07330070436000824,-0.22735060512990307,-0.033532587536062385,-0.1444987253113682,0.1445345778092022,1.560406441615995,-0.07373035793813802
86.709164,1785483617.783,-0.0360824279487133,0.07781075686216354,0.35100001096725464,-0.030056152060651747,0.07691373165858519,0.34961384244430554,0.5857784911321361,-0.04200957132495819,-0.022386820308627403,0.8090720521192908,0.5944025434311878,-0.05233076275127112,-0.03764691459276165,0.8015795764950916,47.21037322245555,46.773516071102065,76.58839225769043,1,0.46298266450462316,-0.0600163661953591,0.7328580754164244,0.11926397707592241,0.1628932647793635,0.97691016360329,0.06991723900546468,0.46248048543930054,-0.06645993143320084,0.7322297096252441,0.11198198050260544,0.10760781913995743,0.9855120778083801,0.06816527992486954,-0.20601867139339447,-0.060755256563425064,-0.1151953637599945,0.14880329370498657,1.5122880935668945,0.1332390308380127,-0.22615588919870394,-0.04649866883231055,-0.12937146460277713,0.16100941426788956,1.538226029691406,0.0029762028292677264
86.836903,1785483617.916,-0.037327781319618225,0.07727109640836716,0.35200002789497375,-0.03124561902349663,0.07693318669992769,0.3498914939921989,0.5823052641599041,-0.043448816434255244,-0.024496076051548705,0.8114386741708848,0.5905057954832387,-0.0494488664569591,-0.033377740783368366,0.8048252242114604,46.79889254528069,46.77799521749264,21.878480911254883,1,0.46276946565293997,-0.05702394697525084,0.7322792034874321,0.11830306882431262,0.17303283422551716,0.9769794112087432,0.03968944772672215,0.46269911527633667,-0.0638178214430809,0.7324742674827576,0.11491592973470688,0.1303345263004303,0.9823883771896362,0.0687045007944107,-0.16203391551971436,-0.06197351962327957,-0.11666543781757355,0.0758567526936531,1.5108891725540161,0.1930893063545227,-0.2179094721720861,-0.05233689414754416,-0.12356609336157515,0.15601089064247425,1.5276041854690572,0.056320133600490735
86.929641,1785483617.983,-0.038961563259363174,0.07710886001586914,0.3530000150203705,-0.03327088949895367,0.07694826681751336,0.3505514008276535,0.5780430065171532,-0.04493099591615636,-0.026588987121669114,0.8143343993633306,0.5850114363432343,-0.04738651204458409,-0.032824837280872564,0.8089738363391975,46.842377237702195,46.85204390862006,73.15826416015625,1,0.4627370719246085,-0.055239633533133686,0.7318634482788042,0.11735728091541586,0.17735114711244254,0.9765340095827563,0.03398775312176805,0.462685763835907,-0.06059824675321579,0.7321856617927551,0.11569137126207352,0.1504661738872528,0.98028165102005,0.0549846850335598,-0.1504296362400055,-0.06178947910666466,-0.1166016235947609,0.06077120453119278,1.5118147134780884,0.21254533529281616,-0.191728468671299,-0.05685223843489105,-0.12033252655761201,0.11845395504345695,1.5197722157325986,0.12040456041218324
87.072424,1785483618.116,-0.03879820927977562,0.07716181874275208,0.35500001907348633,-0.034565894812722375,0.07695482424305876,0.3517591521462059,0.578072235247378,-0.04092410238866581,-0.03331578739763255,0.8142774508666304,0.5821621875360827,-0.04334523629745716,-0.029294037684843326,0.8113878463778216,47.058166096747286,47.10849396750635,79.44488525390625,1,0.46270874762821346,-0.052201382670139476,0.730874794879901,0.11830089505997675,0.1838474495517983,0.975308641540064,0.03127406686989135,0.4626902639865875,-0.05752962455153465,0.7319025993347168,0.11624224483966827,0.1658327877521515,0.9783352613449097,0.04297960177063942,-0.13889800012111664,-0.06450982391834259,-0.11174601316452026,0.05100700259208679,1.5070245265960693,0.23662711679935455,-0.16820743265406912,-0.059664186522218304,-0.11820731980941876,0.08560174488666282,1.5152401572721559,0.17288175278182208
87.164507,1785483618.283,-0.036981601268053055,0.07776417583227158,0.35600000619888306,-0.034736702021642446,0.07700707765294405,0.35225718367182274,0.5875501992123714,-0.04206770949295024,-0.045667689155752804,0.8068020410179272,0.5833042724601729,-0.04307923822543354,-0.03271871533289085,0.810450362841914,46.655094358827554,47.01558569300532,25.743961334228516,1,0.46269427110539135,-0.05025818747630787,0.7290639362047359,0.11871682733773478,0.18681824113277407,0.9748619997286139,0.025482173613083584,0.46269482374191284,-0.055341631174087524,0.7314472198486328,0.11692647635936737,0.17324405908584595,0.9771687388420105,0.038157060742378235,-0.12688463926315308,-0.06631786376237869,-0.10618144273757935,0.03587007522583008,1.5024847984313965,0.25369077920913696,-0.15620491859315705,-0.06164854391348181,-0.11556110765635697,0.0714348557642288,1.5118757743539917,0.1989861165533392
87.240929,1785483618.35,-0.03621124476194382,0.0789191722869873,0.35600000619888306,-0.0348642574769481,0.0771872682642709,0.3526162483047376,0.598474353702446,-0.03365415418965092,-0.04494004624978119,0.7991722205565497,0.58673942977022,-0.04096601255273029,-0.03546348708595674,0.8079609943878174,46.30766345216044,46.86243168551347,23.465871810913086,1,0.4626148509973006,-0.050001811712931284,0.7283170553649624,0.12128052244588085,0.185672395175555,0.9746978112065564,0.027945900847439205,0.46269240975379944,-0.05437291041016579,0.7309727072715759,0.11717171221971512,0.17584997415542603,0.9767653942108154,0.035735733807086945,-0.1291520744562149,-0.07002992928028107,-0.1001647412776947,0.041273340582847595,1.4948348999023438,0.24928297102451324,-0.15063406492209386,-0.06253572459948864,-0.1137788534559171,0.0646775489495258,1.5100914889286985,0.20938000231847015
87.319259,1785483618.417,-0.03573954477906227,0.07919598370790482,0.359000027179718,-0.034940538881472735,0.07736120291624252,0.35366488909750565,0.6136647828571751,-0.015642737664105715,-0.04343830853481149,0.7882156763163637,0.59413026629808,-0.034121404185122696,-0.037627681849313366,0.8027634234341118,47.014706322629415,46.890582000232115,24.440526962280273,1,0.46234380502699446,-0.04981070240078198,0.7277787609747928,0.12478057251122786,0.18160855566522305,0.9749903527776071,0.02901643023459208,0.4626677632331848,-0.052866991609334946,0.7300437092781067,0.11852040141820908,0.17926166951656342,0.9760775566101074,0.03302653506398201,-0.13041426241397858,-0.0748552680015564,-0.09345284104347229,0.04434501379728317,1.486005187034607,0.23977409303188324,-0.14324640155652493,-0.06511299916985862,-0.10909675431484796,0.05662884367757014,1.504844747962535,0.22310263298648003
87.444777,1785483618.483,-0.03379741683602333,0.08036071807146072,0.359000027179718,-0.03484903519533363,0.07787581594163358,0.3550188519639771,0.6348500887344687,-0.018115276598102536,-0.04421470249632717,0.7711564443553415,0.6113443374413333,-0.02600029869107151,-0.04230073466252673,0.7898055035218499,46.46593395064349,46.71685507838963,65.39583206176758,1,0.46208139484127486,-0.049696086121977234,0.7262060648292307,0.131404943180309,0.17240562194112174,0.9758469487678355,0.02705134028806087,0.46252021193504333,-0.05143562704324722,0.728978157043457,0.12143705040216446,0.18038409948349,0.9755746126174927,0.03112432360649109,-0.1288829892873764,-0.08338498324155807,-0.08026015758514404,0.04181378334760666,1.468552589416504,0.22214362025260925,-0.13723378095508237,-0.06967784416968384,-0.10176645935994967,0.05087314598058299,1.496017302133706,0.23091419535575763
87.572417,1785483618.65,-0.033020567148923874,0.08113720268011093,0.359000027179718,-0.03459832781356313,0.07818417490312442,0.355488897924275,0.6544000509928428,-0.015207821754080635,-0.02831199337706595,0.7554652384121177,0.6278012740070602,-0.01885928945098015,-0.033512447953908474,0.7774231816640489,47.650923330142476,46.83203599604801,63.95244598388672,1,0.4613079855649218,-0.04983378815397461,0.7241757176067768,0.14090656126708842,0.15103851263388626,0.9780428713752751,0.027655929657756054,0.4623461663722992,-0.05072333291172981,0.727840006351471,0.12552106380462646,0.17713627219200134,0.9757046103477478,0.029458211734890938,-0.13337862491607666,-0.09622269868850708,-0.061073921620845795,0.04960845410823822,1.4441730976104736,0.17382746934890747,-0.1338140385070051,-0.07529107678225802,-0.09295916519434909,0.047163247715050365,1.4847702276288846,0.22732255681396626
87.650671,1785483618.75,-0.03418584540486336,0.08074896037578583,0.359000027179718,-0.03457637608831081,0.07837466512592875,0.3557186224575099,0.6499010188004279,-0.018230016112296066,-0.03216459901746067,0.7591190755374001,0.6353917605624891,-0.018646563590506544,-0.03305616920701146,0.7712567056129386,47.3480714153302,46.93870638663728,20.055770874023438,1,0.4608454567510177,-0.05021031575552925,0.723470891377645,0.14045578338821144,0.1293844949556662,0.9814092900263449,0.019173701464677746,0.4619986414909363,-0.05041642114520073,0.7265813946723938,0.13081663846969604,0.16815920174121857,0.9766128659248352,0.0289293322712183,-0.12795042991638184,-0.09632369130849838,-0.05994773656129837,0.03738114982843399,1.4450407028198242,0.13478824496269226,-0.13366429383019543,-0.0824894555730253,-0.08199389811449459,0.048004153698734425,1.4708088746155532,0.20892559629958377
87.761009,1785483618.817,-0.03418584540486336,0.08191368728876114,0.359000027179718,-0.03454887045964113,0.07884764125466243,0.3559851809814597,0.6567922589755071,-0.01085463987953903,-0.02312171015915586,0.7536388338337217,0.6438605773878817,-0.015590720711793439,-0.029161091922474163,0.7644279671959415,48.04781133459428,47.28021022978541,23.102521896362305,1,0.46055948436313915,-0.05024356724981905,0.7231265324059475,0.14046777904673832,0.11970151355064321,0.982619286071066,0.019992232105256028,0.4616890549659729,-0.05035892501473427,0.7257375717163086,0.1334804743528366,0.157685786485672,0.9780715703964233,0.02634762041270733,-0.1308167278766632,-0.09693589061498642,-0.05857132747769356,0.042598623782396317,1.4447576999664307,0.11226841062307358,-0.1321158333621843,-0.08623853705405361,-0.07601935053986465,0.04512531988559187,1.4638257000589108,0.1888343740744807
87.854028,1785483618.917,-0.03467057645320892,0.08136320859193802,0.36000001430511475,-0.034610417771645606,0.07914744340889213,0.35644804591441015,0.6532657380354093,-0.036598107002662576,-0.04230093894003916,0.7550596563435664,0.64859545864781,-0.02441386968179899,-0.03402373545318,0.7599804467316309,47.03479970150507,47.28396800478663,68.51720809936523,1,0.4598497506185854,-0.05028580750657939,0.722727275936977,0.14018156870127674,0.10834917408100586,0.9840405751946953,0.01654480712811143,0.4612283706665039,-0.050310052931308746,0.7246699929237366,0.1363767832517624,0.14215464890003204,0.9801157116889954,0.0238057691603899,-0.128941148519516,-0.09813009202480316,-0.056796930730342865,0.03841610625386238,1.4450702667236328,0.09096512943506241,-0.1315838325341261,-0.090619226894037,-0.06887403452133306,0.04409061389621973,1.4560171633410395,0.15747984634804665
87.932163,1785483619.05,-0.03467057645320892,0.08136320859193802,0.36000001430511475,-0.03461288326785936,0.07925713470399887,0.35669405443564794,0.6563871486929322,-0.018442513629221235,-0.0211823678638562,0.7539012481840568,0.6505977907851783,-0.02289409096057786,-0.030754936914019395,0.7584540256864282,47.75922789802355,47.379072324647176,26.024818420410156,1,0.45939931518371074,-0.050193937319761045,0.7220333935088613,0.13725345284549864,0.10319512298750542,0.9847774458763171,0.02693767560312838,0.4607573449611664,-0.050302185118198395,0.7239996790885925,0.1377212256193161,0.1305498629808426,0.981597900390625,0.021334627643227577,-0.14227774739265442,-0.0959167554974556,-0.05762859433889389,0.06409860402345657,1.4510425329208374,0.06762584298849106,-0.13067501002061016,-0.09320223019004313,-0.06472054237583758,0.04213915229167466,1.4522525255943135,0.13460543525232394
88.010971,1785483619.117,-0.035060081630945206,0.08253118395805359,0.36000001430511475,-0.03463701758209905,0.07953463598196947,0.35689535879990514,0.6591173954878892,-0.022744689642152083,-0.02592394442864126,0.7512488849666297,0.652562983664837,-0.022860077661404674,-0.029645813299613532,0.7568091535873258,47.73125390036844,47.44627371278356,27.955055236816406,1,0.4592344616934105,-0.05019035917886878,0.7216645208488169,0.136154581070309,0.10027336133759933,0.985310401836503,0.02388713236068742,0.46028682589530945,-0.05026790499687195,0.7233103513717651,0.13748924434185028,0.12114584445953369,0.9827917814254761,0.023252587765455246,-0.13907021284103394,-0.09525895863771439,-0.05788978189229965,0.057870037853717804,1.4526550769805908,0.06479023396968842,-0.1346651884576896,-0.09413576944272838,-0.06228147563685302,0.04969100947359885,1.451836409113905,0.11157115359217536
88.151008,1785483619.184,-0.034574270248413086,0.08501964062452316,0.359000027179718,-0.034662424920451,0.08064642213841194,0.35725477688554486,0.6782033225023808,-0.041570322945164176,-0.02500622980129766,0.7332713345468312,0.662228131876755,-0.029934233652447427,-0.028082758431873817,0.7481772528522377,46.72945869871707,47.243603341999496,71.26736640930176,1,0.4588178980281662,-0.050154707593057,0.7213629290086908,0.1354587320544954,0.09763752700771748,0.9856824368982992,0.02340894743973879,0.45979389548301697,-0.05023166909813881,0.7225367426872253,0.13684839010238647,0.11137192696332932,0.9840298295021057,0.023539645597338676,-0.13896112143993378,-0.09550512582063675,-0.05721908062696457,0.05754456669092178,1.4537477493286133,0.059541016817092896,-0.13672919637877298,-0.09466207919732673,-0.060223403100627945,0.05352337117717708,1.4522200033108514,0.08965153302750684
88.265802,1785483619.35,-0.034962691366672516,0.08463139832019806,0.359000027179718,-0.0346762706022512,0.08101084391736339,0.35735583729909887,0.6785737927924201,-0.057406979975263096,-0.04159511332567738,0.7311032026553115,0.6669048864673272,-0.037631269378741075,-0.0318705280785572,0.7435092665266116,47.12512853949479,47.22236570729794,27.857303619384766,1,0.4571497062229665,-0.05011906072862661,0.7208252209639441,0.1294724692929317,0.0853240998466823,0.987483564392034,0.02885979445782996,0.4594579339027405,-0.05020623654127121,0.7221328020095825,0.13636673986911774,0.10665134340524673,0.9846207499504089,0.023487435653805733,-0.1477123498916626,-0.09213098883628845,-0.06047605723142624,0.07333403825759888,1.4675687551498413,0.02648880146443844,-0.13749675050011886,-0.09495202468897404,-0.05918999098350321,0.05490626387502814,1.4527453951663598,0.07929652682243064
88.354734,1785483619.417,-0.03418584540486336,0.08463139832019806,0.359000027179718,-0.0346456370417202,0.08128926264045862,0.3574426267849604,0.6816696617686908,-0.06757177286624357,-0.05196250391261996,0.7266776630136654,0.6715745885602484,-0.04684838429532909,-0.038057066208844706,0.7384744143168576,46.871426751993134,47.15451623581573,75.88529586791992,1,0.4566029134427723,-0.05009910970138607,0.7206740987156189,0.1265878114982225,0.07984546877574779,0.9880166380223403,0.03772731221679344,0.4585113227367401,-0.050176456570625305,0.7215788960456848,0.13348695635795593,0.0979420617222786,0.9858659505844116,0.025631722062826157,-0.15917108952999115,-0.08944564312696457,-0.06274207681417465,0.09482608735561371,1.475468635559082,0.0048233261331915855,-0.1416801358324482,-0.09379680209181,-0.05971644214464289,0.062452625612394314,1.4588157093131955,0.05767123558159844
88.494285,1785483619.551,-0.03544958680868149,0.0833098366856575,0.36000001430511475,-0.03468539414134766,0.0816369655934867,0.3578653831199124,0.6963506172337877,-0.04704103516613475,0.0008995595086388266,0.7161579083423654,0.6854195634750428,-0.053557198232388914,-0.029050694402164116,0.7255947255031078,47.0156813385871,47.14233350969358,67.69943237304688,1,0.45598172355833216,-0.05014436931321356,0.7202943535013737,0.12260310904912641,0.07081528928777048,0.9882642502075372,0.05733623824695682,0.45750436186790466,-0.05014472454786301,0.7210676670074463,0.12976603209972382,0.08854130655527115,0.9870688915252686,0.03187951818108559,-0.1838287115097046,-0.08441879600286484,-0.06549514830112457,0.14107036590576172,1.488461971282959,-0.03595329076051712,-0.15080521275692824,-0.09152681514409934,-0.061294650966769414,0.0793419675203209,1.4675035925597457,0.030100318016849134
88.587432,1785483619.684,-0.03554806113243103,0.08354125171899796,0.36100003123283386,-0.03476270755165196,0.081762010389805,0.35821100927465216,0.7023161861751243,-0.036937755516402875,0.0014089921663107958,0.710904769708935,0.692412482555216,-0.04682861661221454,-0.0167045147424222,0.7197867697138709,48.030225672725656,47.407706252634966,79.9715518951416,1,0.45566306660027345,-0.05008663266168155,0.7199105763245637,0.11341530419076508,0.055505346890562315,0.9907323517429858,0.05005529394267263,0.45684126019477844,-0.05014759674668312,0.7206273078918457,0.12650249898433685,0.08136258274316788,0.9877223372459412,0.0422123484313488,-0.1761198192834854,-0.07486557960510254,-0.07667116075754166,0.12618735432624817,1.5079398155212402,-0.05855056270956993,-0.16432866286977107,-0.08861601687948525,-0.06301472620293605,0.1046203662518833,1.4760862582306886,0.0030507048884585945
88.666105,1785483619.784,-0.03554806113243103,0.08197962492704391,0.36100003123283386,-0.03480638413032914,0.08178246508817336,0.3583956661973614,0.707056743271689,-0.02708928477596879,0.02160260259275514,0.7063074826204087,0.6975394658864439,-0.04016504677357088,-0.003754156049939723,0.7154099306417855,47.26917391746174,47.38194395514353,21.98052406311035,1,0.45547487701759654,-0.04997076152845635,0.7193923405490998,0.10991358927051076,0.04474072897691079,0.9922136077485616,0.03780775929451335,0.45652249455451965,-0.05013386905193329,0.7204077243804932,0.12288689613342285,0.07440295815467834,0.9886384010314941,0.04423985630273819,-0.16241247951984406,-0.07240618020296097,-0.0798107385635376,0.10048927366733551,1.512661337852478,-0.06753215193748474,-0.1675240646157277,-0.08488965262516784,-0.066715574387831,0.11046502161589859,1.484718572256428,-0.013643238490044623
88.792144,1785483619.851,-0.035646531730890274,0.07790034264326096,0.3620000183582306,-0.03493103530777729,0.08076311737991268,0.35894536713558634,0.713097501213103,-0.029009482757129793,0.02823919183462298,0.6998949576317292,0.7065388288130648,-0.033661201532370885,0.015195165791072666,0.7067099219817433,48.09259669798264,47.709988404136574,27.272939682006836,1,0.45544385663362547,-0.04990518806007795,0.7191154067212975,0.1059009617207543,0.036227447816594066,0.9934054441947453,0.024863261563124253,0.456091046333313,-0.05005159229040146,0.7199349999427795,0.117218516767025,0.0613967590034008,0.9903895854949951,0.04023300111293793,-0.14756545424461365,-0.0692179948091507,-0.08398734778165817,0.07262864708900452,1.5183987617492676,-0.07098336517810822,-0.16394615412986138,-0.07945872474407509,-0.07249585799050548,0.1035937897555999,1.4967351565853453,-0.03605640885525125
88.929192,1785483620.018,-0.03574500232934952,0.07379727065563202,0.3630000054836273,-0.03500521086858111,0.07876554579680682,0.35952197183917367,0.7040279666332271,-0.06575039945189155,-0.02775823129373504,0.7065769510574512,0.7066877198763192,-0.04417362095024213,0.0019277057535136873,0.706142649709449,47.346812253865906,47.62994274051359,70.61100006103516,1,0.4569718812628909,-0.0497154386304501,0.7182896415252513,0.0976420180440245,0.021397379067277258,0.9949551808239803,0.008507445730804888,0.45582109689712524,-0.04997939616441727,0.719563901424408,0.11262109130620956,0.05106358602643013,0.9917454123497009,0.03391129523515701,-0.12821312248706818,-0.05864918977022171,-0.094460129737854,0.03757980465888977,1.5311728715896606,-0.08306481689214706,-0.15723808922975474,-0.07526505703418958,-0.07720158823566622,0.09091325928626709,1.5056066195360231,-0.0503593462247996
89.069742,1785483620.118,-0.0365305095911026,0.06908643990755081,0.3630000054836273,-0.035090829205525656,0.07611229119094898,0.3599865228021994,0.7132329923119791,-0.024106852274181176,-0.004896475614028723,0.7004952411527807,0.7074046064751909,-0.04942728319022349,-0.01741906914491238,0.7048632792565083,47.18142655452739,47.4846235473888,70.1749324798584,1,0.4599673266787819,-0.04959903396539283,0.7174222558114038,0.09917743551235703,0.023135725695933675,0.9944795432826022,0.02527869605303496,0.4563923180103302,-0.049835752695798874,0.7188115119934082,0.1048315092921257,0.03552432358264923,0.9936407804489136,0.020650383085012436,-0.14636915922164917,-0.052433546632528305,-0.09738987684249878,0.07427481561899185,1.5294016599655151,-0.0958031639456749,-0.14209567107256424,-0.06659652242398917,-0.08620525495442649,0.06308903560562966,1.518944612487787,-0.06742189104552546
89.147308,1785483620.251,-0.037996556609869,0.06693868339061737,0.3620000183582306,-0.03541862932073994,0.07383312721504906,0.3600985418197229,0.7146015653592295,-0.017223616102492942,0.021280672075176976,0.6989957673909919,0.710165030785909,-0.03803926857333373,-0.0037212959974094835,0.7029970092762517,47.2842612248607,47.44787225363326,23.3001708984375,1,0.4639464091049947,-0.049463953569403724,0.7167221293529209,0.10863560289722518,0.02408668693182325,0.9928627072857861,0.04291598509814408,0.457361102104187,-0.04976837709546089,0.7184368371963501,0.10328216850757599,0.03217310458421707,0.993890643119812,0.021886371076107025,-0.16609038412570953,-0.05241506174206734,-0.09231502562761307,0.11535307765007019,1.511588215827942,-0.11261603236198425,-0.14325378582443346,-0.06275835812696541,-0.08923626278073875,0.06612038272686414,1.5217784723542511,-0.07511321590727409
89.225352,1785483620.318,-0.03760489076375961,0.06654719263315201,0.3620000183582306,-0.03565601411724528,0.0719592510678897,0.3602365243298136,0.7181229318886111,-0.018760410139813395,0.019158689187813757,0.6953994868675819,0.7134763621661683,-0.030232590893650185,0.005548676047511381,0.7000047737495136,47.18909182124629,47.38240549239325,25.27928352355957,1,0.4673642196322801,-0.04896670673892117,0.7165514149713057,0.10749167223517804,0.01848983885173474,0.993700770635494,0.02573800104412683,0.4596078097820282,-0.04962100088596344,0.717787504196167,0.10497714579105377,0.02934427373111248,0.9936140775680542,0.029152072966098785,-0.14453262090682983,-0.04586862772703171,-0.09971698373556137,0.07781960815191269,1.5089095830917358,-0.10405173897743225,-0.1511072898146412,-0.05920130969829986,-0.09029492078416006,0.08305151052243877,1.5182740431348534,-0.08801043400013264
89.348235,1785483620.418,-0.037996556609869,0.06498124450445175,0.3620000183582306,-0.035838350758120883,0.07063591575492081,0.36031948259503355,0.7198549644881668,-0.018440564573665517,0.019061895437934767,0.693617632289043,0.7153554319264007,-0.026814776389078317,0.009467031211060718,0.6981818882645447,47.1582595015685,47.341249800256094,26.916980743408203,1,0.47017428402624584,-0.04860604233673861,0.7163422141530608,0.10677132266254011,0.012466244125998617,0.9941019753310776,0.014343641697021212,0.4617086946964264,-0.04945438727736473,0.7174586057662964,0.10566170513629913,0.026405544951558113,0.9936505556106567,0.028229620307683945,-0.13041485846042633,-0.04030720889568329,-0.10524821281433105,0.053427521139383316,1.5071481466293335,-0.10314574837684631,-0.14932555417736956,-0.05558815633408917,-0.09284826018215073,0.08163366632775902,1.5157362744631686,-0.09235762750112368
89.443686,1785483620.485,-0.03867277503013611,0.06284970790147781,0.36100003123283386,-0.03630442215847165,0.06796249676113467,0.360429899113351,0.7187034800288226,-0.028150320536602456,0.02784934972957423,0.6941882172493181,0.7171403470950091,-0.029398607328194284,0.013504500362734385,0.6961774722910571,46.80347492563799,47.16234926778187,27.820587158203125,1,0.47215874043456224,-0.04832930637296901,0.7162162126116867,0.10654690127850719,0.009181336105182973,0.9942194766946929,0.009544268238201358,0.465162992477417,-0.04914332181215286,0.7169919013977051,0.10610516369342804,0.020716382190585136,0.9938834309577942,0.022544261068105698,-0.1240987777709961,-0.03633846715092659,-0.10894747078418732,0.04324476420879364,1.5061131715774536,-0.10388041287660599,-0.1415814331020147,-0.04933046719696426,-0.0979260305847109,0.07008297214990682,1.5122193502339347,-0.0967754703846323
89.586582,1785483620.651,-0.03789159655570984,0.060116857290267944,0.36100003123283386,-0.03647419717172186,0.06584049889988411,0.3604904568633911,0.7200916178682333,-0.0376276182634736,0.01898671334959353,0.6925978118185973,0.7181713722512288,-0.032334705480832664,0.015314916063047756,0.6949458973518994,47.52463212025289,47.289360174222715,68.06325912475586,1,0.47616760203998804,-0.04762370556542012,0.7160474851817683,0.10191938746607926,0.006366360999935957,0.9947335109282612,0.008783515383525283,0.4684286117553711,-0.04879156872630119,0.7166160941123962,0.10629615932703018,0.0153254559263587,0.9940802454948425,0.016454393044114113,-0.12019097059965134,-0.022690866142511368,-0.12289392948150635,0.040456973016262054,1.5154495239257812,-0.10555686801671982,-0.13338977601783292,-0.04324296204830724,-0.10309007054556303,0.05750769285904272,1.5093582452688326,-0.10010455456232652
89.663873,1785483620.785,-0.037996556609869,0.05950041115283966,0.3620000183582306,-0.0365362630519643,0.06489051280132427,0.3605895061160989,0.7197050729637274,-0.03806348422237793,0.01699038565187349,0.693027492899473,0.718429807705871,-0.033292345749401805,0.015595009697439634,0.6946272574458507,47.60939506502415,47.35137482872716,24.63555335998535,1,0.4793501088215447,-0.04736390415015722,0.7159540684886865,0.09856415069773769,0.004869774207922023,0.9950713663076657,0.009714394010593562,0.4710845351219177,-0.04841125011444092,0.7164345383644104,0.10478340834379196,0.012240665033459663,0.99432373046875,0.013820016756653786,-0.11950116604566574,-0.011921803466975689,-0.13397547602653503,0.041710756719112396,1.5226908922195435,-0.10765951871871948,-0.1288507057788786,-0.03617510611855391,-0.10990050222706861,0.05164395348697533,1.511453035998957,-0.10197960473895301
89.803559,1785483620.852,-0.03877990320324898,0.05675999075174332,0.3620000183582306,-0.03680648493883096,0.06280007755086053,0.36074126786005895,0.7204177763928848,-0.03735889052853713,0.027126184690533118,0.6920019587109152,0.7186523516950839,-0.036553187016654005,0.01620559723066065,0.6942190148220145,47.4599699955948,47.31863961483373,66.30277633666992,1,0.48077481120970045,-0.047268462665478475,0.7158043314262857,0.09768265745842225,0.004524601553456738,0.9951547999777176,0.010224993591779353,0.47539469599723816,-0.04788273945450783,0.7162107229232788,0.10153806209564209,0.008391193114221096,0.9947276711463928,0.011683935299515724,-0.11939740180969238,-0.007849781773984432,-0.13784870505332947,0.04256298020482063,1.524363398551941,-0.10818258672952652,-0.12397301981214659,-0.02352210812253489,-0.12246019025847155,0.046461781907445356,1.517315860426591,-0.10494283239968441
89.881853,1785483620.985,-0.03927978128194809,0.05534651130437851,0.3630000054836273,-0.03704308638722971,0.061177705692254135,0.3609907123037745,0.7214497326572928,-0.04257086356341942,0.013079516122546203,0.6910332344266702,0.7192482930740326,-0.03782711108112219,0.015544003047612177,0.6935484024540775,46.642020657013774,47.12613623779097,66.4970874786377,1,0.4839096173485905,-0.046858013773006836,0.7155742075487431,0.09491437503562805,0.004317697537823845,0.9954027353203376,0.012083601133686724,0.47685062885284424,-0.0477224662899971,0.7161107659339905,0.10049503296613693,0.007342360448092222,0.9948464632034302,0.011289764195680618,-0.11931286752223969,0.002185462275519967,-0.14786827564239502,0.045627471059560776,1.530306100845337,-0.10822877287864685,-0.12273302698997003,-0.019274913666943196,-0.1266304052743608,0.045405208517288104,1.519225743258561,-0.10582080556976824
90.006536,1785483621.085,-0.03967253491282463,0.054561372846364975,0.3630000054836273,-0.03722494489744497,0.060013898219109026,0.3611830299942623,0.7224437505384036,-0.053540377383024654,0.002396249377608436,0.6893494855924739,0.7206487355942081,-0.04134795708212138,0.012579852545230004,0.6919519446042076,47.43309388456223,47.25426585039369,69.14734840393066,1,0.48634228695421716,-0.04649906419056634,0.7151981310406192,0.09445280249799763,0.0036094905860918577,0.9954305799479158,0.0135499144845729,0.47876405715942383,-0.04749292507767677,0.7159826159477234,0.09898272156715393,0.006523038260638714,0.9950012564659119,0.011505397036671638,-0.11945880204439163,0.008000129833817482,-0.15291279554367065,0.04858672246336937,1.530833125114441,-0.10965348035097122,-0.12180616324409638,-0.013459160300536366,-0.1323857637715295,0.04546544435805461,1.5222285201645773,-0.10647336435387275
90.084734,1785483621.185,-0.03967253491282463,0.05416879802942276,0.3630000054836273,-0.037384212301945795,0.05929554181427393,0.36128417559152887,0.721747885116999,-0.04218501152005908,0.021353688130669984,0.6905392350441859,0.7208570352452593,-0.04150348627789289,0.014207506722640489,0.6916941102228079,47.232766746212505,47.25047724496782,24.186134338378906,1,0.4880873149440773,-0.04622336522628635,0.7149082916022901,0.09395532606100658,0.0021154494628703177,0.9954047141768138,0.018367813503948238,0.4802047610282898,-0.047306787222623825,0.715847373008728,0.09812095761299133,0.005969953257590532,0.9950855374336243,0.011893738061189651,-0.12365332990884781,0.012816272675991058,-0.15705658495426178,0.05904751643538475,1.5325427055358887,-0.11625783890485764,-0.12136016455177663,-0.009381897838158532,-0.13628586675519247,0.046058488058097646,1.5238633951050515,-0.1070775862840512
90.162215,1785483621.252,-0.04006528854370117,0.053383659571409225,0.3630000054836273,-0.03764354585705859,0.0583484949272856,0.361408736390987,0.7217789576909621,-0.04217170483536351,0.02135525260584403,0.6905075211262859,0.7210554519326113,-0.04164514159290511,0.01572082469320762,0.6914460015727404,47.61953572883898,47.347749431085916,28.913259506225586,1,0.4891643369695822,-0.045982677548079214,0.7147557595124692,0.09272466758849236,0.0016442283880833736,0.9955391934220515,0.017353584476487046,0.4829155206680298,-0.04693003371357918,0.7155418992042542,0.09667962044477463,0.00465056300163269,0.9952046275138855,0.01411473099142313,-0.12162197381258011,0.01632249355316162,-0.16055980324745178,0.056461967527866364,1.534679651260376,-0.11525701731443405,-0.12214878320686584,-0.0017479612119639526,-0.1434287388950747,0.05052541971022476,1.5268482099622165,-0.11023467459015346
90.242629,1785483621.352,-0.04006528854370117,0.053383659571409225,0.3630000054836273,-0.03778699466487599,0.05788727046352449,0.36148361590034905,0.7162529876839759,-0.06204205219517345,-0.00705415975980339,0.6950414953247559,0.7201359525331782,-0.045794426444313883,0.011092666265778546,0.692231199189176,46.911002676004955,47.25878445902574,25.467634201049805,1,0.4905841239339754,-0.04559132711802339,0.714567874513036,0.09158226606206281,0.001196585933957956,0.9956615762245073,0.01640982495854314,0.48460838198661804,-0.04667370766401291,0.7153401970863342,0.09560492634773254,0.0038377416785806417,0.9952991008758545,0.014990309253334999,-0.11928172409534454,0.020450280979275703,-0.16461199522018433,0.05399449169635773,1.536557674407959,-0.11390121281147003,-0.1220060214929387,0.003149125562794874,-0.14807117622378993,0.052134226435209895,1.5289705305540178,-0.11159572921737103
90.381999,1785483621.419,-0.03838822990655899,0.05284511297941208,0.3620000183582306,-0.03789604059310455,0.05694453633481295,0.3615946292430198,0.7207942959375394,-0.05493158421225384,0.009293638863031294,0.6909064569654292,0.7202897876827558,-0.04995514339787297,0.008403724191790142,0.6918211349964215,47.58553476897615,47.35199413503147,71.3965892791748,1,0.491275519912989,-0.04537500110629166,0.7144550569682654,0.09176822273077985,0.003216535794767575,0.995523068379119,0.02240686321954065,0.4874071776866913,-0.04617270827293396,0.7149934768676758,0.09371929615736008,0.002600815612822771,0.9954721927642822,0.015656428411602974,-0.12482745200395584,0.022335046902298927,-0.16596975922584534,0.06652902811765671,1.537234902381897,-0.11470161378383636,-0.12072952617935699,0.011255714431288135,-0.15582122817489916,0.053005878769775215,1.5325255550910766,-0.11267598341957893
90.461156,1785483621.586,-0.03760489076375961,0.052453622221946716,0.3620000183582306,-0.03787164437719151,0.05659808116265902,0.36161822803644783,0.722099307655623,-0.059802117132773495,0.004739053159952672,0.6891834574660475,0.7205869530324198,-0.051540722826650016,0.00781385143089071,0.69140215557646,47.59117210168688,47.396007438883245,60.64653396606445,1,0.4926892162708676,-0.04520910009798962,0.7142874104800631,0.09061143007974866,0.003457936143273607,0.9955077691177318,0.02723771361126117,0.4884558916091919,-0.04595283791422844,0.7148462533950806,0.09318648278713226,0.0027686376124620438,0.9954912662506104,0.017484141513705254,-0.12903323769569397,0.027203166857361794,-0.1705746352672577,0.07650063186883926,1.5406723022460938,-0.11773080378770828,-0.12184006307159222,0.014258199653022703,-0.15857130066831976,0.056670657340500794,1.533801788206889,-0.11322492873319046
90.537009,1785483621.652,-0.03760489076375961,0.05206213518977165,0.3620000183582306,-0.037852387065515254,0.05623593328326344,0.3616386899909739,0.7195037857178171,-0.06992686566602385,-0.004788029641809612,0.6909425522921602,0.720410000911384,-0.05501293645970931,0.005435638285214663,0.6913417832341483,46.949811942768285,47.30472505328804,26.580810546875,1,0.49320892702043606,-0.04524484728511808,0.7142515605009471,0.08987161601436854,0.0031561452222054203,0.9955314380714578,0.028814704469719253,0.48990732431411743,-0.045689575374126434,0.7146523594856262,0.09229020774364471,0.0030136231798678637,0.9955096244812012,0.020834527909755707,-0.13057619333267212,0.029418008401989937,-0.1728108525276184,0.07976101338863373,1.5427030324935913,-0.11961767077445984,-0.12431379474152167,0.018709960704866694,-0.16269907539709558,0.06349019080288967,1.5361645579849716,-0.11477449870964279
90.708551,1785483621.719,-0.03877990320324898,0.052453622221946716,0.3620000183582306,-0.03794722484166224,0.055651859146321356,0.3616797793600234,0.710298509539754,-0.07287013894585173,-0.009228482425870134,0.7000577156975929,0.71719523725891,-0.06027941502609054,0.001492872562188417,0.6942587090622351,47.112541348326346,47.294913167080566,94.63930130004883,1,0.49375216839875,-0.04527285021478082,0.7142203989743796,0.0889944035227363,0.0037817209402983406,0.9954818622797684,0.032887027843305876,0.49162906408309937,-0.04545467346906662,0.7144405245780945,0.09101542830467224,0.0030947760678827763,0.9955309629440308,0.024995669722557068,-0.13459062576293945,0.03208174929022789,-0.17538242042064667,0.08816776424646378,1.545625925064087,-0.12176661193370819,-0.12758090452153986,0.02429635331793033,-0.16797403746903317,0.07197874173152766,1.5395757004053894,-0.11730119565627944
90.787637,1785483621.886,-0.037996556609869,0.05284511297941208,0.3620000183582306,-0.03795116832368718,0.055445802930881326,0.3617003343695738,0.7161695522108089,-0.066638267894122,-0.0025850899364938764,0.6947329206596308,0.7169805368581837,-0.061632492473271044,0.00062533373751082,0.6943629847535073,47.423644955982944,47.32696220662213,63.62175941467285,1,0.4946279981830031,-0.04512916491363068,0.7141580829846645,0.08788275519006104,0.008936438335139775,0.9953369853081478,0.03874334894887418,0.4923567771911621,-0.04538821801543236,0.7143597602844238,0.09030821174383163,0.003336189314723015,0.9955227971076965,0.027707457542419434,-0.13957616686820984,0.03566825017333031,-0.17869962751865387,0.09945321083068848,1.548958659172058,-0.11558022350072861,-0.12999154588277428,0.026973740835691602,-0.17052164516460863,0.0775461512432775,1.5416563726655157,-0.11883685201885451
90.927336,1785483621.986,-0.037996556609869,0.052453622221946716,0.3620000183582306,-0.03795549762918652,0.05516367850139782,0.3617251076460316,0.7147713409529199,-0.03789985704420139,0.025504720714559483,0.6978646288569625,0.7168205181140445,-0.055212666974722505,0.006367226484312309,0.6950391101536291,99.16575007652466,47.3033764378031,77.76141166687012,1,0.49493704654030085,-0.045122742079733685,0.7141269925893174,0.08749784901035106,0.009365881976475613,0.9953066671489577,0.04026220314635805,0.49341630935668945,-0.04526110365986824,0.7142526507377625,0.08916434645652771,0.005967844743281603,0.9954561591148376,0.032879870384931564,-0.14095439016819,0.036941979080438614,-0.179894357919693,0.10250432789325714,1.5501008033752441,-0.11584380269050598,-0.1344825041196932,0.031047613648786835,-0.1743532727228611,0.08781090999670875,1.545077924728735,-0.11731092896533658
91.018628,1785483622.119,-0.03877990320324898,0.05167064443230629,0.3620000183582306,-0.038006263254115866,0.05490267642477681,0.36173655455839665,0.7054310105572862,-0.04531720581880287,0.018568813724552626,0.7070846055160339,0.7143198788296594,-0.05301445492766081,0.009081087266457741,0.6977493189760652,24.95764544505375,33.72840517631715,26.91364288330078,1,0.49536019077298976,-0.04511555508645732,0.7140894789641442,0.08820187742564223,0.008816600775997782,0.995559957610591,0.031671235715500144,0.494038462638855,-0.04520068317651749,0.7141958475112915,0.08847898989915848,0.007364212069660425,0.9954035878181458,0.035902149975299835,-0.13195034861564636,0.0360507108271122,-0.17942601442337036,0.08427643775939941,1.5463171005249023,-0.10922320932149887,-0.13713280346024193,0.03346139454008838,-0.17662212179225587,0.0938280222889886,1.5471348437632668,-0.11671012560978294
91.138579,1785483622.186,-0.038101520389318466,0.05024310573935509,0.3630000054836273,-0.03801284031355546,0.05423421873645875,0.36186184673371036,0.7076102858095874,-0.028073851574908007,0.02719686180517852,0.7055209940052629,0.7123369996658535,-0.045351277571504006,0.014652636787375089,0.7002175096103064,24.991006962575195,27.641629788297184,26.1533260345459,1,0.4957515567028512,-0.04503877229871161,0.7140720087745523,0.08791917115803688,0.012006844455562127,0.9956691474716228,0.027730917803701828,0.494396448135376,-0.04517913609743118,0.7141644954681396,0.08839909732341766,0.007756456732749939,0.9954484105110168,0.03475577011704445,-0.12720800936222076,0.036604709923267365,-0.180275097489357,0.07506158202886581,1.5456770658493042,-0.09862879663705826,-0.1357283563494826,0.03416308475664834,-0.17738177929933285,0.09123955053458321,1.5469132353456703,-0.11468117098189233
91.216428,1785483622.286,-0.037213217467069626,0.04971320927143097,0.3620000183582306,-0.03795325822008186,0.053781901481232484,0.36186930350874164,0.7117166126358411,-0.01231292393877098,0.04345779133939446,0.7010130352383926,0.7123019536736797,-0.03617288876451453,0.022665458352594932,0.700573854713945,26.678442911644428,27.162929865893332,26.531219482421875,1,0.4967540674393603,-0.04502722573555337,0.7138832303250089,0.08961673268748396,0.013893328251933205,0.9957154806118328,0.018069264579690446,0.4947609603404999,-0.04514307528734207,0.7141328454017639,0.08825115859508514,0.008908489719033241,0.9955165386199951,0.0328516885638237,-0.116755411028862,0.035719823092222214,-0.17908993363380432,0.054158374667167664,1.5392192602157593,-0.08580458909273148,-0.13341934093295946,0.034824753966991286,-0.17816571581287083,0.08685532682118462,1.5465782334121552,-0.11033097728762238
91.256939,1785483622.353,-0.03760489076375961,0.04971320927143097,0.3620000183582306,-0.03793547598282225,0.05344744199006674,0.36187575030793423,0.7080679780434898,-0.010793034603998594,0.04484516864406325,0.7046361896203789,0.7111641629291128,-0.028843458395947506,0.029077248826945075,0.7018319612797291,26.691659113278803,26.961332066260432,23.535728454589844,1,0.4974326760645491,-0.0451155064772409,0.7138714390522447,0.0907212459930006,0.012557920829490376,0.9957790444429682,0.00600406513682298,0.4954353868961334,-0.04510754719376564,0.7140166759490967,0.08864980190992355,0.010637843050062656,0.9956190586090088,0.027760911732912064,-0.1042923852801323,0.034829821437597275,-0.178239107131958,0.028465699404478073,1.5343388319015503,-0.07754741609096527,-0.12768861372115187,0.03513255229617477,-0.17848333769514493,0.0756108527026051,1.5440474825299144,-0.10189635200413062
91.419461,1785483622.419,-0.037213217467069626,0.04893023148179054,0.3620000183582306,-0.03787207482033272,0.052661544624310094,0.3618893158815401,0.7060420869265956,-0.01756142992418773,0.039037808383365964,0.7068749657357933,0.7082882703810051,-0.02389377418408191,0.03334061663514321,0.7047305987952508,25.464792865283354,26.083180711930787,68.41588020324707,1,0.497934399092874,-0.04514137158329524,0.7138613360791326,0.09157554504882738,0.012948101214426402,0.9957065598628339,-0.003835735923157774,0.4961008131504059,-0.045117225497961044,0.7139036059379578,0.08924483507871628,0.011323857121169567,0.9957391023635864,0.02026788890361786,-0.0938716009259224,0.03406684473156929,-0.1772797703742981,0.00712148891761899,1.530576467514038,-0.067495197057724,-0.11964264941499764,0.03502842726386452,-0.1783991325013546,0.05939764135342687,1.5407086775788201,-0.09352275247789008
91.460974,1785483622.586,-0.03682154789566994,0.04893023148179054,0.3620000183582306,-0.037802622082067014,0.052405871451091844,0.3618941147173512,0.7079527337772775,-0.014961003000353483,0.041871539314100856,0.7048587584204159,0.7082284068667519,-0.022066032708065866,0.035086833472779556,0.7047655837399854,25.811176957580642,26.00500394047451,24.281024932861328,1,0.49911337852720333,-0.04523457501976564,0.7138399581308307,0.09218076308009708,0.01612962745362721,0.9955528022334476,-0.010824047362635153,0.49670448899269104,-0.04513261094689369,0.7138122916221619,0.0899055153131485,0.011914015747606754,0.9958071708679199,0.011966682970523834,-0.08618279546499252,0.03545878082513809,-0.17844434082508087,-0.008669066242873669,1.5280932188034058,-0.05421815067529678,-0.11077998506187824,0.034697723647306215,-0.17801397816500683,0.041419878104088,1.5372242105375415,-0.08457187561349538
91.538499,1785483622.653,-0.03682154789566994,0.04971320927143097,0.3620000183582306,-0.037745093326812536,0.052279839551207866,0.36189861309245036,0.7079940013366951,-0.011972446957132035,0.04396505634923423,0.704746925076884,0.7081925734856794,-0.020089200501524605,0.03682641224848151,0.7047719618740839,26.495040714830367,26.112961038669113,28.284072875976562,1,0.49949704860818195,-0.04533813623266674,0.7138323962989035,0.09228910357578911,0.015859684868617045,0.9955166240254145,-0.01333578067032239,0.49733659625053406,-0.04516961798071861,0.713759183883667,0.0903964713215828,0.013080867007374763,0.9958031177520752,0.005780547391623259,-0.08371444046497345,0.036002013832330704,-0.178899884223938,-0.01406018901616335,1.527458906173706,-0.052562955766916275,-0.10411414723961346,0.0349039574288227,-0.17813043792248387,0.027845777940313593,1.5347497117775908,-0.07634601561889172
91.647979,1785483622.72,-0.03682154789566994,0.04971320927143097,0.3620000183582306,-0.03769650650618958,0.052166150754106515,0.36190279793036473,0.7080168080714321,-0.010881276116248626,0.045345102371388765,0.7046542549430544,0.7081683670797613,-0.01837987270501681,0.038408452274116225,0.7047584940536998,26.14499768715047,26.120158466869647,25.516748428344727,1,0.49968622880390257,-0.04542412348605832,0.713825455858764,0.09250843543940976,0.015539864419673534,0.9954630167758145,-0.015940019384095325,0.49790677428245544,-0.045222848653793335,0.713736891746521,0.09082493185997009,0.013849670067429543,0.9957703948020935,0.0005929107428528368,-0.08116590231657028,0.03600109741091728,-0.17875194549560547,-0.01961965300142765,1.5265580415725708,-0.05091864615678787,-0.09858582671801679,0.03520151560901947,-0.17833875816251177,0.016489264556620437,1.5327739034589378,-0.06990080569290352
91.754563,1785483622.786,-0.03682154789566994,0.04971320927143097,0.3620000183582306,-0.03762226869261242,0.051913965950467766,0.36191241961474635,0.7073242734947216,-0.033144755342911496,0.023159565637908507,0.7057318413093505,0.7080201859716763,-0.019848975500384166,0.03669661167365957,0.7049587173160501,25.322621578406256,25.49774945725496,78.05752754211426,1,0.4998568732691728,-0.0454967277267638,0.7138190065534987,0.09264363308283174,0.015237539732723368,0.9954155364705483,-0.018245119488729263,0.49862411618232727,-0.04531276971101761,0.7137346267700195,0.09143951535224915,0.014556597918272018,0.9956851005554199,-0.006182905286550522,-0.07889633625745773,0.03605093061923981,-0.17867997288703918,-0.024558808654546738,1.525901436805725,-0.0494949109852314,-0.09145219500336929,0.03552890668719167,-0.1785073614885897,0.0017023098138305138,1.5302284458578514,-0.06212741912162469
91.880935,1785483622.953,-0.03682154789566994,0.05010470002889633,0.3620000183582306,-0.03756456371553913,0.05173764189938898,0.3619194181898422,0.7098525296990094,-0.010631437433791592,0.04492296956221501,0.7028358879736583,0.7083501967016996,-0.01690835625474278,0.03933268679617081,0.7045615984928646,24.557259569235466,25.35986377488926,65.9632682800293,1,0.5002353162163545,-0.04560747211534499,0.7138042120515041,0.09276969991065201,0.015782436219512468,0.9954331891486564,-0.01604566691663971,0.4991947114467621,-0.04540366306900978,0.7137545347213745,0.09196317940950394,0.014882084913551807,0.995580792427063,-0.011838028207421303,-0.08133719116449356,0.03695083037018776,-0.17963333427906036,-0.019822031259536743,1.525949239730835,-0.05059961602091789,-0.08556903780347588,0.03577345344502679,-0.17858755518500433,-0.01060256759985409,1.528200986823396,-0.05620834061447699
92.037403,1785483623.087,-0.03682154789566994,0.04971320927143097,0.3620000183582306,-0.037469557074073796,0.05154954598434183,0.36192578298839173,0.7075197274965328,-0.028671203058282975,0.027621922112678804,0.7055712768652249,0.7086292589715273,-0.01980797400349538,0.03636223468325771,0.7043649660397517,25.307905331596423,25.344432758540513,86.84468269348145,1,0.5004999317793374,-0.04569360127691352,0.7137934577011025,0.09306287787904136,0.014748190570506981,0.9953524928332398,-0.019879804989539587,0.49973878264427185,-0.04551013931632042,0.7137787938117981,0.09237685799598694,0.015354311093688011,0.9955068230628967,-0.01403587032109499,-0.07757001370191574,0.036895327270030975,-0.179352268576622,-0.02791038528084755,1.5246831178665161,-0.04929884523153305,-0.08336127512605196,0.036387637216799884,-0.17913239006015935,-0.01541238606053164,1.527026243384791,-0.053282247896071874
92.16827,1785483623.22,-0.037213217467069626,0.049321722239255905,0.3620000183582306,-0.03745032566082706,0.051369228701287496,0.3619301818451701,0.7061424775618016,-0.012904675886161074,0.043703710498356065,0.7066019080159843,0.7081121379173557,-0.018354196681696786,0.03790882681087919,0.7048427090125173,25.463381652676098,25.373445327397974,18.12887191772461,1,0.5007822956103677,-0.045835654915323154,0.7137836172802953,0.09303320094467754,0.014968606090684337,0.995426343045133,-0.015721320729585667,0.5000916719436646,-0.04559840261936188,0.7137844562530518,0.09269129484891891,0.015069892629981041,0.9954395294189453,-0.016773996874690056,-0.08219651132822037,0.03791496530175209,-0.18053707480430603,-0.01881965436041355,1.5253580808639526,-0.05304339900612831,-0.0806477327411348,0.036625466258082,-0.17923471397198776,-0.02126843327825876,1.5259283508350736,-0.05141578511986482
92.210602,1785483623.32,-0.037213217467069626,0.04971320927143097,0.3620000183582306,-0.03743888114654876,0.05129826038641157,0.3619330077528915,0.7080246267923309,-0.011949454142883077,0.043986562768626745,0.704715205382337,0.708102794343409,-0.017418293344233133,0.038797214974719774,0.7048275050040509,26.483645761794506,25.635789523511587,30.414104461669922,1,0.5010528117786143,-0.045864065724048865,0.7137767800195224,0.09300680525941832,0.015382523287154023,0.9953853733082563,-0.01791844738643039,0.5003295540809631,-0.04568098485469818,0.7137837409973145,0.09280985593795776,0.015034783631563187,0.9954350590705872,-0.016411708667874336,-0.07984192669391632,0.03838792443275452,-0.18093907833099365,-0.02371424436569214,1.5251103639602661,-0.05009254440665245,-0.0811803608767393,0.03706888360311345,-0.179682055002578,-0.02042629650399822,1.525732234992005,-0.051975518702950446
92.338698,1785483623.387,-0.03642987459897995,0.04971320927143097,0.3620000183582306,-0.03737712454813524,0.05123148574564262,0.3619357179564935,0.7089877883955606,-0.025699944279229864,0.02105525718367057,0.7044377225241033,0.7082731720145857,-0.01883285111154654,0.03576884848680533,0.7047801267071422,25.27244553856401,25.562287938564772,19.82402801513672,1,0.5011592880260395,-0.04588106012699092,0.713772444831747,0.09306528966223515,0.01520655764992606,0.9953588059374137,-0.0191953095148232,0.500577986240387,-0.045744359493255615,0.7137809991836548,0.09287650883197784,0.015154064632952213,0.9954183101654053,-0.016930056735873222,-0.07854582369327545,0.03847336024045944,-0.18096141517162323,-0.026447255164384842,1.5247890949249268,-0.04928119480609894,-0.08072007752151841,0.03752246271173893,-0.1801138348786937,-0.021557020183385806,1.52551837354419,-0.051327961158328356
92.367196,1785483623.454,-0.03682154789566994,0.04971320927143097,0.3620000183582306,-0.03734321026839879,0.05113941286360998,0.36193952192841766,0.7075810151598098,-0.008343925401961374,0.038609735981279765,0.705527302222781,0.7081347841317517,-0.016629832296966927,0.03636593207091096,0.7049440369029772,25.42016597073483,25.526563613774314,24.08456802368164,1,0.5012595949054098,-0.0459735327076797,0.7137682589986187,0.0941413616919232,0.015478650934114848,0.9953092982134706,-0.016037963519697548,0.5007363557815552,-0.04578257352113724,0.7137788534164429,0.0929262787103653,0.015167581848800182,0.9954028725624084,-0.017542848363518715,-0.08209839463233948,0.03772807866334915,-0.18006746470928192,-0.019414221867918968,1.5228264331817627,-0.051917001605033875,-0.08013085813684137,0.03778012413586089,-0.18034311306556705,-0.022882272730779748,1.5253207390383696,-0.050773285276055895
92.508083,1785483623.554,-0.03682154789566994,0.04971320927143097,0.3620000183582306,-0.03731328736636646,0.051025564595077205,0.36194427935075785,0.7075839120909135,-0.00833290022859501,0.03886892888266315,0.705510295099521,0.7077754474865715,-0.015030718430550741,0.0364820324181658,0.705334711147328,25.765149818922257,25.60634430857177,75.06084442138672,1,0.5013977807491818,-0.04602418038046221,0.7137624168907989,0.09531036715351338,0.015432199284914926,0.9951651259707008,-0.01800425477525654,0.5010079741477966,-0.04588162153959274,0.7137719988822937,0.09356071054935455,0.015329454094171524,0.9953544735908508,-0.016756152734160423,-0.08019733428955078,0.036585427820682526,-0.17855791747570038,-0.02352658100426197,1.5198915004730225,-0.05026739835739136,-0.08115733448598964,0.03775290968980755,-0.18019849399177332,-0.02107297760853803,1.5240194519406296,-0.051369961327252626
92.619325,1785483623.687,-0.03603820130228996,0.049321722239255905,0.3620000183582306,-0.0371917078261963,0.05089747548442058,0.3619475752086842,0.7064371877313297,-0.017564760302925912,0.010555354637489743,0.7074790198120559,0.7075141145848304,-0.015607031531656145,0.030597007395059574,0.7058640247019817,25.234387807362197,25.507038400600976,65.0491714477539,1,0.5015686188160802,-0.04606878806329536,0.7137551194502529,0.0963761637177269,0.015801241884058407,0.9950332775405005,-0.01925441271461756,0.5011142492294312,-0.045920539647340775,0.7137694954872131,0.09403488785028458,0.015357056632637978,0.9953036904335022,-0.017094137147068977,-0.07897847145795822,0.03568525239825249,-0.17733043432235718,-0.026188122108578682,1.5173101425170898,-0.048382606357336044,-0.08089717725673091,0.03743649526450392,-0.17975354758988002,-0.021737903096835313,1.522900777092908,-0.051071164909509456
102.926249,1785483634.028,-0.03658483922481537,0.04005686566233635,0.2939999997615814,-0.03653807343362151,0.04192684697381234,0.29217534312259075,0.7283461113230199,-0.0421421063633807,0.017702566114294882,0.6836831167616044,0.7252541365348197,-0.04372625592070185,0.013237680152338015,0.686963766006967,25.65694002988251,25.04115046361224,29.346942901611328,1,0.5015686188160802,-0.04606878806329536,0.7137551194502529,0.0963761637177269,0.015801241884058407,0.9950332775405005,-0.01925441271461756,0.501570999622345,-0.04606964439153671,0.7137560248374939,0.09637205302715302,0.015800191089510918,0.9950337409973145,-0.019252870231866837,-0.07897847145795822,0.03568525239825249,-0.1773304045200348,-0.026188122108578682,1.5173101425170898,-0.048382606357336044,-0.07897848502801753,0.035685134955748155,-0.17732891990659,-0.026188120035020097,1.5173101425170907,-0.04838259817629929
103.034296,1785483634.095,-0.03670928254723549,0.040193114429712296,0.29500001668930054,-0.03657302188050763,0.04173746531080681,0.2925306472337817,0.7268596636068758,-0.03750690826429733,0.02132438651125667,0.6854294506319898,0.7257032602289571,-0.043260360039404554,0.01442163453338304,0.6864949641473777,25.94923698580574,25.189469290201668,63.689470291137695,1,0.5018073213093082,-0.04607342875268783,0.7136788695732571,0.09593558698414255,0.01485015611674841,0.9950703466854754,-0.02026921706834835,0.501570999622345,-0.04606964439153671,0.7137560248374939,0.09637204557657242,0.015800191089510918,0.9950337409973145,-0.019252868369221687,-0.0779557153582573,0.03659128025174141,-0.17814719676971436,-0.02826639637351036,1.5179702043533325,-0.049375489354133606,-0.0789784850280201,0.03568513495561856,-0.1773289043567559,-0.02618812003506636,1.5173101425170907,-0.04838259817623377
103.192061,1785483634.262,-0.036070920526981354,0.040512144565582275,0.29500001668930054,-0.03649144325710218,0.041646208188151845,0.29280570728537514,0.7238635071623534,-0.04388070541711132,0.024264283500396628,0.6881187043213739,0.7253366079822369,-0.04222818924751242,0.01973525170073165,0.6868144618410477,24.240186602836417,24.908566950004253,72.47591018676758,1,0.5021897118484507,-0.0460509944701197,0.7132090166465276,0.09544321968493853,0.014267131204917856,0.9951009043797309,-0.021476286596990694,0.5016968250274658,-0.04607390984892845,0.713716447353363,0.09614291042089462,0.015303105115890503,0.9950533509254456,-0.019780054688453674,-0.07658889889717102,0.03764055296778679,-0.17821826040744781,-0.030886270105838776,1.5178436040878296,-0.04928034171462059,-0.07844491055746707,0.03615780967786865,-0.177754983199438,-0.027272362251730537,1.5176544988232497,-0.048900588094033116
103.473821,1785483634.528,-0.03770478442311287,0.04193846136331558,0.30300000309944153,-0.036575495859563364,0.0415648796529408,0.2964409010876382,0.7233886297736305,-0.025634602981798982,0.04079159220892037,0.6887581603503918,0.724526383210252,-0.03954455017635545,0.020188958175874933,0.687815494556057,24.904223058187306,25.143732011524886,73.50301742553711,1,0.5021897118484507,-0.0460509944701197,0.7132090166465276,0.09544321968493853,0.014267131204917856,0.9951009043797309,-0.021476286596990694,0.5020899772644043,-0.04605777561664581,0.7133145928382874,0.0955849215388298,0.014478598721325397,0.9950917959213257,-0.021124161779880524,-0.07658889889717102,0.03764055296778679,-0.17821826040744781,-0.030886270105838776,1.5178436040878296,-0.04928034171462059,-0.07697104775477702,0.03733517091858836,-0.17812160564745064,-0.030142197976796216,1.5178046689908202,-0.04920214679903111
103.55025,1785483634.662,-0.03732724115252495,0.0432966984808445,0.30800002813339233,-0.0366171515790005,0.04175631674246987,0.29963526624424713,0.7235509767428545,-0.043139916852730775,0.014556631287500605,0.6887677664597557,0.7243362026208181,-0.04025555628415137,0.019075433502313503,0.6880063107252762,23.965810867494387,24.856111919681062,25.16484260559082,1,0.5029966090061572,-0.046077690394047105,0.7091942511234092,0.09532607219231475,0.015056401161570187,0.9950407124050112,-0.024087868336063172,0.502125084400177,-0.04605628177523613,0.7132788300514221,0.09553523361682892,0.014405030757188797,0.9950950741767883,-0.02124403975903988,-0.07366415858268738,0.037297170609235764,-0.16864506900310516,-0.03684172406792641,1.5086443424224854,-0.0446782261133194,-0.07683963191317217,0.037440150336762644,-0.17815430948012362,-0.030398084306482165,1.5178180587706818,-0.04922903505501887
103.627563,1785483634.729,-0.0364617183804512,0.04318415746092796,0.31200000643730164,-0.036608102579535395,0.041879654656525496,0.3033254968141236,0.7276181747245316,-0.0502347796353823,0.026864241500750126,0.6836128811353067,0.7249704093131035,-0.04215226932752732,0.020555641834927904,0.6871816043810289,25.74243226034537,25.05672735102734,25.588512420654297,1,0.5036240565125792,-0.04622616379775932,0.7044371976733206,0.09559599236656131,0.015254941862100049,0.9950425527402731,-0.022781817933544158,0.5023651123046875,-0.0460631288588047,0.7121712565422058,0.09547595679759979,0.014588267542421818,0.99508136510849,-0.022014522925019264,-0.07525816559791565,0.03614535555243492,-0.15670767426490784,-0.03397225961089134,1.4974430799484253,-0.04539461061358452,-0.07597908097438807,0.037401386003183976,-0.17557708925866858,-0.032144310767930145,1.5153319816403203,-0.047995764621052976
103.751133,1785483634.795,-0.03681887686252594,0.044777002185583115,0.32100000977516174,-0.036620863894128955,0.04234114759188589,0.3114796580456393,0.7228405760381343,-0.031906558063320795,0.02502739083586566,0.689823965148616,0.7244887237274545,-0.039793410318853424,0.021585638960769656,0.6877983962453058,25.008690459392575,25.044977409379257,25.692462921142578,1,0.5044901083582306,-0.046486892042861966,0.6989730929435874,0.09320743983460028,0.014224505773243846,0.9952891254577945,-0.022574174191875154,0.5028132796287537,-0.04612173140048981,0.7095150351524353,0.09551537781953812,0.014822893775999546,0.9950681924819946,-0.022280069068074226,-0.0758395567536354,0.038208890706300735,-0.14701411128044128,-0.033557407557964325,1.4904571771621704,-0.0477302260696888,-0.07573116262915167,0.03696940198582018,-0.16908745164115827,-0.03277294262652133,1.5091799883484773,-0.04710122523984877
103.912223,1785483634.895,-0.03474270924925804,0.045813966542482376,0.33100003004074097,-0.03630186775998946,0.04310155860249592,0.3230154885478833,0.7209810962962577,-0.042929039650096146,0.015466120192236999,0.6914507614171569,0.723211343563274,-0.043059227901500366,0.01573982420360427,0.6891034126805426,25.248113985171813,25.12902100028102,101.59945487976074,1,0.5061272290254583,-0.04700705770034857,0.6868432906969548,0.0941762451159378,0.015121714278504053,0.9951289012099883,-0.024912619086385323,0.5036276578903198,-0.046293966472148895,0.7045790553092957,0.09443119913339615,0.014546342194080353,0.9951726198196411,-0.022418899461627007,-0.07423093914985657,0.03554899990558624,-0.11668218672275543,-0.03869295120239258,1.4606471061706543,-0.04327556490898132,-0.07578195724781013,0.03755013429121845,-0.15874427904279753,-0.03314051101276365,1.5004072466618328,-0.04739594629840403
104.00333,1785483635.062,-0.034437645226716995,0.04636760801076889,0.33500000834465027,-0.036144105077565,0.043421084805077836,0.3272893762414899,0.7179385722586284,-0.06315613675752157,-0.0036297233092711456,0.6932260338171131,0.7221805145642222,-0.047175932756838325,0.011775952830966585,0.6899935236559837,25.891563308668918,25.294632636791327,27.763843536376953,1,0.5082685738945137,-0.04824392875874716,0.6696725489549459,0.09592666631494408,0.016590112676458824,0.9950807977790476,-0.018358887289219382,0.5048559904098511,-0.04667503386735916,0.6967897415161133,0.09451459348201752,0.014878300949931145,0.9951550960540771,-0.022626448422670364,-0.08333983272314072,0.033124346286058426,-0.07574690878391266,-0.02401985600590706,1.419250249862671,-0.04868009313941002,-0.07615945083023125,0.0366194823774368,-0.14018563992247932,-0.033582685633141776,1.4825940487161182,-0.046519400212857796
104.142312,1785483635.229,-0.032852690666913986,0.047751717269420624,0.3450000286102295,-0.03532178815834093,0.04433844714449618,0.33811672373049,0.7148734933643587,-0.084974437920619,-0.04372208893020709,0.6926930144910456,0.7195400738404946,-0.06060759871023749,-0.006786748092330438,0.6917678376207768,27.91086535708707,26.381701173404167,67.75927543640137,1,0.5099694231229819,-0.04979457919328125,0.65505127369789,0.09426949091756205,0.017972343872561768,0.9952925288707833,-0.013529224363249144,0.5068441033363342,-0.04750443622469902,0.6826726794242859,0.09524369984865189,0.01569843478500843,0.9951210618019104,-0.020403632894158363,-0.09108322858810425,0.03548614680767059,-0.04618445783853531,-0.013386007398366928,1.391191005706787,-0.053840652108192444,-0.07990548582170975,0.034796006774552087,-0.10656716353068983,-0.028593727327988257,1.449547392488498,-0.04764663687568594
104.235929,1785483635.329,-0.03247837722301483,0.04792792350053787,0.3490000069141388,-0.03499837025368175,0.044760725499938425,0.34248516953603,0.7192672559457135,-0.04918581375705243,0.01020481522586514,0.6929150250900799,0.7194779070240813,-0.05655761284545838,-0.0007577922980233852,0.6922082081890562,26.856986801257484,26.50691644468167,27.721166610717773,1,0.5106888951813696,-0.05069689720834865,0.6471595541375283,0.09904770480123501,0.019509780871131373,0.9948387572503474,0.010235609241879457,0.5081073641777039,-0.0482935756444931,0.6731923222541809,0.0948965772986412,0.01637750305235386,0.9951889514923096,-0.018040740862488747,-0.11769558489322662,0.032619133591651917,-0.024811457842588425,0.04042811691761017,1.3675850629806519,-0.08276102691888809,-0.08374951422329642,0.03503332537488921,-0.08580133492608358,-0.023363791631565333,1.4294786310742678,-0.04977675741811185
104.31341,1785483635.429,-0.03208675608038902,0.04885900020599365,0.3530000150203705,-0.03476394216054335,0.04516686163298441,0.34588361842279447,0.7210230937236094,-0.04784950243834537,0.01063152384536215,0.6911751544538935,0.719871387008128,-0.054419713806145686,0.002039778305625624,0.6919678606848119,27.945068101020297,26.8656020115326,27.399063110351562,1,0.5112921841103379,-0.051463910880818864,0.6406310194218373,0.09776883713183568,0.020262121605652,0.9949979928593573,0.003113698729295185,0.5091254115104675,-0.04907401278614998,0.6641499400138855,0.09611205011606216,0.017023932188749313,0.9951907396316528,-0.008251773193478584,-0.11162126809358597,0.03366788476705551,-0.011813770048320293,0.024477461352944374,1.3545005321502686,-0.07381977885961533,-0.09542356850965443,0.034203062187400796,-0.0648266861913472,-0.0014257519730962783,1.4081934330068733,-0.061120046412811976
104.391414,1785483635.496,-0.03197426721453667,0.04927423223853111,0.35600000619888306,-0.03456383933068348,0.04555394401061615,0.3490480740390489,0.7184995050928572,-0.07390344720292044,-0.023647286145623926,0.6911856100432004,0.7195826229280033,-0.059560170275944825,-0.004729861533852269,0.6918316726680169,27.483896684039802,26.989135293174165,27.484655380249023,1,0.5116480862480641,-0.052032053414168625,0.6355289019141508,0.09735488845708648,0.02000699456193684,0.9950485330167318,-0.0004034889802347237,0.5100048184394836,-0.04988560825586319,0.6560577154159546,0.09664547443389893,0.01798379234969616,0.9951470494270325,-0.004322612192481756,-0.10910644382238388,0.03396454453468323,-0.000931259011849761,0.01685611717402935,1.3434656858444214,-0.0710979625582695,-0.10099395821647114,0.03401899353828673,-0.04659533696018539,0.007482366260956927,1.3897284444022868,-0.06548748332205123
104.469662,1785483635.562,-0.03155451640486717,0.049827877432107925,0.36000001430511475,-0.0342475254384462,0.046108357484432275,0.35334606270858515,0.721461025237141,-0.06593659418965586,-0.007039184755668805,0.6892726633839599,0.7201196903912696,-0.06136972158769328,-0.005385123340283879,0.6911095348999614,28.312976890458987,27.405027683955787,19.69599723815918,1,0.5119672538384512,-0.052533512925952625,0.6307744418780198,0.09837254183545388,0.01964938186411736,0.9949232206838596,0.00803304109575747,0.5106762051582336,-0.05062604695558548,0.6490046977996826,0.09688222408294678,0.018631385639309883,0.9951170086860657,-0.002967687789350748,-0.11892501264810562,0.03397401422262192,0.009851987473666668,0.036327045410871506,1.3325275182724,-0.08455608040094376,-0.10378384221477036,0.03400025013067015,-0.03089128517542952,0.010706002290437331,1.373818681734237,-0.06741692625378043
104.609888,1785483635.663,-0.031424716114997864,0.05102824792265892,0.3630000054836273,-0.033974107410279036,0.04696527874562932,0.35752337832668624,0.7247535395690299,-0.0511652765843521,0.007629067379982568,0.6870634750043996,0.7213037378008685,-0.06034643637519434,-0.006361187053806846,0.6899556223052155,29.48851959139344,28.10772679215927,67.29555130004883,1,0.5123563676851802,-0.05328026436752557,0.624311373155817,0.09752728747530925,0.018670677563035455,0.9950102635362155,0.009716452780558396,0.5113659501075745,-0.05150994658470154,0.6404512524604797,0.09753870964050293,0.018980681896209717,0.9950482845306396,0.0022103190422058105,-0.12214095145463943,0.03554708883166313,0.022367356345057487,0.040536195039749146,1.3206627368927002,-0.09087096899747849,-0.11087837299958644,0.03398792632663999,-0.011800372289785024,0.022710978795603194,1.3544713354737221,-0.07544762985552421
104.729006,1785483635.796,-0.030808020383119583,0.05091466009616852,0.36500000953674316,-0.03372512955119572,0.047271530664013364,0.35931462078441534,0.7213289140334517,-0.07115066425828219,-0.003328036225693028,0.6889202456959782,0.7213166282892333,-0.06261689934897652,-0.005724028755223342,0.6897453741520718,27.36063854847319,27.93573871801025,27.107954025268555,1,0.5122679902920471,-0.05394350375075305,0.6179368036217048,0.09892740005866421,0.017012116807103947,0.9949027783695367,0.009613479700457634,0.5119621157646179,-0.052555061876773834,0.6308151483535767,0.09777115285396576,0.018411923199892044,0.995019793510437,0.0061247628182172775,-0.12378378212451935,0.03366682305932045,0.03867999464273453,0.041470348834991455,1.3035612106323242,-0.09662831574678421,-0.11706623129173048,0.034444077785816256,0.009124601445816321,0.03218794286476223,1.333583994797876,-0.0845879289026753
104.829396,1785483635.963,-0.030182668939232826,0.051987435668706894,0.367000013589859,-0.03316642422318337,0.04812696576599213,0.3624708509766716,0.7259139058627863,-0.03713602566206723,0.03736482227945529,0.6857651106093725,0.7238156058385284,-0.05098043827101293,0.015015396997286162,0.687943676118411,26.720959843279683,27.17117558609166,65.03677368164062,1,0.5121811967615063,-0.05504173412060534,0.6118140193710566,0.09286965045823108,0.015647456759563753,0.995551239474823,-0.0028486314024800535,0.5121512413024902,-0.05320562422275543,0.6247802972793579,0.0983041301369667,0.01772323250770569,0.9949682354927063,0.007769303396344185,-0.11285252869129181,0.038675736635923386,0.045668791979551315,0.01275190245360136,1.300782561302185,-0.08367940783500671,-0.12021379550576065,0.03407983238969421,0.02297354015876477,0.03653731230725038,1.3195165490720495,-0.09022955863551897
104.969719,1785483636.029,-0.030182668939232826,0.052781227976083755,0.367000013589859,-0.03297265937241527,0.048572415658775736,0.36308818027976464,0.7244922764301068,-0.05742968541949023,0.017792624797354373,0.6866558054284262,0.7239764227750523,-0.05248172048996752,0.015661859626091644,0.6876470856720794,25.83743701214789,26.840258541190614,29.001235961914062,1,0.5119236689713167,-0.05544849238017427,0.610374066045424,0.09077010432686056,0.015050025936359809,0.9956810915746162,-0.012387443666342847,0.5121455788612366,-0.05434032529592514,0.6170874238014221,0.09476245939731598,0.01651903986930847,0.9953628778457642,-8.61107837408781e-05,-0.10385844111442566,0.03948062285780907,0.04776470363140106,-0.008871106430888176,1.3002766370773315,-0.07203982770442963,-0.11431243366635084,0.03685023865089223,0.03629780396508481,0.018882379383590723,1.3087508031469306,-0.08428751131865043
105.064439,1785483636.096,-0.029070423915982246,0.05252706632018089,0.3680000305175781,-0.03250911443758707,0.04907907944123192,0.3642103308380328,0.7301965025460279,-0.04904407212904602,0.017174571349436552,0.6812582335337408,0.7253009306646888,-0.047873155559640314,0.021547910653597915,0.6864272783770785,26.182294439807713,26.387948085389205,61.62381172180176,1,0.5114338214768702,-0.05576462077665084,0.6093500980146748,0.08924615650565872,0.01470419614974048,0.9958308992221231,-0.011820757971262441,0.5120689868927002,-0.054724302142858505,0.6147571802139282,0.09335830807685852,0.016049841418862343,0.9954938888549805,-0.004311661701649427,-0.10510599613189697,0.04013150557875633,0.049037832766771317,-0.007689623162150383,1.3014872074127197,-0.07420000433921814,-0.11071730536365253,0.037754775219555954,0.04024172452192568,0.009337965936412004,1.3058365374355956,-0.08007553081372398
105.173113,1785483636.23,-0.02875017374753952,0.05187169089913368,0.36900001764297485,-0.0319710810427208,0.049379236667202904,0.365192035988182,0.7284726214358768,-0.05053827326407525,0.016211424837668662,0.683015894733468,0.7259489188541784,-0.05001345260973744,0.019922616781128746,0.6856383238363324,26.280938311452058,26.346193185312053,70.15037536621094,1,0.5109840871606919,-0.056517078444159374,0.6075820891241323,0.08843042647627548,0.013310328954036717,0.9958056606329547,-0.019338590117274793,0.5118527412414551,-0.055082764476537704,0.6128886342048645,0.09193498641252518,0.015601917169988155,0.9956189393997192,-0.0068914867006242275,-0.09914648532867432,0.039453163743019104,0.05372941121459007,-0.024189051240682602,1.2978811264038086,-0.06799094378948212,-0.10878757653198817,0.038572079542541986,0.04326716402514673,0.003482187173249997,1.3043408028407288,-0.07805493496311355
105.300042,1785483636.396,-0.029070423915982246,0.05173111706972122,0.3680000305175781,-0.03180624668794117,0.04948953437055672,0.365335390694142,0.7243850066918011,-0.07447706705223085,-0.006992603757160852,0.6853252016788177,0.7256850802197817,-0.0554454070366884,0.013954876600411985,0.6856473091932997,25.56666760139911,26.177937487431162,58.539628982543945,1,0.510794824899943,-0.05737906770129043,0.6060842163880413,0.08802794634571773,0.012155348619175544,0.99590317969138,-0.016738722851536728,0.5114923715591431,-0.05567082017660141,0.6106952428817749,0.09047156572341919,0.014693777076900005,0.9957184791564941,-0.011986879631876945,-0.10374473035335541,0.03990382328629494,0.056403692811727524,-0.01785210706293583,1.2958916425704956,-0.07601618766784668,-0.1048394560094737,0.03893282818190327,0.0475521081706482,-0.007849452444518212,1.3016955007430455,-0.07393362694255089
105.429907,1785483636.496,-0.029468588531017303,0.05252706632018089,0.3680000305175781,-0.031660124710663214,0.049764915173424226,0.3655228484557608,0.7200813871898623,-0.07981795492008854,-0.012830088668448434,0.6891641885065257,0.72406812953909,-0.06441477831900985,0.004105001042688048,0.6867017031334027,23.916034141442843,25.521858974351293,26.039600372314453,1,0.510530260148111,-0.05770764271961533,0.6057277894927893,0.08844402083306001,0.011782343275550219,0.9960020216535679,-0.0043364072483953004,0.5112573504447937,-0.056260138750076294,0.6091060638427734,0.08963204175233841,0.01383152138441801,0.9957857131958008,-0.013623963110148907,-0.11726240813732147,0.040257442742586136,0.05663879215717316,0.010345947928726673,1.2968597412109375,-0.09551533311605453,-0.10446297495282397,0.03926670170280654,0.05059660915591293,-0.011289359246064477,1.2996995539175054,-0.07464981699191219
105.504761,1785483636.563,-0.029070423915982246,0.053720999509096146,0.3680000305175781,-0.03139683931862405,0.0503560188696922,0.36578279841163835,0.7281739521386101,-0.07299397998653416,0.00255080566278187,0.6814895947136927,0.7244921385511961,-0.06922533998089994,0.00032644637323272385,0.6857979927900115,26.287802403748803,25.632377094848046,63.53116035461426,1,0.51030587952557,-0.057853387845925267,0.6055059173652788,0.08873595385019202,0.013075618123339735,0.9959581238553505,0.0047301407505001385,0.5110036730766296,-0.05675733461976051,0.6079283356666565,0.08918643742799759,0.013115962967276573,0.9958739876747131,-0.010430622845888138,-0.12680616974830627,0.04054493084549904,0.05687050148844719,0.030549999326467514,1.2979642152786255,-0.10619483143091202,-0.10886470372732641,0.039607372263870524,0.05267490081102518,-0.003848971300500505,1.2987229423277167,-0.08182546573618303
105.598974,1785483636.73,-0.02867226116359234,0.052925046533346176,0.3680000305175781,-0.03130451234416847,0.05041366603428289,0.3658303938619114,0.7262814935778272,-0.060137903444002994,0.02395924000852628,0.6843424431335048,0.7247784639785163,-0.06792046214068298,0.0037270936190634146,0.6856158529006555,25.993273404308407,25.67205045624563,24.085283279418945,1,0.509496733746732,-0.058243977760136165,0.6049702959218382,0.08790529772868684,0.011811326335640972,0.9960008993273889,0.010740565183297232,0.5107008218765259,-0.05720585957169533,0.6069021821022034,0.08892329037189484,0.013088113628327847,0.995943546295166,-0.00422189524397254,-0.1339837908744812,0.04055877402424812,0.05795745179057121,0.04418979957699776,1.3003090620040894,-0.11839717626571655,-0.11621191572556008,0.03999125912457794,0.0543934887373149,0.010237760060326883,1.2984122360138433,-0.09180496228060298
105.709161,1785483636.763,-0.02867226116359234,0.052925046533346176,0.3680000305175781,-0.031088234414383936,0.05057128114544749,0.3659629464081786,0.7296524357710862,-0.04647988770488452,0.05371963891030337,0.6801184774784528,0.7268695065750138,-0.05987385449683767,0.022546543650878065,0.6837890722499786,25.032403444097906,25.4913504270104,60.96076965332031,1,0.5094208909613326,-0.058383429218159005,0.6048893332989957,0.08647946702325356,0.011671332840412324,0.9961579407238189,0.007378272560898878,0.5102723240852356,-0.05756368860602379,0.606209933757782,0.08849751949310303,0.012646735645830631,0.9959956407546997,0.0009188746917061508,-0.13071852922439575,0.041498955339193344,0.05686211585998535,0.03635827451944351,1.3023313283920288,-0.1139393150806427,-0.12232366187703189,0.04018637891055608,0.05561954722822375,0.021913876679106287,1.2990645544718888,-0.10095002267580153
105.801181,1785483636.93,-0.028282690793275833,0.05299109220504761,0.3630000054836273,-0.030678789957717154,0.050779845427225065,0.36546116380508586,0.7055131583017971,-0.14560215980521665,0.010657273432763778,0.6934966597223513,0.7283642181339564,-0.0532015131986022,0.03809946991282559,0.6820583517030278,81.60269927526944,25.32971768621129,23.702383041381836,1,0.5090563368687696,-0.05912325504800018,0.6046446749207292,0.0755026467202436,0.009140506379112252,0.9968753417027434,-0.021339039022651635,0.5099196434020996,-0.05790069326758385,0.6056596636772156,0.0876544713973999,0.012248821556568146,0.9960692524909973,0.003557592863216996,-0.10216309130191803,0.04935354366898537,0.047702010720968246,-0.02931349165737629,1.3193269968032837,-0.07872620224952698,-0.12576144183328428,0.04072383653777884,0.05612886153757703,0.027829015673969913,1.3004023310599255,-0.10626926571320837
105.879625,1785483636.997,-0.028827965259552002,0.053721122443675995,0.36000001430511475,-0.030585107338053655,0.05098302082939264,0.3643044198041347,0.698402325409246,-0.15432281500357217,0.05310197127134575,0.6968492242080981,0.7287248793765366,-0.05142990504903065,0.0422210796706374,0.6815661343374871,79.52791165857597,25.274305840469875,18.321752548217773,1,0.5087464900016041,-0.05928223956296029,0.6053654670582086,0.07304652769058217,0.008575293719311365,0.9969058969770639,-0.02773628854646166,0.5095796585083008,-0.05829638987779617,0.6052185893058777,0.08333553373813629,0.011121414601802826,0.9964473247528076,-0.004924045875668526,-0.09587713330984116,0.050706394016742706,0.044630952179431915,-0.04373167082667351,1.3250727653503418,-0.07123265415430069,-0.11764596912661758,0.04369155856889833,0.053231157924942915,0.008177714580663306,1.3069105236090666,-0.09679720469693642
105.993851,1785483637.064,-0.029442494735121727,0.054584164172410965,0.3580000102519989,-0.030508446855870626,0.0512972982082826,0.3629525928011429,0.6881145521650971,-0.18942186766751204,0.06348129319725385,0.6975584882731939,0.728953882515565,-0.05026445669544105,0.04493066303070467,0.6812348765867887,24.886363278183403,25.20080948344656,28.723955154418945,1,0.5081143130172319,-0.05933628445917509,0.6070149174126886,0.07142736327749902,0.008202897221870533,0.9969002817876075,-0.03194796431982119,0.5093221664428711,-0.05854528024792671,0.6051923036575317,0.080441914498806,0.010381761007010937,0.9966439604759216,-0.011050022207200527,-0.0917295292019844,0.0506589375436306,0.041056159883737564,-0.05314427241683006,1.331441879272461,-0.06650131195783615,-0.11174661632812172,0.045592542299781276,0.05090081370092969,-0.005889722618483779,1.3118324911209522,-0.08986920969986077
106.03649,1785483637.13,-0.029360253363847733,0.0559760145843029,0.3570000231266022,-0.030416378219953237,0.05201337117582521,0.3614867149973503,0.6720334496321803,-0.2514799303414663,0.05434525789278049,0.6943885656860217,0.7291445862187018,-0.04926749137880135,0.04724739816859628,0.680946818810027,28.241033951570643,26.448738404033705,25.482177734375,1,0.5072640117360544,-0.05934747694077321,0.608918611187708,0.07036192687462967,0.007957946170949831,0.9968854539903405,-0.03471688294911361,0.508878231048584,-0.05879710987210274,0.6057561635971069,0.07724031805992126,0.009567002765834332,0.9968007802963257,-0.018182700499892235,-0.08905012905597687,0.049677155911922455,0.037923794239759445,-0.05927269533276558,1.3373980522155762,-0.06359002739191055,-0.10486274449316967,0.047334834726615364,0.04751558578125014,-0.0221405575617097,1.3185761597062562,-0.08183298734574991
106.162853,1785483637.23,-0.030732162296772003,0.0583498515188694,0.35500001907348633,-0.030437354808629403,0.05367739660959579,0.3594220313783008,0.6610193339827436,-0.2917872001115974,0.03706313085046501,0.6903187628071585,0.7293001022164204,-0.048435329839024384,0.04918036220257666,0.6807030716135538,27.180413692958027,27.217230947190256,68.03083419799805,1,0.505789100476604,-0.059359330452195234,0.6108761797600704,0.06945034368557317,0.007748424790247578,0.9968657666778024,-0.03708442936197449,0.5081044435501099,-0.05904078856110573,0.607194185256958,0.07394727319478989,0.008752685971558094,0.9968875646591187,-0.025891318917274475,-0.08687460422515869,0.04720735549926758,0.036228399723768234,-0.06447285413742065,1.343162178993225,-0.06130412593483925,-0.09745360991197376,0.048432301279587295,0.04302168612349921,-0.039539152207315596,1.3273953268385306,-0.07328508107175644
106.301477,1785483637.364,-0.03150035813450813,0.056430257856845856,0.35500001907348633,-0.03061347750581376,0.05395755299946173,0.35849258506131215,0.6840623045528742,-0.22385765937327037,0.11637700160863468,0.6843996678303662,0.7293867893708474,-0.04796355290278801,0.050275892583926965,0.6805635486191703,26.661110283541873,27.129350065127667,65.70696830749512,1,0.5027541897284894,-0.0591264583574762,0.6134370097685067,0.06868932910777445,0.0075735513546320195,0.9968443940917809,-0.039059843245883664,0.5065885186195374,-0.05917132645845413,0.6093522906303406,0.07148905098438263,0.00817092601209879,0.9968973994255066,-0.031908269971609116,-0.08488037437200546,0.0410965271294117,0.03700876608490944,-0.06879430264234543,1.3498365879058838,-0.05940321087837219,-0.09173509752237127,0.04718211521623705,0.039556033232320195,-0.05297928649119106,1.3362883833761423,-0.06684448487375887
106.426021,1785483637.497,-0.03179463744163513,0.05665413662791252,0.3540000021457672,-0.030705180919195805,0.05407947372613027,0.357981643756628,0.6991871138863259,-0.1997120934398488,0.1438431495872311,0.6712388604856011,0.7274752802053968,-0.06297602484579203,0.059562643532670115,0.6806364877672235,29.357107586725324,27.795305506880204,25.05803108215332,1,0.5020863968964461,-0.05878902931103429,0.6147138391285863,0.0682578386030287,0.007474415662346244,0.9968302824319714,-0.0401794550279837,0.5048915147781372,-0.05907994136214256,0.6112617254257202,0.07024570554494858,0.007880858145654202,0.996882975101471,-0.03503973037004471,-0.08310035616159439,0.0399746336042881,0.03538074716925621,-0.07133080810308456,1.353397011756897,-0.05768142268061638,-0.08858983299609957,0.044476785652043695,0.038204101387164666,-0.05993763154296009,1.342512989144809,-0.06347006440343814
106.518886,1785483637.631,-0.03237671032547951,0.05519203841686249,0.35200002789497375,-0.03096292082875744,0.05429968168783824,0.35628170258307545,0.7056970046312956,-0.17403283942002287,0.19468358725405913,0.6586369328482218,0.7210782789794306,-0.11065619812603958,0.11266847052198693,0.6746162888269074,29.998141901714387,29.049786787982185,71.98071479797363,1,0.5013561472471443,-0.05840512659056827,0.6167136327464589,0.028355491606165347,0.009313936877876268,0.9989706221242888,-0.034160105506557584,0.5035780668258667,-0.05893881618976593,0.6128782629966736,0.06930816173553467,0.007674903143197298,0.9968628883361816,-0.037442419677972794,-0.08528655767440796,0.08215112239122391,-0.018364517018198967,-0.06429373472929001,1.4454296827316284,-0.060569874942302704,-0.08601770384053316,0.04236721155804976,0.03688162776749339,-0.06527600935091078,1.3476127958959063,-0.06075774032269133
106.658651,1785483637.731,-0.03181406483054161,0.05412142351269722,0.3500000238418579,-0.031040435570411397,0.054330819194056613,0.3549253373326681,0.6976090742164531,-0.1869585941262167,0.20440202243863528,0.6607631019330661,0.7114757914089687,-0.14801625683964661,0.1535560132981461,0.6695624965080863,22.217895917765716,25.900828179047046,66.57767295837402,1,0.5009718871532314,-0.0581023147747489,0.617847911590382,-0.02073084874767332,0.0094489074666988,0.9989068992258576,-0.04081613329149629,0.5024219155311584,-0.05870005115866661,0.6149203181266785,0.05048450082540512,0.008460654877126217,0.9980421662330627,-0.03593907505273819,-0.07493861764669418,0.13438013195991516,-0.07855115830898285,-0.08419094979763031,1.5511642694473267,-0.05283660441637039,-0.08567512327699349,0.06029581813306205,0.010995747657756941,-0.06481575724593054,1.3934457785747654,-0.06066971252558482
106.783971,1785483637.864,-0.03143537789583206,0.053364407271146774,0.3500000238418579,-0.03109156717874284,0.05419885855089605,0.35403459273648025,0.7006333618277901,-0.19831460989144636,0.21331355710661978,0.6513689692885387,0.704359357859518,-0.17865302038441377,0.19360114958478575,0.6591506566656087,23.401172266147302,24.059999159290356,67.88444519042969,1,0.5005446108287424,-0.057892560697117054,0.6198299620202152,-0.07692605470298411,0.012821415538792132,0.9960017136298931,-0.04357269624124526,0.5016242265701294,-0.05846988037228584,0.6164199709892273,0.021916057914495468,0.008691179566085339,0.9990058541297913,-0.03783557936549187,-0.06917606294155121,0.1950967162847519,-0.14735877513885498,-0.09593212604522705,1.6719412803649902,-0.04600533843040466,-0.08127842134317781,0.08942851292726811,-0.02567439146274598,-0.0727500947216899,1.4580330777719877,-0.05746197439353537
106.87802,1785483637.998,-0.03210077062249184,0.05283450335264206,0.3490000069141388,-0.031145760166150855,0.05407698215703148,0.35351753239735534,0.7013876116127605,-0.20413820053452172,0.21279188744803199,0.6489242066643677,0.7032595722029019,-0.18893054066205897,0.20134831783733942,0.6551260030056867,22.977704023231453,23.76059797814826,25.157928466796875,1,0.5004883788540335,-0.05776002693775332,0.6211751550329242,-0.1280726728137051,0.0107501898063725,0.9904133603006486,-0.05062805186315543,0.5008646845817566,-0.058316152542829514,0.6180649995803833,-0.01781667210161686,0.01010504737496376,0.9989892840385437,-0.04001070559024811,-0.06048652157187462,0.2503916025161743,-0.20574674010276794,-0.11546612530946732,1.7775044441223145,-0.04820670560002327,-0.07632238878907231,0.13109527555992767,-0.0755050482839676,-0.08224337311233268,1.5456306258158483,-0.05277036446356563
106.973454,1785483638.064,-0.03172316774725914,0.05283450335264206,0.3490000069141388,-0.031170752105179347,0.05398223802241902,0.35312846548459065,0.7168479383104776,-0.15711446751354763,0.2588784821336532,0.6280334457066182,0.7026142039616434,-0.19444905946209798,0.2055036960792602,0.6529096986286961,24.64478497559839,23.93205557704565,25.071144104003906,1,0.5005235806644466,-0.057648024359239415,0.6219674845391673,-0.14121635943106914,0.00854879524524239,0.9887277784443396,-0.04901263165155691,0.5003920793533325,-0.058290161192417145,0.6190938353538513,-0.04707873985171318,0.009920491836965084,0.997925341129303,-0.04278135672211647,-0.06092262640595436,0.2648122012615204,-0.2219139188528061,-0.1147688627243042,1.8055295944213867,-0.054746393114328384,-0.07203086917514293,0.16194487770502325,-0.1108004575471518,-0.09124674069435634,1.6084684305769008,-0.05153361215240474
107.032157,1785483638.131,-0.0315413698554039,0.051405929028987885,0.34700000286102295,-0.031188762504262574,0.053698531718713666,0.35231408319620716,0.708508769758754,-0.20233369924103356,0.24840438563638925,0.6287858606258445,0.7050309418030207,-0.19746163052152943,0.22164351780528568,0.644060887329003,25.289367454016947,24.23852832483993,21.769285202026367,1,0.5005537699595162,-0.057587505288034704,0.6225654960754163,-0.14828147772879635,0.007363040157533958,0.9877454126203395,-0.0481392651551564,0.5003706216812134,-0.05823322758078575,0.6194809675216675,-0.0726834088563919,0.00930637214332819,0.9963204860687256,-0.04445222392678261,-0.061133310198783875,0.27262547612190247,-0.23101018369197845,-0.11448701471090317,1.8209890127182007,-0.05827545374631882,-0.06902053673829406,0.18982191081149752,-0.1409120317419698,-0.09762123941306787,1.6618720059787564,-0.05240427441124824
107.172249,1785483638.198,-0.030502699315547943,0.049672335386276245,0.34800001978874207,-0.031105583327137712,0.05289830735998077,0.35138354517071313,0.7067547899138256,-0.2119542138319501,0.2317253468965495,0.6339372538180874,0.7093680335233005,-0.19235917757643,0.24175165086719957,0.6335227534354143,23.60804480053892,24.3579630302556,84.30671691894531,1,0.5007409899936764,-0.0575153250456871,0.6238437022463377,-0.16224609869041892,-0.0001716042178928276,0.9850519319603818,-0.057869381825373094,0.5004008412361145,-0.057999398559331894,0.6207807064056396,-0.11221671104431152,0.008111820556223392,0.9925662875175476,-0.04640859737992287,-0.05146550387144089,0.2870684564113617,-0.24646005034446716,-0.13600832223892212,1.8492701053619385,-0.06818043440580368,-0.06490574739967854,0.2330207637982222,-0.18791606457471172,-0.10642017679063913,1.7448838416574453,-0.055467283917404714
107.329184,1785483638.365,-0.030879223719239235,0.050425030291080475,0.34800001978874207,-0.03102553940288024,0.05241199035372614,0.3510149588478208,0.7049931242703792,-0.2119202333550001,0.23247596013174399,0.6356330996629075,0.7085952278754092,-0.19860596342428014,0.24027238200114462,0.6330226352761855,22.753952144494367,23.72851466819278,74.68795776367188,1,0.5016506349718577,-0.05760562889611634,0.625446525869154,-0.173205890406016,-0.009820860531865927,0.9818823133213167,-0.0762259339979021,0.5005283355712891,-0.05782805383205414,0.6222270131111145,-0.13837875425815582,0.0035684392787516117,0.9889844059944153,-0.05242501199245453,-0.034932248294353485,0.2990131378173828,-0.2587708532810211,-0.17339280247688293,1.8707374334335327,-0.07776771485805511,-0.057893928348802214,0.261217587534147,-0.2184578930608145,-0.1218564226610076,1.799342479029497,-0.06209977057176529
107.42249,1785483638.531,-0.03079048916697502,0.05065539851784706,0.34700000286102295,-0.03101563900106416,0.05233608573593721,0.35070852626357074,0.7021026860926209,-0.2164049898124302,0.2393618505015952,0.6347649983184807,0.7069261360292485,-0.2032566118106627,0.24004323301693425,0.6334993561455162,22.86780461760771,23.53473565080504,18.55182647705078,1,0.5022579405594502,-0.05771812074204631,0.6261326392474977,-0.17672157614823839,-0.009925156015725677,0.9816623210686634,-0.07078179989114676,0.5009309649467468,-0.05782639980316162,0.623421847820282,-0.15271300077438354,-0.002175150206312537,0.9863101243972778,-0.062180619686841965,-0.039384160190820694,0.30474498867988586,-0.2672494351863861,-0.16448815166950226,1.880386471748352,-0.0823122188448906,-0.04849088793474344,0.27669523294629955,-0.23496600524331857,-0.1429610983477043,1.8285794268074935,-0.06851594891925543
107.564367,1785483638.598,-0.030415046960115433,0.05065539851784706,0.34700000286102295,-0.0309613397322305,0.0521255710381311,0.350180875905222,0.6969171254572943,-0.23042191228888484,0.2129211778097915,0.644885132889235,0.7040037079627033,-0.21057577406033967,0.23188136717835633,0.6373912880712675,22.16912689899448,23.007517033063422,78.39846611022949,1,0.5022821650311036,-0.057714819559698455,0.6266057811996392,-0.17996472178215003,-0.008601730457598048,0.9813323250169504,-0.06727240908303056,0.5016074776649475,-0.05780540779232979,0.6248041987419128,-0.1652524471282959,-0.006308338604867458,0.9839733242988586,-0.06669585406780243,-0.04229743033647537,0.3087749779224396,-0.2727801203727722,-0.15845230221748352,1.8885998725891113,-0.08248411118984222,-0.043739873585690855,0.29132886663872004,-0.25180773418806673,-0.15419184802964941,1.8556073227549787,-0.07571350404897062
107.642498,1785483638.765,-0.030415046960115433,0.04952959343791008,0.34700000286102295,-0.03093470644148384,0.051927946597171884,0.3500166924862151,0.7099485486724285,-0.19426987839152646,0.2505797204139168,0.6288418531752935,0.705648672796821,-0.20621604382916753,0.23691441016073195,0.6351428627527231,23.331365066872433,23.073331669749848,65.50025939941406,1,0.5024395521744068,-0.05776784696617003,0.6274455411755292,-0.17937726602028217,-0.004346937150402217,0.982169637575629,-0.05610439908828106,0.5018374919891357,-0.0577806681394577,0.62541264295578,-0.17031864821910858,-0.007108930964022875,0.9830893874168396,-0.0669054165482521,-0.05201050266623497,0.3098994195461273,-0.2778395116329193,-0.1373407542705536,1.8918997049331665,-0.08098182827234268,-0.04324381376536622,0.29732857939565155,-0.25901975617349526,-0.15565702990339195,1.8669534606429368,-0.07804191507452758
107.751375,1785483638.832,-0.02974965237081051,0.04929598793387413,0.34800001978874207,-0.03085474865883129,0.05173719622215134,0.34988525118143166,0.7072816402721419,-0.20817068628461874,0.232961111441733,0.6341504295209234,0.7060124027053074,-0.2066501510140431,0.23603772491223712,0.6349239283019714,23.088903937534415,23.076098385786945,28.126001358032227,1,0.5026825399442689,-0.057803748663484325,0.62774519120872,-0.17984829537222558,-0.006757854754766639,0.9816598106774767,-0.06287239578287883,0.502078652381897,-0.057769108563661575,0.6262344717979431,-0.1740443855524063,-0.005942359566688538,0.9827348589897156,-0.06249360740184784,-0.04622509330511093,0.31026801466941833,-0.2779262661933899,-0.15023845434188843,1.8921831846237183,-0.08200099319219589,-0.04683385607979624,0.3024764590822759,-0.2667261533609685,-0.14815634613658382,1.8771691971422286,-0.07924583813640831
107.875158,1785483638.898,-0.030039604753255844,0.04990486428141594,0.34700000286102295,-0.0307607616110009,0.05155195024412656,0.34952633764372093,0.7038610987657686,-0.21965298181343565,0.2240113666917034,0.6372997950867604,0.705101933578997,-0.2122210130816774,0.23096033216235887,0.6359644878742832,23.636203989186384,23.28662466871788,75.53982734680176,1,0.502922108591824,-0.05792151320083558,0.6279979042030572,-0.17953415080832638,-0.007216072624081318,0.9817714911210441,-0.061968993951642876,0.5023597478866577,-0.05778445675969124,0.626940906047821,-0.17676347494125366,-0.006324294023215771,0.9822355508804321,-0.0626739040017128,-0.047080934047698975,0.31060388684272766,-0.27916574478149414,-0.1488296240568161,1.8923659324645996,-0.0836644172668457,-0.0465486094436781,0.30612725762593995,-0.27197348498490115,-0.1491319533627316,1.8842041361025679,-0.08053679006518093
107.969109,1785483639.065,-0.029953036457300186,0.05050941929221153,0.3460000157356262,-0.030705547361358474,0.05147008348291758,0.3491459438725516,0.7003906701406346,-0.2250751333872104,0.22056765069421227,0.6404248628667677,0.7039534865103658,-0.2154172505006707,0.22838798499860316,0.6370901233930012,22.789582180985068,23.14948527107102,22.765398025512695,1,0.5030882867672138,-0.0580445798392594,0.628584563122682,-0.17993780186759167,-0.006229180924164249,0.9821534140389683,-0.05438985250644145,0.5025903582572937,-0.057839613407850266,0.6273733377456665,-0.17789921164512634,-0.006687466986477375,0.982046365737915,-0.062386784702539444,-0.05352001637220383,0.3122612237930298,-0.283416748046875,-0.13526926934719086,1.8959851264953613,-0.08653188496828079,-0.04676659138502583,0.30796047424221673,-0.2749176949924443,-0.1490081776714202,1.8875464733307834,-0.08181758346223952
108.111633,1785483639.165,-0.029664162546396255,0.0502801276743412,0.34700000286102295,-0.030622649976589922,0.05137227584630327,0.3489446576764723,0.7066113914886203,-0.21035345681066211,0.23460356547649738,0.6335715679321758,0.7048044446379114,-0.21377577076996873,0.23008150713802628,0.6360920646600189,22.67650498261655,23.197606775697487,75.05369186401367,1,0.5030980736903198,-0.05810433230337893,0.6291709476480918,-0.18041349802919826,-0.004836489371584967,0.9822950990740617,-0.05023859506899678,0.502791166305542,-0.057922836393117905,0.6278636455535889,-0.17874550819396973,-0.006491530686616898,0.9820965528488159,-0.05911208316683769,-0.0571344755589962,0.3133726418018341,-0.2864505350589752,-0.12764720618724823,1.8991390466690063,-0.08647964149713516,-0.049532176829029405,0.3097216676454598,-0.27839710973718984,-0.14338198606042613,1.8910021861882098,-0.08374813605325314
108.188073,1785483639.299,-0.030039604753255844,0.04952959343791008,0.34700000286102295,-0.03059769774781026,0.05125474783933583,0.3488586197303395,0.7088026935959585,-0.1980264839331005,0.2492324288975288,0.6294977756895138,0.705602692747621,-0.21078688127105616,0.23374143251964277,0.6348690206609497,21.883726089696886,22.87429411757802,19.35124397277832,1,0.5031808451808325,-0.05821835001994846,0.6295000317364677,-0.18044390449974604,-0.006020851605400796,0.9821561715949233,-0.05265929426830667,0.5028946995735168,-0.05798351392149925,0.6283068060874939,-0.1793290376663208,-0.005911633372306824,0.9821726679801941,-0.05606292560696602,-0.0551968514919281,0.3133638799190521,-0.28687986731529236,-0.13241922855377197,1.8993943929672241,-0.08771729469299316,-0.052146599488815594,0.31097723270210265,-0.2811658074386443,-0.13797081863056163,1.8938004525075558,-0.08468750001014332
108.265356,1785483639.365,-0.029664162546396255,0.05065539851784706,0.34700000286102295,-0.03055007189588068,0.05121818599697621,0.34877766089457063,0.7111595683753319,-0.1940230931396727,0.24745748700006054,0.6287860524569073,0.7068047241999601,-0.20726508773411398,0.23664108452049992,0.6336160212401121,22.87093253134598,22.873693995220655,24.95741844177246,1,0.503328201955877,-0.05825414395995356,0.6296617111010196,-0.1809121963524297,-0.007207911464861565,0.9817949402143714,-0.05742402452557156,0.502992570400238,-0.058062825351953506,0.6287152767181396,-0.17971475422382355,-0.00594409741461277,0.9821680784225464,-0.0548928864300251,-0.051214948296546936,0.313738077878952,-0.28698644042015076,-0.14139015972614288,1.8997907638549805,-0.0875508189201355,-0.05319557433171484,0.31179799669682956,-0.2831300927158931,-0.13606164696140294,1.8957242086316357,-0.08572944579046482
108.376359,1785483639.432,-0.030415046960115433,0.051405929028987885,0.34700000286102295,-0.03053908775472324,0.05123832923079857,0.348667615478067,0.715956951718876,-0.16937911659325583,0.26397344664562544,0.6237262040459199,0.7100615774285299,-0.19460905627781314,0.2458734079222109,0.6304650178646589,21.48970160672966,22.427788607217764,19.580364227294922,1,0.5033567089590254,-0.058321298900452026,0.6297941348220374,-0.18044065408950083,-0.00870611412533879,0.9815886558681298,-0.06204099128469617,0.5030830502510071,-0.058114100247621536,0.6289710998535156,-0.18003955483436584,-0.006287061143666506,0.9820677638053894,-0.05557999759912491,-0.047414734959602356,0.31279754638671875,-0.2856329679489136,-0.1500408947467804,1.8981444835662842,-0.08798032253980637,-0.05265881883395338,0.3123237554939087,-0.2841744930300981,-0.1375056911507716,1.896826245097162,-0.0862230374168512
108.422482,1785483639.532,-0.030701756477355957,0.05312870815396309,0.3460000157356262,-0.030549001348941777,0.051460644157743506,0.34847497323806487,0.6969465693332615,-0.23590342578518558,0.19576433936586526,0.6482988328155906,0.7117294380764367,-0.18780444632293436,0.25079478008073813,0.6287071458167066,23.88987341206243,22.813132337866428,26.11851692199707,1,0.5032952677652955,-0.05832951422560423,0.6299509448239952,-0.17789070848516053,-0.012429349400185249,0.9808993837262692,-0.07769688612525757,0.5031735897064209,-0.05818501114845276,0.629248857498169,-0.1801823228597641,-0.007119785062968731,0.9819075465202332,-0.05780304968357086,-0.034387219697237015,0.30829042196273804,-0.27874404191970825,-0.1786179095506668,1.8901994228363037,-0.08598580956459045,-0.05085537138113791,0.31248668862024925,-0.28467528338401005,-0.14181656812628854,1.897279587306693,-0.08682736721958813
108.534077,1785483639.599,-0.031076114624738693,0.05425126105546951,0.3460000157356262,-0.03058444137058583,0.05182052815949159,0.3483190232849477,0.7043704498817136,-0.2066049745592757,0.21963992514852784,0.6426001533625264,0.7096654860616444,-0.19340604575276776,0.2416042989348096,0.6329268220698088,25.411325023307434,23.626628546944364,26.208162307739258,1,0.5029137779258179,-0.058293424037185765,0.6301702341028224,-0.17650453011764808,-0.01442354690761134,0.9804225749539429,-0.08607953684373679,0.503198504447937,-0.05823409929871559,0.6294546127319336,-0.1794392168521881,-0.008928902447223663,0.9816020131111145,-0.06464800983667374,-0.027351217344403267,0.30503520369529724,-0.27404382824897766,-0.1939157098531723,1.8859641551971436,-0.08473924547433853,-0.045191966706175694,0.3110435888924812,-0.282634763107071,-0.15447257069557255,1.8948447187453261,-0.08653795497093952
108.624239,1785483639.666,-0.029493190348148346,0.05782550200819969,0.3450000286102295,-0.030569836439058765,0.05322502545263689,0.3478791881317759,0.7189880770092748,-0.16312023417632104,0.27703204825463545,0.6161989764358657,0.7022908691513406,-0.2118895486438182,0.24028308921176783,0.6357313829920803,23.401457354487018,23.04759634159563,70.32585144042969,1,0.5023414430749226,-0.05821658412014638,0.6302946825679899,-0.17387443778319833,-0.010499014768136632,0.9818194133947604,-0.07541942757435827,0.5030598044395447,-0.058257199823856354,0.6297025680541992,-0.17829467356204987,-0.01115563977509737,0.9811699986457825,-0.07343001663684845,-0.03647548705339432,0.30210015177726746,-0.27336370944976807,-0.1732426881790161,1.8831268548965454,-0.08277265727519989,-0.037885992784578264,0.30858309065519846,-0.2791158699215567,-0.17062495573814057,1.89120803916671,-0.08580136472596325
108.716967,1785483639.832,-0.029953036457300186,0.060612402856349945,0.3460000157356262,-0.030534223996959025,0.054788599674926046,0.34779770550542016,0.7331687606895385,0.049992757380696515,0.4210990916259738,0.5316388319058539,0.7006642020759861,-0.2158617973062754,0.2399855799651985,0.6363020366160188,23.207107318965598,23.077327560757762,24.37758445739746,1,0.5001483087894087,-0.05815728310893195,0.6305412133952094,-0.18646050492795144,-0.004087268448983131,0.9805510007008336,-0.06111881349661056,0.5027651190757751,-0.05824124440550804,0.6299440264701843,-0.17648635804653168,-0.01088713202625513,0.9814384579658508,-0.07424633204936981,-0.048639751970767975,0.31215381622314453,-0.2842026948928833,-0.14794395864009857,1.9101718664169312,-0.08036711066961288,-0.03730836802102382,0.30592825760560927,-0.2767595286196881,-0.1716969684221966,1.8878987133962348,-0.08456107795124959
108.858219,1785483639.899,-0.02820887230336666,0.0645381510257721,0.34300002455711365,-0.030058796338036632,0.058760444200678774,0.34685749236000213,0.7285788385503337,-0.13749453326665115,0.29423135944944334,0.6030721652132229,0.698607409966428,-0.2208331566770685,0.2396064292175601,0.6370001277312674,24.28243538144684,23.495033905174257,81.55560493469238,1,0.49782175448641236,-0.05814809336113631,0.6302162939389157,-0.18916310784191248,-0.002705211896924707,0.9802255395367115,-0.058033542888097686,0.5015267729759216,-0.05820534750819206,0.6301960945129395,-0.18117432296276093,-0.0076681943610310555,0.981060266494751,-0.06810131669044495,-0.051422085613012314,0.3097984492778778,-0.27971595525741577,-0.1424303948879242,1.9137344360351562,-0.07955993711948395,-0.042617785904526306,0.30884529725322746,-0.28024671442044097,-0.1605672935795679,1.8983349997024592,-0.0825959565348756
108.95153,1785483640.066,-0.026646502315998077,0.06730885803699493,0.34200000762939453,-0.029652206241465837,0.06066855747503453,0.34626035781808817,0.7081902749867575,-0.22165108995410573,0.20583889846963033,0.6379401826293332,0.7009357866920656,-0.22104976378634789,0.2317013075048531,0.6372915572678776,24.778192787822267,23.806396398749946,23.032426834106445,1,0.49168475599357714,-0.05865142214850249,0.6304928210229971,-0.19254435204983314,-0.000973467773150799,0.9797916827721936,-0.05416625540535282,0.5002454519271851,-0.05819021910429001,0.6301862597465515,-0.18393054604530334,-0.005946443881839514,0.9807933568954468,-0.06464207917451859,-0.05612693354487419,0.29934611916542053,-0.26584890484809875,-0.13597704470157623,1.9173095226287842,-0.07973402738571167,-0.04564557614508409,0.30917308323823095,-0.2800633797659776,-0.15433003805646892,1.9036308658572736,-0.08155186899000139
109.076122,1785483640.133,-0.027226410806179047,0.07022450119256973,0.3400000035762787,-0.029462192878434778,0.06298320861259207,0.34529003536904246,0.7149608509781064,-0.1945448793709012,0.24268878122835702,0.6261672515751028,0.7046530877349848,-0.2141946117571804,0.23457861617557274,0.6344742446095789,25.925231543242152,24.400352118069797,73.64773750305176,1,0.48868648821563065,-0.05915023659803964,0.6308503580233844,-0.18696395327120585,-0.0026814095569964724,0.9811651156567052,-0.048500577711552105,0.49622833728790283,-0.05842781439423561,0.6303156614303589,-0.18798188865184784,-0.003605496371164918,0.9803473949432373,-0.05973935127258301,-0.061846353113651276,0.28679874539375305,-0.2534146010875702,-0.12597930431365967,1.9059319496154785,-0.08658907562494278,-0.050556702860687724,0.3045685689282149,-0.27340229955340845,-0.14573059925213727,1.9100401235954758,-0.08070010266935843
109.169777,1785483640.299,-0.02861347794532776,0.07625040411949158,0.33900001645088196,-0.029269578668191087,0.06891593606088808,0.3437539132433054,0.6951104485210264,-0.2339302766723425,0.21105980149390385,0.646182520814555,0.7156960403393284,-0.1751002677361509,0.255085252740007,0.6261394316890617,25.094280123818834,25.20097166782832,25.78902244567871,1,0.479689826928951,-0.059320795880123615,0.6319251620805714,-0.1748039206389065,-0.014719732850514703,0.9808546212283739,-0.08456435897598633,0.4926927089691162,-0.05879022926092148,0.6305747032165527,-0.18753153085708618,-0.0031786670442670584,0.9807417988777161,-0.054473645985126495,-0.03155336156487465,0.2488631159067154,-0.20747612416744232,-0.19141259789466858,1.8716349601745605,-0.08677837252616882,-0.05584656231510738,0.2962423563976088,-0.26403601946019034,-0.13647597521492089,1.9081152017035823,-0.08345943369074466
109.35498,1785483640.366,-0.030357593670487404,0.08150848001241684,0.33800002932548523,-0.02940578758755181,0.07405085342320376,0.3424795203057886,0.7132319488152992,-0.19120510638173518,0.21316098104084924,0.639768075668349,0.7138737005684538,-0.1837796392386574,0.23828006121847178,0.6323226994689751,27.41178609428693,26.285339058476584,85.04009246826172,1,0.4758153436582937,-0.05925192522577422,0.6322035473182221,-0.17036806026306575,-0.018409677797784126,0.9802954241084992,-0.09826845514975655,0.486761212348938,-0.058945346623659134,0.6308465003967285,-0.18202988803386688,-0.008463379926979542,0.9808621406555176,-0.06857752799987793,-0.01961522549390793,0.23375454545021057,-0.18835341930389404,-0.21589094400405884,1.8590022325515747,-0.08377636224031448,-0.04446376980961469,0.27480281065649975,-0.23753483608817733,-0.162217010029891,1.8910220562129854,-0.08501455272822181
109.481668,1785483640.5,-0.030905043706297874,0.08538661897182465,0.3360000252723694,-0.029642757959621808,0.07910484177145245,0.34089360561016196,0.7172223561992481,-0.17913732832796003,0.2454891048184115,0.6270861254907292,0.7135425046616639,-0.18891925004770801,0.23006451468151415,0.6342215149984507,24.843544582207226,25.510212768010856,83.26411247253418,1,0.4679011330107583,-0.058773843285845034,0.6326025739028811,-0.16441739961261703,-0.013630412705576682,0.9830462909627528,-0.08000700205904089,0.4810256063938141,-0.05902398005127907,0.6315430402755737,-0.1760503202676773,-0.01351991854608059,0.9806888699531555,-0.08409976214170456,-0.03563043102622032,0.2110804170370102,-0.16723671555519104,-0.18099400401115417,1.8482595682144165,-0.08478434383869171,-0.03150021495358092,0.2533878080307827,-0.21187730715593794,-0.19021884765700586,1.874317214947374,-0.08436858564972122
109.606208,1785483640.666,-0.030541501939296722,0.08902031183242798,0.3360000252723694,-0.02978059037062881,0.08311459229162524,0.3397665464669036,0.7150351366623453,-0.17811379877108882,0.22603076199286057,0.6371109186464474,0.7161565293849063,-0.17884457080607677,0.23155879164679086,0.6336520898124097,22.401905646962962,24.114920037234576,71.55680656433105,1,0.4600224914586187,-0.05812652410777274,0.633477023462302,-0.16219970105386533,-0.012526402058509755,0.9841560666701307,-0.07050661434137032,0.4757152795791626,-0.058944787830114365,0.6319533586502075,-0.17139697074890137,-0.013590807095170021,0.9816545844078064,-0.08241758495569229,-0.043561458587646484,0.19153854250907898,-0.14808228611946106,-0.16329407691955566,1.8441423177719116,-0.08802386373281479,-0.03319158377839614,0.2362711933960536,-0.19359682573015924,-0.18644117125060805,1.8636463480337604,-0.08453884337778228
109.716158,1785483640.833,-0.030721083283424377,0.09101889282464981,0.33400002121925354,-0.029806729772665224,0.0841322704464616,0.3393616151198272,0.7170418756532205,-0.16976936836312453,0.23461254097017425,0.6340238684346319,0.7162878739289501,-0.17754108546137906,0.23199906903181122,0.6337091419601841,24.483265787946035,24.156229910929106,22.701501846313477,1,0.4538065182363954,-0.05769706187411038,0.6339808067096948,-0.1559162957088847,-0.014332511690947276,0.9845214875821184,-0.07875359249038343,0.469302237033844,-0.0586606040596962,0.6326560378074646,-0.16766098141670227,-0.013185731135308743,0.982702910900116,-0.07752940058708191,-0.035834964364767075,0.16993027925491333,-0.12455998361110687,-0.1771571934223175,1.8296244144439697,-0.08408363908529282,-0.03743815797863267,0.21796165805905923,-0.1749586715445477,-0.17696218634699298,1.8556592526012308,-0.08596599526206378
109.775976,1785483640.866,-0.030721083283424377,0.09210251271724701,0.33400002121925354,-0.029873018518460342,0.08621692848183551,0.33859811064564216,0.7049117669988809,-0.21947014910408238,0.17440516879734314,0.6515482265308665,0.7120734770214775,-0.19496136920559246,0.20838925039413037,0.641494620523194,26.04089666053272,24.82472899013671,22.371292114257812,1,0.45219470423472474,-0.05759320262249294,0.6342841089263959,-0.1552814913969544,-0.014319605337862185,0.9845229315507282,-0.07998252673719133,0.4651334881782532,-0.05839744582772255,0.6330749988555908,-0.16450999677181244,-0.01349793653935194,0.9832044839859009,-0.07786644995212555,-0.03466629609465599,0.16550499200820923,-0.12009352445602417,-0.17919540405273438,1.8283764123916626,-0.08300281316041946,-0.03700369630044207,0.2050033393511809,-0.1613009095789546,-0.1770150231227735,1.8486038114606131,-0.08545587747147958
109.87148,1785483640.967,-0.030989397317171097,0.09362737089395523,0.3330000042915344,-0.029934363298798394,0.08761207963846537,0.3379730380367402,0.7022261742659992,-0.22240707080878153,0.17370911923000243,0.6536349416351095,0.7089258221095163,-0.20427053461642805,0.19673815572488615,0.6457490422105447,25.59303350628863,24.98970300083699,25.133371353149414,1,0.4489123500271878,-0.057365862026450255,0.6348075733659573,-0.15086527609797595,-0.007312616140081362,0.9872313942223646,-0.0506000827552233,0.46268266439437866,-0.05824057012796402,0.6333523988723755,-0.16275858879089355,-0.013652701862156391,0.9834616184234619,-0.07827243208885193,-0.062384266406297684,0.1564682275056839,-0.11633959412574768,-0.12477558106184006,1.825416922569275,-0.09071575105190277,-0.03655959009908586,0.19749865305518013,-0.15347148827086435,-0.17742929613546007,1.8447606056375125,-0.08498979520485321
109.996296,1785483641.033,-0.030629104003310204,0.09506787359714508,0.3330000042915344,-0.02999467561818061,0.0899324058654112,0.3370355188892349,0.7028332373075159,-0.2196072510711186,0.1753507419355863,0.6534907903830498,0.7031722064554665,-0.21957043730960923,0.17687809922263592,0.65272644281016,28.478223468285847,26.47130708561859,72.24225997924805,1,0.44668406682956663,-0.057180495629959,0.6353247542931678,-0.14925146962847152,-0.0028519117361728956,0.9881565506539154,-0.03553163116079322,0.45700758695602417,-0.05799291282892227,0.6339475512504578,-0.15801139175891876,-0.011114805936813354,0.9851054549217224,-0.06690385937690735,-0.0768447294831276,0.15143316984176636,-0.11359205096960068,-0.09676168113946915,1.8257378339767456,-0.09322481602430344,-0.04713505850221664,0.1806962922984888,-0.13826600650638002,-0.15586705998355035,1.8368391739842385,-0.08733463269419013
110.073746,1785483641.2,-0.03026880882680416,0.09614825993776321,0.3330000042915344,-0.030008650902064598,0.09084291796529409,0.336778215189893,0.7044963015760876,-0.20641601239869245,0.17925093974345147,0.6549400670993696,0.703529022685326,-0.21615405468482463,0.17749821776798866,0.6533136471649184,27.83595704202498,26.82003394900126,24.25694465637207,1,0.4430050818374305,-0.05694165192987978,0.6360372383638015,-0.14616306813360194,0.004830264768633795,0.9891959215534549,-0.010220314968147388,0.45340707898139954,-0.05779784917831421,0.6343658566474915,-0.15514034032821655,-0.008304351009428501,0.986264169216156,-0.05608462169766426,-0.10167618840932846,0.14280632138252258,-0.10752005875110626,-0.049699775874614716,1.8254567384719849,-0.09741279482841492,-0.05735221914979941,0.17063270914122317,-0.12978084139901466,-0.1355407143049405,1.8330214231556616,-0.08936026740281054
110.187333,1785483641.267,-0.029187927022576332,0.09614825993776321,0.3330000042915344,-0.02994131573011252,0.09146015137645411,0.3365657785296521,0.6887467956670797,-0.2722898503010364,0.12098564468534206,0.6609452039779403,0.7037550165520199,-0.21394388961619865,0.17789794670505552,0.6536889239782813,27.10252586748618,26.873278290801004,25.28214454650879,1,0.44159235731443996,-0.05686998794257844,0.6361547009715243,-0.14408468662614748,0.005154164701646058,0.9894658283571294,-0.013054201607650737,0.4504893720149994,-0.057671304792165756,0.6346793174743652,-0.15296503901481628,-0.004765213467180729,0.987257182598114,-0.04361555352807045,-0.0994003564119339,0.1371460258960724,-0.10192152112722397,-0.054248880594968796,1.820924997329712,-0.09485463798046112,-0.06936402061094,0.16309176280276128,-0.12374837667634687,-0.11227781510647755,1.8309713936063854,-0.09154250298862793
110.228357,1785483641.333,-0.02945948950946331,0.09657761454582214,0.3320000171661377,-0.02991139385158608,0.09201868588799292,0.3361801145735247,0.6799932420272667,-0.2859981216584807,0.11595052978880624,0.6651088180491694,0.7039073802936405,-0.21243242583533692,0.1781706563645725,0.6539434850447519,29.35161518385834,27.62768875734247,25.961875915527344,1,0.44062013637796305,-0.05693387511607151,0.6362948647271738,-0.1427400325210097,0.005363534708143024,0.9896337277995872,-0.014886249118844586,0.44803309440612793,-0.05751582607626915,0.6350275278091431,-0.1506703794002533,-0.0020990970078855753,0.9879510998725891,-0.03530765324831009,-0.09813562035560608,0.13339769840240479,-0.09834446012973785,-0.05726293846964836,1.8181287050247192,-0.09342116862535477,-0.07750387140078452,0.15606047034443263,-0.11783339743504014,-0.09655197212912496,1.828248820215407,-0.09244009186617132
110.306178,1785483641.4,-0.029187927022576332,0.09650837630033493,0.3330000042915344,-0.029846759587722458,0.09254636781839114,0.3359850713722686,0.6956020630165304,-0.23969140736210745,0.1553574826298403,0.659203953078892,0.7014960667824612,-0.22070866269574174,0.17129531666256168,0.6556286059876175,26.34107658664268,27.215772493438052,27.637481689453125,1,0.43968694948725423,-0.05693204228323519,0.6367044287420067,-0.1418204271168427,0.0055066391726105775,0.9897455180792323,-0.016138550724619873,0.4466091990470886,-0.05743230879306793,0.6352558732032776,-0.14920279383659363,-0.0006938359583728015,0.9883071780204773,-0.031415630131959915,-0.09723835438489914,0.13024842739105225,-0.09592758864164352,-0.05932651832699776,1.8168305158615112,-0.09244279563426971,-0.08142390629295157,0.15175454481549946,-0.11413055277816408,-0.08908705485106201,1.8263259983291762,-0.09262649659855227
110.38482,1785483641.5,-0.02910027652978897,0.09621857106685638,0.3320000171661377,-0.029803185135561443,0.092768810157445,0.3356962373926806,0.7061390189802235,-0.21928152990745106,0.18628572718252792,0.6469783028534821,0.7025420519761403,-0.22039929188897323,0.17461417399775447,0.6537344319974857,27.75459868817987,27.329700136815024,28.397321701049805,1,0.43885162532509275,-0.05699633315738239,0.6368444375214228,-0.14297085347441094,0.007819810587892495,0.989681881431942,-0.005287644513371603,0.44421592354774475,-0.05728864669799805,0.6357505917549133,-0.14669591188430786,0.0014256954891607165,0.9888349175453186,-0.026149101555347443,-0.10791607201099396,0.13082563877105713,-0.09678464382886887,-0.0399286225438118,1.8211414813995361,-0.09646597504615784,-0.0868625000742804,0.1443585929274844,-0.10787064137107433,-0.07885240496930147,1.8230605019085462,-0.09256332208148196
110.462341,1785483641.567,-0.02882763184607029,0.0957881286740303,0.3330000042915344,-0.02974257197837884,0.09289153928237742,0.33555820035378947,0.7027834848682694,-0.23416038574457157,0.1658586414007944,0.650964821028792,0.702610177256064,-0.22336241775274368,0.17273614973095672,0.6531541867951056,28.424378646224312,27.590903480969175,28.324127197265625,1,0.4384400216726235,-0.05703380360668526,0.6372084269266456,-0.1451402498465997,0.005873474135760358,0.9893615558580954,-0.007970066881289518,0.44274160265922546,-0.05723245441913605,0.6360198855400085,-0.14574158191680908,0.003158441511914134,0.9891055226325989,-0.020487163215875626,-0.10509960353374481,0.13188648223876953,-0.09806673228740692,-0.04561799392104149,1.825215220451355,-0.09829995781183243,-0.09256801767227237,0.140691161156607,-0.10486629564423654,-0.06830406034691325,1.8225404473506044,-0.09362094088361093
110.586738,1785483641.634,-0.02882763184607029,0.09542800486087799,0.3330000042915344,-0.029660118421802984,0.09319181926266953,0.3352766366702269,0.7017940861557764,-0.2272978869522528,0.18099146742868852,0.6504327943314587,0.6980215900655063,-0.23393338568312508,0.1678997474699908,0.6556300066842318,25.98332661312554,27.028735121938404,69.31209564208984,1,0.4382171989729057,-0.05711071601998631,0.6373800760265617,-0.14598437656713176,0.0052273012590217695,0.9892624941178797,-0.004577646941990587,0.4409729540348053,-0.057163458317518234,0.636494517326355,-0.14552351832389832,0.0042767575941979885,0.9892262816429138,-0.015361093915998936,-0.10831420868635178,0.1326480507850647,-0.09909267723560333,-0.04003326594829559,1.8277041912078857,-0.10226110368967056,-0.09769982834228827,0.13708554960636032,-0.1020815601904293,-0.05901389144381315,1.8236357936830927,-0.09553704416078244
110.716154,1785483641.8,-0.02990851365029812,0.0957881286740303,0.3330000042915344,-0.029676650426512734,0.09331451303184356,0.3351770976089038,0.7043081031149422,-0.22058459856742565,0.18376494175818692,0.6492480088087215,0.6996325932524945,-0.2305948636250759,0.17188900253212136,0.6540599468986268,27.827752966521988,27.20974477164162,21.18086814880371,1,0.43769118336831997,-0.05720408681845092,0.6377134529836327,-0.15030219837046985,0.009609806641940062,0.9885716456812028,0.006557601426349577,0.44001802802085876,-0.05715139955282211,0.6367892026901245,-0.1457025110721588,0.0046086385846138,0.9892491102218628,-0.011651796288788319,-0.11918149888515472,0.1374187171459198,-0.10385585576295853,-0.020300496369600296,1.8386119604110718,-0.10213463753461838,-0.10135011259407686,0.13555948320823194,-0.101053326012402,-0.05248645687411106,1.825034915591869,-0.09784944690304583
110.808566,1785483641.867,-0.029548222199082375,0.09614825993776321,0.3330000042915344,-0.02967062390469248,0.09347689229202462,0.3350840503835829,0.6912115188567668,-0.2579017480964756,0.1435623844574083,0.659623503445266,0.697346107242124,-0.2384298723622248,0.16383059927934684,0.6557584444133063,25.96325798922859,26.903274307400668,27.09174156188965,1,0.43748310656862044,-0.05716806212886139,0.637823839695688,-0.15070797305640599,0.007643307848058678,0.9885479779252868,0.0012577925885779472,0.43937447667121887,-0.05716782063245773,0.6370136141777039,-0.14699207246303558,0.005988630466163158,0.9890966415405273,-0.006724521517753601,-0.11389870941638947,0.1367015540599823,-0.10320092737674713,-0.030182696878910065,1.8383910655975342,-0.10201247036457062,-0.10618241843148263,0.1360633321657123,-0.10181269169242334,-0.04376406203271627,1.828714294737873,-0.09901073313287494
110.900452,1785483641.934,-0.02882763184607029,0.09470775723457336,0.3330000042915344,-0.02959114877846859,0.09369225787384597,0.3348755225562351,0.7116617647881982,-0.2116626925128402,0.19109401307436588,0.6420432347621895,0.7013434549357768,-0.23163765561770971,0.17071389551070087,0.6521641822411295,25.907468700947764,25.983503713701218,77.76331901550293,1,0.4372173545066035,-0.05716482673702868,0.6379146852490639,-0.15071266768629846,0.009844718916715607,0.9884477596140898,0.012641195442552076,0.4384832978248596,-0.0571671761572361,0.6373880505561829,-0.1487428992986679,0.0067703332751989365,0.9888482093811035,-0.0029883983079344034,-0.12486426532268524,0.1374860405921936,-0.10410460084676743,-0.009682592004537582,1.8409039974212646,-0.10610419511795044,-0.10979795705698502,0.13636236019753825,-0.10246257104236867,-0.037400392829126855,1.833248432815105,-0.10041722204883743
110.977076,1785483642.101,-0.028467338532209396,0.09398750215768814,0.3330000042915344,-0.02951992208321283,0.09371636510028092,0.33479951751025666,0.6930220194314841,-0.25213454807644425,0.15328290637086572,0.6577636360151686,0.6991434833667384,-0.23721617547948426,0.16599977308810104,0.6537361479155094,25.458081546289478,25.87832534498426,27.4965763092041,1,0.4368372260030593,-0.05726181123776604,0.638164699082851,-0.15065383589239845,0.005010121581738904,0.9885702213447216,0.0026903314090858596,0.43823400139808655,-0.05716663971543312,0.6374729871749878,-0.14914225041866302,0.007363308221101761,0.988788366317749,-2.068821595457848e-05,-0.11518298089504242,0.13538779318332672,-0.10246379673480988,-0.02847631275653839,1.8390758037567139,-0.10843037068843842,-0.11266055496901047,0.13657585393209723,-0.1027743513146192,-0.03213401099562308,1.8347029900902754,-0.10149774623747018
111.073106,1785483642.167,-0.028107043355703354,0.09362737089395523,0.3330000042915344,-0.02942229413544361,0.09370906209199512,0.33472591510228583,0.6795483027923919,-0.2860183760773194,0.11666879143911589,0.6654291741592105,0.6933351726730688,-0.25282543390566514,0.15045592952962553,0.6578211395008482,24.706615099731046,25.600300459218555,26.250600814819336,1,0.4367766810143069,-0.05736244728821238,0.6382739090483174,-0.15138589294832985,0.0072748942350415145,0.9883963284118353,0.010103727634371847,0.4377519488334656,-0.05719766393303871,0.637710690498352,-0.14966656267642975,0.006554741878062487,0.9887144565582275,0.0009090545354411006,-0.12258145958185196,0.1369733363389969,-0.10414861887693405,-0.015105060301721096,1.8422269821166992,-0.10967399179935455,-0.11352801814223384,0.13616726921462755,-0.10266715498146398,-0.030876128757672303,1.8362068007101635,-0.1038818744489983
111.13515,1785483642.234,-0.028107043355703354,0.09434762597084045,0.3330000042915344,-0.029342358146192536,0.09373864088972624,0.334655580797295,0.6879721200306256,-0.24948190120884453,0.14811490803445979,0.6652180973543416,0.6917530958017033,-0.2518372331886725,0.14976374954582072,0.6600200616273799,24.221199652979852,25.26087575201158,21.118640899658203,1,0.4367617693550594,-0.057503941084656285,0.6383901473521574,-0.15180006647687674,0.013045207321239267,0.9877904340857211,0.03250570276589165,0.43748289346694946,-0.05724530294537544,0.6378551125526428,-0.15014611184597015,0.006756025832146406,0.9886348843574524,0.0034005597699433565,-0.14439235627651215,0.1402660459280014,-0.10700023919343948,0.025412674993276596,1.8482530117034912,-0.11485421657562256,-0.11598149731194478,0.136385706760271,-0.10306836880900336,-0.026602169106507194,1.8378382698713347,-0.10545153740912426
111.213697,1785483642.301,-0.02738645300269127,0.09434762597084045,0.3330000042915344,-0.029135140368621696,0.09377782347274773,0.33455718935379036,0.6798980569517522,-0.28367605795647427,0.11164120406241916,0.6669353550764874,0.6872572595046447,-0.2645828472802828,0.13464625054704069,0.662980967597749,24.099178797398586,24.90857517763047,18.596649169921875,1,0.4366943559132315,-0.05761781104452573,0.6384899727990669,-0.15055569125496418,0.015731851063901493,0.987943772721844,0.03244371484545011,0.4371930658817291,-0.05732625350356102,0.6379650831222534,-0.15084324777126312,0.008950707502663136,0.9884262681007385,0.013406684622168541,-0.14510577917099,0.13883759081363678,-0.10600369423627853,0.026236867532134056,1.8461251258850098,-0.11004337668418884,-0.12575199081849409,0.13772015187228814,-0.10442039456312179,-0.008714263310613011,1.8414198995874131,-0.1086851183309291
116.979556,1785483648.105,-0.03703255578875542,0.03133627027273178,0.2760000228881836,-0.03759408984073507,0.03057161171828643,0.2764384598886033,0.7292263966403102,-0.15759003154515341,0.17585968574152488,0.6422364170081595,0.7326081892505434,-0.15311709108568128,0.17946046065882595,0.6384624816859807,23.84741959597971,24.71668834137241,58.15529823303223,1,0.4366943559132315,-0.05761781104452573,0.6384899727990669,-0.15055569125496418,0.015731851063901493,0.987943772721844,0.03244371484545011,0.43669211864471436,-0.057615187019109726,0.6384881734848022,-0.15055596828460693,0.015734747052192688,0.9879437685012817,0.03244044631719589,-0.1451057493686676,0.13883759081363678,-0.10600369423627853,0.026236867532134056,1.8461251258850098,-0.11004336923360825,-0.1451057871793094,0.13883756094149563,-0.10600240565207039,0.026236887027306248,1.8461251258850047,-0.11004337307296695
117.105675,1785483648.172,-0.03703255578875542,0.03223171830177307,0.2760000228881836,-0.03754756519568486,0.030829651765257985,0.276395415051165,0.7350794448681476,-0.13424085330463528,0.19396946233580267,0.6356205241474973,0.7327810226623834,-0.15022857071784046,0.1811438292675189,0.6384749505534624,23.80764329595383,24.469250716115326,74.33247566223145,1,0.43662441575850774,-0.05768112641477776,0.6385492353241696,-0.15076348066152537,0.017234739477004404,0.9878626926675654,0.033175850999917746,0.43669211864471436,-0.05761517956852913,0.6384881734848022,-0.15055596828460693,0.01573474332690239,0.9879437685012817,0.032440442591905594,-0.1461275815963745,0.13900674879550934,-0.10621082037687302,0.027842465788125992,1.8467572927474976,-0.10782203823328018,-0.1451057732151805,0.1388375609414961,-0.10600240565206959,0.026236887027324875,1.8461251258850069,-0.1100433695819311
117.23159,1785483648.305,-0.03703255578875542,0.03193323686718941,0.2760000228881836,-0.03752255623048958,0.030890335130117668,0.276377056304257,0.7336742970991876,-0.14416085843290416,0.1931387466531932,0.6353244031305069,0.7329704451856714,-0.149020269343076,0.18353976042980463,0.6378561296645237,24.966191607680535,24.574281788355112,19.43373680114746,1,0.43627138485413086,-0.057746926612831546,0.6387221346129027,-0.14972221325234442,0.015943568088683073,0.9881356868789812,0.030280782876684773,0.4366605877876282,-0.05764647200703621,0.6385164856910706,-0.1506533920764923,0.016437312588095665,0.9879060983657837,0.03278559073805809,-0.14360490441322327,0.1368185579776764,-0.1046418696641922,0.022585472092032433,1.84451425075531,-0.10858319699764252,-0.14558455441322524,0.13891682154461304,-0.10609945966964085,0.026989204540678838,1.8464213333579287,-0.10900254311290145
117.325155,1785483648.372,-0.03733117878437042,0.03223171830177307,0.2760000228881836,-0.037450140246542966,0.030986303260881684,0.2764233881315887,0.7338544630140204,-0.14419790293566154,0.19322884076438626,0.635080472853805,0.7324862544194713,-0.15778873007883618,0.17533717499492085,0.6386105846378073,24.650195677687503,24.432924183830416,74.23615455627441,1,0.4361911627977692,-0.0577842980864378,0.6387733103953204,-0.15043687593868382,0.014415796378020963,0.9881151531465626,0.028095823439470285,0.4365263879299164,-0.05768051743507385,0.6385868191719055,-0.15033426880836487,0.016268087550997734,0.9879857301712036,0.031923674046993256,-0.14137424528598785,0.13713909685611725,-0.10502785444259644,0.018177079036831856,1.8454444408416748,-0.10997285693883896,-0.14490375515587411,0.13819521996486583,-0.10559781872293139,0.02547476663028297,1.845765487650888,-0.10885832893319715
117.561813,1785483648.605,-0.0365673191845417,0.03294762969017029,0.2770000100135803,-0.037383909866524276,0.03134508954667567,0.2764153486786474,0.7448080050468642,-0.07388580648093672,0.24536612972436198,0.6161147503532595,0.7309477941243435,-0.15959992931441572,0.17739844128714405,0.6393535624804804,24.733022069588124,24.581287020986153,78.36222648620605,1,0.4361911627977692,-0.0577842980864378,0.6387733103953204,-0.15043687593868382,0.014415796378020963,0.9881151531465626,0.028095823439470285,0.43630874156951904,-0.05774916708469391,0.6387077569961548,-0.15040282905101776,0.015061668120324612,0.9880717992782593,0.029433026909828186,-0.14137424528598785,0.13713909685611725,-0.10502785444259644,0.018177079036831856,1.8454444408416748,-0.10997285693883896,-0.1426049139242371,0.13750732584801745,-0.10522580282552492,0.020721636461050685,1.8455563829423103,-0.10958424282783595
117.640905,1785483648.739,-0.03686702623963356,0.03414588421583176,0.2770000100135803,-0.03735133679602831,0.0316962629712804,0.2764642658229442,0.7464872264071365,-0.0244910312642968,0.3090332081685276,0.5887745633497247,0.7305478956053275,-0.16000727731409864,0.17803249743149774,0.6395325427931406,27.035357095177407,25.51074264772798,70.87302207946777,1,0.4358640866233545,-0.05786059412249077,0.6388327570651898,-0.1522059586429208,0.015101557651657079,0.9878568534643226,0.027278676171163117,0.4362773895263672,-0.05775925889611244,0.6387256979942322,-0.1504124253988266,0.014886641874909401,0.9880837202072144,0.02907167561352253,-0.14072982966899872,0.13814328610897064,-0.10577026754617691,0.016471650451421738,1.8484973907470703,-0.1081227958202362,-0.14227140464749483,0.1374075278776747,-0.10517182083947793,0.020032065996237993,1.845526046633038,-0.1096895562890998
117.796153,1785483648.839,-0.036529477685689926,0.03710796684026718,0.27900001406669617,-0.03725935844455561,0.03287323921765499,0.2768399543035838,0.7274139600890653,-0.1419579804197119,0.2119015101025695,0.63703580156766,0.7298486341510864,-0.1566814026750792,0.18493143365950965,0.6391965848846516,29.275841254520728,26.839797461986873,78.52888107299805,1,0.43533782791613285,-0.05789440995326174,0.6389173487984403,-0.15294650486387001,0.015388677014989248,0.9877474276528989,0.026936488908832386,0.4360406994819641,-0.05781630799174309,0.6387856602668762,-0.15143348276615143,0.015007072128355503,0.9879554510116577,0.02804848924279213,-0.14057844877243042,0.13770784437656403,-0.10524000227451324,0.015742227435112,1.8498018980026245,-0.10746292024850845,-0.14139343090574072,0.1378265491273716,-0.105511903088157,0.018004302460826706,1.847218324536353,-0.10879723273462293
117.889965,1785483648.972,-0.03713321313261986,0.03801314905285835,0.27900001406669617,-0.03724958951448077,0.03378742055735913,0.2770883358375379,0.7137126461126289,-0.18646423815063065,0.18111071736818177,0.650418522740702,0.725144340916662,-0.1655667654796798,0.18381917155976807,0.6426226288983428,28.80077098368853,27.56046714084524,22.36342430114746,1,0.4334808292291141,-0.05796299639771032,0.6388994495694883,-0.155121507637496,0.012777232537670862,0.9876096544492003,0.020030742264822283,0.4357987642288208,-0.057842109352350235,0.6388305425643921,-0.15195398032665253,0.015137940645217896,0.9878842830657959,0.02766696736216545,-0.1341572254896164,0.134940966963768,-0.10169053822755814,0.002310896757990122,1.85164475440979,-0.10799375921487808,-0.141113160985453,0.13778571612977952,-0.10541793771198289,0.017226380706604205,1.8481068154514038,-0.10833836139977136
118.016447,1785483649.072,-0.03730090707540512,0.04058271273970604,0.27800002694129944,-0.03725241624429472,0.034967406969686116,0.27712983448754597,0.712389062547555,-0.18676094053407613,0.18206253304464012,0.6515177731380875,0.7221689689930877,-0.17059661376796106,0.1834146740201337,0.6447695967928806,26.79019545231538,27.395861054593357,68.27831268310547,1,0.43206118987562575,-0.0579278436516254,0.638952366070429,-0.16111104198644016,0.020546387192013797,0.9864284362878296,0.024083567139162335,0.43484702706336975,-0.05788761377334595,0.6388525366783142,-0.1532588005065918,0.01416888926178217,0.9877796769142151,0.0245417021214962,-0.13872434198856354,0.13840354979038239,-0.10350722819566727,0.010219752788543701,1.8630095720291138,-0.09574369341135025,-0.13826463816448156,0.1366207529530027,-0.10389108978225503,0.011118346064400542,1.8495556368342527,-0.10819724214118687
118.156062,1785483649.239,-0.03880483657121658,0.045693688094615936,0.27800002694129944,-0.03752434621739466,0.03915280774572026,0.27723653578263063,0.7181668809353028,-0.17425030398165764,0.19723216113852562,0.6441836984141909,0.7121419178336583,-0.1954200078133804,0.16175596224395997,0.6545990513963094,22.01747723403872,24.636662708258847,62.84308433532715,1,0.42785462474356367,-0.05773348426791289,0.6401206106840373,-0.16794368713495617,0.034987687007533706,0.9845293457520181,0.03567558075886007,0.4335397481918335,-0.05790473148226738,0.638892412185669,-0.15694089233875275,0.01715860702097416,0.987159013748169,0.024336034432053566,-0.1518123596906662,0.137269988656044,-0.10164215415716171,0.03298084810376167,1.878734827041626,-0.07621384412050247,-0.13848003929873445,0.13745608724631644,-0.10371069882537624,0.01069730772218976,1.8558595992552216,-0.10236201844088144
118.250223,1785483649.339,-0.03954815864562988,0.04676323011517525,0.27900001406669617,-0.037770217312299674,0.040924986484594326,0.27741056113016666,0.734031828391314,-0.0750256704701077,0.28066917567523597,0.613834861754201,0.7086247727889299,-0.20331832134791517,0.15356582611844258,0.6579742613831211,141.07523989572888,23.59627243564495,74.10931587219238,1,0.424330046394481,-0.057341974990090236,0.6411607716545835,-0.1688546562660572,0.05050081540582356,0.983026995461316,0.050948001873639695,0.4315709173679352,-0.05785199999809265,0.6392861008644104,-0.1607142984867096,0.023329054936766624,0.9863206148147583,0.028255794197320938,-0.16874554753303528,0.13162079453468323,-0.09579364210367203,0.06380851566791534,1.883960247039795,-0.05712068825960159,-0.14306502569974502,0.13739207916375287,-0.10299886397544755,0.01836062236685114,1.8637263900909662,-0.09336966025665792
118.359387,1785483649.439,-0.040151894092559814,0.04766840860247612,0.27900001406669617,-0.0379870343103307,0.04199830972422827,0.2775063021706923,0.7104743362824272,-0.20360332845878107,0.1817414536029597,0.6486462411567906,0.7092403250214968,-0.20342187196813136,0.1619596139554032,0.6552608540236471,26.851123884928572,24.678006162221394,23.280858993530273,1,0.42172943295646775,-0.05690501775466605,0.6417232897823916,-0.1693352272359025,0.059282882695823214,0.9819672755723893,0.059593542780889325,0.4290432631969452,-0.05769472196698189,0.6398673057556152,-0.1634993553161621,0.03274418041110039,0.9853396415710449,0.0360778272151947,-0.1782372146844864,0.1268056184053421,-0.09041904658079147,0.08133666962385178,1.8863848447799683,-0.046141114085912704,-0.1518965599498238,0.13540732844758976,-0.1005206499786164,0.03399015740697775,1.8706848134956684,-0.08090363812827395
118.46032,1785483649.506,-0.04151191562414169,0.04930143058300018,0.27800002694129944,-0.03840241714159255,0.04324819291886233,0.27753593194885545,0.7144975788651766,-0.1939154660315486,0.19622004581394445,0.6429523275098565,0.7109863904475919,-0.20049446238506952,0.17264828681773442,0.6515311905121101,25.719685660179092,24.9229052368602,24.96957778930664,1,0.420162424676799,-0.05653958705397851,0.6420830016204326,-0.17509209329188857,0.054640610620704334,0.9815079431335462,0.05476604882056634,0.4270269572734833,-0.05750051885843277,0.6403177380561829,-0.16507025063037872,0.03998718783259392,0.9845556020736694,0.042462676763534546,-0.17211803793907166,0.12875543534755707,-0.09185952693223953,0.07069084048271179,1.8962949514389038,-0.05055142939090729,-0.15903487952307938,0.1330762616792869,-0.09778290462716861,0.046821065710732704,1.8749395219737137,-0.07148299376804607
118.499234,1785483649.573,-0.04166123643517494,0.050383951514959335,0.27900001406669617,-0.03883713551935936,0.044747493226257894,0.27765852722538364,0.7055549198781379,-0.2147574818122296,0.15403884487446162,0.6575283365081431,0.7090898836009929,-0.205620943049367,0.16599031368977066,0.6537268393720659,24.75723967516796,24.880683188575844,32.811880111694336,1,0.41838307883704895,-0.05587753163487406,0.6426314319721643,-0.18010094416318653,0.04719594825516695,0.9813871496032391,0.04706861983799565,0.4246526062488556,-0.05717659369111061,0.6408982276916504,-0.16851213574409485,0.045064739882946014,0.9835605025291443,0.046706922352313995,-0.1624262034893036,0.12911361455917358,-0.09240468591451645,0.05453464016318321,1.9047232866287231,-0.058090973645448685,-0.16353418039294823,0.13159032725746866,-0.09574567975128996,0.05502988473920584,1.8822836541667927,-0.06428462856692378
118.655499,1785483649.673,-0.04271506145596504,0.05411176010966301,0.27800002694129944,-0.03961804637586928,0.047753798344789544,0.2777045588889991,0.7085817334951606,-0.21469152694474047,0.16560095060947322,0.651456675744725,0.708819717380107,-0.2085589577403337,0.16768589717521154,0.652655505828301,28.521904510143912,26.19457184320565,86.18044853210449,1,0.4162064234259235,-0.05517068736043898,0.6431599604258997,-0.17949567424596327,0.05305049435908883,0.9808578942909724,0.05370976803452919,0.4213780462741852,-0.056497037410736084,0.641787588596344,-0.17456279695034027,0.046180609613657,0.9824433922767639,0.046906013041734695,-0.16904060542583466,0.12394366413354874,-0.08727093040943146,0.06817782670259476,1.905068039894104,-0.05068035423755646,-0.16295615035681688,0.1302982141265711,-0.09400223153600794,0.0547715230292307,1.8939904799850422,-0.06105337918310094
118.780171,1785483649.84,-0.04317057505249977,0.05551331117749214,0.27900001406669617,-0.04004099343386795,0.04948226010513369,0.2778201220723843,0.696705570356285,-0.24914003496024423,0.12199043344896082,0.6615503951789815,0.7048533643788032,-0.22301605918260947,0.15158915111196453,0.6560993075256939,26.56731883639192,26.29713576472875,60.83869934082031,1,0.41192575051422775,-0.05390717410256268,0.6444984105548922,-0.1828805626629271,0.05270617587168998,0.9802040038082231,0.05456069779064838,0.4195948541164398,-0.05604402720928192,0.642253577709198,-0.17625807225704193,0.04855519160628319,0.9819114208221436,0.04924971982836723,-0.1683528572320938,0.11761052161455154,-0.08172852545976639,0.06941638886928558,1.9128594398498535,-0.050136156380176544,-0.16504859693848314,0.1281128824118809,-0.09168709109714772,0.05938195589719916,1.8978000528377688,-0.057486095724612926
118.872298,1785483650.007,-0.04498178884387016,0.057323675602674484,0.27900001406669617,-0.04072948556193357,0.051066006345709125,0.2779153086645451,0.7210494963683186,-0.17485576754010312,0.18289192261470175,0.645029944256275,0.7049874617686305,-0.22067375917818813,0.15223183483043196,0.6565982327293844,23.71017861787312,25.78934174645286,21.718502044677734,1,0.4080361927495123,-0.05257866628768972,0.6455069866909718,-0.1820507495571767,0.06533311154647499,0.9785340386292765,0.07113539460215076,0.416451096534729,-0.05517072603106499,0.6431708335876465,-0.1789684146642685,0.050266366451978683,0.9812230467796326,0.05142924562096596,-0.1850767284631729,0.10887511819601059,-0.07232820242643356,0.10253116488456726,1.914599895477295,-0.035758987069129944,-0.1664017267231816,0.12381205921529441,-0.08760874348960543,0.06349116116922573,1.9039670224130876,-0.0544762219369396
119.015197,1785483650.04,-0.04602371156215668,0.058922089636325836,0.27800002694129944,-0.0417445147322772,0.05321022566618901,0.27799195442037317,0.7196234825640251,-0.18172842983781576,0.19142553643761653,0.6422406753941058,0.7133592420806468,-0.19757976246062026,0.17249923892343166,0.6498652489362445,25.012870856521364,25.653963392361185,72.94750213623047,1,0.40715224318775195,-0.05212487338637039,0.6457635229221028,-0.18166075653496422,0.06519037565500758,0.978657429200566,0.0705635935000674,0.41239169239997864,-0.053933098912239075,0.6442595720291138,-0.18038317561149597,0.057348113507032394,0.9800506234169006,0.06061241775751114,-0.1840231716632843,0.10630881041288376,-0.07031127065420151,0.10180440545082092,1.914128303527832,-0.03510379046201706,-0.17504671560602983,0.11655658885753006,-0.0802469006531953,0.08171103804813644,1.908901991588233,-0.045640573303430805
119.093406,1785483650.207,-0.046189259737730026,0.059737492352724075,0.27900001406669617,-0.04217210255041491,0.054099530870660266,0.2780458714882694,0.7203136448502208,-0.16822904325127602,0.18898942654247317,0.6458562059038356,0.7155524437696958,-0.18872885911355936,0.1775077877840562,0.6487350023152144,24.440502984696426,25.36252954720839,28.148174285888672,1,0.40410498948091583,-0.05053404280544921,0.6466906864974236,-0.17776902792755944,0.04391628699924893,0.9819930652187925,0.04646667954664873,0.4109657406806946,-0.053450535982847214,0.6446640491485596,-0.18072937428951263,0.05948302149772644,0.9796888828277588,0.06331188976764679,-0.15552957355976105,0.09349947422742844,-0.06279045343399048,0.05523373931646347,1.9056613445281982,-0.05764422565698624,-0.17747933631195223,0.11377944045920471,-0.07755422508015086,0.08715634381685282,1.9103183221238644,-0.042785105118473804
119.234522,1785483650.273,-0.046926066279411316,0.0613272525370121,0.27800002694129944,-0.04310902279904159,0.05621273667086762,0.27803949152970775,0.721363454374632,-0.1766855498582293,0.1744654478428516,0.6465127923506127,0.718010450912203,-0.18713507044575597,0.17259412869162288,0.6478060855929777,27.710765705511044,26.230081638476587,68.7723159790039,1,0.4028316798188859,-0.04986237223544748,0.6470440927268779,-0.17443445731009807,0.03817526290627043,0.9831763531714879,0.03846463270827764,0.4076097905635834,-0.0519622340798378,0.6456331610679626,-0.17903617024421692,0.051627375185489655,0.98096764087677,0.054618269205093384,-0.14617595076560974,0.08643682301044464,-0.05790836736559868,0.04065840691328049,1.8992033004760742,-0.06239229440689087,-0.16625920790063928,0.10357081435517497,-0.07014831083223924,0.0707411869644556,1.9074904489534044,-0.05022228662893043
119.310222,1785483650.44,-0.04735667631030083,0.06260447204113007,0.2770000100135803,-0.043467173343078064,0.05705186739872434,0.27795298715065175,0.719414698782008,-0.1816195657287339,0.17637904743086408,0.6467976933696347,0.7183069650568055,-0.18598231510220434,0.17338637520258807,0.6475977511651912,26.768171043537315,26.342611387740945,20.13397216796875,1,0.3998614173314511,-0.048396858454600976,0.6480700960830174,-0.1698744354746484,0.037048486406522085,0.9838821414333593,0.041785375380178034,0.405955970287323,-0.05120803043246269,0.6461082696914673,-0.17747165262699127,0.04701394587755203,0.9817772507667542,0.04906151071190834,-0.14764221012592316,0.07526663690805435,-0.04949541389942169,0.047535140067338943,1.8935891389846802,-0.06522329151630402,-0.15935256661992767,0.09767843513308885,-0.06593908078703817,0.060395716800461005,1.9046404985920504,-0.05440755233871871
119.439259,1785483650.507,-0.047656379640102386,0.06380271911621094,0.2770000100135803,-0.04380753010780976,0.05800019268361865,0.2778853865858144,0.7246255719638232,-0.17365330782025096,0.18388402592255315,0.641053019764903,0.7196620043062146,-0.18338394865857688,0.17560831127396984,0.6462342051794031,26.248367866650465,26.32555941394336,25.37226676940918,1,0.3987185337005318,-0.047843252670127775,0.6485965007159529,-0.1695356520122905,0.03621124498664373,0.9840186486419698,0.04066580330101382,0.4047996997833252,-0.05066080018877983,0.6464903354644775,-0.17603039741516113,0.04512670636177063,0.9821932911872864,0.0476793609559536,-0.14565442502498627,0.0721840038895607,-0.047581154853105545,0.04571972042322159,1.8937838077545166,-0.06517881900072098,-0.1571275966286045,0.09342019341885982,-0.06281478538078955,0.057952207218059576,1.90254074026665,-0.05646254277817367
119.509823,1785483650.574,-0.047956082969903946,0.065000981092453,0.2770000100135803,-0.04413172842141443,0.059017897973974304,0.2778310985027685,0.7198347954179228,-0.18618071067081665,0.16935552000730034,0.6469105951542329,0.719696168808495,-0.18389630395677714,0.17446490064223955,0.6463602497348551,25.02619519948381,26.00525849634751,22.12810516357422,1,0.3974099467999417,-0.047311305243185886,0.6491433392938277,-0.1690645056704135,0.033158072954753995,0.9843035334031035,0.03826603259434801,0.4031539559364319,-0.0498814731836319,0.6470735669136047,-0.17427466809749603,0.04271712526679039,0.9827044010162354,0.04577825218439102,-0.14209629595279694,0.0685359388589859,-0.04525909572839737,0.04102597013115883,1.893618106842041,-0.06852158159017563,-0.1540183618584649,0.08766518654476069,-0.05868655573493682,0.05463720153927035,1.900167611555862,-0.05882465368069278
119.561814,1785483650.64,-0.04885519668459892,0.06560010462999344,0.2770000100135803,-0.044736094612667254,0.06016731848932218,0.27776597149883814,0.7332977933607188,-0.1468151636986922,0.2163132032543396,0.6276370384691088,0.7246854362477998,-0.1711825676881562,0.18897121866179117,0.6401698411574097,24.358996788724728,25.45175656505873,22.760391235351562,1,0.3959952277375269,-0.0468002666940211,0.6497009279655958,-0.16867678540104317,0.03367951953736931,0.9843098010929702,0.039345234817188934,0.40160006284713745,-0.0491679310798645,0.6476430892944336,-0.1728661209344864,0.040132004767656326,0.983154833316803,0.04374140128493309,-0.14267639815807343,0.06498101353645325,-0.0427548848092556,0.04333037510514259,1.8941093683242798,-0.06767896562814713,-0.15078747799223055,0.08248116045822446,-0.055047720040117896,0.05094855774366085,1.8983926957784163,-0.06145252114850569
119.684478,1785483650.74,-0.05047055706381798,0.06834811717271805,0.2760000228881836,-0.045835531870098,0.062129660102502274,0.2775064894726211,0.7303820648489678,-0.17006386542003366,0.190358944721882,0.6335485720840403,0.7280823405806663,-0.16563689417267188,0.19527686244927864,0.6358674953285278,23.86076736960475,24.703937057030938,70.74809074401855,1,0.39441230604872946,-0.045866829218222195,0.6503544227038095,-0.1688680803251085,0.019025939395802223,0.9851499390624148,0.024519026137690757,0.3985101282596588,-0.04781705513596535,0.6487851738929749,-0.170705184340477,0.035301513969898224,0.9838782548904419,0.039963919669389725,-0.1239221915602684,0.06019594520330429,-0.04006833955645561,0.014032283797860146,1.893344759941101,-0.08316215127706528,-0.144680477394421,0.07287277192831904,-0.0483657517543608,0.04404432112338378,1.8960816097289606,-0.06624919502123361
119.763502,1785483650.874,-0.051437858492136,0.06914403289556503,0.27800002694129944,-0.046489321359775716,0.06315410903418471,0.27754845604980977,0.7358037076718313,-0.14008850645095022,0.2172022419144417,0.625932344781821,0.7303154489780599,-0.15858109687124608,0.20137573228540673,0.6331975956568405,24.48687987009074,24.665464677070467,24.489402770996094,1,0.3917795711980453,-0.044185286567948866,0.6516873130210518,-0.16894285867059491,0.010777219933538636,0.9853871890024445,0.018821524501811664,0.3970908224582672,-0.04712354764342308,0.6493082642555237,-0.1700843721628189,0.029705755412578583,0.9843719005584717,0.03465275093913078,-0.11395135521888733,0.05361749231815338,-0.036303091794252396,0.0028059459291398525,1.8951034545898438,-0.09164819121360779,-0.1375416949323889,0.06851321078178105,-0.04551220612349665,0.03372318259788541,1.8951404070869156,-0.07206556063196254
119.841401,1785483650.941,-0.051437858492136,0.07034661620855331,0.27800002694129944,-0.0469561048027317,0.06422817014223939,0.27758068967887684,0.7319802900782137,-0.16581825845766718,0.1955730523554329,0.6312371513872258,0.730719772159676,-0.16031328530222283,0.19998965152430156,0.632734070849443,26.813702384114205,25.298917772582392,23.075580596923828,1,0.39033065497018893,-0.04317200170814698,0.6521356041559621,-0.16774726663172349,0.004058082230831482,0.9857536217517799,0.011583769224304307,0.39525553584098816,-0.046082209795713425,0.6501111388206482,-0.1697034388780594,0.023190153762698174,0.984789252281189,0.029207473620772362,-0.10384770482778549,0.048269886523485184,-0.03235840052366257,-0.010753102600574493,1.8926268815994263,-0.0972796157002449,-0.1294289690640484,0.0633905728072412,-0.04234515207988476,0.023090745581157455,1.8951276991231727,-0.0788000272467092
119.965236,1785483651.007,-0.05305105447769165,0.07219052314758301,0.2770000100135803,-0.048275584714654304,0.06628375198189668,0.27758031868510197,0.7292348700558282,-0.162187596517071,0.1972655397998591,0.6348212304563745,0.7303249385240662,-0.16071597602206797,0.1978000322455298,0.6337752018379705,23.954004457122313,24.996504490234525,74.44286346435547,1,0.3888046856865912,-0.042438049397316525,0.6526056372620934,-0.16811200630820508,0.0043159817291535075,0.9856612864363781,0.013840305535927888,0.3929378390312195,-0.044682834297418594,0.6510394811630249,-0.16881063580513,0.014224408194422722,0.9853231906890869,0.02094898372888565,-0.1049114391207695,0.04536673054099083,-0.030158787965774536,-0.006460721604526043,1.894516110420227,-0.09716322273015976,-0.11744262577246883,0.05630563863527576,-0.037665696366348894,0.007232906779241191,1.8939559185650636,-0.0874588046721603
120.105933,1785483651.174,-0.054054029285907745,0.07581017911434174,0.2760000228881836,-0.049413822149525326,0.06895455881314387,0.2774208566206952,0.7247526291447669,-0.19244692615762768,0.16233155345712325,0.6413628254836928,0.728557064819225,-0.16858022085867486,0.18749784125924018,0.6368907849548155,26.011998022894208,25.201263903365312,73.1503963470459,1,0.3859354374397772,-0.04040103281996295,0.6536266549557647,-0.1669268918820715,0.006011093938243746,0.9858335526351374,0.015214664473479415,0.39078235626220703,-0.04349770396947861,0.6518568396568298,-0.16845135390758514,0.009052065201103687,0.985517680644989,0.017237240448594093,-0.10304395109415054,0.03762232884764671,-0.024744421243667603,-0.0021123492624610662,1.894740104675293,-0.09117863327264786,-0.11090506015552463,0.0505987738095108,-0.033749005251533536,8.890101549038573e-05,1.894248172392497,-0.0925216293477151
120.200646,1785483651.308,-0.05465127155184746,0.07640714198350906,0.2760000228881836,-0.04992556343276402,0.07013528372617168,0.27732188294921256,0.7073860614781544,-0.22678660150331492,0.12874148908642935,0.6569615105870436,0.7238666173163456,-0.18302634928631767,0.1731705812364442,0.6422853147909786,24.52059371227831,25.05688018986479,22.22585678100586,1,0.3822462148096508,-0.038631133182909845,0.6551363206705968,-0.16587681455023265,0.014163667843309947,0.9857057162468905,0.02585563509366983,0.3891199231147766,-0.042423315346241,0.652473509311676,-0.1679290384054184,0.008006365038454533,0.9856277704238892,0.01653951406478882,-0.1125359907746315,0.029193256050348282,-0.019285360351204872,0.019724003970623016,1.8976895809173584,-0.08064146339893341,-0.10820161850708908,0.04613617364693692,-0.03065224675893478,-0.0006681082980273687,1.8944173479045505,-0.09205977290681504
120.278965,1785483651.374,-0.054054029285907745,0.0784965232014656,0.2760000228881836,-0.05028734410341504,0.07206842116823627,0.27720839764500427,0.7182502304709512,-0.19422102569928426,0.15974698481240424,0.6487493356051233,0.7218586353401224,-0.1870999222220237,0.16830313988403042,0.6446609828387208,26.150493997422938,25.398435177526977,27.098417282104492,1,0.38062840144765336,-0.03783845432053084,0.6558450936997252,-0.1671147846673142,0.028458520892666733,0.9846347228904896,0.041919253482947276,0.3867538273334503,-0.041124843060970306,0.6533928513526917,-0.16721755266189575,0.010133909061551094,0.9856702089309692,0.01974351517856121,-0.13014470040798187,0.02800852246582508,-0.018023231998085976,0.051744457334280014,1.9033757448196411,-0.06392406672239304,-0.10969220275755155,0.04030950440328045,-0.026743213339724372,0.006344738808368602,1.895542668837655,-0.08813301628020835
120.421818,1785483651.474,-0.054054029285907745,0.08148134499788284,0.2760000228881836,-0.05063477974173228,0.07494425614334344,0.2770865541967523,0.7158220807597715,-0.19533413174501366,0.1515959869255868,0.6530405672086765,0.719776837200855,-0.19040176005023438,0.1627350920704791,0.647445568528907,25.2017652211335,25.087744584010558,82.58700370788574,1,0.37793166646219306,-0.037248958186283446,0.6568995508757365,-0.16691373739393953,0.03373691771825569,0.9842914910635027,0.04660348991272211,0.3842117488384247,-0.039798758924007416,0.654347836971283,-0.16717512905597687,0.017673667520284653,0.9853470325469971,0.028832275420427322,-0.13544310629367828,0.022126177325844765,-0.013966398313641548,0.0615786649286747,1.9057186841964722,-0.05675920471549034,-0.11806770132973124,0.035272128421760515,-0.023172201581812924,0.024936378666433598,1.8987503917830382,-0.07821920924558409
120.577069,1785483651.608,-0.053456783294677734,0.08386921137571335,0.2760000228881836,-0.05096414555969659,0.077764719053429,0.27696823273714616,0.7204615650794757,-0.19943847882080853,0.15117598373971916,0.6467652188771459,0.7186420060407539,-0.196755627149968,0.15375450682358707,0.6489995700845875,26.11635293734269,25.41639947241078,70.45650482177734,1,0.37388839840491334,-0.036653355858945136,0.6583863950599858,-0.16565686221777975,0.03935417439256925,0.9840686788738647,0.05116530286713221,0.3809116780757904,-0.03848811239004135,0.6556532979011536,-0.16703884303569794,0.026081351563334465,0.9848682880401611,0.03811034932732582,-0.1412443071603775,0.012230439111590385,-0.007159811910241842,0.07131849974393845,1.90714693069458,-0.04936738684773445,-0.1271325022389567,0.028413843988109675,-0.018369379741639474,0.044052775170773294,1.902385771536833,-0.06702345824721466
120.670139,1785483651.775,-0.05315816029906273,0.08416768908500671,0.2760000228881836,-0.051083773884572366,0.07861762414803014,0.2769269182274898,0.7212015071452131,-0.19306359126894906,0.14609348911607437,0.649038926610493,0.7191120495258216,-0.19608483911547994,0.15236111946372688,0.649010543343934,25.99856687722894,25.53345930369342,23.266077041625977,1,0.36992182685643094,-0.036086152081493836,0.6598420560469255,-0.16440539755855588,0.045266063432689546,0.9834921519009854,0.060539540005605394,0.3784847557544708,-0.0378757007420063,0.656588077545166,-0.16656193137168884,0.03066306561231613,0.9846329689025879,0.04260103031992912,-0.15233027935028076,0.002910049632191658,-0.00028312133508734405,0.08935802429914474,1.9093105792999268,-0.04517440125346184,-0.13198555080893193,0.022848370907052884,-0.014514432690486172,0.053429457282479796,1.9040231341711822,-0.0609515352763772
120.8116,1785483651.841,-0.054453253746032715,0.08534973859786987,0.2750000059604645,-0.051481004934551745,0.08035132142372875,0.27673015593696443,0.7197994202408577,-0.20269562025764737,0.1427909166034347,0.6483934255410397,0.7218585200515202,-0.1919060226921522,0.1547454412780897,0.6466422534038101,25.20863709303171,25.30164830366988,26.2606143951416,1,0.36872591077076333,-0.03588514442567123,0.6602916967035405,-0.162949938411636,0.04522113787369037,0.9836948508447112,0.061211164689572675,0.3748340904712677,-0.03716249391436577,0.6579500436782837,-0.1655510812997818,0.03666769713163376,0.9842490553855896,0.05002212896943092,-0.1531454622745514,-0.0011043330887332559,0.0022888798266649246,0.09075380116701126,1.908026933670044,-0.04585898295044899,-0.1403984393529263,0.014281990413538115,-0.00842938456216508,0.06828214209103706,1.9060600312628662,-0.054559099263341744
120.890265,1785483652.008,-0.05435264855623245,0.08476465940475464,0.2760000228881836,-0.05166203198115666,0.0806663833955719,0.2766939545450627,0.7197494280135253,-0.1931649690394136,0.15525569371506776,0.6484934272444546,0.7214766149235096,-0.1921344364986503,0.15483807319146242,0.6469783794843652,24.62428807389374,25.15637993052598,60.149192810058594,1,0.3663536712998153,-0.03525605022576905,0.6613787579792685,-0.16137433324173764,0.040186804607646946,0.9843453736398721,0.05837405845058243,0.3727237582206726,-0.036738596856594086,0.6587542295455933,-0.16466474533081055,0.039619289338588715,0.9840800166130066,0.0538739413022995,-0.14882534742355347,-0.007924334146082401,0.0057487753219902515,0.08493717759847641,1.907686710357666,-0.052673861384391785,-0.14478213837609866,0.008990634037219818,-0.004743474910761366,0.07601014290365456,1.9067364490006946,-0.0515671292895709
120.969073,1785483652.075,-0.05435264855623245,0.0859585851430893,0.2760000228881836,-0.051813899684070824,0.081195218166465,0.27666142372832103,0.7245393728278239,-0.18961859350496404,0.15135098048934847,0.645120428233656,0.7219653492230869,-0.1917346193183466,0.15428367170259605,0.6466841724690658,25.553051856911505,25.236455328863734,22.46832847595215,1,0.3659287967324334,-0.034978833095399356,0.6615852994186971,-0.1616127014487407,0.040683229781237416,0.9842927720260874,0.058257604501112475,0.3701147139072418,-0.036137230694293976,0.6598419547080994,-0.16332021355628967,0.03985615819692612,0.9841917753219604,0.05571964383125305,-0.1482905149459839,-0.008702491410076618,0.0061289467848837376,0.08501856029033661,1.9084492921829224,-0.0510670505464077,-0.14643786885607238,0.0020637856319601993,-0.00044687706355708975,0.0796658504315185,1.907125590528988,-0.05202034717016911
121.122743,1785483652.142,-0.05494989454746246,0.0859585851430893,0.2760000228881836,-0.052286300060837426,0.08194500290420301,0.27659219135387597,0.7066593688624934,-0.2442743236047405,0.10025400016463273,0.6564386693951682,0.7185014166780734,-0.2057618396681048,0.1402171600899719,0.649428154289835,24.571597753869487,25.08451634456381,83.98699760437012,1,0.3651946618432446,-0.034738513549430895,0.6618799451103301,-0.16093098498039865,0.04024090776179128,0.9844020547129171,0.05860445454684031,0.36793097853660583,-0.035535067319869995,0.6607574820518494,-0.16242919862270355,0.040289342403411865,0.984245777130127,0.057042840868234634,-0.1483766734600067,-0.010966414585709572,0.007527509238570929,0.08570867776870728,1.9080575704574585,-0.05192278325557709,-0.14740440029593774,-0.0035530146589783634,0.002983880899252125,0.08245837947128119,1.9078161697853209,-0.05152300935020059
121.263788,1785483652.308,-0.05574839562177658,0.08537133783102036,0.2770000100135803,-0.05275330964892079,0.08227431329580867,0.27659947449004363,0.7062184309906444,-0.24265262820250633,0.10284860493413073,0.6571129234908044,0.7122532272129442,-0.2255854975212757,0.12131516074314153,0.6535205852968141,24.399022671506977,24.889013984560016,76.90548896789551,1,0.3641783250154771,-0.03401500907510226,0.6623504752442929,-0.1620938883922145,0.05174213120595603,0.9825404906151786,0.07524963458942524,0.3665030002593994,-0.03512066975235939,0.6613456010818481,-0.16164831817150116,0.04026440158486366,0.9843276739120483,0.05785828456282616,-0.1667908877134323,-0.011273550800979137,0.00959346815943718,0.1178545132279396,1.912761926651001,-0.04109671339392662,-0.14791164010393493,-0.007420608778743922,0.005354521882556088,0.08415407654644493,1.9079421092643174,-0.05173157259927603
121.357239,1785483652.442,-0.05534808337688446,0.08658147603273392,0.27800002694129944,-0.052932880446323084,0.08273588858545022,0.2767788029958939,0.7265849574136761,-0.18303144979079874,0.17475433877782198,0.6387759459512945,0.7191368831225227,-0.20662105777390727,0.14538554871533532,0.6473120762367686,25.013153949379475,24.920705020507153,25.82406997680664,1,0.36372956237698983,-0.03330534090450068,0.6625231742084003,-0.16446511925656918,0.06867124907533881,0.9791312832747651,0.09765968570022696,0.3653936982154846,-0.03460529074072838,0.6617847084999084,-0.16188211739063263,0.04565837234258652,0.9835405349731445,0.06601108610630035,-0.19195179641246796,-0.009339796379208565,0.012333613820374012,0.16135486960411072,1.918778419494629,-0.023734983056783676,-0.1567576863267028,-0.009225939876882243,0.007340978816552967,0.0999447278297519,1.9102004780792048,-0.046748513565283936
121.482583,1785483652.542,-0.05403783544898033,0.0865911915898323,0.27900001406669617,-0.05309292853259773,0.08319047116128207,0.27707641036068337,0.727118349940715,-0.19830329314792886,0.1553130872235034,0.6386333486776922,0.7222553753133573,-0.2032872574041753,0.14958591851182823,0.6439297452292624,25.64419313575884,24.899066278796578,71.83337211608887,1,0.36299902282133034,-0.03300654775767337,0.6624869677076567,-0.16623668440879552,0.04861486036380587,0.982180922908211,0.0729561154650753,0.3646475672721863,-0.034056954085826874,0.6619752049446106,-0.16300788521766663,0.05512556433677673,0.9819122552871704,0.07898082584142685,-0.16145919263362885,-0.01011280994862318,0.009244072251021862,0.11308752000331879,1.9195760488510132,-0.04256417974829674,-0.17117002918823163,-0.009272565245445489,0.00938562949731563,0.12509279950006288,1.9137132308682352,-0.037324242690345816
121.574383,1785483652.675,-0.05494343861937523,0.08538427948951721,0.27900001406669617,-0.053186779429511416,0.08334040841917498,0.27723199883324523,0.7293982751346406,-0.1751265090842867,0.19378658287451941,0.632262305016185,0.7247952929570914,-0.19425281364774086,0.16391665403484748,0.6403662688080941,24.351617121723535,24.786087363131305,26.40080451965332,1,0.36222480902672405,-0.03272656996595563,0.6622770275904399,-0.16652502363227542,0.042337610080319374,0.9826547683992414,0.0697606581046259,0.3639701008796692,-0.033626265823841095,0.662179708480835,-0.16433434188365936,0.05245290324091911,0.9820326566696167,0.07651661336421967,-0.15646682679653168,-0.011612609960138798,0.010796225629746914,0.10582344979047775,1.9195845127105713,-0.05164866894483566,-0.16719335010371336,-0.00961665363937611,0.00932794878053103,0.12017652871494254,1.9161141134603625,-0.039470049342304234
121.653273,1785483652.742,-0.05464157089591026,0.08598773926496506,0.27900001406669617,-0.053278239358518144,0.08349833227343843,0.27739986729749666,0.7219021841684539,-0.19695079169635074,0.15435801335760851,0.645167595168332,0.7238200719529054,-0.19517497179758275,0.16066199793735053,0.6420116480568575,24.723462810042882,24.77110411302747,24.859189987182617,1,0.36194618187267874,-0.032567597691416025,0.6621288289025443,-0.16935310247509244,0.03197850132991695,0.9834451489565265,0.055969108699613745,0.36336788535118103,-0.03331144526600838,0.6622084975242615,-0.16508673131465912,0.048972032964229584,0.9822646379470825,0.07419086992740631,-0.1392667442560196,-0.010271437466144562,0.008957857266068459,0.07890384644269943,1.9223428964614868,-0.060194406658411026,-0.16350450169385078,-0.01030306265768705,0.009833100122421919,0.11524051287307283,1.9173075837625093,-0.04365827666462941
121.794662,1785483652.842,-0.05472923442721367,0.08751580864191055,0.281000018119812,-0.05339602362367359,0.08408595844176564,0.27789376362494483,0.7178890673485382,-0.20670967838424417,0.13371210324056462,0.6511739163163042,0.7221240192087658,-0.19828085990943617,0.1530958681594577,0.6448125748059311,24.343035230431845,24.815203785663833,79.39553260803223,1,0.3616505282490253,-0.03241086204947346,0.6619664607665792,-0.1678526146832856,0.0348784236443341,0.9834816568123553,0.05807603655291279,0.3627641201019287,-0.03300012648105621,0.6621392965316772,-0.16685844957828522,0.04200392961502075,0.9828227758407593,0.06673333793878555,-0.1419675499200821,-0.012434793636202812,0.01117164921015501,0.08366425335407257,1.9196581840515137,-0.05626898258924484,-0.15357890016311385,-0.010290111113329767,0.009474946283586526,0.10036029407867508,1.9193695946658675,-0.05042998733905936
121.909349,1785483652.975,-0.0540844164788723,0.0881429985165596,0.2840000092983246,-0.05343648108921765,0.08444264444140634,0.27897960078091977,0.726969513732076,-0.18636958481562618,0.14886963872090495,0.6439095702246607,0.7232279904291636,-0.1955987681977514,0.15214556699029294,0.644619362247612,24.676772016619452,24.790213525864004,21.824121475219727,1,0.360596226917796,-0.032172530009039,0.661532125864783,-0.16509690540152586,0.04079447682949663,0.9833533353787147,0.06399250179985445,0.36237749457359314,-0.03279424086213112,0.6620729565620422,-0.1672067940235138,0.039553526788949966,0.9830628037452698,0.06375693529844284,-0.14953507483005524,-0.01740754395723343,0.01679396629333496,0.09592248499393463,1.914779543876648,-0.049904465675354004,-0.14958575914672845,-0.011027666764541233,0.010058656356101087,0.09461853283195797,1.919468840555591,-0.05243801788220915
121.99926,1785483653.042,-0.053658198565244675,0.08812344819307327,0.2900000214576721,-0.05355061677152861,0.08514809902182419,0.2834790383449133,0.7428176665363642,-0.15326888448129583,0.19566514208304672,0.6216475814357771,0.7342358808262,-0.16524250700748414,0.17870633172293068,0.6337638615347119,26.342674838760065,25.63058269981142,73.62556457519531,1,0.35960497261816826,-0.03200374599944987,0.6601422658152016,-0.1624102584999497,0.039598756186244186,0.9838912051017077,0.0633477936947388,0.3617652654647827,-0.03257965296506882,0.6618930101394653,-0.16648106276988983,0.03998064994812012,0.983163595199585,0.06383541226387024,-0.14891737699508667,-0.022610805928707123,0.02398228645324707,0.09477049857378006,1.9073234796524048,-0.05241920426487923,-0.14956833108085965,-0.013221705975651992,0.012375103189956858,0.09506696765797895,1.9178561914277026,-0.05156672934214431
122.135353,1785483653.209,-0.05303065851330757,0.08843706548213959,0.2900000214576721,-0.05350745923187937,0.08534454017869118,0.2846189391759954,0.7150480303603197,-0.23533350149564802,0.12760483331346506,0.6457874757740876,0.7369055948029651,-0.16159979479203218,0.1838941864725674,0.6301099736179819,26.117805572608045,25.72713497317109,21.68750762939453,1,0.35660040820172123,-0.031407670294958515,0.6540334641878507,-0.1573512837988324,0.01022453293747013,0.9869635505018325,0.03223324981888933,0.36075302958488464,-0.03230872005224228,0.6610731482505798,-0.16457577049732208,0.039802178740501404,0.9835063219070435,0.06360699236392975,-0.10988316684961319,-0.03759709745645523,0.047106217592954636,0.034101568162441254,1.8821778297424316,-0.08396866917610168,-0.14926332238667203,-0.01762105273448042,0.017813916430106803,0.09492805971184402,1.9129209945309809,-0.05196616420021722
122.170915,1785483653.276,-0.05308045446872711,0.08841540664434433,0.29200002551078796,-0.053478279263067134,0.08550625723912883,0.28601535751886503,0.7276312081573549,-0.1742457139051456,0.18120746106675426,0.6382437717321611,0.7343568715172293,-0.16511238473896675,0.1831548923878859,0.6323860933445808,25.628488617363498,25.70889284543981,26.047468185424805,1,0.3558098644147095,-0.0313640200935103,0.6524882319094135,-0.1581107516870901,0.0036617850717651458,0.9870144304801374,0.028108638440906025,0.35958656668663025,-0.03199158236384392,0.6590906381607056,-0.1626579761505127,0.03192999213933945,0.9846237897872925,0.0551256388425827,-0.10417528450489044,-0.03917781636118889,0.052031856030225754,0.025093652307987213,1.879571795463562,-0.09301275759935379,-0.13859130047517054,-0.023034560860790806,0.025752155939779788,0.07844408137614775,1.904589596873284,-0.060638843048900104
122.249918,1785483653.342,-0.05280781909823418,0.08933893591165543,0.2939999997615814,-0.0534141774988228,0.08591919834576979,0.28803391736036,0.7081224060415059,-0.2401238083806986,0.12018507596672261,0.6530381016645289,0.7235511344289436,-0.19901374209878414,0.15512262268225502,0.6424984500017148,23.168872926692615,24.726687674319212,21.21710777282715,1,0.3549557206236805,-0.03127745577900147,0.6505617926673484,-0.16027537402930742,0.007881737892443714,0.9866003606629618,0.029485776694437447,0.3585319221019745,-0.03176695108413696,0.6572450399398804,-0.1614428609609604,0.024375757202506065,0.9854212403297424,0.04782194271683693,-0.10622275620698929,-0.03916564956307411,0.057118017226457596,0.028222188353538513,1.8790533542633057,-0.08611524105072021,-0.12926455976205248,-0.0274093828960901,0.0328739648693068,0.06398611539076302,1.8978097726912493,-0.06941217391604372
122.32832,1785483653.442,-0.05121733248233795,0.08838509023189545,0.2939999997615814,-0.053176126010992454,0.08603728800100277,0.2889094930243335,0.7153080896880931,-0.23793689537370746,0.1379556133673694,0.642408452144837,0.7206749968633848,-0.21338441964316276,0.14883750767392753,0.6426056603072557,25.451638479000533,24.882509639978274,22.481679916381836,1,0.3534633326917356,-0.031179756374877427,0.6478555105592275,-0.1670178984096115,0.037913909388382135,0.9831403760969494,0.0640512136783961,0.35729289054870605,-0.03156508505344391,0.6549201607704163,-0.16105961799621582,0.018769724294543266,0.9858919978141785,0.04152785614132881,-0.14899732172489166,-0.03377347066998482,0.06375366449356079,0.09387257695198059,1.8884391784667969,-0.0582345649600029,-0.12134048040823782,-0.03145236302810468,0.04121152405403541,0.051686901532938395,1.8913594403938796,-0.07515635870095588
122.453507,1785483653.509,-0.05013324320316315,0.08735981583595276,0.2970000207424164,-0.05263692500266713,0.08623664999495538,0.29151716663422117,0.7386994395073406,-0.15365684318163417,0.2315907522693139,0.6140671266875707,0.7178061531948479,-0.22683504763824464,0.14289868353678484,0.642557510143663,25.862437617523046,25.481862043368956,67.4734115600586,1,0.3528917018128347,-0.03145395300371136,0.6466381943332659,-0.17370697430720747,0.04507713611311918,0.9807932803865345,0.07640994716328074,0.35570529103279114,-0.031430087983608246,0.6519719958305359,-0.1635410040616989,0.02656625770032406,0.9848726391792297,0.050739072263240814,-0.16367432475090027,-0.02758193574845791,0.06476439535617828,0.11530284583568573,1.8982385396957397,-0.054847896099090576,-0.13266623445891634,-0.03240288033575681,0.050442797587808105,0.06896235856399713,1.89016356393212,-0.06822671488411987
122.682567,1785483653.643,-0.05065048113465309,0.08785071969032288,0.3020000159740448,-0.05228380022148661,0.08640898234000617,0.2953109737092089,0.7262499394328016,-0.17228066378595963,0.205945139554571,0.6328246185580721,0.7218488538131473,-0.2045835243815451,0.17018872933783472,0.6388392678965849,23.493883697215573,24.777841858824615,92.6663875579834,1,0.35141672424169257,-0.032021002419322486,0.6429576513777708,-0.17995056589722108,0.0517959513588116,0.9783611689589428,0.08800225184276057,0.35391560196876526,-0.03150677680969238,0.6484695076942444,-0.17005135118961334,0.03776756301522255,0.9824640154838562,0.06648801267147064,-0.17839603126049042,-0.024006739258766174,0.07383809238672256,0.134646475315094,1.9019697904586792,-0.053361956030130386,-0.15179853103499732,-0.02929967541531331,0.05950685081371431,0.0972891504810959,1.8951356524842506,-0.060458444798333115
122.717213,1785483653.809,-0.0503237284719944,0.08817732334136963,0.3020000159740448,-0.052116742115651704,0.08653149443652601,0.2966536731895746,0.6877257532406815,-0.27899518768690584,0.11558780853954213,0.6601775761824326,0.7239419017096248,-0.19082297239650858,0.18553590938696823,0.6364519954268069,22.246615565002696,23.8056466494117,25.98094940185547,1,0.34946323898397963,-0.03220380151456287,0.6375834484510834,-0.18147214109767357,0.03345619204647226,0.9811368988168503,0.057610164027101216,0.3532238006591797,-0.031650252640247345,0.6469311714172363,-0.17278724908828735,0.04155988618731499,0.9814225435256958,0.07229921221733093,-0.14296191930770874,-0.029304057359695435,0.0867089331150055,0.07769697904586792,1.8887979984283447,-0.06450513750314713,-0.15900645597591287,-0.02786529037744337,0.06339067746044053,0.10741298761763626,1.8969877038753207,-0.05853529626337927
122.795535,1785483653.909,-0.04934132844209671,0.088103748857975,0.30400002002716064,-0.051880645176436806,0.08659895544263467,0.2979052161999718,0.617505979798325,-0.4089431683042045,-0.029908695701233712,0.6712356664630394,0.7247398202345855,-0.18492100044613832,0.1920655943038773,0.6353481124903405,23.04173282059437,23.637431384812622,26.467323303222656,1,0.34868146662191535,-0.03232964368751248,0.6357056959009908,-0.18142999479186386,0.02272373161671027,0.9823366494400669,0.039768029597893655,0.35221579670906067,-0.03178481012582779,0.6443744897842407,-0.17515809834003448,0.03940775617957115,0.9813750386238098,0.06833554059267044,-0.12200479954481125,-0.03254839777946472,0.09211369603872299,0.04473543167114258,1.882267713546753,-0.07003418356180191,-0.15465839006877324,-0.028255196951159828,0.06970999142545534,0.09935995171695604,1.89476829369919,-0.06015312315289597
122.873793,1785483653.976,-0.04916392266750336,0.08830918371677399,0.3070000112056732,-0.051668951250377224,0.08668297962492173,0.29983123502528647,0.7088344315640254,-0.21432845516325624,0.16804358504398723,0.6506753533538837,0.7195510522066759,-0.19484285882628966,0.1840346290534325,0.6406354649422942,24.071861780840322,23.725913325240867,27.081012725830078,1,0.3480152134567879,-0.03256867714852432,0.6339283556952177,-0.1813879482036002,0.018137238477444532,0.9827188216171754,0.032142969157353436,0.35152655839920044,-0.031857676804065704,0.6426759958267212,-0.17640754580497742,0.036305177956819534,0.98163241147995,0.06293047964572906,-0.11351743340492249,-0.034759148955345154,0.09757059812545776,0.030481968075037003,1.8773066997528076,-0.07284463196992874,-0.1484542099887238,-0.02907090563209842,0.07396673915898917,0.08898129442377156,1.892393183470227,-0.062030524567323345
122.951957,1785483654.043,-0.0488317608833313,0.08797717094421387,0.3070000112056732,-0.05136992485347541,0.08676782440817785,0.3013575681779933,0.6838978135384184,-0.30036882369759205,0.09481045268826814,0.6580830710852099,0.7154835782207006,-0.2023902421699486,0.17787549631450525,0.6445787360608171,23.586727637713913,23.691263385174864,29.51812744140625,1,0.3470266417998982,-0.032710118963034836,0.6311959717890716,-0.18348464243820803,0.029733897307391725,0.9817182054035497,0.040971288965202676,0.3502834439277649,-0.032051656395196915,0.6395820379257202,-0.1782166212797165,0.03017113171517849,0.9821330308914185,0.052375804632902145,-0.12584610283374786,-0.034381233155727386,0.10475713014602661,0.04794472083449364,1.8757058382034302,-0.05956996977329254,-0.13643945469856741,-0.031027093635223043,0.08208419981500899,0.06886337907376448,1.8872049417198065,-0.0657494959667962
123.030382,1785483654.143,-0.049149882048368454,0.08654529601335526,0.30900001525878906,-0.0512518412771731,0.08674780468309211,0.3027072267074135,0.7204794113545407,-0.18329373082920236,0.2178177542852375,0.6323513674936286,0.7172748007237428,-0.19623119554003268,0.1908985482006073,0.6407557431959116,24.712897495786915,23.931319079493182,23.909330368041992,1,0.34620980901082776,-0.033018162028089756,0.6290286953008172,-0.18505869037759326,0.0385843093718525,0.9808101985458076,0.04770625341148509,0.3491768538951874,-0.0322662852704525,0.636686384677887,-0.18005043268203735,0.03005838207900524,0.9820026755332947,0.04846804216504097,-0.13577236235141754,-0.03424149006605148,0.11067193746566772,0.06105388328433037,1.8741931915283203,-0.05008769407868385,-0.13279640170998477,-0.032180583327020625,0.08988150341531094,0.0616694546630415,1.8832504000205246,-0.06362435677522826
123.109323,1785483654.21,-0.048481229692697525,0.0858769491314888,0.30900001525878906,-0.05105637748306715,0.08666461747685618,0.30358220227653687,0.7048798168695103,-0.2308384307426881,0.1781716088533075,0.6466165327772582,0.7133081785441018,-0.20768236924191888,0.1867323459262514,0.6427989630615765,23.453910916692152,23.83401822037183,31.514883041381836,1,0.34563168743097905,-0.03307434762644558,0.6270810185779242,-0.18921893608363693,0.029574323867376785,0.9808126685862434,0.03644259507631306,0.3481731414794922,-0.032527923583984375,0.6340509057044983,-0.18177327513694763,0.0329941064119339,0.9816035032272339,0.048212070018053055,-0.12153280526399612,-0.03210464119911194,0.11355724185705185,0.03914221376180649,1.8752363920211792,-0.056809812784194946,-0.13381983322917554,-0.03288933062206125,0.09703143799192325,0.0614577623278545,1.8801356260200555,-0.058969098300878105
123.232712,1785483654.276,-0.047939199954271317,0.08637328445911407,0.31200000643730164,-0.05059501692033389,0.0866922966340515,0.306518269645457,0.6988398225195318,-0.23474078386836492,0.16237803065620426,0.6558605354874981,0.7021753071383563,-0.2331201569249717,0.16280765575934078,0.6527622060954353,22.69210757884364,23.106786622149503,74.06306266784668,1,0.3453508077237998,-0.03329089306784057,0.6257778268497548,-0.19511318197615077,0.037429377491219204,0.979044603879158,0.044738702874177694,0.34699055552482605,-0.0327749028801918,0.6307672262191772,-0.1852860152721405,0.03142129257321358,0.981252908706665,0.04271579161286354,-0.132122203707695,-0.026177620515227318,0.11383453756570816,0.05405624210834503,1.8826724290847778,-0.04952418431639671,-0.12806263872424115,-0.03252166013538836,0.10477490728795308,0.05100161487065361,1.8778400458367759,-0.057957345312197206
123.373073,1785483654.443,-0.04756702855229378,0.08658738434314728,0.3140000104904175,-0.05037405167398588,0.08668671628959523,0.3077750044797082,0.7193684795159505,-0.18272946929653897,0.21939058275500753,0.6332351095193103,0.7013218049641142,-0.23353614026107788,0.16269788326758683,0.6535579514121772,24.494878411472317,23.46600241830199,70.1754093170166,1,0.34397985743155485,-0.033717087299702894,0.621556973358264,-0.1983260882070315,0.06425898452183273,0.9754332507340621,0.07118650860310663,0.34606361389160156,-0.033070508390665054,0.6279160380363464,-0.19088523089885712,0.034845512360334396,0.9800121784210205,0.04387180879712105,-0.1674361377954483,-0.02450934424996376,0.12617921829223633,0.10427505522966385,1.8810679912567139,-0.024775592610239983,-0.13037469765702275,-0.02890852462189053,0.10993483448145532,0.05274132917215205,1.8805922465503597,-0.053154383252747406
123.464813,1785483654.577,-0.04699254408478737,0.0867290049791336,0.31700000166893005,-0.04993426238298854,0.08668030645805824,0.3103880529518157,0.7270033552634165,-0.16154126226157925,0.234042712557861,0.6249756401022594,0.6966538608469959,-0.2435614146940211,0.153630461812846,0.6570760356628399,24.40384405503908,23.5392259056312,24.507761001586914,1,0.3429001978404794,-0.034143685113144376,0.6180586390000595,-0.19948865018349402,0.07153512378755801,0.9742429698895393,0.07705608433781515,0.34516653418540955,-0.033341437578201294,0.6252259612083435,-0.19398090243339539,0.046861432492733,0.978337824344635,0.05504957586526871,-0.17657321691513062,-0.02531515248119831,0.1361120641231537,0.1151144802570343,1.8757611513137817,-0.018557462841272354,-0.14555172929002477,-0.02710701733086083,0.11658713219040119,0.07384490698505491,1.8807870687650587,-0.041532984580003644
123.606244,1785483654.643,-0.04689088836312294,0.08678193390369415,0.32100000977516174,-0.049499451109337275,0.08668262288417965,0.31436227945671613,0.6970159157251182,-0.24248982345198478,0.16252866212251593,0.6549442210881513,0.6957790203798045,-0.24533577727226097,0.15424292499951298,0.6571993847205959,24.181834054105565,23.6952812791204,27.051210403442383,1,0.34223939085152616,-0.034359128224566285,0.6159681025736499,-0.20012333150399708,0.07581151362831931,0.973446598035237,0.08127107334561548,0.34421607851982117,-0.033682819455862045,0.6222362518310547,-0.19627131521701813,0.05692712962627411,0.976797878742218,0.06405270099639893,-0.1827223002910614,-0.025806352496147156,0.14219284057617188,0.12271582335233688,1.8725981712341309,-0.015658676624298096,-0.1582553396213242,-0.02637323244043922,0.12458287960875879,0.09074521278618404,1.8787289053095861,-0.03212427849106269
123.683274,1785483654.81,-0.04619626700878143,0.08678193390369415,0.32100000977516174,-0.04925084303956199,0.08668680599676477,0.31535054574680577,0.7087742796555749,-0.21286707267353092,0.20358770621670616,0.6409981870079998,0.6999706845280239,-0.23568056241679913,0.16913383898343753,0.6526020669680688,24.80604560205337,23.957229829458928,23.40865135192871,1,0.34044451567699685,-0.03465312208110046,0.6102536505969353,-0.2018998855398944,0.07668917429132945,0.9729776539934462,0.08166817981871216,0.3433953821659088,-0.03397076576948166,0.6196369528770447,-0.19787172973155975,0.06462744623422623,0.9755074977874756,0.07109943777322769,-0.18451425433158875,-0.027452364563941956,0.157254159450531,0.12234988063573837,1.8630861043930054,-0.017034156247973442,-0.16827480934231934,-0.02614109190140896,0.13179446708900508,0.10383750190041048,1.8762183083983464,-0.025381449607673464
123.762019,1785483654.877,-0.045435670763254166,0.0859253853559494,0.3230000138282776,-0.048913984041424434,0.086635855056779,0.3166657604921129,0.7094501626563965,-0.21872148773291614,0.19210684619466611,0.6418226679978289,0.7028908669768796,-0.23061590494364131,0.1760468950067866,0.6494368516383909,26.335066873913075,24.656364686659856,28.88011932373047,1,0.33998523797356034,-0.0349364266013104,0.6088234710856447,-0.20458456194785438,0.06430379964928566,0.9743753775680161,0.06784395295422556,0.3423961400985718,-0.034220725297927856,0.6163974404335022,-0.1992693990468979,0.06874342262744904,0.9746701717376709,0.07472744584083557,-0.16738292574882507,-0.02611473947763443,0.15805886685848236,0.09552160650491714,1.8629401922225952,-0.02775360457599163,-0.17385955491070376,-0.026592038961055844,0.14055007118846044,0.11020390949653987,1.8717021434409096,-0.022510815379517657
123.888483,1785483654.943,-0.04493693634867668,0.0852213054895401,0.3270000219345093,-0.048339646047023656,0.08644598801177161,0.32001640865958775,0.7164773139500125,-0.19405953759490574,0.2213287796287279,0.6324671736710804,0.7101099703560452,-0.21143441380795797,0.19918037797806812,0.6413785899818732,25.78167283905402,25.58378615021418,75.1657485961914,1,0.3394545890639362,-0.03532414320696722,0.6068944111749424,-0.20538954402877652,0.0570972043475496,0.9750691521547802,0.06160513757393425,0.3414241075515747,-0.034509796649217606,0.6132881045341492,-0.20144745707511902,0.06695006042718887,0.9745590686798096,0.07191195338964462,-0.1600079983472824,-0.026418980211019516,0.16209116578102112,0.08256828784942627,1.8595404624938965,-0.0365622416138649,-0.17120731444855183,-0.02639658133438876,0.14772015658098447,0.10419136157774235,1.8681140367974978,-0.024657789844664376
123.982085,1785483655.077,-0.04490562155842781,0.08652438223361969,0.3320000171661377,-0.04801002626844959,0.08645268027055071,0.3240009985217954,0.7095393821147914,-0.21110509109114142,0.1758251679846553,0.6489021621529156,0.7099395467620916,-0.2113218611221164,0.19014010644867665,0.644341253432377,25.155420837449164,25.46835332555693,24.83344078063965,1,0.3382044146952074,-0.035888777695056384,0.6019748629566176,-0.20645678497710307,0.0357330004588217,0.9770654901667136,0.03797073268199667,0.3406209349632263,-0.0348343551158905,0.6106589436531067,-0.20306189358234406,0.06294701248407364,0.9747928380966187,0.0676940530538559,-0.1312701255083084,-0.02899176813662052,0.17343206703662872,0.037166528403759,1.847741723060608,-0.0556497648358345,-0.16662108475028908,-0.026405756476928506,0.1536053281231598,0.09533649993783787,1.8646030723844302,-0.029532781606457243
124.120128,1785483655.177,-0.04264650121331215,0.08632319420576096,0.33400002121925354,-0.04700123172186217,0.08641455959961516,0.3273128667854789,0.6893381464697562,-0.24752917903253577,0.14623206409928102,0.6649499295273168,0.712041512715013,-0.19960018343848102,0.21341124648776744,0.6384452136357341,22.697488790011217,23.999365141919533,79.56647872924805,1,0.3364044956895104,-0.03602423694418097,0.5962556273728203,-0.20022049792966035,0.04047076174215587,0.9779564786532106,0.04330121837802009,0.33974388241767883,-0.03515319898724556,0.6075847744941711,-0.20427899062633514,0.053713925182819366,0.975745677947998,0.0574917197227478,-0.13963870704174042,-0.03827434405684471,0.19279593229293823,0.04745733365416527,1.8261946439743042,-0.05446570739150047,-0.1544638937354695,-0.027295086996388374,0.16042377512038208,0.07533184774613771,1.8588044543519677,-0.03851441201554717
124.214634,1785483655.31,-0.04193568602204323,0.08636964857578278,0.3370000123977661,-0.04643049877108654,0.08641236868431224,0.32959686524754617,0.7225073961356516,-0.15775655293786425,0.24409250593930065,0.6273075649780702,0.7160152369836684,-0.1847360131834438,0.22443102336700688,0.6346853563701826,25.60219276781061,24.42227373470759,24.093151092529297,1,0.3349302709632123,-0.03723817816423807,0.591426022009765,-0.20714518290189263,0.02550598690337369,0.9777261577434188,0.02217832944380346,0.33860766887664795,-0.03542584925889969,0.6036698222160339,-0.20288518071174622,0.049253374338150024,0.9765462875366211,0.05262138694524765,-0.11573827266693115,-0.0351005420088768,0.2019815742969513,0.0071656359359622,1.8235801458358765,-0.06326146423816681,-0.14936551201714499,-0.031070854495125685,0.17155658426654033,0.0657458030349175,1.8475899405630891,-0.04400006238235792
124.339196,1785483655.377,-0.04132871702313423,0.08735700696706772,0.33800002932548523,-0.04545772975237189,0.08653774555001062,0.33242090786144163,0.7206378894505597,-0.17394547212920144,0.24330920277136417,0.6254795255328148,0.7160951924496897,-0.1850578842067481,0.22560977140259225,0.6340831853085475,28.03230808141608,26.326072392160476,65.35220146179199,1,0.333886014254089,-0.03788755187619993,0.5881157019454025,-0.20335939411073548,0.013628609286125207,0.978980543165398,0.007504261417563012,0.33706629276275635,-0.03611139580607414,0.5985553860664368,-0.20469966530799866,0.039715103805065155,0.9771931171417236,0.04017902910709381,-0.09909651428461075,-0.042038433253765106,0.21384523808956146,-0.01978246308863163,1.8083760738372803,-0.071918785572052,-0.13559482110358312,-0.03272105181209644,0.1840159227068737,0.041756638774604324,1.8377576895243481,-0.05188779905830137
124.434301,1785483655.544,-0.041084203869104385,0.08651561290025711,0.33900001645088196,-0.04508589823737011,0.08653664898972058,0.33345531376922105,0.70540084621786,-0.22271794773657946,0.20121342860704522,0.6421211085607844,0.7127173346378843,-0.19761134624322113,0.21756161991111003,0.6369071347412156,25.561654975079897,26.15887658604453,24.176597595214844,1,0.33239669349117784,-0.039086451619656355,0.5840594354123978,-0.20440867835458087,0.012900081151417622,0.9787750953149092,0.00707056651980217,0.33591580390930176,-0.0366654247045517,0.5948643088340759,-0.2043192833662033,0.0309295654296875,0.9779870510101318,0.028952598571777344,-0.10143665224313736,-0.04328338801860809,0.22446177899837494,-0.02207614853978157,1.8009978532791138,-0.07562468945980072,-0.12304305375075814,-0.03592530039483723,0.1942742432446389,0.02059334204104464,1.8276533518895655,-0.05877645519248739
124.495914,1785483655.611,-0.04095763713121414,0.0862884670495987,0.3410000205039978,-0.04477473320102579,0.08652330540304114,0.33479411942504556,0.7163013101040957,-0.18212591282711746,0.2288242690198217,0.6335471876092496,0.7138263190394297,-0.192954499641425,0.2209634324938103,0.6359211498411567,25.660404767257063,26.060262307412284,23.00429344177246,1,0.3319176255702416,-0.03955023839235086,0.5825514664002169,-0.20846221176038984,0.022337987148231604,0.9775967772249291,0.018683194522462802,0.33469483256340027,-0.03746441379189491,0.5911006331443787,-0.2043709009885788,0.024853143841028214,0.9783433079719543,0.02143130637705326,-0.11713866889476776,-0.03844056650996208,0.22527725994586945,-0.002075440948829055,1.805667757987976,-0.0714995265007019,-0.11561260635748069,-0.038455746601477554,0.20465573675420007,0.005919304246047013,1.818486525917431,-0.06457056297177403
124.635426,1785483655.677,-0.04045563563704491,0.08642362803220749,0.34300002455711365,-0.04400285263145131,0.08644906295692269,0.337254242637248,0.7203310997960521,-0.16590411478442468,0.2539271021834968,0.6237948045157945,0.7156508210299128,-0.18453223819054435,0.23273846426063002,0.6321586530936704,25.667438883217805,25.980374452738808,77.72612571716309,1,0.33132407454172275,-0.03989624242103306,0.5806074670180368,-0.20724115122833214,0.018848321910247753,0.9780076262468358,0.014033139411870076,0.33327236771583557,-0.038556620478630066,0.5866360664367676,-0.20650286972522736,0.023556776344776154,0.977958083152771,0.019991418346762657,-0.11230798810720444,-0.041030485183000565,0.23136767745018005,-0.010608216747641563,1.7988104820251465,-0.07397694140672684,-0.11640876292733773,-0.03844783188968142,0.21541412159874943,0.0017484218901565906,1.8117989349504537,-0.06818542417242014
124.72931,1785483655.844,-0.03982918709516525,0.08593154698610306,0.3440000116825104,-0.043678493856117565,0.08642112251455134,0.3382777159601219,0.7053968667951909,-0.21862839201157686,0.198269490790242,0.6444424687617492,0.7170500020560315,-0.17923775592033755,0.23880074863957515,0.6298311867899724,24.28525058762582,25.531185875037245,23.662567138671875,1,0.33029348381996654,-0.04083308666550059,0.5769976719245883,-0.208886197815352,0.009644635178136917,0.977889884605579,0.002216068729406474,0.3323664963245392,-0.03918025270104408,0.583807110786438,-0.20684975385665894,0.02136998064815998,0.977988064289093,0.017199940979480743,-0.09946272522211075,-0.041795842349529266,0.24064946174621582,-0.03304831311106682,1.7915619611740112,-0.08011186122894287,-0.11448731109254677,-0.039657962338446824,0.22288937300034783,-0.004041391398240712,1.805713078436225,-0.07089909111724121
124.840514,1785483655.911,-0.03982918709516525,0.08593154698610306,0.3440000116825104,-0.0434207223020211,0.08639664233288381,0.3389731390012665,0.7138780278950956,-0.1902633412240234,0.23041479428219167,0.6333143333691219,0.7162465307143492,-0.18208531053474536,0.23664261169987158,0.630742515813694,24.688572773336887,25.347618114089073,21.842479705810547,1,0.3298603351457608,-0.041227594753934706,0.5754969750271779,-0.2090118174005848,0.004115258083589105,0.9778953018731888,-0.0042312423890943605,0.3319684565067291,-0.03948633372783661,0.5824973583221436,-0.20724692940711975,0.019175004214048386,0.9779953360557556,0.014354766346514225,-0.09209289401769638,-0.04290074482560158,0.24510617554187775,-0.04519151523709297,1.7874115705490112,-0.08402161300182343,-0.11163263890690715,-0.04006416005385407,0.22626379823257733,-0.00955270642033636,1.8030243661564045,-0.0726495173795259
124.919195,1785483655.978,-0.039456989616155624,0.08593154698610306,0.3440000116825104,-0.043034107451996026,0.08636520606339478,0.3396328070891777,0.713042020465719,-0.19208665059529825,0.22698052414683553,0.6349438064673697,0.7153231327056154,-0.18502269928032822,0.23381432307955174,0.6319891445983046,24.743571959070877,25.184524188304355,22.23515510559082,1,0.32957181738050223,-0.041551773420061874,0.5744719639659951,-0.20969818508679705,0.006565123827496907,0.9777430508232622,-0.0014480632764827248,0.3313842713832855,-0.039944928139448166,0.5805704593658447,-0.20774631202220917,0.015147743746638298,0.9780210256576538,0.009320960380136967,-0.09645476937294006,-0.04216982051730156,0.2469731867313385,-0.04052412137389183,1.7866207361221313,-0.08324939757585526,-0.10633736908216501,-0.040832876573645205,0.23137010821084042,-0.01921082329630133,1.798793298546801,-0.0757313550589188
124.9636,1785483656.078,-0.03957169130444527,0.08655445277690887,0.3450000286102295,-0.042843203133610064,0.08637590268087017,0.3402055652102038,0.7298498947443591,-0.11033701722993967,0.29042005936693877,0.6089343666502586,0.7148812353595256,-0.18641206921748021,0.2324738221220554,0.6325751194987507,25.66842917338218,25.286356372494634,28.564453125,1,0.3293020188620371,-0.042072251139705044,0.5734850700736838,-0.2099960450262307,0.009536726859488942,0.9776541899642955,0.0017311150758813998,0.3310408294200897,-0.04024537280201912,0.5794033408164978,-0.20812132954597473,0.013538859784603119,0.9779822826385498,0.00727506959810853,-0.10187314450740814,-0.041713278740644455,0.2488652616739273,-0.035221029072999954,1.7853611707687378,-0.08249001950025558,-0.10445967334202845,-0.04108689639084857,0.23433470142755963,-0.02326034984722215,1.7964805116861136,-0.07715978308437536
125.078125,1785483656.144,-0.039425648748874664,0.08630567789077759,0.34700000286102295,-0.04265098391914417,0.08637281383813114,0.3412040495378054,0.7412313640923206,-0.007665019807916456,0.36855769330425003,0.5609657200430631,0.7145550791717877,-0.18743093331325755,0.23148967632495338,0.6330033284447165,26.648615700583026,25.635024654912982,21.203994750976562,1,0.3290214044418383,-0.04230628610120003,0.5726563014976711,-0.2101356617565602,0.01094345924854189,0.9776056319260372,0.0032361681509808634,0.3305774927139282,-0.0407380610704422,0.5777958035469055,-0.2086295634508133,0.01246987096965313,0.9778981804847717,0.005771414376795292,-0.10445405542850494,-0.04175473749637604,0.2508225440979004,-0.03271302580833435,1.783962607383728,-0.08212898671627045,-0.10375872299795946,-0.0412566478785658,0.23827250716209605,-0.026501693666552202,1.7934671702975047,-0.0786042769420539
125.119207,1785483656.211,-0.03953927010297775,0.08542536199092865,0.34800001978874207,-0.042438303180161605,0.08628517093974676,0.34247772874498783,0.7356373163452017,0.023563681143868833,0.3903724108209529,0.5530749249434628,0.7142473602535255,-0.18838714472794063,0.23056518602408071,0.6334040472445732,25.286312894521632,25.54329867018299,21.225690841674805,1,0.3285711168261687,-0.042504477081877615,0.5712125906478261,-0.21023752733534304,0.011975538107590064,0.9775673529077427,0.004340405039128473,0.3301626443862915,-0.04116272181272507,0.5764012932777405,-0.20903711020946503,0.012063585221767426,0.9778200387954712,0.005083006341010332,-0.1064693033695221,-0.042094163596630096,0.25441113114356995,-0.030913084745407104,1.7810968160629272,-0.08193543553352356,-0.10394715916730285,-0.04139163251453352,0.24167359510751502,-0.02818496438981164,1.7908914337478714,-0.07955947302619107
125.243225,1785483656.311,-0.03889767825603485,0.0856708288192749,0.3490000069141388,-0.04220374368707676,0.08625514010146793,0.3433698287160785,0.733869397756733,-0.09163723223171193,0.30799703112566224,0.5984781980346979,0.7140871007369415,-0.188883217046514,0.23008524101759145,0.633611493539334,24.842435154312188,25.39344342528244,70.29294967651367,1,0.32811834513087323,-0.04271113005489596,0.5693360428042215,-0.2103327286639843,0.012944523486280904,0.9775293697731062,0.005377154960558114,0.329519659280777,-0.04171295464038849,0.574275553226471,-0.20952869951725006,0.012031644582748413,0.9777168035507202,0.004777433816343546,-0.10842796415090561,-0.04231125861406326,0.25884050130844116,-0.029248716309666634,1.7772423028945923,-0.08178171515464783,-0.10498000501604386,-0.041679329672907404,0.2468897849557858,-0.029302156522742755,1.78688043985971,-0.08053245302089329
125.337435,1785483656.445,-0.0392320416867733,0.08488456904888153,0.35200002789497375,-0.04182845821166882,0.08603989608971459,0.34537537258159395,0.7306038157368415,-0.11362836895798094,0.28382795823587076,0.6105312017598881,0.7138592991951598,-0.18958612048671183,0.22940480345081143,0.6339049140250357,26.670478987298694,25.830565758797462,24.02186393737793,1,0.327665436135347,-0.043323280878547324,0.5670572416653445,-0.21042074802520597,0.013844265699408696,0.9774923281562308,0.00633983465625545,0.3289550244808197,-0.04212498664855957,0.5722532868385315,-0.20985805988311768,0.012408023700118065,0.9776402711868286,0.005021131597459316,-0.11120933294296265,-0.04231593385338783,0.26397356390953064,-0.028100112453103065,1.772430181503296,-0.08259517699480057,-0.10639198063709346,-0.041938114259309635,0.2517837597601051,-0.029280271817349324,1.7829335263911246,-0.08104403797788552
125.415485,1785483656.511,-0.03847033903002739,0.0845038890838623,0.35200002789497375,-0.041529774604526226,0.08589901273927573,0.3465642532207685,0.7172205292033303,-0.19267678088848605,0.21677207764897885,0.6336246814538479,0.7144407212651693,-0.19011478717444766,0.22725674456188172,0.6338652818595247,25.43223788848806,25.72307342898581,21.414995193481445,1,0.3271469839525579,-0.04337126002055201,0.5650366696658413,-0.21045155147037925,0.014160025676648145,0.9774789239005791,0.006677685730319835,0.3285202383995056,-0.04253874346613884,0.5704659819602966,-0.21005284786224365,0.012900874018669128,0.9775896072387695,0.00547385960817337,-0.11188515275716782,-0.04279894009232521,0.268959641456604,-0.02756952866911888,1.7680401802062988,-0.08251333981752396,-0.10804865388231133,-0.04206804793067424,0.2559758539892343,-0.028874414753925794,1.7793214260842003,-0.08157747451491937
125.531476,1785483656.611,-0.03847033903002739,0.08412322402000427,0.35200002789497375,-0.04136067983627522,0.08577626256527614,0.3471275015192543,0.7289798697687412,-0.13446051773629586,0.2754511835253664,0.6120746393508812,0.7148098982981458,-0.19045172427097148,0.2258849786066094,0.6338382494431052,25.788457897941846,25.734754057283908,24.4448184967041,1,0.3268033719614697,-0.043715874281730724,0.563250951186448,-0.20938132681610497,0.014528134411223945,0.9776878278742313,0.008654739616225208,0.32805609703063965,-0.04282562434673309,0.5685973167419434,-0.21019010245800018,0.013331116177141666,0.9775519371032715,0.005885488819330931,-0.11516821384429932,-0.04386230558156967,0.27349549531936646,-0.02461881935596466,1.7627099752426147,-0.0849791094660759,-0.10936802755025687,-0.042319405676119526,0.2604410229299093,-0.02842566394852643,1.7754418056267902,-0.08189931814786164
125.61953,1785483656.678,-0.03857962787151337,0.0843622013926506,0.3530000150203705,-0.041229323067728946,0.08570148646027427,0.3478079262767759,0.7274047477160511,-0.16891049950256773,0.2504899770235607,0.6161220232784063,0.717538220804585,-0.18596577080426094,0.23106555926142758,0.6302097596014932,28.121663678535754,26.455500385656805,71.20084762573242,1,0.32671922218771476,-0.043922124603642254,0.5623777813711086,-0.20869761048618182,0.014763064991605356,0.9778184996517967,0.009916704499024601,0.3274775743484497,-0.04324601590633392,0.5660919547080994,-0.20981477200984955,0.013885537162423134,0.9776161313056946,0.0071839685551822186,-0.11718098074197769,-0.044314876198768616,0.27559342980384827,-0.022712234407663345,1.7598885297775269,-0.08648906648159027,-0.11208575875339812,-0.04304234961182876,0.26655785535278204,-0.026641932108320124,1.7694761919138111,-0.08334238159882015
125.747658,1785483656.845,-0.03819769248366356,0.08398044854402542,0.3530000150203705,-0.04097114476429824,0.08550901705933464,0.3486500698840557,0.7267298946665403,-0.15553737648307922,0.26435675007295084,0.6146440379647292,0.7227476806021941,-0.17331746399900894,0.24623555174111,0.6220650286873971,24.633151049440674,25.895989255665846,21.799087524414062,1,0.3264270558077162,-0.04426395287796539,0.5603456049721405,-0.2097934629075195,-0.004731218336122035,0.9777210699726103,-0.005082108414967864,0.32722124457359314,-0.043479256331920624,0.5648141503334045,-0.20943404734134674,0.014184852130711079,0.9776861071586609,0.008123941719532013,-0.09677640348672867,-0.04509909823536873,0.28129178285598755,-0.05240538343787193,1.754250407218933,-0.10504110902547836,-0.11383800658418804,-0.04347997445714957,0.26966521735911253,-0.025290508680241675,1.7661789949051432,-0.0844245261909402
125.793325,1785483656.878,-0.038089487701654434,0.08526524156332016,0.35200002789497375,-0.04074073993954917,0.08548499551992222,0.34886877813724004,0.7118857112069287,-0.2041158655305294,0.20534819117797862,0.639834015974503,0.7185942025863321,-0.18591382687001434,0.2296884801515247,0.629524918548537,23.159868995001943,24.83548665376238,24.993181228637695,1,0.32640305952192405,-0.04437657949526076,0.5600514969353002,-0.2095934314753875,-0.008374988504300313,0.9777075637386705,-0.009400683917585887,0.3270614743232727,-0.04362347349524498,0.5639516711235046,-0.2095019668340683,0.010613879188895226,0.9777345061302185,0.005614100024104118,-0.0914357453584671,-0.04583074897527695,0.28262564539909363,-0.06024189293384552,1.7525066137313843,-0.10687664896249771,-0.11059632401414685,-0.04378761197067986,0.27187430119046463,-0.030442334447601232,1.7639125632447632,-0.08834167646802246
125.934947,1785483656.978,-0.03694692999124527,0.08526524156332016,0.35200002789497375,-0.04011033558701928,0.08548002903418173,0.34918986552050585,0.7055161183696171,-0.24977523299906235,0.16485519110874522,0.6424033823583369,0.712572607871179,-0.22100085293073685,0.1941033119564371,0.6369637397867292,68.73296926406745,27.817927976971593,83.96100997924805,1,0.32632741192547615,-0.04470258119804197,0.5597103694728868,-0.20783442735011062,0.007237844892102486,0.9781144815002972,0.006672742222978922,0.32677096128463745,-0.043924618512392044,0.5623289346694946,-0.20954684913158417,0.00287270313128829,0.9777942299842834,-0.0005364775424823165,-0.11384741216897964,-0.045557476580142975,0.28227901458740234,-0.030724721029400826,1.7519052028656006,-0.09817362576723099,-0.10274987650789193,-0.04462430065347048,0.27627711736356947,-0.04264555118218501,1.7592417128595395,-0.09593193263214748
126.012075,1785483657.145,-0.03504267334938049,0.08564591407775879,0.35200002789497375,-0.03974878337409604,0.0854853199169068,0.3492491825546222,0.733136090243663,-0.21530970540717537,0.19894730809621747,0.6136555813654593,0.7113538844371889,-0.22638809377970157,0.18868330713219816,0.638061667631407,54.007164583652354,28.105368437547206,26.930570602416992,1,0.3261567907813208,-0.04561762009601985,0.5592006755074346,-0.21026886346027232,0.03497073117275684,0.9757784012609266,0.04919923427288692,0.32664841413497925,-0.04413709416985512,0.5616161227226257,-0.20909230411052704,0.004048235714435577,0.9778864979743958,0.00141967146191746,-0.1690072864294052,-0.037396058440208435,0.2792774438858032,0.04147322103381157,1.7622946500778198,-0.09842861443758011,-0.1057573093637682,-0.04487719292794508,0.2779036458600518,-0.03941500601016317,1.7572535186511822,-0.09653943128589393
126.173887,1785483657.178,-0.0356009416282177,0.08894439041614532,0.3500000238418579,-0.03904990197240738,0.08639614213524553,0.3494060946190869,0.7116058017487084,-0.2563182710363024,0.16074262146539833,0.6340977341821766,0.7087392058383352,-0.25530591728669194,0.162405649461227,0.6372848905545493,59.08834998733857,56.20368273753756,65.40322303771973,1,0.3261028019851967,-0.046153381617776996,0.5590904736850759,-0.21069384095312252,0.039358448579984155,0.9751742740588135,0.05562511234741924,0.3263150155544281,-0.044626105576753616,0.5606114864349365,-0.20986288785934448,0.014680498279631138,0.9774577617645264,0.01784374564886093,-0.1782367080450058,-0.035973455756902695,0.27907320857048035,0.052005838602781296,1.7640225887298584,-0.09888278692960739,-0.12750897910218786,-0.04230443293102452,0.27837611245739613,-0.011597544399941522,1.7589871637488028,-0.09718912110011722
126.25221,1785483657.345,-0.036358319222927094,0.0885658785700798,0.3500000238418579,-0.038991632967957435,0.08650197390618833,0.34942936978294237,0.709924693094223,-0.24843747507983102,0.16928789915534895,0.6368888115759298,0.7089696233888942,-0.25400317816396084,0.16371409961462463,0.6372143690955103,59.0789846785195,57.566335657899145,24.077415466308594,1,0.32469046451125566,-0.04715815020492663,0.5592197556357691,-0.21494666590372302,0.05504042585663822,0.9708181748382073,0.09099754800105955,0.3261403441429138,-0.045131318271160126,0.5599818229675293,-0.2103830873966217,0.02317444607615471,0.9768578410148621,0.030833156779408455,-0.22246931493282318,-0.02890878915786743,0.27956250309944153,0.10807394981384277,1.7789956331253052,-0.11155956238508224,-0.14495425022030817,-0.04012721431884089,0.2786158804717202,0.010275659834788278,1.7607188463997878,-0.09777157218493204
126.293518,1785483657.379,-0.0360824279487133,0.08805973827838898,0.35100001096725464,-0.038782157189566575,0.08663363635822682,0.34954062743651243,0.6953521090427396,-0.2826147269035088,0.13573044005140097,0.6466773602272792,0.7037238749208015,-0.2654166825956515,0.1526436658687731,0.6411135653973592,58.232001878007104,57.980399711370055,25.910139083862305,1,0.3245253880662446,-0.04724010886795393,0.559229328308932,-0.21483605542908737,0.054157055089511755,0.9710428031528707,0.08937760970576865,0.3253931999206543,-0.04577834904193878,0.5594531893730164,-0.2125910073518753,0.034215521067380905,0.9751843214035034,0.05147642269730568,-0.22081981599330902,-0.029590005055069923,0.27981939911842346,0.10526169091463089,1.7785166501998901,-0.11169858276844025,-0.17161168189940623,-0.03626919883948198,0.27894143128682697,0.04390849197304419,1.7670042333546931,-0.10251326187808296
126.450589,1785483657.479,-0.035979632288217545,0.08894439041614532,0.3500000238418579,-0.03851198793130675,0.08707679947698677,0.34959725781052364,0.6593624958753853,-0.34079385783107646,0.08004458730450001,0.6653521695619897,0.6997046052417214,-0.2738194112915114,0.14441538708040774,0.6438793298265701,57.09532547705044,58.58157320773812,98.39653968811035,1,0.32427582796174137,-0.04753974894491546,0.5591130499463063,-0.2161028147831186,0.06603016291003509,0.9688281820465011,0.1015457763836534,0.3249339163303375,-0.04635420814156532,0.5592503547668457,-0.21378491818904877,0.04241791367530823,0.97365802526474,0.0669836550951004,-0.23738233745098114,-0.027089672163128853,0.2807648181915283,0.12683306634426117,1.782670497894287,-0.10401199758052826,-0.1917629059512649,-0.03353400346253574,0.27930097796152903,0.06903324080651099,1.7717186831769698,-0.10627474244207485
126.604402,1785483657.612,-0.036358319222927094,0.0885658785700798,0.3500000238418579,-0.03825861367355672,0.08735329606513918,0.34973909429753147,0.732430975383036,-0.1786638991230408,0.23977998253412763,0.6116613748027087,0.7025457645295239,-0.26265831960020974,0.15278889491588868,0.6435026103107915,60.56516212153614,59.321173681551684,70.50752639770508,1,0.32360129127228193,-0.04792579107883098,0.5592095055014152,-0.2169998584612748,0.07481127573521114,0.9670033816222839,0.11053865559940718,0.3244684934616089,-0.04700145870447159,0.5590733289718628,-0.21530573070049286,0.055907249450683594,0.9710859060287476,0.08666027337312698,-0.25027233362197876,-0.026376351714134216,0.2823503017425537,0.14249563217163086,1.7861604690551758,-0.09883313626050949,-0.2177446683909134,-0.02986374648293451,0.2801346917648777,0.10195213699367028,1.7779561007684868,-0.10498603489017838
126.761851,1785483657.812,-0.035979632288217545,0.08894439041614532,0.3500000238418579,-0.038027642848869454,0.08748466526403205,0.34976539112152827,0.718185573407382,-0.2222863098771509,0.1953247084278145,0.6297988066583634,0.7069821074143792,-0.25164550634511895,0.16535243527177768,0.6399292234942271,59.7199844148071,59.32168688591099,78.03988456726074,1,0.3231283716528592,-0.04828404905662041,0.5591109012154609,-0.2140984260628769,0.06769455773968464,0.969442426151079,0.0987962205154492,0.32397040724754333,-0.04747169837355614,0.5590949058532715,-0.21627895534038544,0.06579601019620895,0.9690564870834351,0.09911558777093887,-0.23755954205989838,-0.031961292028427124,0.2839619517326355,0.12276040017604828,1.7790693044662476,-0.10089235752820969,-0.23471445208019123,-0.02804436258837182,0.2812905896269081,0.12310380430783908,1.782236345137194,-0.10177604848279441
126.887743,1785483657.946,-0.036358319222927094,0.0885658785700798,0.3500000238418579,-0.037887043619688955,0.08757980372541806,0.34978636122001916,0.7173892645711877,-0.22122047483636184,0.19963803066047828,0.6297291491627102,0.7120583127303903,-0.23763890068543791,0.1816800801728372,0.6352110362871204,59.07477189333354,59.35420316133697,72.62706756591797,1,0.322915825005378,-0.04862350499209461,0.559114313073625,-0.21415701570343926,0.05621073168185199,0.9714218151449704,0.0855381980710315,0.3236265480518341,-0.04780559986829758,0.5591025948524475,-0.21538673341274261,0.06657269597053528,0.9692153930664062,0.09898560494184494,-0.22127029299736023,-0.033927276730537415,0.28323036432266235,0.0986587256193161,1.776509404182434,-0.10788214206695557,-0.23587954495648886,-0.02964838466196974,0.2823845423064511,0.12296317703968804,1.7809394103120348,-0.1014141681552839
126.980606,1785483658.079,-0.036358319222927094,0.08743035048246384,0.3500000238418579,-0.03779595332736267,0.08756355559932688,0.3497998759092819,0.7115471305644391,-0.2304061291899532,0.19642273820375347,0.6340597799369988,0.7119042695027289,-0.235158251774335,0.18675680613304854,0.6348344690147246,58.65119649272624,59.171801617774975,28.91087532043457,1,0.3227625187917845,-0.04882924104218984,0.5591160784535594,-0.21451057137525584,0.041716865380790266,0.9734359946036059,0.06831751108720902,0.3233207166194916,-0.04813322424888611,0.5590906143188477,-0.21490025520324707,0.062336266040802,0.9701513051986694,0.0934797003865242,-0.19950953125953674,-0.036159250885248184,0.28265950083732605,0.06771524995565414,1.7734475135803223,-0.11537909507751465,-0.22989690988188105,-0.03140063484130572,0.2827309277708326,0.11301026167044609,1.779125278501902,-0.10406286799712643
127.059869,1785483658.179,-0.035979632288217545,0.0885658785700798,0.3500000238418579,-0.03769972145813927,0.08761714368067172,0.34980836810206306,0.7199637356145607,-0.20622459323296977,0.21294282461365474,0.6275181192534456,0.714371122827042,-0.22677494044518098,0.1944116938240315,0.6328120720730499,57.2905894975964,58.67976539575916,29.729366302490234,1,0.32277471967491395,-0.048964878782605706,0.5590824965560779,-0.21606929783757436,0.03948187027516211,0.9735203214525671,0.06335159169621017,0.3230791985988617,-0.04835336282849312,0.5590460896492004,-0.2148308902978897,0.05526300519704819,0.9713894128799438,0.08483117073774338,-0.1936139315366745,-0.0351540632545948,0.2817874550819397,0.059066805988550186,1.7746059894561768,-0.11385379731655121,-0.2194466924203753,-0.03303712492940099,0.2827063832556707,0.09743330789463966,1.7771726951453708,-0.10795451820642821
127.186231,1785483658.246,-0.036358319222927094,0.08780886232852936,0.3500000238418579,-0.03758556744899754,0.08774835715354946,0.34982388015187404,0.7166921695575132,-0.2249929036493849,0.19685676765160592,0.6300618544493272,0.7177161225683456,-0.22273347748219652,0.19742504117714252,0.6295210231043527,58.913017704683746,59.27919642265108,68.85147094726562,1,0.3226888999806598,-0.049106565666169624,0.5590869288384599,-0.21486945957345924,0.03231358977859606,0.9746060548815377,0.05412933628334156,0.3229160010814667,-0.04859393835067749,0.5590208768844604,-0.21539835631847382,0.048806484788656235,0.9723368883132935,0.07604260742664337,-0.18237128853797913,-0.037902507930994034,0.28266966342926025,0.04294818639755249,1.770867109298706,-0.1170731633901596,-0.20886791822501613,-0.033904032499528454,0.2823300753356367,0.08172184174139036,1.7761216034985892,-0.11037033197501303
127.344215,1785483658.379,-0.035979632288217545,0.09007991850376129,0.3500000238418579,-0.03745299750086061,0.08805487046967504,0.34983802914488665,0.6962901318204843,-0.2788608586886727,0.1341595744613268,0.6476248006378267,0.7174054571403226,-0.22060666059114017,0.1970971191408949,0.6307256432035012,57.97642993228345,58.84671677578161,70.9679126739502,1,0.32248784579473083,-0.04927211890779806,0.5591146596274903,-0.21382389569131907,0.02612483866933376,0.9751717399814505,0.051350871243239726,0.32276836037635803,-0.04882398247718811,0.5590123534202576,-0.21521322429180145,0.041091423481702805,0.9734827280044556,0.06577317416667938,-0.1784345954656601,-0.03971550986170769,0.2835753262042999,0.036739666014909744,1.76886785030365,-0.12572742998600006,-0.19645268368238156,-0.0357775546888479,0.28248919790390203,0.06355409670713594,1.773659562950786,-0.11351100389216603
127.475461,1785483658.513,-0.03522225469350815,0.08894439041614532,0.3500000238418579,-0.03722892870795842,0.08819505123172515,0.34985085607604605,0.7256074625716247,-0.19583594840281743,0.21572474172438502,0.6233818471703237,0.7203854223001575,-0.212812356998391,0.2017443933405508,0.6285339639206987,57.74259456056052,58.53042856050908,63.91716003417969,1,0.32203543860542116,-0.04946009499027854,0.5592213126782393,-0.21198121059759864,0.026724954062325862,0.9756347916715606,0.04986478179971971,0.3226372003555298,-0.04900016635656357,0.5590323805809021,-0.2146594077348709,0.034972090274095535,0.9742249250411987,0.0598670169711113,-0.1779051572084427,-0.04292331263422966,0.2853913903236389,0.03485792502760887,1.766021490097046,-0.12398085743188858,-0.18907409612889703,-0.037390187123077116,0.28293398264838193,0.05257331929499635,1.7716973087046572,-0.11851375249247659
127.579922,1785483658.646,-0.0357026569545269,0.0891985148191452,0.35100001096725464,-0.03709939754533207,0.08828035134564235,0.349968598859391,0.7424864305957121,-0.12746678129383235,0.26715403924867176,0.6009116735102991,0.7310269710327814,-0.1764370719590448,0.23024856043154507,0.6176205369645322,59.25317082186596,58.74328221352684,73.76623153686523,1,0.3218166513112352,-0.04979016319302745,0.5592484530873585,-0.20919701739508018,0.020130375076324963,0.9767087834526949,0.043258851564111314,0.3223957419395447,-0.04918578639626503,0.5590867400169373,-0.21347294747829437,0.0314859002828598,0.9748477935791016,0.055765070021152496,-0.17036470770835876,-0.0472605898976326,0.287527859210968,0.023006299510598183,1.7604860067367554,-0.12974092364311218,-0.18447905291274164,-0.039726757351213,0.28399273764161126,0.045295832811889196,1.7691918463494707,-0.12096989642689321
127.655386,1785483658.78,-0.0360824279487133,0.09033729135990143,0.35100001096725464,-0.0370498916050491,0.08843895184200103,0.3500306344026689,0.7441292335789629,-0.134689197078686,0.2602819790912584,0.6003197442062205,0.736224372490465,-0.16079308387026553,0.24163349360664235,0.6113366603582346,59.757711360222395,58.98081767154562,22.696733474731445,1,0.3216350039511021,-0.04997093654388471,0.5591083093399909,-0.2009850935990279,-0.011132227997696973,0.9795060983145132,0.0069906377017050995,0.3221833109855652,-0.049388058483600616,0.559128999710083,-0.21201381087303162,0.027592303231358528,0.9755206108093262,0.0514620803296566,-0.12445304542779922,-0.06216501072049141,0.29631197452545166,-0.04033416509628296,1.7396498918533325,-0.1458352953195572,-0.1796251294398057,-0.042317642283142186,0.2852084662360979,0.03763046228380782,1.7661979081066579,-0.12398625269615896
127.733848,1785483658.846,-0.0357026569545269,0.08957810699939728,0.35100001096725464,-0.03698658765817158,0.08848685212368432,0.35008394086324146,0.732376797587373,-0.177390693084241,0.2277844598772334,0.6166611777963599,0.7349384816439162,-0.1665326522676962,0.23686608352564995,0.6132102106152846,57.79979877495407,58.6928776541522,24.6737003326416,1,0.321377637601039,-0.05003471058190762,0.5590867338127526,-0.19691872388514825,-0.02583157191502851,0.9800512970036928,-0.00742975889402598,0.32183143496513367,-0.04953507333993912,0.5589506030082703,-0.20842675864696503,0.01439027488231659,0.9772644639015198,0.03612997382879257,-0.10566979646682739,-0.06964061409235,0.301588237285614,-0.06615567952394485,1.7300746440887451,-0.1559218019247055,-0.16065144948000953,-0.04914315207654518,0.28902696151304097,0.010818426880188308,1.7570680453171394,-0.1315001384771326
127.858307,1785483658.913,-0.03673700615763664,0.09121546149253845,0.3500000238418579,-0.03690135820058722,0.08896351955857167,0.35007233728774545,0.7304432838152668,-0.17860126738235535,0.22649028793093223,0.6190770112769084,0.7329617125495342,-0.1727282750147262,0.23160446695795303,0.615866415574038,56.12857944200812,57.51892290683348,67.0006275177002,1,0.3212818542104891,-0.050123251075648405,0.5590270782577282,-0.19800064099166667,-0.02094638011887406,0.9799769902978533,-0.0014470015776259849,0.32151415944099426,-0.049662165343761444,0.5588317513465881,-0.20465156435966492,0.0006671196315437555,0.9786069989204407,0.021110188215970993,-0.11361663788557053,-0.06761707365512848,0.30024853348731995,-0.05580393224954605,1.7329516410827637,-0.15434551239013672,-0.1417432587776657,-0.05619222911624888,0.293346783589341,-0.015652968333564762,1.7477850146346947,-0.13989874855058979
127.950351,1785483659.08,-0.0348435677587986,0.09121546149253845,0.3500000238418579,-0.03673068300986929,0.08911389272460904,0.35006867850978357,0.698712659282238,-0.2795888281494699,0.13264728484327853,0.6450080656522488,0.7324215620428953,-0.1740002430951792,0.23049934558664115,0.6165651810973385,52.22351911446593,55.3509250621887,22.495269775390625,1,0.32059995060895047,-0.05023755669294453,0.559250271973047,-0.19909668224376081,-0.014840992777362168,0.9798559011935075,0.004761191990313978,0.3213704526424408,-0.04983849450945854,0.5588628649711609,-0.20197735726833344,-0.008150079287588596,0.9792844653129578,0.011862708255648613,-0.12229179590940475,-0.06690958887338638,0.29957902431488037,-0.04485463723540306,1.7366440296173096,-0.1510450839996338,-0.1302251258003797,-0.060870816804317475,0.29617311730765083,-0.032095189617734166,1.7417105998314435,-0.14581484284870577
128.028228,1785483659.147,-0.0348435677587986,0.09045843780040741,0.3500000238418579,-0.03659880763019303,0.08917650789109507,0.35006545508459797,0.7159263302428651,-0.23755875884619532,0.17203820946654128,0.6335757099542135,0.7320545248904888,-0.17486065816039242,0.2297510092535734,0.617036787041129,51.8883199133532,54.087703840538424,25.179624557495117,1,0.32037686350096806,-0.05048886818654103,0.5593096398300389,-0.19930576935159688,-0.013391810338490987,0.9798276189808043,0.0059755168340218465,0.32110270857810974,-0.04997127503156662,0.5589929223060608,-0.20099152624607086,-0.010447184555232525,0.9794920086860657,0.009418414905667305,-0.12463574856519699,-0.06692712754011154,0.29957300424575806,-0.042861457914114,1.7373714447021484,-0.1505207121372223,-0.12749685362192145,-0.06294755050076545,0.29734440924749533,-0.0364831636341203,1.7399682063348028,-0.1476135227823293
128.106626,1785483659.213,-0.0356009416282177,0.08932290226221085,0.3500000238418579,-0.036554701889032704,0.08918855123558435,0.3500624781209046,0.7345829046568387,-0.16810286385192585,0.2407367097768036,0.6116986348820324,0.7325376046147299,-0.17360205233216708,0.23180489325678916,0.6160498979089126,41.89780192578153,46.97161296734083,21.319866180419922,1,0.32028135687139964,-0.05068469437615352,0.5593321222479483,-0.19944685454118669,-0.01241108514280026,0.9798064677898521,0.006797268302677208,0.3208523988723755,-0.050147928297519684,0.5591008067131042,-0.20041222870349884,-0.011458691209554672,0.9796100854873657,0.008233490400016308,-0.12626133859157562,-0.06679662317037582,0.2994726598262787,-0.04152790829539299,1.7378222942352295,-0.15020394325256348,-0.12651291955591915,-0.0643161271918143,0.2981108248041166,-0.03867665898180475,1.739075180009333,-0.1486133051884158
128.184424,1785483659.28,-0.0353228896856308,0.08730055391788483,0.35100001096725464,-0.03647141791592046,0.0888680403231218,0.35015249800631826,0.7603839618953779,-0.033013509329034685,0.3478909749688271,0.5474469912505768,0.7330065575769629,-0.1723660680550528,0.23381835278834165,0.6150774772593759,51.51844678688229,48.242131049162936,21.9576358795166,1,0.32026299693478766,-0.05075062640500129,0.5593383774250454,-0.1998971886498918,-0.014296614224439943,0.9796998261475428,0.004997142989894505,0.3206976354122162,-0.05029294639825821,0.5591632723808289,-0.20015041530132294,-0.011716871522367,0.9796637892723083,0.007844023406505585,-0.12391801178455353,-0.06664423644542694,0.29948189854621887,-0.04501993954181671,1.7381043434143066,-0.15158876776695251,-0.12644474115044757,-0.06498834177367134,0.29847988382034024,-0.03944934749175321,1.7387356479645508,-0.14904436808859686
128.262015,1785483659.38,-0.035804376006126404,0.08564591407775879,0.35200002789497375,-0.03643636920365082,0.08839873217693973,0.3503201235101066,0.7500052830901691,-0.07044167978300536,0.3259875665719689,0.5711936199982189,0.7332539431098132,-0.17170826918960547,0.23488851472302927,0.6145586309352674,25.738741571970458,48.88729682998006,28.00154685974121,1,0.32067715304204375,-0.05087685263444924,0.5590599577616412,-0.2003376437878951,-0.01614638466854167,0.9795885274905921,0.003231029629036545,0.32054761052131653,-0.050452426075935364,0.5592235922813416,-0.20006351172924042,-0.01260271854698658,0.9796777963638306,0.006866281386464834,-0.1216132715344429,-0.06542599201202393,0.2991408407688141,-0.04844531789422035,1.7376576662063599,-0.15291883051395416,-0.12557579926710263,-0.06555780425785061,0.29882447942682533,-0.04136507401318327,1.7385185423297218,-0.14991938711091155
128.384831,1785483659.447,-0.03743382543325424,0.08321694284677505,0.3530000150203705,-0.03653554354598593,0.08704094098600351,0.3506941688095951,0.7374354021947909,-0.11542253909495943,0.2978991217434295,0.5950821609855003,0.733601812418486,-0.17077635982315867,0.23640294408368986,0.613822013103495,22.70964505836264,49.77824603145474,65.96708297729492,1,0.3212724690199257,-0.0509283738004658,0.5586077494180242,-0.2005713374664392,-0.017130091179197688,0.9795266440461292,0.0022917606427789237,0.3205999433994293,-0.050628624856472015,0.5591557621955872,-0.20017534494400024,-0.014052464626729488,0.9796445369720459,0.005379901733249426,-0.12023903429508209,-0.06384749710559845,0.2987730801105499,-0.05021066218614578,1.7366926670074463,-0.15344877541065216,-0.12395310489641165,-0.06550382619221788,0.2989540357957692,-0.044264504583034034,1.7381660049484438,-0.1511476891468113
128.476022,1785483659.58,-0.03770863637328148,0.08336187154054642,0.35200002789497375,-0.03663628788583641,0.08660706955648273,0.35075798404567254,0.7363203821769161,-0.08640964313679927,0.32427918172999226,0.5875446201441538,0.7337259765180563,-0.17044174317913197,0.2369462442229578,0.6135570722543408,23.0457584442759,50.095133581363996,22.80592918395996,1,0.32305526948992297,-0.05078712911894915,0.557473424631382,-0.20090155961818928,-0.018522822756514526,0.9794358290166344,0.0009618828453253139,0.32091379165649414,-0.05077160894870758,0.5588980913162231,-0.20036163926124573,-0.015494763851165771,0.9795915484428406,0.003934516105800867,-0.11753863841295242,-0.05939827859401703,0.29726213216781616,-0.05239212512969971,1.7341402769088745,-0.153365820646286,-0.12221284412310873,-0.06472773883260523,0.298869251951996,-0.04705063010270398,1.7374756591961478,-0.1522258837786888
128.616073,1785483659.647,-0.03770863637328148,0.08374255150556564,0.35200002789497375,-0.03671227658987361,0.08617068768862293,0.35089179013358607,0.7372554887211024,-0.09110217891066201,0.3164659732324718,0.5899186597611258,0.7339313181731708,-0.16988601958232197,0.23784798559123332,0.6131165438195738,23.563174085439204,26.149555257897255,30.214548110961914,1,0.32365355089191516,-0.05064362324896826,0.5571959098881959,-0.20101988718424776,-0.019022649459118853,0.9794023223021506,0.0004845958545956902,0.321850061416626,-0.050768546760082245,0.5582882761955261,-0.20059701800346375,-0.016782470047473907,0.9795264601707458,0.0026697171851992607,-0.11638465523719788,-0.057947076857089996,0.2965780198574066,-0.05311508849263191,1.7335267066955566,-0.1531686931848526,-0.120183313491568,-0.062400149467008975,0.2981426943136163,-0.04931032238796947,1.7360484297743548,-0.15267298674610474
128.694679,1785483659.814,-0.03694692999124527,0.0845038890838623,0.35200002789497375,-0.03672184165219381,0.08610013289212826,0.3509387642520649,0.7235441572380199,-0.17362635425901862,0.24624734380823712,0.6210474919849797,0.7325922458111632,-0.17037447538637282,0.23894279679690408,0.6141559080339843,23.902376936278937,24.865689160912453,71.3040828704834,1,0.32422292699316585,-0.050530967622220986,0.5568153032531861,-0.20121611855237317,-0.019852452374152865,0.979345627970068,-0.0003078073467787656,0.3224707543849945,-0.05073152109980583,0.5579123497009277,-0.2007448971271515,-0.0175518449395895,0.9794844388961792,0.0019169514998793602,-0.11485414952039719,-0.05651092156767845,0.29615387320518494,-0.05443528667092323,1.7327369451522827,-0.153240367770195,-0.11887695519003118,-0.060868738546104764,0.297604608766852,-0.05061878128165087,1.7351812092075558,-0.15284346012637307
128.835645,1785483659.88,-0.03694692999124527,0.08412322402000427,0.35200002789497375,-0.03673546430672044,0.08595458666265017,0.3510045411404335,0.7295317370947108,-0.14755084662530404,0.2673269964603846,0.6120036512923753,0.7319037111127977,-0.16456482820321147,0.2462253482515717,0.6136843267154165,27.44165490124132,26.113311194353404,29.526233673095703,1,0.3243035641182165,-0.05051455117153298,0.5567173275487569,-0.20233866870071404,-0.01850711643817447,0.9791397157950892,-0.0014024058893886066,0.32319608330726624,-0.05065164715051651,0.5574535131454468,-0.20105214416980743,-0.018359286710619926,0.9794080257415771,0.0008975372184067965,-0.11369779706001282,-0.055204588919878006,0.2956335246562958,-0.05589937046170235,1.7340761423110962,-0.14929348230361938,-0.11711394094510527,-0.05895353605745534,0.2969584867964477,-0.05232808668275446,1.7343141783501625,-0.1526113091934503
128.927896,1785483660.047,-0.037327781319618225,0.0845038890838623,0.35200002789497375,-0.036760587904729546,0.08583519312201618,0.35108461314578143,0.7298196561448181,-0.136868574175375,0.27776813260487615,0.6094875941453273,0.7309341000613275,-0.15892431315208244,0.2542053300113925,0.613072633747809,24.98099772369276,25.594655429624947,73.67610931396484,1,0.32455437524749503,-0.050504281358375355,0.556472319903649,-0.2042411618872062,-0.02097545331593511,0.9786467072717699,-0.009808185116404465,0.32357659935951233,-0.05060553923249245,0.5572001338005066,-0.20149648189544678,-0.018409330397844315,0.979316234588623,0.00010587496944935992,-0.10342191159725189,-0.053738269954919815,0.2957271337509155,-0.06983449310064316,1.73479425907135,-0.14350154995918274,-0.11593912936520273,-0.05766427390847357,0.29650283824701634,-0.05355625099486588,1.7342323177563275,-0.1514703084527287
129.081953,1785483660.114,-0.03694692999124527,0.08412322402000427,0.35200002789497375,-0.03680897393923174,0.0856692581093509,0.35117443374333884,0.7299677708402886,-0.1539440180406242,0.26851842159818895,0.6093817769726835,0.7321381311911428,-0.14836373579752324,0.2665504785558326,0.6090261087488781,24.98099772369276,25.55585476709307,77.54015922546387,1,0.32462010425897975,-0.0504514140365494,0.556393305771354,-0.20413677527739588,-0.025491227344960298,0.9784227831267848,-0.01916329215532273,0.3241256773471832,-0.0505504384636879,0.5567798018455505,-0.20308402180671692,-0.019868966192007065,0.9789440631866455,-0.005532579496502876,-0.09182938933372498,-0.0550798699259758,0.2974241077899933,-0.08546467125415802,1.732649803161621,-0.1404113620519638,-0.10881016395605148,-0.0554282869808678,0.29606105713530045,-0.06282724338870951,1.7345523617612886,-0.14693183908623783
129.212472,1785483660.281,-0.03694692999124527,0.08412322402000427,0.35200002789497375,-0.03681503068860871,0.08559400850919639,0.35120750471365914,0.7308329084052319,-0.14978306696012725,0.27198556773712884,0.6078422030319051,0.7318821003779936,-0.14864474622714452,0.26762573158444364,0.608793723981494,24.98099772369276,25.40552182786998,22.777795791625977,1,0.3248203725304901,-0.050375901509080834,0.556194401083712,-0.20462920000122187,-0.0352305685003829,0.9776551549677073,-0.03280389481552448,0.32428237795829773,-0.05051710084080696,0.5566336512565613,-0.2034822553396225,-0.021798579022288322,0.9787826538085938,-0.010217249393463135,-0.07409322261810303,-0.05619397759437561,0.29990625381469727,-0.10939370840787888,1.7302347421646118,-0.14142684638500214,-0.102970476187268,-0.05530846718104968,0.29652981616215157,-0.07061225465570813,1.733898071858863,-0.14468944694552852
129.255675,1785483660.347,-0.03656608238816261,0.08374255150556564,0.35200002789497375,-0.03679527287840368,0.08543941221519685,0.3512549675482144,0.7334651927078297,-0.15462945667697292,0.27045740353416237,0.6041285749634838,0.7322476775524548,-0.1500110712768398,0.2682733928027264,0.6077330038162525,26.66682606366193,25.756468547021658,25.165557861328125,1,0.3249137189509398,-0.05036612651522625,0.5561139345352792,-0.2055817031932833,-0.03547814062536112,0.9774267848643955,-0.03338180761383155,0.32439345121383667,-0.050478965044021606,0.5564804077148438,-0.20386697351932526,-0.025430383160710335,0.9785319566726685,-0.016334975138306618,-0.07327404618263245,-0.05500059202313423,0.2994268536567688,-0.1105162724852562,1.7314108610153198,-0.14110352098941803,-0.09514474119036172,-0.05554844110712772,0.2974448349840371,-0.08112202849989265,1.732905309511721,-0.1438052821277853
129.39779,1785483660.448,-0.03694692999124527,0.08336187154054642,0.35200002789497375,-0.03679152793812295,0.08515041912735824,0.3513136607181302,0.7398804916862688,-0.12257137092167168,0.3021104785199457,0.588457624490427,0.7350951895421414,-0.13860594054103248,0.28328727946131566,0.6001431269740125,26.654114050598455,25.614752784627324,81.95018768310547,1,0.3251128178076005,-0.050396088506713246,0.5559754285336144,-0.20706019228129507,-0.03628959119878007,0.9771110244320658,-0.03260656799446703,0.32461172342300415,-0.0504327192902565,0.5562838912010193,-0.20472486317157745,-0.030133569613099098,0.9780533909797668,-0.02431640774011612,-0.07378733903169632,-0.0528540275990963,0.29831570386886597,-0.10985974967479706,1.7333905696868896,-0.14337757229804993,-0.08489703028066731,-0.05529174210171446,0.2983735322902816,-0.09489496590313577,1.732205072218696,-0.14253934756328826
129.523794,1785483660.581,-0.03656608238816261,0.08374255150556564,0.35200002789497375,-0.03674246777868672,0.08497285292545932,0.3513803884905907,0.7415292195204074,-0.10972458231158133,0.3108143025718589,0.584370945505313,0.7389923624364634,-0.12186140570261647,0.2991223225879058,0.591241001783853,26.23368759450532,26.25701468529723,27.08601951599121,1,0.3255001962015698,-0.05040510979397224,0.5557619984259875,-0.20878096913302413,-0.05049231287986851,0.9755152038112456,-0.04723473722823862,0.3248102068901062,-0.05041871592402458,0.5561509728431702,-0.20569360256195068,-0.03265421465039253,0.9776788949966431,-0.027709079906344414,-0.054024338722229004,-0.052621275186538696,0.3006143569946289,-0.13701385259628296,1.7322977781295776,-0.15139012038707733,-0.0803475007838858,-0.054293474120591136,0.29834985458384683,-0.101023194390051,1.732690545286896,-0.14288260892052781
129.652256,1785483660.748,-0.03666996210813522,0.08359869569540024,0.3530000150203705,-0.03673942577271685,0.08491662161499222,0.35149803646569466,0.7332604765187785,-0.13799363102996443,0.2772417120413227,0.6053295503071168,0.7374394426672999,-0.12644912241689946,0.2929456537431935,0.5952953315720787,27.329412006489132,26.49807179948317,62.5150203704834,1,0.32572198461449736,-0.050477898142291325,0.5555834275134454,-0.2070822969228856,-0.06782582742766839,0.9737957651372213,-0.0651028972911938,0.32505738735198975,-0.05041830614209175,0.5559556484222412,-0.20700852572917938,-0.039958443492650986,0.9768707156181335,-0.03569874167442322,-0.030456170439720154,-0.05724336579442024,0.3067950904369354,-0.1696409285068512,1.7252155542373657,-0.1612812876701355,-0.06956790609844617,-0.05360869298772588,0.2992771979214857,-0.11576172862821286,1.7325297032083025,-0.1463665198247728
129.743923,1785483660.848,-0.03666996210813522,0.08359869569540024,0.3530000150203705,-0.03673507701594745,0.0848132971293518,0.35163849700519717,0.742598367719028,-0.10177765245267359,0.311961430160035,0.583839909405621,0.7387559657466406,-0.12086620113010105,0.29793461775258034,0.5923393858614758,26.23368759450532,26.373820286820322,22.145509719848633,1,0.32579765482666934,-0.05047254133525533,0.5552907262468365,-0.20754231504950485,-0.059190513756655384,0.9747608695531984,-0.05713070744361592,0.3252824544906616,-0.05045127496123314,0.5556973218917847,-0.2071431577205658,-0.052999455481767654,0.9756200313568115,-0.04948045685887337,-0.04124787077307701,-0.05487293004989624,0.30436402559280396,-0.1547364592552185,1.7271794080734253,-0.15516971051692963,-0.05124175119602858,-0.055311752777858145,0.3027997818326926,-0.1410073124647522,1.7291025928806292,-0.15335496840933552
129.821961,1785483660.915,-0.036288026720285416,0.08359869569540024,0.3530000150203705,-0.0367019245800993,0.08473972482222582,0.35174251744714535,0.746744506893557,-0.10781664546970625,0.3051350331086474,0.5810686912523707,0.7415613891706655,-0.11634555607331601,0.30044605351141285,0.5884578035872078,27.877344475319628,26.86633005594273,23.874759674072266,1,0.32583518738028433,-0.050470581369901395,0.5551424851925407,-0.20551021241905348,-0.06681788251189923,0.9741885452829778,-0.06525029814136403,0.32541778683662415,-0.050457730889320374,0.5555825233459473,-0.2072591632604599,-0.05467445030808449,0.9753955602645874,-0.05155413597822189,-0.030633721500635147,-0.05846656113862991,0.30823811888694763,-0.16924983263015747,1.7219395637512207,-0.1590687334537506,-0.0485334099729643,-0.05519283321630856,0.3032237027817607,-0.14472791102264887,1.7285814097978769,-0.15384676337794226
129.932087,1785483661.015,-0.03590609133243561,0.08321694284677505,0.3530000150203705,-0.03665434098610649,0.08466066255363225,0.35180325029854936,0.7370617142929544,-0.13566362212127767,0.28416996175681647,0.5979823106009039,0.7404225968037843,-0.12147544845486082,0.29615303191912506,0.5910257822211658,28.76765231734933,27.379862658116792,21.741151809692383,1,0.3258924065863821,-0.0505130817726404,0.5549583190315768,-0.2038440969178093,-0.07308860563347962,0.9739009945430173,-0.06798891605576822,0.32554343342781067,-0.050462424755096436,0.5554168224334717,-0.20667901635169983,-0.058843474835157394,0.97501540184021,-0.05626841261982918,-0.026407215744256973,-0.06093059107661247,0.31063422560691833,-0.17516019940376282,1.7178536653518677,-0.16702522337436676,-0.04237770829612624,-0.056318670339218876,0.3049481760305514,-0.15316099952247375,1.7262972789424318,-0.15564259867685154
130.024334,1785483661.081,-0.036288026720285416,0.08398044854402542,0.3530000150203705,-0.0366244696932241,0.08457756783847464,0.3519098335921732,0.7410441999147571,-0.11011869019289279,0.30392075694129145,0.5885231867506424,0.7421497916359096,-0.10949204750963024,0.30426858161359305,0.5870654210135163,25.88548736968853,26.989940179386593,59.77201461791992,1,0.3259759362671455,-0.0505812376006644,0.5548324798664686,-0.2047401418806812,-0.0680820306708539,0.9744215092734718,-0.06284133725200881,0.3256514072418213,-0.05048011615872383,0.5552457571029663,-0.20571257174015045,-0.06373254954814911,0.9746713638305664,-0.060301318764686584,-0.03336411714553833,-0.058737970888614655,0.3085178732872009,-0.1658875197172165,1.7200969457626343,-0.16435261070728302,-0.036885456701043415,-0.05790471132096306,0.30690361965956503,-0.16072652408351829,1.7233935202286368,-0.15955708316937842
130.102142,1785483661.215,-0.036288026720285416,0.08359869569540024,0.3530000150203705,-0.036604275488245144,0.08451758757785022,0.35197839244466544,0.7342319119267239,-0.15060705703734706,0.27882328598818185,0.6003986917621735,0.7394510547124481,-0.12469574806247223,0.2949710094462467,0.5921614743345356,25.359198956526043,26.43570891010188,66.23172760009766,1,0.3260458286739615,-0.05061888216312446,0.554640643365579,-0.2013278942504373,-0.07723266722336034,0.973640714996355,-0.07433674872926163,0.3258013427257538,-0.05052788928151131,0.5550512671470642,-0.20525634288787842,-0.06576842069625854,0.9745578765869141,-0.061492592096328735,-0.0188453271985054,-0.0642785057425499,0.3143496513366699,-0.18590287864208221,1.7120327949523926,-0.16681993007659912,-0.03523550384276031,-0.058295145593445244,0.3076600147556273,-0.16314475449726798,1.721848880593421,-0.16180407046660314
130.230772,1785483661.315,-0.03590609133243561,0.08398044854402542,0.3530000150203705,-0.03656675079616762,0.08448950895115047,0.352021555602314,0.7378573676095541,-0.1392083067922874,0.2818095120684363,0.5973030648607738,0.7390558805783223,-0.12857117168717783,0.2914728448137794,0.5935566021280106,26.122106688234886,26.376220035014143,25.7570743560791,1,0.3261000800547497,-0.050644759654472085,0.5545142507659085,-0.20635039078727194,-0.06555466941291758,0.9743970690980451,-0.06060076957632673,0.3258826434612274,-0.05056609958410263,0.5548689365386963,-0.20366665720939636,-0.0704507902264595,0.9742174744606018,-0.06675998121500015,-0.03642480820417404,-0.05611654743552208,0.3071783483028412,-0.16196417808532715,1.7223831415176392,-0.16253799200057983,-0.028523564159117346,-0.06074539318965371,0.3103995011266224,-0.1724644335301756,1.7178290953625632,-0.16385811496563668
131.206506,1785483662.282,-0.03666996210813522,0.08398044854402542,0.3530000150203705,-0.03643847583045946,0.08412022017022282,0.35230370548382706,0.7396605689798393,-0.13165741524644692,0.2959667690339781,0.5898917183133129,0.741386958681997,-0.12054450532287024,0.3025584736124813,0.5867476201724288,25.761738430885558,26.18835966573245,28.844356536865234,1,0.3261000800547497,-0.050644759654472085,0.5545142507659085,-0.20635039078727194,-0.06555466941291758,0.9743970690980451,-0.06060076957632673,0.3260970115661621,-0.05064421147108078,0.5545178651809692,-0.20631864666938782,-0.06561208516359329,0.9743954539299011,-0.06067286431789398,-0.03642480820417404,-0.05611654743552208,0.3071783483028412,-0.16196417808532715,1.7223831415176392,-0.16253799200057983,-0.036330218822671,-0.05617197559537084,0.30721697867608194,-0.16208989101980867,1.7223286181309054,-0.16255379628341193
131.313116,1785483662.349,-0.03666996210813522,0.08283518254756927,0.3530000150203705,-0.036442489566808844,0.08397073976387188,0.352344172810977,0.7368567130969106,-0.1303582082140957,0.29896732138466753,0.592171818528461,0.739717288929626,-0.12480404354863499,0.30112134625478015,0.5887004484474455,27.21856393210647,26.588204441037426,77.87942886352539,1,0.3260799846934934,-0.05063606865849939,0.5544501604056301,-0.2075047809286757,-0.06258001610488241,0.9745052967429461,-0.05800805199278625,0.3260979652404785,-0.05064454674720764,0.5545164942741394,-0.2063295841217041,-0.06559193134307861,0.9743960499763489,-0.060647446662187576,-0.039853062480688095,-0.05434887856245041,0.3058393895626068,-0.15724359452724457,1.724664330482483,-0.16026321053504944,-0.036362750926017984,-0.056152916969733395,0.307203715751976,-0.16204665782274,1.722347368723603,-0.16254836088238223
131.389637,1785483662.516,-0.03656608238816261,0.08374255150556564,0.35200002789497375,-0.03644762498846283,0.08395979479972744,0.35232298839218995,0.7410357392805069,-0.10343022118010352,0.32002029951624444,0.5811671277293311,0.740054245456415,-0.12023174357570825,0.3051944520109134,0.5871289365041038,26.651608045856985,26.599152130167955,63.045501708984375,1,0.32625833592903014,-0.05061591794313369,0.554302578139951,-0.20931704604406118,-0.058085970291606455,0.9745028613178723,-0.056183338935582625,0.32609251141548157,-0.050642043352127075,0.5544975399971008,-0.20664860308170319,-0.06477538496255875,0.9744272828102112,-0.059932757169008255,-0.04266980662941933,-0.051348451524972916,0.3039141297340393,-0.15329544246196747,1.7278376817703247,-0.15425364673137665,-0.03730862705630169,-0.055664024489444484,0.3068339970095604,-0.16074502735441956,1.7229752653602595,-0.16192908494710115
131.499848,1785483662.582,-0.036288026720285416,0.08359869569540024,0.3530000150203705,-0.03643655072872282,0.08393802703617088,0.35237824634403053,0.741940697947968,-0.10509835437856566,0.31352548460134094,0.5832496096362977,0.7405810844072462,-0.11619332792369108,0.30742915167155127,0.586110983233308,24.85089209064839,25.990779467768633,99.27654266357422,1,0.3262845633950333,-0.05060203835657885,0.554323981457286,-0.20861261232898123,-0.062389811124846976,0.9741134477267969,-0.06075590837850612,0.32615920901298523,-0.050629258155822754,0.5544165968894958,-0.20773950219154358,-0.062035053968429565,0.9744669198989868,-0.05839594826102257,-0.03665212169289589,-0.0528840646147728,0.30558937788009644,-0.16154031455516815,1.7258024215698242,-0.15649931132793427,-0.039504087463359094,-0.05389675861418235,0.3056383129207001,-0.15769434719262745,1.7249664735043455,-0.15878591580397639
131.691978,1785483662.749,-0.036288026720285416,0.08283518254756927,0.3530000150203705,-0.036420783958875685,0.08383550871945566,0.3524509872557842,0.7375131768478447,-0.13531055502273046,0.2944333609559415,0.5925152855677468,0.7392108953508548,-0.12645964356253647,0.2993646748801378,0.5898779553251107,25.345750570763116,25.905480579191135,20.212650299072266,1,0.3262845633950333,-0.05060203835657885,0.554323981457286,-0.20861261232898123,-0.062389811124846976,0.9741134477267969,-0.06075590837850612,0.32622724771499634,-0.05061713606119156,0.55436772108078,-0.20819880068302155,-0.06221980229020119,0.9742826819419861,-0.059625137597322464,-0.03665212169289589,-0.0528840646147728,0.30558937788009644,-0.16154031455516815,1.7258024215698242,-0.15649931132793427,-0.0380162121791798,-0.053368438000355484,0.3056128186302054,-0.1597007995394731,1.7254025902015446,-0.15759298666643212
131.792017,1785483662.849,-0.03590609133243561,0.08359869569540024,0.3530000150203705,-0.03636742993123064,0.08381371073966212,0.35249880669762534,0.7442692191919327,-0.11148025603790011,0.30306861856787143,0.5846237202821292,0.7405620360322936,-0.12428605577121088,0.29844275614986515,0.5891118471310957,26.53925144339785,25.987070045482284,73.2729434967041,1,0.3264045132907937,-0.05060904177433019,0.5542048940632346,-0.20984142201890882,-0.059246261893806836,0.9741991283435151,-0.05824531218414417,0.32625678181648254,-0.05061183497309685,0.554347038269043,-0.2083950936794281,-0.062299150973558426,0.9742031693458557,-0.06015356257557869,-0.040043462067842484,-0.05072113499045372,0.30404016375541687,-0.15690119564533234,1.728048324584961,-0.15381675958633423,-0.03737705899644827,-0.053141484925461765,0.3056018669908548,-0.16056272017980028,1.7255899347876342,-0.15708053480798745
131.930642,1785483662.983,-0.03666996210813522,0.08321694284677505,0.3530000150203705,-0.03638494907306345,0.08378459468929453,0.3525199623187798,0.74477138328817,-0.06710638995441627,0.3394758925381925,0.5705860473650834,0.7421041413422909,-0.10871659595324834,0.3098203935813405,0.5843573126846815,24.42573916253925,25.581319585796557,67.79336929321289,1,0.326417257536645,-0.05069507094207847,0.5541337906265383,-0.20791955848736882,-0.061248034065815325,0.9745131575728379,-0.057812120173088136,0.32631683349609375,-0.05061081796884537,0.5542879104614258,-0.20898738503456116,-0.0610492117702961,0.97420334815979,-0.059371937066316605,-0.0404362715780735,-0.05286907032132149,0.3052993416786194,-0.15661831200122833,1.7247387170791626,-0.15807701647281647,-0.03846898086959932,-0.052150331179843,0.3049623606375613,-0.1590632887179753,1.7265966699935373,-0.15574398584815702
132.026353,1785483663.149,-0.03562479093670845,0.08268700540065765,0.3540000021457672,-0.03631491761551728,0.08363164930850107,0.35275350624361984,0.7328733809994515,-0.13386196831658034,0.26652379534920584,0.6115085014727907,0.7439326120548578,-0.08415939066708478,0.3274537610640377,0.576416082399509,23.34880161045398,24.740902948302015,64.66460227966309,1,0.3264883410935628,-0.05072772699951069,0.5538222855488822,-0.19970149055788378,-0.09012961278945518,0.9718840938702736,-0.08623964082334377,0.3263593316078186,-0.050643954426050186,0.5542261600494385,-0.2085532397031784,-0.061129532754421234,0.9743300676345825,-0.05873368680477142,-0.002988252555951476,-0.06726620346307755,0.32033923268318176,-0.20809008181095123,1.7046732902526855,-0.17525485157966614,-0.039274609081886395,-0.05244466528664393,0.3051003809043244,-0.15806204580463928,1.7258358196955716,-0.15669938489930801
132.104963,1785483663.216,-0.03600781038403511,0.08268700540065765,0.3540000021457672,-0.036302439490739816,0.08358354385615072,0.3528229408982271,0.7263587035165956,-0.1601068987124192,0.20770206251818638,0.6353177693375756,0.744213143667862,-0.0791940233650589,0.33097304777022596,0.5747451131631661,23.2304122063682,24.3581547688916,65.6747817993164,1,0.3265236471881063,-0.050801539797039615,0.5536820261965887,-0.19770768423109544,-0.09693785687462625,0.9710183348025065,-0.09294147071086821,0.32633209228515625,-0.05067181587219238,0.5540220737457275,-0.20557351410388947,-0.07105632871389389,0.9736716747283936,-0.06822029501199722,0.005716883111745119,-0.07074565440416336,0.3243348300457001,-0.22032642364501953,1.6996548175811768,-0.17925336956977844,-0.02679573112178832,-0.05754179234582034,0.31034102272381386,-0.17526668735065354,1.7185580258201631,-0.1630806098812982
132.231069,1785483663.283,-0.03666996210813522,0.08283518254756927,0.3530000150203705,-0.03633423485131751,0.0835370504485631,0.35283842700832,0.7228694926081777,-0.16551420690188895,0.1954435498436167,0.6417683092787929,0.7444122793006273,-0.07529956976700479,0.33372250458676406,0.5734192385608337,23.15538340067887,23.989823102143333,22.67289161682129,1,0.3265501722545329,-0.05082807065281267,0.5535595627093669,-0.19641198904199417,-0.10132296282664167,0.970410654060785,-0.09725816289606755,0.3263455927371979,-0.05072614178061485,0.553827166557312,-0.20240911841392517,-0.0816195160150528,0.9727420806884766,-0.07836882025003433,0.011369825340807438,-0.0729617029428482,0.32700738310813904,-0.22818942368030548,1.6963354349136353,-0.18171513080596924,-0.013481490522540931,-0.06294890604054883,0.31607162800556765,-0.19371909989922775,1.7108169730142155,-0.16970351668676736
132.307992,1785483663.383,-0.036462198942899704,0.0831250473856926,0.35100001096725464,-0.036340257723009035,0.08351695326620694,0.3526238848835139,0.7088455830806277,-0.21615721013994343,0.14066747584474984,0.6565262074670498,0.7444966797507642,-0.07353048463633677,0.334968333769726,0.5728125147382581,23.00617282582198,23.772031657087677,27.230262756347656,1,0.32659702853439143,-0.050777746176040306,0.5535052502847196,-0.19539084088099812,-0.10475752487510095,0.9699072273322418,-0.10063921030364956,0.3263717591762543,-0.05075526610016823,0.5537278652191162,-0.2008121907711029,-0.08694137632846832,0.972184956073761,-0.08349931985139847,0.015971489250659943,-0.07467856258153915,0.32900816202163696,-0.23430195450782776,1.6938503980636597,-0.18348754942417145,-0.006746784268951854,-0.0656623742920901,0.31903521954591463,-0.20306055755814736,1.7068924761889583,-0.17295866408856225
132.440515,1785483663.45,-0.0372801274061203,0.08316726982593536,0.34800001978874207,-0.03646016000923505,0.08351194873517608,0.35130747301172977,0.7181571942281042,-0.1683452660113633,0.18455215773911818,0.6495002824201201,0.7445875772355837,-0.0715297078096577,0.3363749694359105,0.5721229943500776,22.493689248459532,23.24868140619732,74.12171363830566,1,0.32675134178818105,-0.050719480029006773,0.5537833628332518,-0.19492555441986034,-0.10631631491150706,0.9696707677238519,-0.10217373263017891,0.32643622159957886,-0.050767529755830765,0.5536105632781982,-0.1986217051744461,-0.09421932697296143,0.9713271260261536,-0.09053032845258713,0.018141116946935654,-0.07528554648160934,0.32909253239631653,-0.23706455528736115,1.6933720111846924,-0.18437936902046204,0.002556574049577482,-0.06935459500324646,0.3231192492213957,-0.21585422156418146,1.7015516147758674,-0.17727034780890713
132.529423,1785483663.583,-0.03711560741066933,0.08197234570980072,0.34300002455711365,-0.03651501380509568,0.08333354700567164,0.34826505519485823,0.7152873163456833,-0.16955856841216968,0.16385542569538106,0.6578490301149582,0.7446456102418365,-0.07019303761318228,0.33731331582004653,0.571660370839787,26.296364156255734,24.497127919706585,67.4753189086914,1,0.32751928026310695,-0.05025650368933925,0.55555182049519,-0.194398261184051,-0.10807821260509479,0.9693974926279715,-0.10390821572574176,0.32653218507766724,-0.0507533885538578,0.5536580681800842,-0.19736306369304657,-0.09837519377470016,0.9707896709442139,-0.09453858435153961,0.021522486582398415,-0.07512445002794266,0.32515138387680054,-0.23994843661785126,1.6961536407470703,-0.18525725603103638,0.007916096146265903,-0.07139425076753377,0.325173471972375,-0.2231484547399281,1.6987386491008623,-0.17971514009349343
132.624332,1785483663.75,-0.037894584238529205,0.08015229552984238,0.3400000035762787,-0.036617043338859886,0.08294889558748367,0.34642564852622454,0.7153252477653438,-0.18144482447339455,0.1681046605729025,0.6535506014647511,0.7436130815255988,-0.07937341404390602,0.3241574703131804,0.5793629092090529,22.75725912993905,24.0424208570965,23.53978157043457,1,0.3295695942859861,-0.049490753916641844,0.5595661585280619,-0.19404535719012878,-0.10925467736724379,0.9692114680383066,-0.10506638401204157,0.32693007588386536,-0.050554897636175156,0.5544255375862122,-0.19615907967090607,-0.10235381126403809,0.9702407717704773,-0.09837773442268372,0.024806980043649673,-0.07248532027006149,0.31385913491249084,-0.24169500172138214,1.7041966915130615,-0.18636073172092438,0.013488047474256125,-0.07292180621705406,0.32516443747935336,-0.23002821470712687,1.6976800623299009,-0.18198469188816324
132.702134,1785483663.817,-0.03828946501016617,0.08017396926879883,0.3370000123977661,-0.03674423510652539,0.08268038123259704,0.3441298864807828,0.7226861273470154,-0.1593496874463394,0.18907482429293035,0.6454325288281687,0.7421324228135295,-0.08990116162448197,0.3071395149928143,0.5889164342056248,24.1646663367753,24.06585432662076,21.44145965576172,1,0.3311698318784368,-0.04888611844442038,0.5618117472627121,-0.19139060478340542,-0.09619497184420839,0.9722903766379137,-0.0936353954967797,0.32764923572540283,-0.050271693617105484,0.555813729763031,-0.19559070467948914,-0.10423576831817627,0.9699695110321045,-0.10019149631261826,0.010334845632314682,-0.0698356032371521,0.3028082549571991,-0.2190297394990921,1.708098292350769,-0.17618881165981293,0.016555477097398845,-0.0728035197239027,0.3221007086267969,-0.2331899135544655,1.6994460688385373,-0.1831705986051574
132.780955,1785483663.883,-0.038309983909130096,0.07909905165433884,0.33400002121925354,-0.03684945213374403,0.08227110761675331,0.34148040204789654,0.7159798620616789,-0.17519887609776463,0.18307814910062545,0.6505079417333108,0.7393638155153814,-0.10344288066919713,0.2882307495004855,0.5996363512894991,23.75284367983064,24.007837589176475,23.913860321044922,1,0.3328798598423114,-0.04816222632863368,0.5647458718312321,-0.18700449570981445,-0.08009342946732978,0.9758637025725782,-0.07940022129577844,0.328607439994812,-0.04989141970872879,0.5574334263801575,-0.194454625248909,-0.10204155743122101,0.9706124663352966,-0.09841930121183395,-0.00769635196775198,-0.06854090094566345,0.290609210729599,-0.19066168367862701,1.7114059925079346,-0.163564071059227,0.01486968536859639,-0.07199921570935164,0.31687246321472,-0.22935250596986012,1.701790821410352,-0.18127853425389048
132.905786,1785483663.95,-0.03820823132991791,0.07815175503492355,0.33000001311302185,-0.036956296839960816,0.08161792692796595,0.33744099478825124,0.7154034682466375,-0.1833723949137076,0.16840850697795556,0.6528483875922109,0.7333269558690486,-0.13051574975970404,0.24884202472344732,0.6190919653751227,22.583080048279594,23.5512640638673,76.87592506408691,1,0.33499746773419253,-0.047373870056092636,0.5680761125993709,-0.18341793926595013,-0.060665127312336545,0.9791239766912474,-0.06319683656582827,0.33033373951911926,-0.04916265234351158,0.5603803396224976,-0.19142800569534302,-0.09300501644611359,0.9728771448135376,-0.09063900262117386,-0.028270412236452103,-0.06525806337594986,0.27619999647140503,-0.1582416146993637,1.7172476053237915,-0.1468271017074585,0.005628666827334908,-0.07058300369025579,0.30611741667131964,-0.21350822674205788,1.7057283301265231,-0.1740242842592508
132.999414,1785483664.117,-0.03798095881938934,0.0759132131934166,0.32500001788139343,-0.03709785021615655,0.08030111024876244,0.3320621937218402,0.7156960270668424,-0.1554868934890404,0.20619769584594358,0.6489110362921013,0.7227885473601277,-0.14989178841642903,0.21911770431881816,0.6380412206310908,23.256477151629152,23.401434551537402,27.25052833557129,1,0.34086128821354167,-0.04538217785336236,0.5766301310615207,-0.17193227598032912,0.000752140618210273,0.9850365740394817,-0.011902712517543233,0.33217912912368774,-0.04839612916111946,0.5634419918060303,-0.18819351494312286,-0.07968582957983017,0.9756675958633423,-0.07941195368766785,-0.09365523606538773,-0.05816107243299484,0.24199210107326508,-0.0554889440536499,1.7289656400680542,-0.09139661490917206,-0.00825334589906336,-0.06840239045119695,0.2938659567657032,-0.19087599592963175,1.7104455885125567,-0.1628867657970272
133.140672,1785483664.184,-0.03774286434054375,0.07336105406284332,0.320000022649765,-0.037182747605265666,0.07833463821249977,0.32662526531169067,0.7097138816102809,-0.1942569097480047,0.17096991999773467,0.65524021985894,0.7143059221694252,-0.17542537226682547,0.19435439337988514,0.6490141432146679,25.1589802813011,24.288626526680265,78.87887954711914,1,0.34325211523843824,-0.04468271179259514,0.5796117205256782,-0.16757636793163813,0.012110400963073274,0.9857555241295759,-0.0075858913371641135,0.336274653673172,-0.0466393306851387,0.5697740316390991,-0.17994841933250427,-0.037387046962976456,0.9819706082344055,-0.04420942813158035,-0.09892008453607559,-0.057489003986120224,0.2330603003501892,-0.04405725747346878,1.7294564247131348,-0.07397814840078354,-0.05280777587402754,-0.06305946887143529,0.26680325120981147,-0.1202441509389622,1.7201075568212196,-0.12559013194840063
133.294262,1785483664.35,-0.03827185928821564,0.06972529739141464,0.31300002336502075,-0.03733153411669508,0.07591899406119419,0.32090552022146857,0.7145359118341555,-0.17395210271765654,0.20026105927710308,0.6473597182375889,0.7141496082980631,-0.17386732539727875,0.19609604250144327,0.6490815297342792,23.9267405511998,24.210678862815897,77.06475257873535,1,0.3491561411198815,-0.043095920126452955,0.5857641179396256,-0.16909560866109127,0.041870505983291485,0.9845757723870912,0.016250670404670122,0.33980005979537964,-0.045535266399383545,0.5747262239456177,-0.1735074818134308,-0.01143183559179306,0.9844457507133484,-0.02512008138000965,-0.1257224977016449,-0.04167557507753372,0.20517587661743164,0.004279958084225655,1.7486759424209595,-0.04068891331553459,-0.07686470992753192,-0.0601533455182201,0.24919949560746327,-0.08049721217174803,1.7249848901819222,-0.09866399962066971
133.372869,1785483664.484,-0.0384514145553112,0.06816589832305908,0.30900001525878906,-0.03740899379982969,0.07413293899048712,0.316478442807005,0.7153183127527976,-0.1709510225024288,0.19766832169730456,0.6480915783616047,0.7144597529805422,-0.17309594734586137,0.1965122946125212,0.6488204470032854,21.986404139799376,23.39308147224353,62.35241889953613,1,0.3558251587390706,-0.041288675613474345,0.5920128959593783,-0.16891610266587073,0.040847246227507496,0.9846819480991318,0.014153226610958438,0.34289100766181946,-0.044572729617357254,0.5783458948135376,-0.1719828099012375,0.007128395605832338,0.9850137829780579,-0.010901804082095623,-0.11728246510028839,-0.02860732562839985,0.1786019653081894,0.0026484401896595955,1.7614569664001465,-0.03431028500199318,-0.09366690122231507,-0.05379884902330547,0.23405984805114977,-0.05134234282471718,1.7331322430469271,-0.07872636660313524
133.449813,1785483664.584,-0.03932671621441841,0.06794530153274536,0.30800002813339233,-0.03748763474907758,0.07362133693897731,0.31514308185025497,0.7071016258757922,-0.2036133923392437,0.1654762657223776,0.6566326847077394,0.7145434477030251,-0.1728874734212839,0.19662474519996334,0.648749791871819,22.700166004908116,23.308969466921823,27.841567993164062,1,0.3608817007696785,-0.03995763464852372,0.5969066142526382,-0.16866092373052652,0.04004817183756386,0.9847651701829498,0.013681971107291663,0.348177969455719,-0.04314138740301132,0.5838911533355713,-0.1706777960062027,0.021128801628947258,0.9851000905036926,-0.0006485877675004303,-0.11234840005636215,-0.01859387755393982,0.15790003538131714,0.003147112438455224,1.771536946296692,-0.030953722074627876,-0.10333770564322495,-0.04348268144034217,0.211349414132457,-0.029232576301498565,1.7447315005073039,-0.060537535780948996
133.558268,1785483664.617,-0.03960366174578667,0.06761334091424942,0.3050000071525574,-0.03770970517976239,0.07258651644392891,0.3116835445974794,0.709313576691133,-0.1720201113163124,0.1964307924976997,0.6547505440876559,0.7134565745555915,-0.17270750591067452,0.1965853385680252,0.6500046448184897,22.218090444308295,22.97734381431504,31.277894973754883,1,0.362357907979192,-0.03947840479522914,0.5983919251270469,-0.1685919408129293,0.039832234945081244,0.9847875013081994,0.013554623541909904,0.3525726795196533,-0.042017385363578796,0.5883680582046509,-0.16995307803153992,0.027738209813833237,0.9850524067878723,0.004276059567928314,-0.1107601746916771,-0.015660995617508888,0.1516892910003662,0.003377722343429923,1.7746548652648926,-0.02978486381471157,-0.10643647815099451,-0.03492343353312181,0.19296829337665236,-0.018097200306834992,1.7539498933142745,-0.050363661162475815
133.670491,1785483664.717,-0.039802730083465576,0.06640536338090897,0.30400002002716064,-0.03785603432245872,0.07175444250790095,0.30993892096431985,0.7149496082994878,-0.1555772460751091,0.21165349663252767,0.647954917767678,0.7137559534018738,-0.16960015952386565,0.19933228721505888,0.6496574975681222,23.26866031247896,23.035690749806886,27.376651763916016,1,0.36578373965685607,-0.038251706326319704,0.6024178614578661,-0.16805364139520518,0.041177228286411696,0.9848352615834743,0.012724662127953687,0.3569508194923401,-0.040850188583135605,0.5928870439529419,-0.169321209192276,0.03288833796977997,0.9849795699119568,0.007991804741322994,-0.10658543556928635,-0.0093236630782485,0.13633568584918976,0.00366689614020288,1.7824503183364868,-0.022850576788187027,-0.10778960067564541,-0.0264015500409962,0.17452888551723672,-0.009274086300168365,1.7632083316849316,-0.041243008190735134
133.746859,1785483664.784,-0.04076561704277992,0.06434310227632523,0.2990000247955322,-0.038213075436981596,0.06970890405934793,0.3053466454725944,0.7041316140981823,-0.21351063579087196,0.15914274790495253,0.6582442283992523,0.710142002993764,-0.18634683073570824,0.18447226156436736,0.6534088911027228,22.213432034497416,22.854213134706583,66.01548194885254,1,0.36792500510142817,-0.03753759540005285,0.6042507109738559,-0.16742335087517993,0.038670195674782824,0.9850810000212356,0.009458379637277829,0.3600112199783325,-0.03996129706501961,0.5961738228797913,-0.16887377202510834,0.03576906397938728,0.9849415421485901,0.009618185460567474,-0.10061866790056229,-0.005736875347793102,0.12841913104057312,-0.0016662756679579616,1.7850866317749023,-0.022233741357922554,-0.1073754801809489,-0.020528480250070504,0.16139442869866025,-0.004823680722316833,1.7698256508944015,-0.034917849679292026
133.886698,1785483664.951,-0.042773693799972534,0.06412038952112198,0.29500001668930054,-0.03907904557887549,0.06859089980163753,0.30154954799464895,0.6971786520609574,-0.2378063980106769,0.12712861906044742,0.6642502227259225,0.7049094210945307,-0.20961613597261702,0.1597473451729896,0.6585169468603406,22.58253126935934,22.788979006978277,73.97961616516113,1,0.37337109174110983,-0.03572031830709241,0.6091689646773253,-0.17018868305607024,0.05452836815559986,0.9835633931385773,0.025797691828070533,0.36374008655548096,-0.038842763751745224,0.5999700427055359,-0.168193519115448,0.03713274747133255,0.9850081205368042,0.009542240761220455,-0.11525770276784897,0.009414231404662132,0.1040046215057373,0.03151983767747879,1.801955223083496,-0.0026077087968587875,-0.10420950789465583,-0.013597757869549771,0.14594377879880382,-0.003344248182465847,1.7769763208347882,-0.02897459513442374
134.026038,1785483665.084,-0.04405041038990021,0.0638013556599617,0.29500001668930054,-0.04014438260902363,0.06786053578184724,0.29959958640055623,0.7281211961940844,-0.12131847838942732,0.223085069306731,0.6366744869292161,0.7081186343242722,-0.2005951596043767,0.16046236926820978,0.6577092136460115,24.014333012262334,23.047428060508793,77.20685005187988,1,0.37696993625249786,-0.03345730236415746,0.6135125919540051,-0.17159856259309103,0.07766370153855529,0.980749224740762,0.051509619972484474,0.36876729130744934,-0.03717672452330589,0.6047613620758057,-0.16921040415763855,0.04631030559539795,0.984326183795929,0.018033800646662712,-0.14025413990020752,0.018829183652997017,0.08751615136861801,0.08306706696748734,1.8151670694351196,0.023610278964042664,-0.10997338413347406,-0.0015923374661722359,0.12406406914247306,0.014844454328567899,1.7900078915725364,-0.015218908346512919
134.16766,1785483665.218,-0.04373123496770859,0.06348232924938202,0.29500001668930054,-0.04082621214079446,0.06722714114024535,0.2986903588538609,0.7206238357746002,-0.15746603364756162,0.18519882270899532,0.6493128149266801,0.7147119809368384,-0.1749389018311289,0.17858746056906866,0.6532148833721949,22.623305954651492,23.021791083137433,69.3809986114502,1,0.378893448954185,-0.031355789824357265,0.6155602429859717,-0.16559332571418953,0.07105963558968129,0.982444064072133,0.048301549024918705,0.37298035621643066,-0.03514241427183151,0.6092121005058289,-0.17044609785079956,0.06287256628274918,0.9827174544334412,0.03551909327507019,-0.13105659186840057,0.01628619059920311,0.08306591212749481,0.07810042053461075,1.8093887567520142,0.018855879083275795,-0.12577094801420105,0.009061628539179238,0.10499698494170578,0.05043640417418704,1.8031335126568975,0.0050383993817447
134.307557,1785483665.351,-0.0434347502887249,0.06336880475282669,0.2930000126361847,-0.04109676180799147,0.06669870093401419,0.2974987958144798,0.7231130843184376,-0.14566748905412227,0.19635642188161576,0.6460128524309655,0.7198632174113676,-0.15619398646121108,0.18753674670757323,0.6497925480073227,23.5091826348708,23.053184658768394,76.4467716217041,1,0.38014716982542135,-0.030060224157138885,0.6163075296515952,-0.15839724495268276,0.048163397618015684,0.9858362407566006,0.026786308670335567,0.376070111989975,-0.03315935283899307,0.6125020980834961,-0.16790415346622467,0.06717903167009354,0.9826063513755798,0.042188920080661774,-0.10197082906961441,0.010797658935189247,0.08274726569652557,0.037152618169784546,1.7978293895721436,-0.0018368092132732272,-0.12852847451080418,0.012830688233644121,0.09355578221907196,0.06486881368640936,1.8063968928925767,0.012247022461136606
134.399622,1785483665.518,-0.043453115969896317,0.06388036906719208,0.29100000858306885,-0.04119799526719144,0.06655509068825795,0.296501783641367,0.6986315190692387,-0.23102094118860905,0.11097224135011577,0.6680033584833754,0.7207268199164683,-0.15344796420126594,0.18984407135467105,0.6488187743176552,21.88542632589294,22.769535788563235,25.81644058227539,1,0.38151792334369183,-0.02932621359964592,0.6175604732887715,-0.1506341868717009,0.032261652326586704,0.9879572876980801,0.014454245705436047,0.37796905636787415,-0.0317261628806591,0.6142491102218628,-0.16348107159137726,0.05827517434954643,0.9842031598091125,0.03495820611715317,-0.08495503664016724,0.005177303683012724,0.08252708613872528,0.013278949074447155,1.7866291999816895,-0.018809199333190918,-0.11608463807689193,0.011878085653471768,0.08849151649670763,0.05188214417405723,1.8023825121042578,0.005647916916624809
134.523137,1785483665.585,-0.04439767450094223,0.06388036906719208,0.29100000858306885,-0.041430083438909054,0.06642883396720964,0.29583316526894143,0.7258559781756839,-0.1409105118849531,0.19396069425576928,0.6447143364861383,0.7219625603138262,-0.15046513593832075,0.19082820670637626,0.6478540729959148,23.593733143431763,22.953743597896086,68.15195083618164,1,0.38228708363019387,-0.028939995317173325,0.6188115788070387,-0.1502076805630953,0.029312098501135662,0.9881460152711046,0.012079159124405655,0.37916380167007446,-0.030913343653082848,0.6153290271759033,-0.1590903103351593,0.049358610063791275,0.9856346249580383,0.027899960055947304,-0.08102050423622131,0.006270139012485743,0.0784529522061348,0.008815553039312363,1.7884842157363892,-0.021122772246599197,-0.10537915877149666,0.00957368414984669,0.08644040323636033,0.03860650637814814,1.7969649480653065,-0.0027628851894872662
134.616052,1785483665.752,-0.046121206134557724,0.06540203094482422,0.2880000174045563,-0.04227113518403618,0.0661857582672872,0.2935429501036059,0.7202809298784131,-0.1728592181127208,0.16947907891766845,0.6500706996751708,0.7223000401112449,-0.15831336561129677,0.1828931554856248,0.6478963065187431,22.08789529334147,22.732946879613138,68.02177429199219,1,0.3837739034976623,-0.02750488539166434,0.6213115600513958,-0.14938509100062602,0.028097472465551436,0.9882528357444068,0.015841694067264513,0.3806120753288269,-0.030002670362591743,0.616924524307251,-0.15494656562805176,0.03997206687927246,0.9869013428688049,0.020481901243329048,-0.08142606914043427,0.008728929795324802,0.07030712068080902,0.01602955535054207,1.792925477027893,-0.023420551791787148,-0.0939656817825149,0.008025770144072337,0.08269796249689834,0.024647689312914306,1.7929912246060014,-0.01136557492736575
134.693693,1785483665.818,-0.04643281176686287,0.06540203094482422,0.2880000174045563,-0.042662964551099074,0.06613016637686842,0.2929029317358997,0.7243157018565399,-0.1360065180480184,0.18965121704724158,0.6487691476673517,0.7228145155880671,-0.15302431282712808,0.18450697786266146,0.6481357194746796,21.977655437201285,22.57016370441112,18.424272537231445,1,0.3843222541443475,-0.026660536195229702,0.6224527727376471,-0.15012009112996497,0.03182823647899088,0.9879450908938874,0.02038182966362438,0.3814738690853119,-0.029333975166082382,0.6181084513664246,-0.15344037115573883,0.03675195574760437,0.9872870445251465,0.019224420189857483,-0.0848165825009346,0.01079186238348484,0.06611531972885132,0.02528180554509163,1.7970149517059326,-0.018508534878492355,-0.09056744321673213,0.008216320651563542,0.07934014680902797,0.02231217637850454,1.792973407012334,-0.014632473236927783
134.772126,1785483665.885,-0.046441491693258286,0.06648345291614532,0.2900000214576721,-0.04296199340641318,0.06616415879778305,0.2927533826738016,0.7227324135010087,-0.1452499583357292,0.14544273926673157,0.6598535577482822,0.7229168827031871,-0.15088436538919534,0.17365300003270812,0.6515134108853373,22.81221743084278,22.617475426343162,23.777246475219727,1,0.38469429704363933,-0.025935059813909516,0.6232333607218782,-0.14703214741122073,0.02887690852789361,0.9885660161522426,0.01687908440646615,0.3824601173400879,-0.028420770540833473,0.6196014881134033,-0.15229813754558563,0.03506002575159073,0.9875175952911377,0.01962297596037388,-0.07917878776788712,0.008161901496350765,0.0659218579530716,0.019293468445539474,1.7931833267211914,-0.01932930387556553,-0.08858971588584957,0.009102039401820526,0.07479230799638391,0.023333434252670513,1.7943632942324623,-0.01596545008988476
134.849572,1785483665.952,-0.04628678411245346,0.06702740490436554,0.29100000858306885,-0.04316871771368861,0.06624712149991197,0.29261332723897787,0.7233781167383949,-0.12565161556957263,0.12654338837165802,0.6670251438950326,0.7233143337359117,-0.14267869154966198,0.15829613997102804,0.6568116150466001,23.712810565782004,22.878512718509878,22.006988525390625,1,0.38467172306571734,-0.02546583333469978,0.6234161964908059,-0.1381625987426871,0.032801085319686916,0.9895967155437537,0.023098175155902467,0.3830699324607849,-0.027751656249165535,0.6205828189849854,-0.15087351202964783,0.03338386118412018,0.987808883190155,0.018876295536756516,-0.08580411970615387,-0.0009637841139920056,0.07223223149776459,0.03195497393608093,1.7788093090057373,-0.017336051911115646,-0.08603934932236863,0.008847255907483474,0.07238852621542767,0.022238605001110603,1.7940435230369078,-0.01687705400913271
134.92768,1785483666.018,-0.04501982778310776,0.06685434281826019,0.2930000126361847,-0.04334009263839239,0.06631010787095834,0.2926787074403121,0.7232904945515397,-0.13845100549414305,0.0708445555619246,0.6728025182148796,0.7240187611680848,-0.14079890726416838,0.11664780744936024,0.6651058488745267,22.98728926116477,22.905355499668296,28.670549392700195,1,0.3845973183380108,-0.025142086360370675,0.6236293318927872,-0.12155998096883235,0.0361941582425172,0.9914859393497641,0.029475176126508067,0.38361990451812744,-0.02696617692708969,0.6215423941612244,-0.14650528132915497,0.03318068012595177,0.9884442687034607,0.020326418802142143,-0.09344856441020966,-0.018298393115401268,0.08466336131095886,0.04541672021150589,1.7511491775512695,-0.01786682941019535,-0.0859584473600053,0.005473237636430652,0.07233481159835983,0.02558006475079052,1.7888044768315883,-0.017034903267515514
135.067179,1785483666.119,-0.044219184666872025,0.06549277156591415,0.2939999997615814,-0.04346872561240346,0.06623604991516754,0.2929628717057278,0.7318571780580382,-0.11733945675486475,0.03770099685417055,0.6702202307074893,0.7316854256535379,-0.11753517881315514,0.0798778802142452,0.6666644162395647,22.33673829758344,22.768760307760893,30.23838996887207,1,0.38443492088885733,-0.024912173015196493,0.6235559005384333,-0.09343825586884692,0.050961453980383015,0.992643876710635,0.05770924169727702,0.38393035531044006,-0.026323214173316956,0.621855616569519,-0.13299421966075897,0.03683536872267723,0.990006685256958,0.02902691625058651,-0.12793149054050446,-0.04716505855321884,0.10890837758779526,0.1012357771396637,1.7045974731445312,-0.02167464978992939,-0.09508605427373466,-0.007670746265392809,0.08118120823915269,0.043007512341737046,1.7670099955718064,-0.01804448825359089
135.143638,1785483666.252,-0.04390108585357666,0.06517482548952103,0.2939999997615814,-0.04351130309656529,0.06614092679850028,0.29308162369179047,0.7368210742945237,-0.10504914534306835,0.02500832164344975,0.6674083947529674,0.7345169924921618,-0.11140832844978385,0.05277921356875145,0.667298528926416,21.161653683314576,22.230415457362646,61.361074447631836,1,0.38433712456217745,-0.024773012149151168,0.6231060939965676,-0.054003182999565115,0.04653400383564927,0.9944708980377529,0.07710950440071988,0.38401055335998535,-0.02584719844162464,0.6222790479660034,-0.11952681094408035,0.041528522968292236,0.9911931753158569,0.03905009478330612,-0.15357071161270142,-0.08736415207386017,0.14398731291294098,0.14198343455791473,1.638347864151001,-0.05927525833249092,-0.106381599384096,-0.021252827709122814,0.09071641615752847,0.06303220910169621,1.7455463291090665,-0.01929290180056236
135.284746,1785483666.352,-0.04390108585357666,0.06517482548952103,0.2939999997615814,-0.04356651204480128,0.066041132778802,0.29319538280870067,0.7386845750225255,-0.07174924288824479,0.052931513656852267,0.6681282808194465,0.7383525883574508,-0.08579946772638594,0.05653085560478791,0.6665419483935819,21.589753494264468,22.073557747246895,66.20573997497559,1,0.3843858523364142,-0.024722109391046576,0.6228798156248526,-0.03323039586645944,0.04953048895903647,0.9936385277264761,0.095524591972949,0.384138286113739,-0.025421585887670517,0.6219112277030945,-0.09354934841394424,0.04317288100719452,0.9931365251541138,0.055357977747917175,-0.1780572384595871,-0.10762521624565125,0.16426894068717957,0.18114250898361206,1.6050894260406494,-0.080474853515625,-0.12570601284313498,-0.047433260047807645,0.11253133504273115,0.09536352403684925,1.7016474857240893,-0.03566607703063833
135.425001,1785483666.485,-0.044385794550180435,0.0655868798494339,0.2930000126361847,-0.04362716139566632,0.06601463437974636,0.2931737196259067,0.742748010544484,-0.055319098865696165,0.06653157024143745,0.663956881351573,0.7403578420620339,-0.07357833239333696,0.056494927843524216,0.6657813588764852,20.90840057338446,21.62149653395138,66.12563133239746,1,0.38444112584667267,-0.02465079137133592,0.6226556692353934,-0.016398499933125574,0.03430016195800861,0.9958507581031557,0.08267923363800513,0.38406649231910706,-0.02500537782907486,0.6220645308494568,-0.06254738569259644,0.0460464172065258,0.9939975738525391,0.07704883068799973,-0.16458147764205933,-0.12580348551273346,0.17749416828155518,0.15981459617614746,1.5735799074172974,-0.09963799268007278,-0.15301781374330034,-0.0788355780033672,0.13952289415031313,0.14011468211741374,1.6512728466572537,-0.05904295611393187
135.543406,1785483666.619,-0.044385794550180435,0.06622061133384705,0.2930000126361847,-0.04366113106555073,0.06602751209136125,0.2931650058450851,0.7412067627425465,-0.044550221252390054,0.06715320916529796,0.6664219827930942,0.7406985502422131,-0.06453607975437226,0.05982355911669694,0.6660494680229333,21.82772699234819,21.66229746049427,21.223783493041992,1,0.38447670083537683,-0.024552681309191873,0.622660239934295,-0.007379086884360676,0.027147132942852252,0.9965484035830802,0.07810161051957028,0.38414162397384644,-0.024885114282369614,0.6221340894699097,-0.05007094517350197,0.04280976951122284,0.9947100877761841,0.0788169652223587,-0.16004903614521027,-0.13544534146785736,0.18485784530639648,0.15301214158535004,1.5571705102920532,-0.11041414737701416,-0.15615156769646413,-0.09156387868294573,0.1498130908134116,0.1454533580402505,1.6302180601232255,-0.07004421134151613
135.678649,1785483666.686,-0.04453727975487709,0.06581071764230728,0.2939999997615814,-0.04374989627926877,0.06599494646669612,0.2932369544742728,0.7462131506418004,-0.023471869892798383,0.059864236349183614,0.6625943542917508,0.7441428544001991,-0.041641021062244314,0.06100488707855787,0.6639245750554427,22.38580028134481,21.96848369217672,87.10598945617676,1,0.38445694394905155,-0.024502470559948787,0.6226753687111376,-0.0024238545670202034,0.022168755421108962,0.9971896288556947,0.0715228307238936,0.38425928354263306,-0.024722792208194733,0.6222571134567261,-0.03258639574050903,0.03638026863336563,0.9956966638565063,0.0787581130862236,-0.15260666608810425,-0.14131446182727814,0.18878108263015747,0.1413445919752121,1.5471580028533936,-0.11318936944007874,-0.15774762437150155,-0.10953376744414424,0.1641641970613543,0.14854875237277407,1.6003043579918619,-0.08657610523463935
135.76628,1785483666.852,-0.044219184666872025,0.06549277156591415,0.2939999997615814,-0.043781630753169556,0.06595954562820641,0.29329939978816644,0.7447550341898701,-0.04304561525939389,0.03389768921640002,0.6650849274503025,0.7444173058083479,-0.04213141113705898,0.051613186423898,0.6643823432300205,22.073514291508193,21.99421913724682,22.253751754760742,1,0.3844385568318712,-0.024382226752796124,0.6225451181277253,0.013598280627948494,0.00817546497173842,0.9979440619558996,0.06209587541390715,0.38434135913848877,-0.02460666187107563,0.6223991513252258,-0.018440455198287964,0.02974904142320156,0.9965350031852722,0.0754517912864685,-0.14320719242095947,-0.1589427888393402,0.20293185114860535,0.1269928216934204,1.516951560974121,-0.1330377161502838,-0.1553387910739125,-0.1244248778362692,0.17569850760679917,0.14517317134518132,1.5754021549745365,-0.0990459928791757
135.892281,1785483666.953,-0.042946793138980865,0.0648568719625473,0.2939999997615814,-0.043682624169076936,0.06588967828289302,0.2933668847764276,0.7473072793693726,-0.04344143528980964,0.025447618328539062,0.6625685554136364,0.74512099288248,-0.04371536816207669,0.04053894658597327,0.6642591861329288,22.152266499674163,22.03543820157018,73.99439811706543,1,0.3844422713603018,-0.02434376403368932,0.6224339148151498,0.018914765931731123,0.010950914094177934,0.9973539438428518,0.06933555950130849,0.384372353553772,-0.024487026035785675,0.6223930716514587,-0.0033986871130764484,0.01970861107110977,0.9973963499069214,0.069285549223423,-0.1530991494655609,-0.16385960578918457,0.20851662755012512,0.143026202917099,1.5088402032852173,-0.13877497613430023,-0.14965442925021322,-0.1405985386249801,0.18845881099324774,0.1366545991245142,1.548014603100296,-0.11497312358639618
135.986254,1785483667.086,-0.042946793138980865,0.0648568719625473,0.2939999997615814,-0.04363435063332315,0.0658252641137556,0.2933959164416948,0.7440981615281652,-0.025499577880542815,0.04992756532029084,0.665713854264358,0.7448988585376114,-0.03924066830184763,0.04284772943158981,0.664642710471683,22.086032292572785,22.044252852579767,25.982141494750977,1,0.3845185767174499,-0.024494556393168433,0.6223125698660873,0.02423263563643313,0.01404102788934275,0.9965073108747662,0.07866897914085873,0.38439324498176575,-0.0244301687926054,0.6223843693733215,0.004274724517017603,0.016684342175722122,0.9974420666694641,0.06937361508607864,-0.16616128385066986,-0.16820770502090454,0.2141498476266861,0.16342231631278992,1.5014760494232178,-0.147420734167099,-0.1508390733379998,-0.14859800919383057,0.19535661928086057,0.13884579010518974,1.5345425270038904,-0.12315858246529475
136.112277,1785483667.153,-0.04072010889649391,0.06326712667942047,0.2939999997615814,-0.043178425609187734,0.0654357302578309,0.2934587167177713,0.745492658526039,-0.03886111354561341,0.020888340863118086,0.6650520183818405,0.7455482113012528,-0.038119999285309555,0.033826052983129115,0.6645002094955073,23.19061149390039,22.297729833731665,66.88523292541504,1,0.3845993043305225,-0.024562861510782033,0.6222398184626063,0.026380221539523425,0.011788350122791998,0.996787653695399,0.07469599824173649,0.3844340443611145,-0.02444586530327797,0.6223252415657043,0.012406451627612114,0.01555322203785181,0.9971132278442383,0.07327637821435928,-0.16173754632472992,-0.17076487839221954,0.2159067839384079,0.15617229044437408,1.496429681777954,-0.14743852615356445,-0.15711367677273516,-0.15662836678896289,0.2030525711909531,0.1489101202193741,1.5210014737698292,-0.13309417781810834
136.237472,1785483667.32,-0.040539439767599106,0.0606110543012619,0.29500001668930054,-0.04280880434745862,0.06465481597238307,0.2936249425342758,0.7499425723516656,-0.024300684785020035,0.05094866710704603,0.6590901669829108,0.745932122828601,-0.04130183549105903,0.02695215356629992,0.6641935018769943,22.09671304092097,22.351944113528777,70.526123046875,1,0.3851910904712253,-0.025193768312310037,0.6219757558607444,0.0325401809664214,0.013142079728687101,0.9960766618162373,0.08123857549279434,0.38449034094810486,-0.024482453241944313,0.6222860813140869,0.017211001366376877,0.014247801154851913,0.9970230460166931,0.0737953707575798,-0.17259010672569275,-0.1749708503484726,0.2214706540107727,0.17152388393878937,1.4866458177566528,-0.1574268639087677,-0.15870382857638718,-0.16148990610924027,0.2074730856457694,0.15140757799117366,1.5125512345038234,-0.13802720051990533
136.377891,1785483667.42,-0.04017159342765808,0.05748885124921799,0.2970000207424164,-0.04239221571056187,0.06281939084759273,0.29442461074267695,0.751158409582154,-0.043932867389296845,0.024247694547972983,0.6582119690389044,0.747806913284159,-0.04029530659167316,0.027629689758365553,0.662116084198955,22.002003007543124,22.174698624343296,64.3470287322998,1,0.38623338645890726,-0.025663107929985787,0.6213161992344661,0.03411283375333579,0.015939981500854804,0.9954011558872616,0.08808388286953184,0.38476771116256714,-0.024763749912381172,0.622137188911438,0.023461269214749336,0.013763516210019588,0.9966674447059631,0.07690403610467911,-0.18225306272506714,-0.17333106696605682,0.22291192412376404,0.18595989048480988,1.484100103378296,-0.16292273998260498,-0.16439040339083,-0.16701048072929436,0.21320518246479406,0.15964540383760434,1.5019427072916898,-0.14597155800502926
136.516621,1785483667.587,-0.039075545966625214,0.053133830428123474,0.29600000381469727,-0.04187055850865627,0.0597274164116461,0.2945596749542264,0.752782316507291,-0.014811780584889713,0.06632413809792038,0.6547522461323747,0.750236484353348,-0.03289592204271846,0.03950445006804516,0.6591680167323878,21.29218926390251,21.987794229875337,73.84419441223145,1,0.38833884269771524,-0.026186863835859244,0.619147839161059,0.03384659108833982,0.01292156704093523,0.995423230142652,0.08843095764083199,0.38551998138427734,-0.02522062510251999,0.6216865181922913,0.028970209881663322,0.014866412617266178,0.9960354566574097,0.08278322964906693,-0.18305206298828125,-0.16800659894943237,0.22332844138145447,0.18678809702396393,1.479802131652832,-0.1707829385995865,-0.17370940472667004,-0.17030795375036592,0.2182692439049605,0.17337375432499874,1.492634165518,-0.1548150414422145
136.608432,1785483667.72,-0.03856487572193146,0.05138618126511574,0.2970000207424164,-0.04157870023374568,0.05796860568791156,0.2947440002522928,0.7485341744232012,-0.022201317750679413,0.034668531743858685,0.6618170322056051,0.7498536779057404,-0.0304296502746549,0.038389566596925606,0.6597876471198113,22.074591269850064,22.003761460442,18.472671508789062,1,0.39257115863233594,-0.02654056079273796,0.6171164805282838,0.031532630396561824,0.003253711807169088,0.9964554606611512,0.07792061022812245,0.3866747319698334,-0.025607896968722343,0.6206415891647339,0.030951356515288353,0.014054028317332268,0.9957913756370544,0.08511225134134293,-0.16866004467010498,-0.15711024403572083,0.21662509441375732,0.16501280665397644,1.4756674766540527,-0.1749173253774643,-0.17753530700775888,-0.169365537270562,0.22034111251487795,0.17886706597143703,1.4873793193298748,-0.16135405264342859
136.719765,1785483667.787,-0.03792218863964081,0.050743792206048965,0.2970000207424164,-0.04123260089464094,0.05664436239676868,0.2948915318021428,0.7553083474163076,-0.013210200479950657,0.0415145281464935,0.6539199758986568,0.7511210691637683,-0.026506854574660888,0.03910290117785064,0.6584720869090129,21.99289752593298,22.001850819532557,22.016525268554688,1,0.39491324486697943,-0.026757834051666287,0.6158142854898607,0.03425770147428647,0.003034227397462521,0.9964142090243747,0.07730412284043378,0.3877929449081421,-0.025792287662625313,0.6199733018875122,0.031063886359333992,0.01201285794377327,0.9959303140640259,0.08374682813882828,-0.1679912954568863,-0.15493910014629364,0.21774911880493164,0.1648021787405014,1.466767430305481,-0.17567476630210876,-0.17584900765781344,-0.16703703126367067,0.21963506718081385,0.17623475659691767,1.4851540692214686,-0.16393107452715278
136.826257,1785483667.854,-0.036315470933914185,0.04817425087094307,0.2970000207424164,-0.0402483188953527,0.053801277322546914,0.2951609341605754,0.7542286285584937,-0.021965741482474405,0.05067400606801886,0.6542849739776372,0.7529202282204647,-0.017768898804759514,0.05042921940917257,0.6559361935443807,21.442216928864692,21.906407123313343,77.38041877746582,1,0.3966992550241434,-0.027109973975632487,0.6148394526562905,0.036424656124484214,-0.00048590187486695347,0.9964544143735647,0.07583935918121486,0.39113137125968933,-0.026257874444127083,0.6180278062820435,0.032564472407102585,0.007825459353625774,0.9961732029914856,0.08072955906391144,-0.1668584942817688,-0.15319454669952393,0.21834982931613922,0.162833109498024,1.4600805044174194,-0.1821705400943756,-0.17216719220157722,-0.16136845125541235,0.2187514868305729,0.17087792488113718,1.4765388440776324,-0.16943368406063486
136.904709,1785483668.02,-0.035672783851623535,0.04656828194856644,0.2970000207424164,-0.039754953729024545,0.052551408627878146,0.2952495307589755,0.7591031602327937,-0.02077641881072561,0.06012300800620998,0.647854888423536,0.7542133374552825,-0.018391987604684558,0.05243743284937355,0.6542738662308626,20.65798808258663,21.602571888574964,65.84310531616211,1,0.40061520612923335,-0.028212094790190247,0.612844250947961,0.03561048354247315,-0.010000378450338368,0.9972145118385634,0.0647696168839788,0.3930463194847107,-0.026557035744190216,0.6169310808181763,0.03389567881822586,0.004978545475751162,0.996281623840332,0.07905183732509613,-0.15455709397792816,-0.14452753961086273,0.21363021433353424,0.1405051052570343,1.4534512758255005,-0.18771658837795258,-0.17034151235739392,-0.15855746572287868,0.21861349368251912,0.16811132073693255,1.4708788210684849,-0.17381388481617563
137.02968,1785483668.087,-0.03547046706080437,0.04479143023490906,0.2980000078678131,-0.03898131074631074,0.05028227936798238,0.29563709273069616,0.7618332894592911,-0.005370719510119278,0.07229599788918896,0.6437037230999878,0.7571239688948872,-0.016227292961861584,0.05648623531741559,0.6506222221133009,21.872848188536114,21.55461235711391,69.81062889099121,1,0.40236794148757504,-0.028779750251120402,0.6120160576052348,0.03344708434887221,-0.01202778136869884,0.9972830710737006,0.0645220983362632,0.39563602209091187,-0.0271510798484087,0.6155125498771667,0.034481748938560486,-0.00012824739678762853,0.9966515302658081,0.0741402730345726,-0.15461401641368866,-0.13804593682289124,0.20967940986156464,0.1393558382987976,1.4554038047790527,-0.19176435470581055,-0.1649132456699209,-0.1537325802559734,0.21689978543063967,0.15861754566408212,1.4648854882594224,-0.17859502339250355
137.122408,1785483668.221,-0.03526598960161209,0.044618379324674606,0.2990000247955322,-0.03871447694662218,0.04958559608871796,0.29594138195640735,0.7585143015800448,-0.00038784497050112335,0.06833380300922874,0.6480635734564253,0.7574573500727206,-0.01272663279414564,0.059107015778762775,0.6500790385209049,21.043163079478465,21.45254307236223,23.105859756469727,1,0.4053874909396725,-0.029679120025718906,0.610187608907419,0.031607582185645786,-0.018030531884400132,0.9973712198264786,0.06266187461435657,0.3987831473350525,-0.027929751202464104,0.613877534866333,0.03399868309497833,-0.005679101683199406,0.9969770908355713,0.06963164359331131,-0.15323671698570251,-0.12902669608592987,0.20550775527954102,0.1352650225162506,1.4541736841201782,-0.20244547724723816,-0.1600874414428227,-0.14638247164846735,0.21351667722580006,0.1495923031059656,1.4604427601295438,-0.1847656303801896
137.247054,1785483668.287,-0.0342954657971859,0.04300159960985184,0.2990000247955322,-0.038038993624818586,0.04789973529324493,0.296294657477937,0.7613221992388711,-0.00129922354938449,0.05959688413090182,0.6456276267060954,0.7586272113838471,-0.010435602988246447,0.05930682006523771,0.6487361200303163,21.83374300597459,21.520886589879588,73.17805290222168,1,0.40621017349359767,-0.03003867550271482,0.6093785830567753,0.0325672829518023,-0.020828195962520505,0.9974866043119488,0.05938040545753977,0.4018756151199341,-0.02876032516360283,0.6121588945388794,0.0328877791762352,-0.01144993957132101,0.9971876740455627,0.06636261940002441,-0.15014946460723877,-0.12853781878948212,0.20650388300418854,0.12912896275520325,1.449582815170288,-0.20477090775966644,-0.15687746311931644,-0.13825028011397203,0.20976411608672252,0.14287913233129276,1.4575053281436714,-0.1930496793617756
137.378325,1785483668.454,-0.03482561558485031,0.04318005219101906,0.2980000078678131,-0.037863747435442525,0.04748228482474497,0.29637787906428065,0.7596371845055797,-0.0033285188781198485,0.06558844793230205,0.6470227386857016,0.7587945031005703,-0.009292297645643856,0.060317770040503496,0.648464587997035,21.38365038783021,21.495882314818996,30.765533447265625,1,0.40843666466635814,-0.030869778934502788,0.6079453273243693,0.033795828507842456,-0.023438538564995157,0.9974093387919089,0.05901769036562801,0.40432947874069214,-0.02952590212225914,0.6105855703353882,0.03297929838299751,-0.016324585303664207,0.9973335266113281,0.0630224198102951,-0.15126420557498932,-0.12456392496824265,0.20623022317886353,0.12908078730106354,1.443855881690979,-0.21171391010284424,-0.15393679272296779,-0.13294438742649517,0.2081845661734927,0.13642721674637534,1.452705046026307,-0.19986093540444952
137.479881,1785483668.521,-0.0342954657971859,0.041061460971832275,0.2990000247955322,-0.03732951354961493,0.0460042154718489,0.2966967144785905,0.7651036448196904,0.011941975522462341,0.06200154543770745,0.6408038781620956,0.760899801385323,-0.0007711009113938027,0.06222782927001438,0.6458781579520262,21.7530099138179,21.55937078492691,75.60157775878906,1,0.408992290729468,-0.031086448062190367,0.6075973135871485,0.03399038140019667,-0.024485313937343003,0.9974442927216431,0.05787923885712434,0.4060118794441223,-0.030079608783125877,0.6095066070556641,0.033317551016807556,-0.019230492413043976,0.9973727464675903,0.06138181686401367,-0.15032148361206055,-0.12361601740121841,0.20604267716407776,0.12693126499652863,1.4423093795776367,-0.21279801428318024,-0.15284233332875308,-0.12951251684650072,0.2073843302107531,0.13341878576150032,1.4490812247393468,-0.2047148449082921
137.62096,1785483668.688,-0.03494248166680336,0.03912132605910301,0.2990000247955322,-0.03710100568922356,0.04457986524096906,0.29694513237365916,0.7668217404821456,0.008676183573809395,0.06723637082279595,0.6382698587596832,0.7626370286286277,0.0005636231052145483,0.06115185197733225,0.6439292631129877,21.761848712348787,21.638733470056426,69.34261322021484,1,0.41092613033082565,-0.03173141587776156,0.6063203169587476,0.03860031362404504,-0.03168536021998949,0.9972858032141494,0.054102499418822184,0.40756675601005554,-0.03060959465801716,0.6085105538368225,0.033671870827674866,-0.02196931466460228,0.9974148869514465,0.0595574826002121,-0.1478695422410965,-0.12432202696800232,0.2093868851661682,0.12148793041706085,1.4298185110092163,-0.22511151432991028,-0.15152718819529606,-0.12643630962750796,0.20668448811420978,0.1300342323982466,1.4455483321257627,-0.20893185692139132
137.776615,1785483668.821,-0.03461897373199463,0.03718118742108345,0.2990000247955322,-0.03682544403706694,0.04269931663364566,0.2971778529096301,0.7708375333595411,0.011918742494199521,0.06142088145151777,0.6339518247179781,0.7652867543977336,0.0016478865868035754,0.05666094481162965,0.641188743932887,22.514324671802736,21.920836183656924,76.1709213256836,1,0.4127617943626492,-0.03191724993329703,0.6051299891759692,0.039674175556995234,-0.03424187949488213,0.9970809355845226,0.05552532193895052,0.40947890281677246,-0.03125157579779625,0.6072567701339722,0.036487236618995667,-0.027491383254528046,0.9973592758178711,0.056456539779901505,-0.14966991543769836,-0.1208915263414383,0.20925289392471313,0.12503547966480255,1.4255329370498657,-0.2329263985157013,-0.14944401476480892,-0.12523219777678862,0.20822387919526072,0.1251668511353704,1.4365896832190552,-0.21814669544337245
137.869475,1785483668.988,-0.03461897373199463,0.03556440770626068,0.2990000247955322,-0.03672339400798868,0.041637662800656686,0.2972575168906626,0.76464393532082,-0.006159922167269757,0.046335512050883904,0.6427555739618018,0.7651721330558032,0.0001317364710334095,0.054656639397552956,0.6415015519935242,21.222644177300168,21.76709845717607,24.840116500854492,1,0.4152366279003629,-0.03210336432279985,0.6036841981461969,0.04233959985102173,-0.03682831462071565,0.9966077128345899,0.06020050037383867,0.4110177755355835,-0.03156382218003273,0.6062604784965515,0.03798092529177666,-0.030655018985271454,0.9972357153892517,0.056024305522441864,-0.15543290972709656,-0.11704816669225693,0.20986390113830566,0.13597722351551056,1.418861985206604,-0.24593837559223175,-0.14954985693218106,-0.12319834599463343,0.2087060947210093,0.1251052997683068,1.431408945290766,-0.2250718568671751
137.948241,1785483669.054,-0.03332494571805,0.0345943421125412,0.2990000247955322,-0.036427727779643274,0.040596472267353134,0.2973327652233682,0.7726037690466669,0.01521920998742528,0.05522242879407771,0.6322991974218583,0.7667099056540906,0.0032073051941720375,0.05477360654330308,0.6396448122134082,22.293124695750045,21.874487462346753,22.36032485961914,1,0.4166529304531576,-0.032118174822147516,0.6029308231255553,0.042458188006894514,-0.035360291143223796,0.9965291466921815,0.06226244353051373,0.4124681055545807,-0.031743116676807404,0.6053734421730042,0.0394660159945488,-0.03279106691479683,0.997027575969696,0.057473499327898026,-0.15732236206531525,-0.11369388550519943,0.20884592831134796,0.14019589126110077,1.4172182083129883,-0.24569034576416016,-0.15157303510022718,-0.12108330471331336,0.2091043015024973,0.12884415678258015,1.4270940457178227,-0.23224785176166332
138.072332,1785483669.121,-0.03461897373199463,0.03394762799143791,0.2990000247955322,-0.03629868957732532,0.039421692236207145,0.297435425131516,0.7713580825456747,0.023447374068689804,0.07027469416656908,0.6320746763639072,0.7680701799629025,0.008885162058999684,0.05912590623098446,0.6375683334038044,23.40230433546448,22.377483180141013,24.25837516784668,1,0.41808675325262395,-0.03242100106284842,0.6022229705982072,0.04418871595956975,-0.03884170436523109,0.9963473409069992,0.061892290726716793,0.4147026240825653,-0.03196762874722481,0.6040937304496765,0.041184522211551666,-0.034671030938625336,0.9967659711837769,0.059660229831933975,-0.1576017588376999,-0.11205881088972092,0.2090592086315155,0.14048095047473907,1.4123756885528564,-0.2534523904323578,-0.15432001036136558,-0.11731027301633265,0.20902383991871915,0.1342172806325733,1.4215465544648258,-0.24002123990124327
138.167817,1785483669.288,-0.03615322336554527,0.0299429539591074,0.30100002884864807,-0.03621934578087062,0.03648950530615022,0.29808903966437666,0.7726502857727194,0.03764615163544672,0.08933634505728971,0.6273861017062625,0.7705354142389021,0.01974218373507646,0.06960841200205523,0.633277261997939,23.326256924431174,22.767904708126203,63.77148628234863,1,0.42157108111728964,-0.03242692696025128,0.5998967129041194,0.046052831152400456,-0.04984164971839682,0.9962393219601817,0.05387170014501867,0.41608983278274536,-0.032150182873010635,0.6033284664154053,0.042411331087350845,-0.03638320043683052,0.9965978860855103,0.06058214232325554,-0.14776486158370972,-0.10721774399280548,0.20907366275787354,0.1255675107240677,1.4007140398025513,-0.2648008167743683,-0.15566390939750416,-0.11515976110084976,0.20903842296882325,0.13678232284600544,1.417790993165215,-0.2455214279588643
138.275829,1785483669.355,-0.03594658151268959,0.027756229043006897,0.3020000159740448,-0.03619878272741505,0.03396288414398272,0.29865521577228016,0.7730159113868491,0.06839344324219407,0.09767231721929594,0.623080136188957,0.7720700239282212,0.04097065099214813,0.08430143327278551,0.6285877442783224,24.319073883095495,23.336885136928384,63.58051300048828,1,0.42325651234890327,-0.03229999952934685,0.5986740706477705,0.04620409995006831,-0.056391097777383485,0.9962539870755768,0.04651041254689193,0.417974054813385,-0.0322553925216198,0.6021444201469421,0.04367085173726082,-0.04099740833044052,0.9965016841888428,0.05827890336513519,-0.13856877386569977,-0.10482010245323181,0.20884093642234802,0.11087445169687271,1.3948757648468018,-0.26715579628944397,-0.15294742322791957,-0.11242850753600012,0.20905058434818533,0.13292555190721414,1.411918228903795,-0.25215160876830356
138.414948,1785483669.488,-0.0356198288500309,0.025143425911664963,0.3020000159740448,-0.03616134647054524,0.03138983704946846,0.2991339663472412,0.7781353785851812,0.04939562071043977,0.08135854420493252,0.6208431303748001,0.7742701577226277,0.04674420029083169,0.08446730116559581,0.625448621097807,24.158064997699217,23.632122453321585,65.75870513916016,1,0.42635287724011517,-0.032088413636007916,0.59633878918862,0.052472774043834575,-0.07366634293632401,0.9955153321162598,0.027732677908667458,0.4204397201538086,-0.032295484095811844,0.6005039811134338,0.04485857114195824,-0.04817916080355644,0.9964349269866943,0.05276308208703995,-0.11734132468700409,-0.10770128667354584,0.21574831008911133,0.07585204392671585,1.3705922365188599,-0.27673402428627014,-0.1462101806896913,-0.10886352887954026,0.20895240764888143,0.12259331426881509,1.4039328289877142,-0.2591819546152632
138.554408,1785483669.622,-0.035082101821899414,0.021294496953487396,0.30300000309944153,-0.036083818110384205,0.02831760608689431,0.29962565234188143,0.7738539660039918,0.04757789670507164,0.0804604614687707,0.6264283655656462,0.7744473426315005,0.05307550663362585,0.0873922477814343,0.6243211506222576,23.0020652182924,23.61093005940816,70.23835182189941,1,0.4295682992730643,-0.031876118392201495,0.5940957699092551,0.05589204232967506,-0.07957875244402546,0.9949017558897459,0.026716996297690185,0.42316779494285583,-0.032244857400655746,0.5984658598899841,0.04838859662413597,-0.0600099116563797,0.9961804151535034,0.04101254791021347,-0.11582652479410172,-0.10410504788160324,0.21781602501869202,0.07577962428331375,1.3581671714782715,-0.2877914309501648,-0.1326834089853458,-0.10831896589563415,0.21213680039643384,0.1006922790120728,1.3883107943211004,-0.26740613237648386
138.647017,1785483669.755,-0.033770762383937836,0.019983768463134766,0.30300000309944153,-0.0358577736716106,0.02674323959602062,0.2998737223234489,0.7817212286571082,0.060404527342203085,0.08927293262721214,0.6142422626647595,0.7761359899180049,0.054763311114900196,0.08782673570991155,0.6220131585459207,25.073114115453606,23.979148790597115,22.958755493164062,1,0.43346259100989587,-0.03165381821799956,0.5915307349355089,0.058718225297161177,-0.08402448808337616,0.9944883013343189,0.02202439396349729,0.42536112666130066,-0.032145965844392776,0.5969351530075073,0.05097382143139839,-0.0666886642575264,0.9958170056343079,0.036093492060899734,-0.10965840518474579,-0.09915010631084442,0.21912625432014465,0.06750912964344025,1.344348430633545,-0.2898915708065033,-0.12688632329524158,-0.10686980669975853,0.21408993580444918,0.09212482040833449,1.3779444024254515,-0.27441663552659745
138.769859,1785483669.822,-0.034540049731731415,0.019392196089029312,0.30400002002716064,-0.03575317689141208,0.025196777644680646,0.3003977408283828,0.77533411907557,0.06315136572493063,0.09226832530663809,0.6215749873904951,0.7759372465199696,0.05691310351401587,0.08896558986908225,0.6219062726252702,24.204843434153613,24.03444256799954,27.642250061035156,1,0.4355016071847677,-0.031814290347026555,0.5902473771519546,0.05908340053655457,-0.08733197486466204,0.9941768996017505,0.022238935350558243,0.42814376950263977,-0.032013870775699615,0.5950503349304199,0.053633641451597214,-0.0725911483168602,0.9954283237457275,0.03124791942536831,-0.11003856360912323,-0.09469852596521378,0.21799136698246002,0.0685417577624321,1.3406649827957153,-0.29734665155410767,-0.12096163918862166,-0.1042150102047918,0.2158219846243178,0.08365948826467705,1.3663907477262147,-0.2797384646174592
138.838131,1785483669.922,-0.034540049731731415,0.018077142536640167,0.30400002002716064,-0.03569279520124162,0.0240858237514758,0.3006646438328364,0.7786705158639398,0.08264979709164123,0.10706986754746285,0.6126804079030643,0.7766322948975206,0.06276840208544984,0.0930891070280032,0.6198683927855805,24.420167552472236,24.10707785235952,20.925045013427734,1,0.43731088440022936,-0.0318591498977991,0.5885896876201654,0.06004064681913257,-0.08855626114354766,0.9940515422484711,0.020357816563970378,0.4306752681732178,-0.03196629509329796,0.5933908224105835,0.05551363527774811,-0.07763207703828812,0.9950372576713562,0.028150243684649467,-0.10779693722724915,-0.09189990907907486,0.21914872527122498,0.06512453407049179,1.3340016603469849,-0.29731041193008423,-0.11720518835657769,-0.1009423037235671,0.2165681218585678,0.07846050649752129,1.357543657166616,-0.2857939184515888
138.930287,1785483669.988,-0.03552680462598801,0.01840590499341488,0.30400002002716064,-0.03564772354190076,0.02287157854359373,0.3010624013111163,0.777255320646636,0.0876585340521878,0.09489476540304151,0.6157800999004579,0.7768328471158804,0.06743452273734957,0.09263108958175834,0.6191952793973137,24.064405926125115,23.798143457311117,65.57750701904297,1,0.4386729246939486,-0.03184584695528321,0.587545586030746,0.061536890388210516,-0.09396918889047655,0.9935514346217923,0.015445045211774266,0.4329596757888794,-0.03194723650813103,0.5917344093322754,0.05707128345966339,-0.08136475086212158,0.9947230815887451,0.025468043982982635,-0.10244151949882507,-0.09125619381666183,0.22088566422462463,0.055929746478796005,1.3266797065734863,-0.3014523983001709,-0.11396968732229919,-0.09783263467722976,0.21745566428391655,0.07387427040414553,1.349447564460345,-0.28975443922140764
139.006509,1785483670.122,-0.03519788756966591,0.01840590499341488,0.30400002002716064,-0.035626592320576016,0.02252466192617075,0.3012174930929371,0.7799580026117379,0.07758235450960588,0.08661015547824656,0.6149350968994112,0.7774973700842568,0.0695583811651276,0.09137279108834978,0.6183126103925715,23.45550762352194,23.730042071842895,70.59669494628906,1,0.4400935510725942,-0.03182336472854317,0.5862574705482562,0.06521106351027642,-0.09651207729531984,0.9930956418911334,0.01392774887908809,0.4345054626464844,-0.031935811042785645,0.5905879139900208,0.05828147381544113,-0.08475489169359207,0.994435727596283,0.022747941315174103,-0.10130452364683151,-0.09211079031229019,0.22494961321353912,0.054664306342601776,1.315733551979065,-0.3056194484233856,-0.11084554895887755,-0.09605043599358806,0.21838531138970993,0.06901131214386332,1.3432774749730063,-0.292924584006896
139.134349,1785483670.189,-0.03606560826301575,0.018673041835427284,0.30300000309944153,-0.035670632620316174,0.022211518800864107,0.30137779862235425,0.7713815943139002,0.07695574672321372,0.0881400970327939,0.6255234386456417,0.7760014202598736,0.07138230981885048,0.09057747076196478,0.6200984465308311,22.088809022371738,23.172647029096115,26.006221771240234,1,0.44047645243452005,-0.03183811257027691,0.5858342872689541,0.0673311492681882,-0.09809191034333165,0.9927924534054697,0.014409646927290548,0.43746137619018555,-0.03189586475491524,0.5882712602615356,0.06211235374212265,-0.0910172387957573,0.993743896484375,0.018194392323493958,-0.1024131178855896,-0.09330149739980698,0.22728101909160614,0.05692598968744278,1.3107881546020508,-0.3105488121509552,-0.10597881563525051,-0.09411421971061905,0.2220433364332477,0.06175262059267934,1.3284131852232044,-0.300040465843667
139.177288,1785483670.289,-0.035082101821899414,0.019000722095370293,0.30300000309944153,-0.035639955361785214,0.022083384697897623,0.30146710294048956,0.7687239814868959,0.14067571062882417,0.1207161952237762,0.6121285689597447,0.7752386403369737,0.07230866652758929,0.09017309723779425,0.6210034780965606,23.92882925267179,23.339640884174443,18.187761306762695,1,0.4407960177417581,-0.03176258868699278,0.5854159689454667,0.06973360530041148,-0.0967275927309098,0.9927788087032751,0.013085644271330122,0.43828025460243225,-0.031882982701063156,0.587607204914093,0.06352932006120682,-0.0929301530122757,0.9934954643249512,0.01717192307114601,-0.10106814652681351,-0.09544270485639572,0.23046249151229858,0.054947394877672195,1.3043450117111206,-0.3062973618507385,-0.10501250764261903,-0.09389398756047516,0.22346285730667478,0.06044461073448228,1.3236368019248719,-0.3028882258498743
139.255976,1785483670.355,-0.03485054150223732,0.019200826063752174,0.30100002884864807,-0.035595005666477275,0.02194712377374858,0.3014139004828103,0.7734714716876566,0.08000477878333546,0.09004746591202838,0.6222801392781085,0.7749665389354139,0.07350819812130704,0.0901539006165311,0.6212050245635888,22.248472423569684,23.07982329749779,22.140979766845703,1,0.44092332570176684,-0.03180875965840714,0.5852193372893093,0.07095387811926537,-0.0960341284995031,0.9927683071675388,0.012412962050891322,0.4389626085758209,-0.03185301274061203,0.5870081186294556,0.06520998477935791,-0.09395324438810349,0.9933088421821594,0.0160629004240036,-0.10060825198888779,-0.09658929705619812,0.23210552334785461,0.05396200343966484,1.3011056184768677,-0.3043660819530487,-0.10394358263043162,-0.09431370325854814,0.22535985106595915,0.0589548713187449,1.3184087267769453,-0.30381210015548665
139.380761,1785483670.422,-0.03505934402346611,0.020110348239541054,0.30000001192092896,-0.035482102260614205,0.021642258013409535,0.3012200488742998,0.7717283960041473,0.10039313855109595,0.08955017910374025,0.621560347798357,0.7742696863646268,0.08129514516561534,0.08986064687127926,0.6211462116870707,22.926498173025077,23.029951078072443,68.96018981933594,1,0.44115006974520565,-0.03184397555616171,0.5852132123037287,0.07195200222453989,-0.09629077913032072,0.9926800597147936,0.011717263972015023,0.43988150358200073,-0.031837183982133865,0.5861636400222778,0.06790191680192947,-0.09492360055446625,0.993062436580658,0.014348112046718597,-0.10007207840681076,-0.09726938605308533,0.23285986483097076,0.052944429218769073,1.2987767457962036,-0.3042135536670685,-0.10238077745804643,-0.09537997947410959,0.22852077966502773,0.05661543010133936,1.3103011996549694,-0.3040716703241001
139.492121,1785483670.589,-0.034734755754470825,0.020110348239541054,0.30000001192092896,-0.03544585156373986,0.021548866120854677,0.30111461693420644,0.7725767405448551,0.11368454712708159,0.09941356902735074,0.616699234641038,0.7739586046321065,0.0887854017726236,0.09207662720946222,0.6201831386531933,23.331002431072417,23.08887313994395,22.90964126586914,1,0.44170485847052,-0.031924782200194915,0.5853028474519952,0.07813163563419584,-0.09939211348063018,0.9919428126544478,0.008130911029025564,0.4401225447654724,-0.03183954954147339,0.5859817862510681,0.06867145746946335,-0.09518182277679443,0.9929918646812439,0.013846585527062416,-0.09764925390481949,-0.1032320037484169,0.23896455764770508,0.04844510555267334,1.2850804328918457,-0.3075392544269562,-0.10194212189536647,-0.09573897966366264,0.22934529603771617,0.05591794581352439,1.3081115534218037,-0.30409862671090465
139.536134,1785483670.656,-0.034734755754470825,0.019785910844802856,0.30000001192092896,-0.03541350685514021,0.02147228526654713,0.30103394761991836,0.7687319526355681,0.12118669276158238,0.10629611579179353,0.6189233444152791,0.7726899892614433,0.09725362163955689,0.09579951521177797,0.6199309368456529,22.35012659734885,22.929630807627454,23.470640182495117,1,0.4419027267378265,-0.0319420208915531,0.5853930865493283,0.08234818522682703,-0.10380051437175539,0.9911780576628066,0.0032074310270652634,0.4404238164424896,-0.03185813128948212,0.5858449935913086,0.07046901434659958,-0.09597558528184891,0.9928041100502014,0.01275852881371975,-0.09328721463680267,-0.10821285843849182,0.24388840794563293,0.040268126875162125,1.2748507261276245,-0.31063300371170044,-0.10112647330403571,-0.0971626714705604,0.2311730758233343,0.054498113977958236,1.3037356405211118,-0.30475234406587015
139.676129,1785483670.722,-0.03461897373199463,0.020690027624368668,0.2990000247955322,-0.03536422263654824,0.021415668373795944,0.30069319473027095,0.7736964940133669,0.09491690507930015,0.09317558578630598,0.6194375081434527,0.7732759732233367,0.09350443146025679,0.09248566674035459,0.6202802527732022,23.891926560024476,23.16641748996986,28.99622917175293,1,0.4420620942704905,-0.03196127878456964,0.5854595876838182,0.08665603725707206,-0.10804466961882037,0.9903545605453842,-0.0038632862721088984,0.4410269260406494,-0.03190198168158531,0.5856386423110962,0.07533309608697891,-0.09916051477193832,0.9921764135360718,0.008841571398079395,-0.08637987077236176,-0.11383379250764847,0.2495330572128296,0.027187753468751907,1.2634276151657104,-0.30971190333366394,-0.0979162135706531,-0.10168785620092553,0.23638028929602065,0.04867080214579746,1.291906979227835,-0.30716053055533854
139.753544,1785483670.856,-0.03408557549118996,0.02075922302901745,0.30000001192092896,-0.0352470656603657,0.021365259344890742,0.3006475667337729,0.7691413904171176,0.09486614705861866,0.08589099938472936,0.6261347074824779,0.7722966364508891,0.09383003179750818,0.09091360267050473,0.6216820307110312,21.949833912181063,22.779543836071355,62.95323371887207,1,0.4423536870233614,-0.03195210847237454,0.5858941221284657,0.08579528084620577,-0.10559897264470455,0.9907006703797003,0.0004565852777747638,0.44137609004974365,-0.031932760030031204,0.5855512022972107,0.07921420782804489,-0.10218710452318192,0.9915962219238281,0.004453551489859819,-0.090950146317482,-0.11142930388450623,0.2462567538022995,0.03602610155940056,1.2677959203720093,-0.3111753463745117,-0.09394886090434505,-0.1058648615744396,0.240903650480322,0.04128278961071589,1.2821129259268704,-0.30803794579185223
139.832146,1785483670.956,-0.03408557549118996,0.02043478563427925,0.30000001192092896,-0.035182134059298695,0.02132610563703909,0.3006196645947941,0.7748490005695063,0.08743716359605891,0.08713378309909647,0.6199769935905305,0.7727036480878048,0.09281931542595702,0.09031616323164073,0.6214150284429646,23.2370365235643,22.87247623369349,24.0478515625,1,0.44247524354312356,-0.03210802158158926,0.5859410239713497,0.08738430696378513,-0.10389260064033298,0.9907420499716141,0.0007077052290004117,0.4417129158973694,-0.031942110508680344,0.5856643319129944,0.0814771056175232,-0.10335663706064224,0.9912968277931213,0.003078595967963338,-0.09179552644491196,-0.11278608441352844,0.24767006933689117,0.037069883197546005,1.2646740674972534,-0.3089001476764679,-0.09291759972118838,-0.10777849764133011,0.24274475206505783,0.03947502520425979,1.2771893077165537,-0.3091168954128381
140.004101,1785483671.022,-0.03343639895319939,0.02075922302901745,0.30000001192092896,-0.03491186783683758,0.021223792070336478,0.3005568969707829,0.7706918041106504,0.08584892537230068,0.08690358298478515,0.6253893765914948,0.7718651439426507,0.09365074533387016,0.09055811250025708,0.6222965255609199,22.49914379344862,22.795456120398438,112.21742630004883,1,0.4425594054795633,-0.03219224831505117,0.5859636038209808,0.08687252890218215,-0.10368107367103707,0.9908077395763906,0.0018498324475341925,0.44211313128471375,-0.03202955797314644,0.5858021378517151,0.0845610648393631,-0.1036357432603836,0.991012454032898,0.0018405260052531958,-0.09320249408483505,-0.11181171983480453,0.24664051830768585,0.03940287232398987,1.2662439346313477,-0.3103522062301636,-0.0923322068146319,-0.11039100785064414,0.2453145602335233,0.03822027112333448,1.2706600680969,-0.3090038138329384
146.342697,1785483677.46,-0.052344806492328644,0.07742086797952652,0.38700002431869507,-0.056320862684955904,0.077254147581878,0.38672899284279644,0.7196452701240632,-0.01510806352189145,0.05762477227720635,0.6917816253881587,0.7151892480124261,-0.01595470126323227,0.04707802603095067,0.6971609903745695,25.611265278187116,24.778193255856188,70.67680358886719,1,0.4425594054795633,-0.03219224831505117,0.5859636038209808,0.08687252890218215,-0.10368107367103707,0.9908077395763906,0.0018498324475341925,0.44255879521369934,-0.03219570964574814,0.5859672427177429,0.08687728643417358,-0.10368282347917557,0.9908071160316467,0.0018531186506152153,-0.09320249408483505,-0.11181171983480453,0.24664051830768585,0.03940287232398987,1.2662436962127686,-0.3103522062301636,-0.09320248703953063,-0.11181178715579118,0.24664098678921645,0.03940290218263802,1.2662439346313485,-0.31035220032567407
146.469982,1785483677.527,-0.0524800606071949,0.07720130681991577,0.3880000114440918,-0.0558817435877826,0.07724948375610617,0.3868897533535288,0.7188934874227759,-0.024503876083266134,0.04017409959292016,0.6935255983162505,0.7162863208395899,-0.01846166675228535,0.04505443187842926,0.6961057187000574,24.455251953386927,24.686327321115026,22.759437561035156,1,0.4426977799826324,-0.03290428642359837,0.5859396110266969,0.08468614020991586,-0.1060059220217927,0.9907516912247969,-0.0014451601506159585,0.44255882501602173,-0.03219570964574814,0.5859672427177429,0.08687732368707657,-0.10368281602859497,0.9908071160316467,0.001853110850788653,-0.09075207263231277,-0.10970237851142883,0.24441508948802948,0.03169886767864227,1.2693214416503906,-0.3108236789703369,-0.09320248695008952,-0.1118117877411666,0.24664099073334197,0.039402902390582986,1.2662438526391988,-0.31035220012745696
146.514078,1785483677.627,-0.051926080137491226,0.07742086797952652,0.38700002431869507,-0.05554198647489261,0.07725763595344616,0.3868943517441492,0.7192157371894572,-0.02811093731397669,0.04511472822801544,0.6927504311649814,0.7168742102261124,-0.02037709604049701,0.04506680477962142,0.69544598911533,24.391162882979607,24.62620865077741,20.911693572998047,1,0.4428814803069855,-0.033542136345083566,0.5857127695924129,0.08395212338751866,-0.10765569443401839,0.990635984256929,0.0016245399230775896,0.44258466362953186,-0.032329585403203964,0.5859612226486206,0.08646082878112793,-0.10412607342004776,0.9907980561256409,0.001226847874931991,-0.09588199853897095,-0.10766565054655075,0.24295608699321747,0.038822758942842484,1.2716968059539795,-0.320779025554657,-0.09273690131248237,-0.11141100016582199,0.24621807065883655,0.03793913582634581,1.2668285945513251,-0.3104417810899967
146.591028,1785483677.694,-0.05206025391817093,0.07720130681991577,0.3880000114440918,-0.05530619832099834,0.07725469837878692,0.3869755809116415,0.7187206337807226,-0.026517859637878397,0.03787825982985062,0.6937598223667356,0.7172130129205128,-0.021487135659138856,0.04376785020702396,0.6951461518176604,24.729099669901686,24.643908010345378,21.816492080688477,1,0.44297575575597786,-0.03404317050825858,0.5857111788623018,0.0824294987256343,-0.10856765860324134,0.9906617988289307,0.0027643419249712324,0.44268569350242615,-0.03274570032954216,0.5858775973320007,0.08559602499008179,-0.10534060746431351,0.9907445907592773,0.0013603786937892437,-0.09814334660768509,-0.10545475780963898,0.24073565006256104,0.0410035140812397,1.2752989530563354,-0.3252527415752411,-0.0938184929464045,-0.11012299169584722,0.2450963945365107,0.038243021379901994,1.2685027724526978,-0.313996757807223
146.808441,1785483677.927,-0.05206025391817093,0.07678170502185822,0.3880000114440918,-0.05477260740650681,0.07719896845692986,0.38716373053929515,0.7206548689341185,-0.030377361961456868,0.03483525600576539,0.6917516033236383,0.7179712220292158,-0.024194816819434115,0.04085882394848022,0.6944512162006024,24.75103187222309,24.816135215247606,57.599544525146484,1,0.44297575575597786,-0.03404317050825858,0.5857111788623018,0.0824294987256343,-0.10856765860324134,0.9906617988289307,0.0027643419249712324,0.4428754448890686,-0.03358853980898857,0.5857661962509155,0.0835292786359787,-0.10744336992502213,0.9906935095787048,0.0022718620020896196,-0.09814334660768509,-0.10545475780963898,0.24073565006256104,0.0410035140812397,1.275298833847046,-0.3252527415752411,-0.09663535796293708,-0.10708251821752485,0.24225648124219032,0.040041011120514475,1.2729292714048215,-0.3213280179875034
146.887191,1785483677.994,-0.051926080137491226,0.07700233906507492,0.38700002431869507,-0.05462079451127488,0.07719069765405595,0.38715299608517834,0.7210428256926842,-0.03402441265326889,0.0401851427460885,0.6908869206774622,0.7184362004733164,-0.025665577576598923,0.04075834631439012,0.6939232386819458,24.76386397383347,24.80688406377792,24.834156036376953,1,0.4430706701065859,-0.03425776052956166,0.585653363479901,0.08220872341959327,-0.10929452478791683,0.9905949388179854,0.004254389885297382,0.44291022419929504,-0.03374375030398369,0.5857459306716919,0.08315002918243408,-0.10783085972070694,0.9906829595565796,0.002442040015012026,-0.10040825605392456,-0.10461896657943726,0.24008294939994812,0.044422730803489685,1.2763090133666992,-0.3296854794025421,-0.09715395305117315,-0.1065227573698725,0.2417336482869358,0.04037202752504431,1.2737441639287026,-0.32267772783197807
147.00523,1785483678.06,-0.051803771406412125,0.07662064582109451,0.3830000162124634,-0.05446819537259815,0.07715942110407871,0.38642792714407587,0.7201134076249324,-0.047635214182220185,0.054012091056839136,0.6901088758654604,0.7187926773420705,-0.029846571902671763,0.0432819535012386,0.6932336847313417,23.495604791610358,24.478553732503414,24.09195899963379,1,0.4431290831574287,-0.03447782153289941,0.585674108297335,0.0811004476777635,-0.11002169954796324,0.9906012367837279,0.005208905604132622,0.44296321272850037,-0.0339207760989666,0.5857129096984863,0.08282419294118881,-0.10833271592855453,0.9906537532806396,0.0030637572053819895,-0.1018306240439415,-0.10303302854299545,0.23842400312423706,0.046202968806028366,1.2790653705596924,-0.332882821559906,-0.0982731031298521,-0.1058680711987453,0.24116616449743894,0.04176507676025421,1.2746262156504296,-0.3250876908251873
147.042694,1785483678.127,-0.05098684877157211,0.0760204866528511,0.3800000250339508,-0.05410534545468447,0.07704974651867938,0.3847139651575278,0.7216337109160748,-0.05216663262156173,0.0498776800511318,0.6885024667661976,0.7195777247704629,-0.03570318580215706,0.04501452971451474,0.6920309766566245,22.943790630421162,23.970876436670707,26.584386825561523,1,0.44304662262452493,-0.03471667353249356,0.5867574488639051,0.07624860488490429,-0.11074502482723944,0.990902911283093,0.005754141101042163,0.4430186152458191,-0.03411153331398964,0.5856990218162537,0.08222845196723938,-0.10891322046518326,0.9906371831893921,0.003798689693212509,-0.10192986577749252,-0.09800146520137787,0.23067568242549896,0.04515349492430687,1.2915517091751099,-0.3337867856025696,-0.0994965248581955,-0.10489312149674201,0.24022328473795732,0.043291277575162185,1.2761528410237253,-0.32776843409166917
147.167668,1785483678.227,-0.0516728013753891,0.077459916472435,0.3790000081062317,-0.05387175550293379,0.07715887279751674,0.38322490816933785,0.7257373840361107,-0.053788863280402506,0.055749783568625894,0.6835963496329368,0.7221424780105117,-0.04200382289936018,0.04801263754565029,0.6887965642703127,24.48931029809305,24.03233196507705,72.99137115478516,1,0.4429040044892366,-0.03527289348038699,0.5893271427254725,0.0705455462606933,-0.11218276861894808,0.9911486004878393,0.007924902445169439,0.4430321156978607,-0.03439588472247124,0.5861946940422058,0.07942371070384979,-0.10976910591125488,0.9907675981521606,0.004708204884082079,-0.10450609773397446,-0.09184813499450684,0.21856676042079926,0.04738375172019005,1.3097988367080688,-0.33906325697898865,-0.10063668530591555,-0.10166400353153189,0.23574987662074678,0.04416384986422608,1.28336811928587,-0.3305883837523541
147.320999,1785483678.361,-0.049644049257040024,0.07542687654495239,0.37300002574920654,-0.05312956327328465,0.07694505194691821,0.3794649112800379,0.7167029676686106,-0.11264842494861392,-0.00046059642559592343,0.6882201510727042,0.721033622244035,-0.07029580933062811,0.029819356001266277,0.6886797665039014,22.296630477437045,23.488760757649978,68.41206550598145,1,0.4424584810333959,-0.03570236035317194,0.5915078616402587,0.0636654366362789,-0.11625661233143406,0.9911333345580424,0.009264199640904075,0.44296902418136597,-0.03485503047704697,0.587822437286377,0.07478467375040054,-0.11102175712585449,0.9909797310829163,0.006371012888848782,-0.10574311017990112,-0.0852179080247879,0.20673954486846924,0.04747357964515686,1.3292735815048218,-0.3478529751300812,-0.10265536523424848,-0.09654307138939112,0.22678565038409645,0.045843699680843404,1.297157106500255,-0.3350097473519506
147.398791,1785483678.527,-0.048705969005823135,0.07281084358692169,0.3720000088214874,-0.05267289284409265,0.07631159452642708,0.377996082071103,0.7250789159021647,-0.03948322787715864,0.07930352033727635,0.682944062198843,0.7197619173156964,-0.08492991501374103,0.01938142444272342,0.6887336584662915,23.504393918811132,23.491548469040332,63.901662826538086,1,0.4420895411953232,-0.036852378785640204,0.5971375301790914,0.052415905362048265,-0.11659203356046642,0.9909487377170983,0.04098133468057772,0.4428357481956482,-0.03508492559194565,0.5888126492500305,0.07176624983549118,-0.11243772506713867,0.9910380840301514,0.007138402666896582,-0.14114806056022644,-0.06589747965335846,0.17672522366046906,0.10795054584741592,1.380282998085022,-0.3916172385215759,-0.10349214253444156,-0.09347396699386921,0.2213532605007404,0.04628540405280933,1.3058606712264926,-0.3384902603930706
147.526445,1785483678.594,-0.048051320016384125,0.07143530249595642,0.367000013589859,-0.051955505539933194,0.07512446256629564,0.37415532197594314,0.7285255235403687,-0.05506096455507887,0.05430842671275026,0.6806389986773326,0.7181982882505128,-0.10005856557951505,0.008563378456056833,0.6885536803747558,22.732503806278412,23.496649358260395,63.18402290344238,1,0.44279356735104236,-0.037368768160774286,0.5994750628316278,0.047176638210537296,-0.11618590157686158,0.9903973235866322,0.058209471002229805,0.442432701587677,-0.035956669598817825,0.5925418138504028,0.062291719019412994,-0.11406482756137848,0.9912580251693726,0.022726964205503464,-0.15938326716423035,-0.053808532655239105,0.1614709198474884,0.1397152990102768,1.4052584171295166,-0.41200101375579834,-0.12113615722622911,-0.08055277823638961,0.20044255302194627,0.07517917281272123,1.3407319222769984,-0.36338338119625135
147.619959,1785483678.728,-0.0479203499853611,0.06947901099920273,0.3630000054836273,-0.051623994911108216,0.07421913142865719,0.3711246126968524,0.7288972121600706,-0.060673001349576774,0.059442426305300125,0.679333672776089,0.7177985329162291,-0.10357411846952314,0.006045508580223484,0.6884773924774704,22.589556980598424,23.29407240879921,26.16572380065918,1,0.4438026041183807,-0.03817190403274708,0.6054630832638074,0.041733753570682146,-0.11572545981668989,0.9894871018801438,0.07603411718400867,0.44251585006713867,-0.03654961287975311,0.5952161550521851,0.05570930242538452,-0.11466339975595474,0.9911484718322754,0.03706099092960358,-0.17818613350391388,-0.040306124836206436,0.1374301165342331,0.1714218109846115,1.439501166343689,-0.4306260645389557,-0.1367987254371557,-0.06960075796289844,0.18448339358020333,0.10160737095625806,1.367156167184053,-0.3832927855603274
147.761,1785483678.794,-0.048422325402498245,0.06774767488241196,0.3580000102519989,-0.05124851860411835,0.07242242449000814,0.3652495744340748,0.7237941829093218,-0.07121123518251488,0.041050517250303085,0.685102762951581,0.7217788236068545,-0.08314948443881826,0.024428620737679384,0.686676587280445,21.88981249505384,23.001416825298637,81.7563533782959,1,0.4444775935427845,-0.03847220938174019,0.6101760792960239,0.04046506736572723,-0.11561252893537328,0.9892258436846527,0.08017824931140576,0.4431215822696686,-0.03738539293408394,0.6003680229187012,0.047957416623830795,-0.11486104130744934,0.990572988986969,0.05720389261841774,-0.18255063891410828,-0.036085404455661774,0.12353125959634781,0.17850564420223236,1.4547289609909058,-0.4334237277507782,-0.15839064699319194,-0.05431769468155093,0.1599358319387062,0.138029804537873,1.4048987775151325,-0.40798669779173924
147.901612,1785483678.961,-0.048400647938251495,0.06794779747724533,0.35500001907348633,-0.05100119427078808,0.07139723790654146,0.3612316422823422,0.7249858610694607,-0.06160404556622606,0.05753349837915919,0.6835863803379221,0.723209477928878,-0.07458942176722475,0.03726684738281093,0.6855768748145002,23.298602870412555,23.243307200970186,73.17972183227539,1,0.44575993257534563,-0.03864963530383898,0.6193175154853947,0.04546532398493984,-0.11886308470028481,0.9904506417917035,0.05302827156225225,0.4436704218387604,-0.0378209725022316,0.604325532913208,0.044741787016391754,-0.11501433700323105,0.9901211261749268,0.0665590763092041,-0.1551947295665741,-0.04604586213827133,0.10949394851922989,0.12770837545394897,1.4492096900939941,-0.40588757395744324,-0.16828438765875853,-0.046851422604336744,0.1450280452660727,0.154605087631405,1.4253047359502964,-0.41840341024815286
147.996474,1785483679.095,-0.049134183675050735,0.06737358868122101,0.35200002789497375,-0.05089014624084178,0.07105503108910441,0.35900827446274314,0.7223297927747069,-0.07951368321288821,0.050279297239347306,0.6851198704760263,0.7229963282244661,-0.07585928337198546,0.040619506060668165,0.6854719062278307,22.680767638818676,23.12717448385734,21.905899047851562,1,0.44633984235580454,-0.0388226643405848,0.6255191012320046,0.04439153092167604,-0.12010955513770499,0.9910549578337808,0.03759198451978428,0.44443273544311523,-0.03810945525765419,0.6094603538513184,0.04495474696159363,-0.11642709374427795,0.990247368812561,0.06191821023821831,-0.13844500482082367,-0.047373414039611816,0.09544780850410461,0.09602862596511841,1.456439733505249,-0.3874579071998596,-0.163782840439562,-0.04657441395854719,0.13280805237504859,0.1453553243047895,1.4335256496803142,-0.4140992100042497
148.124818,1785483679.161,-0.04918713495135307,0.0667918398976326,0.34700000286102295,-0.05067469790880391,0.07026575881534955,0.35376188318538737,0.7263780797450858,-0.035988277628472946,0.0742886478168938,0.6823202517474586,0.7251126018008649,-0.056191649100944006,0.05927186837018974,0.6837697411415654,23.458281800114957,23.29599147045313,68.5877799987793,1,0.4463273060099643,-0.03895308226273137,0.6288949918815674,0.041332916080344256,-0.11993822405068333,0.9912769260825218,0.035727696206864085,0.44524046778678894,-0.03840051591396332,0.6159643530845642,0.04457597807049751,-0.11812391132116318,0.9906348586082458,0.05198340117931366,-0.13585491478443146,-0.04430823028087616,0.08463871479034424,0.09052873402833939,1.4688297510147095,-0.38310977816581726,-0.15340672900621027,-0.046901625443423814,0.11750876128513851,0.12515555658904573,1.4429091961474632,-0.40318932784607037
148.202543,1785483679.328,-0.04876188561320305,0.06621439009904861,0.3440000116825104,-0.050584647469894106,0.06993490084431717,0.35128715520128395,0.7294282252970311,-0.042908437749036264,0.06798216857047455,0.6793171239313905,0.7262946614155268,-0.052618772230338694,0.06161748634173659,0.682591103798755,23.30028721457658,23.296748802292697,27.273178100585938,1,0.446256347377408,-0.03919845799080093,0.6368555969742606,0.04543771588816169,-0.1216984337556547,0.9914870064121697,0.008855580846075486,0.44563671946525574,-0.03858837112784386,0.6203806400299072,0.04339437186717987,-0.118859201669693,0.9908756613731384,0.046419914811849594,-0.10818725824356079,-0.05450849235057831,0.0758218839764595,0.03816235810518265,1.4650527238845825,-0.3548782169818878,-0.14737065166078311,-0.04600977584653587,0.106204905236531,0.1132474042897086,1.4518232749663094,-0.3962839674528974
148.328366,1785483679.395,-0.04796769097447395,0.06489938497543335,0.3410000205039978,-0.05030325403886618,0.06894181926499661,0.3472732756231441,0.7319934239332666,-0.04113883582151429,0.07975454290652238,0.6753757742112722,0.728441241855266,-0.047203308970566765,0.06837783198305002,0.680051231070046,22.761743705075958,23.230697714751976,68.05729866027832,1,0.44615927921636533,-0.039310590048196266,0.6406002167400011,0.046793372398614294,-0.1232173343342606,0.9912645008019337,0.004749554612498359,0.4458683729171753,-0.03882402554154396,0.6269533038139343,0.04386592283844948,-0.12027882039546967,0.9912847876548767,0.0310369860380888,-0.10436251759529114,-0.05647744983434677,0.06946249306201935,0.030539818108081818,1.468784213066101,-0.35345834493637085,-0.1313246577481266,-0.049490060897390775,0.09376255275767507,0.08249931293726002,1.4572408665928316,-0.37932790264367183
148.405652,1785483679.528,-0.048277098685503006,0.06505949050188065,0.33800002932548523,-0.050203420934719745,0.06866933091574622,0.34501836746964354,0.7328678909742457,-0.018515828183242444,0.10045108858056435,0.6726599417897794,0.7298599730737854,-0.03895067229031699,0.07762839432773337,0.6780568539783105,24.886250944554245,23.673911112915935,19.099712371826172,1,0.4467048263967413,-0.039543712245733505,0.6467885471336973,0.04685596636604319,-0.12617745555652923,0.9908922645638536,-0.004035858360040417,0.4459722638130188,-0.03898683562874794,0.6315687894821167,0.04471670463681221,-0.12142432481050491,0.9913490414619446,0.021990064531564713,-0.09519520401954651,-0.056166812777519226,0.055455394089221954,0.01279007364064455,1.478285551071167,-0.34909865260124207,-0.12205237233362505,-0.05189300659292662,0.0854056160278991,0.06463043344072711,1.461210623444989,-0.3704313645818794
148.482622,1785483679.595,-0.049374207854270935,0.06688715517520905,0.33800002932548523,-0.05014478400396088,0.0685272304827805,0.3436664872438143,0.7270480087727301,-0.03676524377671189,0.06339840566902684,0.6826640110246566,0.729141050775976,-0.038379871540303,0.07390771903493293,0.6792775298807614,23.137512241399037,23.56184651990969,27.782440185546875,1,0.4465802741605295,-0.03968125831393999,0.6501937533406419,0.047628968092139415,-0.12809806221246908,0.9904798361173143,-0.016494305105305872,0.4462399482727051,-0.03917764872312546,0.6367276310920715,0.045313168317079544,-0.12321877479553223,0.9912587404251099,0.013039480894804,-0.08193781971931458,-0.059400223195552826,0.05130825564265251,-0.01238500140607357,1.4787989854812622,-0.33864742517471313,-0.11281618393458127,-0.053362751221170984,0.0751055871750031,0.046802525123640595,1.4670826910556316,-0.3630950477221702
148.604506,1785483679.662,-0.04915127158164978,0.066818006336689,0.33400002121925354,-0.050091269777659556,0.06841550223136163,0.3412920274883464,0.7289843545326088,-0.021662717914917202,0.0955264763068462,0.6774859628240367,0.7291528033786622,-0.0339597833923614,0.07963282806935956,0.6788531027627832,24.60459812733297,23.80562835221294,26.787281036376953,1,0.44647449797599853,-0.03976878685100456,0.6522300182623254,0.0503994365859825,-0.1268659565468819,0.9905417870681941,-0.013852578568943709,0.44634947180747986,-0.039347365498542786,0.6412596106529236,0.04592753201723099,-0.1250479370355606,0.9910829663276672,0.0028771283105015755,-0.08571764081716537,-0.06148659437894821,0.048953697085380554,-0.005777157377451658,1.4789049625396729,-0.34025776386260986,-0.10219710327716586,-0.05543902142701748,0.06692154258199666,0.026447927400151686,1.471111924708606,-0.354687512925547
148.676175,1785483679.728,-0.048709794878959656,0.06621784716844559,0.33100003004074097,-0.05000026131683698,0.06827927125598322,0.3379736637412417,0.7272646078164657,-0.025622140326716083,0.09304082763288028,0.6795388881705218,0.7285962846875533,-0.03141682803982831,0.08372583165823691,0.6790805710433381,22.8203806154949,23.502978818004717,23.1168270111084,1,0.4460736101061722,-0.03989444658875703,0.6557717215647212,0.050350281954848274,-0.1268855288927633,0.9904139776029908,-0.021096555010092003,0.4463953971862793,-0.03946160525083542,0.6442055106163025,0.04708898067474365,-0.12559516727924347,0.990962028503418,-0.0016676612431183457,-0.07794719189405441,-0.06306959688663483,0.042836207896471024,-0.020817793905735016,1.4837955236434937,-0.33209192752838135,-0.09773116562252487,-0.057077907965423356,0.06205220579858015,0.01771492705850563,1.4732238379608251,-0.3507770518237422
148.748795,1785483679.829,-0.04906792938709259,0.06657581031322479,0.33100003004074097,-0.04995468345927146,0.0681928530663107,0.336660654406566,0.7272772054160188,-0.01774369893670139,0.09877639392766027,0.6789670475309958,0.7283260824801354,-0.028343865224293895,0.08711264606466536,0.6790796196168004,21.655115748948607,23.001080379827933,26.268720626831055,1,0.445489846942982,-0.04010022787247576,0.6607167421137312,0.04983897901817226,-0.12613880132495967,0.9904221084078257,-0.02586747277423266,0.4462970793247223,-0.039608534425497055,0.6481424570083618,0.04812655970454216,-0.1261223703622818,0.9908113479614258,-0.0083594536408782,-0.07299356162548065,-0.06353487819433212,0.032465893775224686,-0.030980871990323067,1.493854284286499,-0.32563650608062744,-0.09092745227085176,-0.05913844523954671,0.055443783056801574,0.004463522554465518,1.4768594406670947,-0.34435123828078557
148.826028,1785483679.895,-0.04762127622961998,0.06557012349367142,0.32600000500679016,-0.04970967568565198,0.06791809294417052,0.3327504997724532,0.7270749161475224,-0.018348006515347057,0.09884929193326988,0.679157002798526,0.7276137713691008,-0.02120568368016818,0.09482344171382136,0.6790707132510104,22.49865323110574,22.89557788174491,62.44063377380371,1,0.445308916359818,-0.04018519539602031,0.6626815594840002,0.050172148371727704,-0.12576835350607707,0.9903230179582816,-0.0304203367196521,0.4460398554801941,-0.03977394104003906,0.6524350047111511,0.04864349588751793,-0.12622103095054626,0.9907044172286987,-0.014384052716195583,-0.0681418627500534,-0.06469102948904037,0.029494978487491608,-0.04035177826881409,1.4957174062728882,-0.3199683725833893,-0.08475998608414419,-0.060650381797445675,0.04754171467993829,-0.007725803563027581,1.4827039673878077,-0.3379152413770374
148.919169,1785483680.029,-0.04726855829358101,0.06627523899078369,0.32600000500679016,-0.049518287210107856,0.0678395670200247,0.3315572014580537,0.727066351627995,-0.0006588892937021459,0.11434220488512747,0.6769785420360552,0.7275364180136968,-0.016297789171120992,0.09949422135153049,0.6786206911446081,23.133811967549757,22.941272834924877,25.231122970581055,1,0.4448305758994806,-0.04059267328661918,0.6685391206117104,0.051033637236592815,-0.12485160461784964,0.9900187395412248,-0.040872240603574674,0.44571200013160706,-0.039965320378541946,0.6572049260139465,0.049292221665382385,-0.12608177959918976,0.9905523657798767,-0.021901404485106468,-0.057445358484983444,-0.06702325493097305,0.01949719898402691,-0.06186215952038765,1.5029906034469604,-0.30772238969802856,-0.0769734196836322,-0.0625436880805702,0.03908597403798924,-0.023012989915880425,1.4888015312983622,-0.32950607079229666
148.996383,1785483680.095,-0.04677192121744156,0.06466604769229889,0.32500001788139343,-0.04928751538959397,0.06756220363190882,0.3304502383484604,0.727777405898116,-0.007765863816500037,0.11755754392033775,0.6756182077851443,0.7276206326786374,-0.014269602018425075,0.10379314396183768,0.6779318377426247,23.458968581748415,23.048805141461656,27.03118324279785,1,0.4447146129521933,-0.04088954110660923,0.6703275905581723,0.05199752100384672,-0.12484043702740819,0.9896700407374973,-0.047585014015976125,0.4454842507839203,-0.040132708847522736,0.6602452993392944,0.04968717321753502,-0.12582731246948242,0.9904378056526184,-0.027047930285334587,-0.05071388930082321,-0.06909896433353424,0.018224986270070076,-0.07553330808877945,1.5024656057357788,-0.30102014541625977,-0.07168131651909106,-0.0637576540413945,0.03377744517589204,-0.0335411138989743,1.4926467698506323,-0.3236026927153936
149.13682,1785483680.162,-0.04747520014643669,0.06642341613769531,0.32500001788139343,-0.04904012567150434,0.0673837468829407,0.3290504323092019,0.7291918892990832,0.0017174713242111897,0.1239047710669654,0.6729961712963359,0.7279921270752522,-0.009350096541031873,0.11081940628440738,0.6765050611798074,23.204320915651785,23.089528050992485,77.2707462310791,1,0.4449196290847251,-0.04117704196259465,0.6720379433906848,0.05091725373700421,-0.12517520883886205,0.9894486836247244,-0.052248472105211656,0.44512316584587097,-0.04048445448279381,0.6649165749549866,0.050660520792007446,-0.12545299530029297,0.9901258945465088,-0.03668432682752609,-0.045885030180215836,-0.06780514121055603,0.013582986779510975,-0.08561281114816666,1.5066752433776855,-0.29714784026145935,-0.0618568495405351,-0.06626039412904566,0.026490393803151983,-0.053216929411845096,1.4972474737741406,-0.3130214338590317
149.251451,1785483680.329,-0.04812115430831909,0.06718581169843674,0.3270000219345093,-0.04898329498190705,0.0673674805759624,0.32892062903871483,0.7276119641742353,-0.0007122821988649489,0.12125993003950121,0.6751861607078419,0.7279254950975773,-0.007587024706126087,0.11295227086722756,0.6762460315218064,23.50095289673776,23.170731368940782,22.198915481567383,1,0.4449156953089558,-0.041530995400093626,0.6741575751299665,0.0503990266538695,-0.1260616770573202,0.9888695927976714,-0.06087134079356458,0.44506892561912537,-0.04067481681704521,0.6668220162391663,0.050680022686719894,-0.1254195272922516,0.9899638295173645,-0.04090311750769615,-0.03683701530098915,-0.06825903058052063,0.010273155756294727,-0.10375062376260757,1.5092781782150269,-0.2902499735355377,-0.05752849624831596,-0.06667904429091948,0.02299270725240995,-0.06199620849422659,1.4998023993367011,-0.30871968658503846
149.308475,1785483680.396,-0.04812115430831909,0.06683217734098434,0.3270000219345093,-0.04893598901064547,0.06733647790833215,0.32881325611792506,0.7258356036530276,2.5641573120654163e-05,0.12113974954073245,0.6771172992128938,0.7275381422301195,-0.0061497021247947335,0.11449932872101937,0.6764172798550897,22.818662633041406,23.101332039782648,30.716896057128906,1,0.44492588169257147,-0.04161354446825581,0.674354689587329,0.05045635131876378,-0.12607627191543183,0.9886901637395128,-0.06364503434077907,0.4450191855430603,-0.04090776666998863,0.668769359588623,0.05052695423364639,-0.12564831972122192,0.9897043108940125,-0.04631320387125015,-0.03387368470430374,-0.06875965744256973,0.010682077147066593,-0.10957526415586472,1.5086559057235718,-0.28732430934906006,-0.051921114660568674,-0.06710724097208921,0.019545900142410554,-0.07331165142480597,1.5023703354127274,-0.3037143914486597
149.370848,1785483680.462,-0.04762127622961998,0.06592268496751785,0.32600000500679016,-0.04884810304642389,0.06722174968376628,0.3285696328536937,0.7255399461683271,-0.02706752065719812,0.09776592114158351,0.6806621485750994,0.7270487884774399,-0.011829992922815169,0.10996406155472559,0.6776193736953817,21.81574852042542,22.68954976154847,24.762630462646484,1,0.4449597461479944,-0.04167661221850017,0.6745220621583174,0.05063102032907422,-0.12559379983550734,0.9886058857890317,-0.06573507288046139,0.4449770152568817,-0.04115181043744087,0.6706547737121582,0.05043499171733856,-0.12583546340465546,0.9893882274627686,-0.05227433890104294,-0.031638164073228836,-0.06917069107294083,0.011000677943229675,-0.1139775887131691,1.508029580116272,-0.284108966588974,-0.04571462123490906,-0.0676755415247479,0.016497957607635227,-0.08578270287525053,1.5045319430426267,-0.2980778373763805
149.510885,1785483680.562,-0.04705974832177162,0.06612490117549896,0.3270000219345093,-0.04869287197843147,0.06714425404495794,0.3283944352256538,0.7307722109423873,-0.0073467551706989384,0.11561639997206803,0.6727189970264967,0.7278941091110279,-0.011125138167795898,0.10973784932356516,0.6767599291093179,23.2280934359033,22.82600701419261,27.613162994384766,1,0.4450943971904669,-0.041776933668716584,0.674912372304674,0.04900869414532513,-0.12470101310989008,0.9892481679373593,-0.058616272997483135,0.44497671723365784,-0.04140978306531906,0.6724857091903687,0.05032236874103546,-0.12565383315086365,0.9891055822372437,-0.05787032097578049,-0.039617665112018585,-0.06559319794178009,0.005659510847181082,-0.09957192838191986,1.5145738124847412,-0.2906041443347931,-0.03991692423111768,-0.06801836600068971,0.013388116910661023,-0.09755310327259381,1.506825215609064,-0.2921821139050602
149.605336,1785483680.696,-0.04705974832177162,0.06647853553295135,0.3270000219345093,-0.048563340035517065,0.06710074052275615,0.3282945961121562,0.7297807814087812,-0.006518373647520999,0.12498515733545279,0.67212813684387,0.7283391222524196,-0.010082191415598284,0.11319333581601403,0.6757275642888022,22.90773896182942,22.845902491775103,81.3748836517334,1,0.44521375183594214,-0.04198547870725182,0.6751935403809203,0.049680663632612664,-0.1258919265127872,0.9890459204044023,-0.05891707588917697,0.44502660632133484,-0.04156144708395004,0.6734794974327087,0.049782801419496536,-0.12526758015155792,0.989163875579834,-0.05817607790231705,-0.03995587304234505,-0.0660523995757103,0.005560147110372782,-0.09976310282945633,1.5135549306869507,-0.2933214008808136,-0.03979439123107063,-0.06702526314508726,0.010223440304061068,-0.0983798297288966,1.5099983435156226,-0.29153591578175697
149.715275,1785483680.796,-0.0467059500515461,0.06541763246059418,0.3270000219345093,-0.048447912903656826,0.06697860325227438,0.3282343193782624,0.7281439699889992,-0.00990170967189308,0.12268328105864866,0.6742826763775839,0.7283129265593129,-0.010053915717383467,0.11468403185749161,0.6755048279785026,22.56867257750405,22.79252168246104,30.17449378967285,1,0.44529411136703584,-0.04216468357552462,0.6753543741761103,0.04833402902366108,-0.1267684167551485,0.9887914881601176,-0.062329632550121,0.44511547684669495,-0.04175776615738869,0.6742846369743347,0.04973249137401581,-0.12555895745754242,0.9891090393066406,-0.05852309241890907,-0.03630850091576576,-0.06506149470806122,0.0045835236087441444,-0.10725432634353638,1.5153322219848633,-0.29159799218177795,-0.03987007402693683,-0.06656945168587769,0.008038725107659796,-0.09902797182782376,1.5116648144440328,-0.2923725164039086
149.839282,1785483680.863,-0.0467059500515461,0.06541763246059418,0.3270000219345093,-0.04831147196123804,0.06684192144041165,0.32815464172798825,0.7262992481897228,-0.020503354336149374,0.11309247179552445,0.6777013408303012,0.7279194854708695,-0.012131976742379907,0.11436863765480004,0.6759481137876872,22.22234818145353,22.634981886600784,67.86417961120605,1,0.44549311928638585,-0.042296528017934196,0.6754757409204216,0.047427122851441114,-0.12684524086703,0.9887490960597196,-0.06353092104248931,0.4451781213283539,-0.04189814254641533,0.6746516823768616,0.04924846440553665,-0.12597784399986267,0.9890018105506897,-0.0598301962018013,-0.03507353737950325,-0.0638575330376625,0.003255822230130434,-0.11005491763353348,1.5169496536254883,-0.2906261384487152,-0.03864526257143141,-0.06605088738727756,0.006850694539724723,-0.10185701322421166,1.5129260358973244,-0.29210615446044313
